idx,name,osm_area_m2,best_area_m2,best_provider,eob_status,rb_status,bc_status,apb_status,status,error
1040,新兴家园 东区,,,error,'ProviderHypothesis' object has no attribute 'geometry'
1041,格林云墅,,,error,'ProviderHypothesis' object has no attribute 'geometry'
1042,蓝桥驿苑,,,error,'ProviderHypothesis' object has no attribute 'geometry'
1043,首地浣溪谷,,,error,'ProviderHypothesis' object has no attribute 'geometry'
1044,华远 和墅,,,error,'ProviderHypothesis' object has no attribute 'geometry'
1045,首创 悦都会,,,error,'ProviderHypothesis' object has no attribute 'geometry'
1046,望馨花园,,,error,'ProviderHypothesis' object has no attribute 'geometry'
1047,柳岸景园,,,error,'ProviderHypothesis' object has no attribute 'geometry'
1048,荞馨园,,,error,'ProviderHypothesis' object has no attribute 'geometry'
1049,运河居,,,error,'ProviderHypothesis' object has no attribute 'geometry'
1050,君安国际,,,error,'ProviderHypothesis' object has no attribute 'geometry'
0,上地东里,262702.3,446430.9,APB,ok,no_hyp,no_hyp,ok,ok,
1051,国锐·金顶,,,error,'ProviderHypothesis' object has no attribute 'geometry'
1,上地佳园,121708.9,206829.0,APB,ok,no_hyp,no_hyp,ok,ok,
1052,远洋·万和城-B区,,,error,'ProviderHypothesis' object has no attribute 'geometry'
2,西二旗铭科苑小区,105535.0,179446.1,APB,ok,no_hyp,no_hyp,ok,ok,
1053,远洋·万和城-A区,,,error,'ProviderHypothesis' object has no attribute 'geometry'
3,当代城市家园,195204.0,331832.9,APB,ok,no_hyp,no_hyp,ok,ok,
1054,后横街小区,,,error,'ProviderHypothesis' object has no attribute 'geometry'
4,蓝调国际公寓,123588.5,209042.4,APB,ok,no_hyp,no_hyp,ok,ok,
1055,府东一条小区,,,error,'ProviderHypothesis' object has no attribute 'geometry'
5,菊园小区,141780.3,240939.6,APB,ok,no_hyp,no_hyp,ok,ok,
1056,府前官邸,,,error,'ProviderHypothesis' object has no attribute 'geometry'
6,马连洼竹园小区,59859.3,101723.2,APB,ok,no_hyp,no_hyp,ok,ok,
1057,青春路一院,,,error,'ProviderHypothesis' object has no attribute 'geometry'
7,东馨园小区,51038.0,86756.0,APB,ok,no_hyp,no_hyp,ok,ok,
1058,龙山御景,,,error,'ProviderHypothesis' object has no attribute 'geometry'
8,上地西里,103473.6,175841.3,APB,ok,no_hyp,no_hyp,ok,ok,
1059,青春苑西区,,,error,'ProviderHypothesis' object has no attribute 'geometry'
9,,990228.4,1698318.0,APB,ok,no_hyp,no_hyp,ok,ok,
1060,青春苑,,,error,'ProviderHypothesis' object has no attribute 'geometry'
10,,635349.9,1091951.4,APB,ok,no_hyp,no_hyp,ok,ok,
1061,华清嘉园,,,error,'ProviderHypothesis' object has no attribute 'geometry'
11,,684798.0,1174183.8,APB,ok,no_hyp,no_hyp,ok,ok,
1062,海云轩小区,,,error,'ProviderHypothesis' object has no attribute 'geometry'
12,东三旗村,425628.8,724486.5,APB,ok,no_hyp,no_hyp,ok,ok,
1063,华龙苑北里,,,error,'ProviderHypothesis' object has no attribute 'geometry'
13,,115285.4,198092.1,APB,ok,no_hyp,no_hyp,ok,ok,
1064,慧龙居,,,error,'ProviderHypothesis' object has no attribute 'geometry'
14,,109209.9,187657.4,APB,ok,no_hyp,no_hyp,ok,ok,
1065,华龙苑中里,,,error,'ProviderHypothesis' object has no attribute 'geometry'
15,黄花城,219220.0,376691.3,APB,ok,no_hyp,no_hyp,ok,ok,
1066,华龙苑南里,,,error,'ProviderHypothesis' object has no attribute 'geometry'
16,,126594.6,217584.9,APB,ok,no_hyp,no_hyp,ok,ok,
1067,蓝天园,,,error,'ProviderHypothesis' object has no attribute 'geometry'
17,,210502.8,361818.8,APB,ok,no_hyp,no_hyp,ok,ok,
1068,澳景园,,,error,'ProviderHypothesis' object has no attribute 'geometry'
18,三渡河,171755.8,294860.0,APB,ok,no_hyp,no_hyp,ok,ok,
1069,,,,error,'ProviderHypothesis' object has no attribute 'geometry'
19,建安里11-12号楼,7088.2,12112.7,APB,ok,no_hyp,no_hyp,ok,ok,
1070,美和园东区,,,error,'ProviderHypothesis' object has no attribute 'geometry'
20,时代庄园,187045.6,317934.7,APB,ok,no_hyp,no_hyp,ok,ok,
1071,亿朋苑2区,,,error,'ProviderHypothesis' object has no attribute 'geometry'
21,朝来家园广华居,105444.8,179197.6,APB,ok,no_hyp,no_hyp,ok,ok,
1072,亿朋苑3区,,,error,'ProviderHypothesis' object has no attribute 'geometry'
22,丽京花园别墅,187464.3,318657.0,APB,ok,no_hyp,no_hyp,ok,ok,
1073,亿朋苑1区,,,error,'ProviderHypothesis' object has no attribute 'geometry'
23,丽斯花园,210496.9,357832.7,APB,ok,no_hyp,no_hyp,ok,ok,
1074,和安花园达观别墅,,,error,'ProviderHypothesis' object has no attribute 'geometry'
24,丽高王府,226658.7,385336.1,APB,ok,no_hyp,no_hyp,ok,ok,
1075,忆丰·9号院,,,error,'ProviderHypothesis' object has no attribute 'geometry'
25,美林·香槟小镇,194197.2,330175.4,APB,ok,no_hyp,no_hyp,ok,ok,
1076,欧逸丽庭,,,error,'ProviderHypothesis' object has no attribute 'geometry'
26,丽嘉花园,141358.1,240323.1,APB,ok,no_hyp,no_hyp,ok,ok,
1077,天裕昕园,,,error,'ProviderHypothesis' object has no attribute 'geometry'
27,水木兰亭花园,96265.4,163738.8,APB,ok,no_hyp,no_hyp,ok,ok,
1078,优山美地B区,,,error,'ProviderHypothesis' object has no attribute 'geometry'
28,北京嘉浩国际商住别墅城,338434.7,575819.0,APB,ok,no_hyp,no_hyp,ok,ok,
1079,幸福家园北区,,,error,'ProviderHypothesis' object has no attribute 'geometry'
29,名都园,346132.0,588870.6,APB,ok,no_hyp,no_hyp,ok,ok,
1080,幸福家园南区,,,error,'ProviderHypothesis' object has no attribute 'geometry'
30,莱蒙湖,188931.2,321402.3,APB,ok,no_hyp,no_hyp,ok,ok,
1081,世佳别墅,,,error,'ProviderHypothesis' object has no attribute 'geometry'
31,裕京花园,342103.0,581919.6,APB,ok,no_hyp,no_hyp,ok,ok,
1082,,,,error,'ProviderHypothesis' object has no attribute 'geometry'
32,欧陆苑,118407.3,201411.0,APB,ok,no_hyp,no_hyp,ok,ok,
1083,瀛海家园和园,,,error,'ProviderHypothesis' object has no attribute 'geometry'
33,龙湾别墅,440288.5,749343.6,APB,ok,no_hyp,no_hyp,ok,ok,
1084,瀛海家园瑞园,,,error,'ProviderHypothesis' object has no attribute 'geometry'
34,优山美地A区,270782.9,460747.1,APB,ok,no_hyp,no_hyp,ok,ok,
1085,瀛海家园融园,,,error,'ProviderHypothesis' object has no attribute 'geometry'
35,泉发花园,301615.9,512630.5,APB,ok,no_hyp,no_hyp,ok,ok,
1086,瀛海家园逸园,,,error,'ProviderHypothesis' object has no attribute 'geometry'
36,翠榆园,76694.0,130364.4,APB,ok,no_hyp,no_hyp,ok,ok,
1087,山水汇豪苑北区,,,error,'ProviderHypothesis' object has no attribute 'geometry'
37,香江花园,447505.0,760470.2,APB,ok,no_hyp,no_hyp,ok,ok,
1088,田家园小区,,,error,'ProviderHypothesis' object has no attribute 'geometry'
38,观唐,412179.1,700403.6,APB,ok,no_hyp,no_hyp,ok,ok,
1089,世界名园B区,,,error,'ProviderHypothesis' object has no attribute 'geometry'
39,长岛澜桥,260219.8,442126.4,APB,ok,no_hyp,no_hyp,ok,ok,
1090,,,,error,'ProviderHypothesis' object has no attribute 'geometry'
40,马泉营村,385395.6,655026.5,APB,ok,no_hyp,no_hyp,ok,ok,
1091,山水汇豪苑B区,,,error,'ProviderHypothesis' object has no attribute 'geometry'
41,大湖山庄,209961.3,356813.0,APB,ok,no_hyp,no_hyp,ok,ok,
1092,燕都园,,,error,'ProviderHypothesis' object has no attribute 'geometry'
42,上东别墅玉林山水花园,45195.1,76817.3,APB,ok,no_hyp,no_hyp,ok,ok,
1093,紫禁壹号院南院,,,error,'ProviderHypothesis' object has no attribute 'geometry'
43,财富城堡,242889.0,412772.4,APB,ok,no_hyp,no_hyp,ok,ok,
1094,紫禁壹号院北院,,,error,'ProviderHypothesis' object has no attribute 'geometry'
44,财富公馆,230017.5,390933.0,APB,ok,no_hyp,no_hyp,ok,ok,
1095,,,,error,'ProviderHypothesis' object has no attribute 'geometry'
45,枫桥别墅,224623.8,383070.3,APB,ok,no_hyp,no_hyp,ok,ok,
1096,枫丹壹号,,,error,'ProviderHypothesis' object has no attribute 'geometry'
46,龙苑别墅,270252.2,460963.6,APB,ok,no_hyp,no_hyp,ok,ok,
1097,首开龙湖天琅,,,error,'ProviderHypothesis' object has no attribute 'geometry'
47,阳光花园别墅,80796.6,137847.0,APB,ok,no_hyp,no_hyp,ok,ok,
1098,金茂逸墅,,,error,'ProviderHypothesis' object has no attribute 'geometry'
48,,421516.7,718457.3,APB,ok,no_hyp,no_hyp,ok,ok,
1099,亦庄金茂悦南区,,,error,'ProviderHypothesis' object has no attribute 'geometry'
49,王府花园,388679.3,661956.1,APB,ok,no_hyp,no_hyp,ok,ok,
1100,合创产业中心,,,error,'ProviderHypothesis' object has no attribute 'geometry'
50,园中园,355297.6,605098.0,APB,ok,no_hyp,no_hyp,ok,ok,
1101,翠北嘉园,,,error,'ProviderHypothesis' object has no attribute 'geometry'
51,王府公寓,180727.0,307781.3,APB,ok,no_hyp,no_hyp,ok,ok,
1102,,,,error,'ProviderHypothesis' object has no attribute 'geometry'
52,赋丽园,601571.3,1024278.0,APB,ok,no_hyp,no_hyp,ok,ok,
1103,上庄三嘉信苑,,,error,'ProviderHypothesis' object has no attribute 'geometry'
53,新龙城2期,61549.7,104708.5,APB,ok,no_hyp,no_hyp,ok,ok,
1104,馨悦家园三区,,,error,'ProviderHypothesis' object has no attribute 'geometry'
54,龙腾苑六区,177677.0,302301.0,APB,ok,no_hyp,no_hyp,ok,ok,
1105,,,,error,'ProviderHypothesis' object has no attribute 'geometry'
55,龙腾苑五区,96352.0,163939.9,APB,ok,no_hyp,no_hyp,ok,ok,
1106,德邑·新时空,,,error,'ProviderHypothesis' object has no attribute 'geometry'
56,龙腾苑三区,130543.4,222130.5,APB,ok,no_hyp,no_hyp,ok,ok,
1107,,,,error,'ProviderHypothesis' object has no attribute 'geometry'
57,龙腾苑二区,173485.4,295206.2,APB,ok,no_hyp,no_hyp,ok,ok,
1108,金善名居,,,error,'ProviderHypothesis' object has no attribute 'geometry'
58,龙锦苑四区,155035.4,263869.9,APB,ok,no_hyp,no_hyp,ok,ok,
1109,木樨地小区,,,error,'ProviderHypothesis' object has no attribute 'geometry'
59,龙泽苑西区,204701.0,348275.0,APB,ok,no_hyp,no_hyp,ok,ok,
1110,领秀慧谷一区,,,error,'ProviderHypothesis' object has no attribute 'geometry'
60,龙泽苑东区,138009.6,234808.8,APB,ok,no_hyp,no_hyp,ok,ok,
1111,领秀慧谷A区,,,error,'ProviderHypothesis' object has no attribute 'geometry'
61,龙腾苑四区,241150.6,410297.2,APB,ok,no_hyp,no_hyp,ok,ok,
1112,领秀慧谷B区,,,error,'ProviderHypothesis' object has no attribute 'geometry'
62,龙跃苑二区,147056.4,250236.8,APB,ok,no_hyp,no_hyp,ok,ok,
1113,领秀慧谷D区,,,error,'ProviderHypothesis' object has no attribute 'geometry'
63,龙跃苑四区,246591.6,419553.8,APB,ok,no_hyp,no_hyp,ok,ok,
1114,朱辛庄新区,,,error,'ProviderHypothesis' object has no attribute 'geometry'
64,龙跃苑一区,175575.8,298763.6,APB,ok,no_hyp,no_hyp,ok,ok,
1115,朱辛庄北区,,,error,'ProviderHypothesis' object has no attribute 'geometry'
65,龙跃苑三区,187973.3,319819.4,APB,ok,no_hyp,no_hyp,ok,ok,
1116,福溪家园,,,error,'ProviderHypothesis' object has no attribute 'geometry'
66,风雅园一区,84751.3,144247.1,APB,ok,no_hyp,no_hyp,ok,ok,
1117,阅西山家园,,,error,'ProviderHypothesis' object has no attribute 'geometry'
67,风雅园二区,85093.9,144818.2,APB,ok,no_hyp,no_hyp,ok,ok,
1118,永景园,,,error,'ProviderHypothesis' object has no attribute 'geometry'
68,风雅园三区,110223.8,187569.7,APB,ok,no_hyp,no_hyp,ok,ok,
1119,三虎桥5号院,,,error,'ProviderHypothesis' object has no attribute 'geometry'
69,云趣园一区,197830.7,336721.6,APB,ok,no_hyp,no_hyp,ok,ok,
1120,七贤村小区,,,error,'ProviderHypothesis' object has no attribute 'geometry'
70,云趣园二区,79628.6,135522.9,APB,ok,no_hyp,no_hyp,ok,ok,
1121,,,,error,'ProviderHypothesis' object has no attribute 'geometry'
71,云趣园三区,125710.8,213933.1,APB,ok,no_hyp,no_hyp,ok,ok,
1122,,,,error,'ProviderHypothesis' object has no attribute 'geometry'
72,龙华园东区,136326.4,231963.6,APB,ok,no_hyp,no_hyp,ok,ok,
1123,,,,error,'ProviderHypothesis' object has no attribute 'geometry'
73,北店嘉园,164413.4,279824.4,APB,ok,no_hyp,no_hyp,ok,ok,
1124,天恒·别墅山,,,error,'ProviderHypothesis' object has no attribute 'geometry'
74,龙禧苑一区,88491.4,150620.7,APB,ok,no_hyp,no_hyp,ok,ok,
1125,,,,error,'ProviderHypothesis' object has no attribute 'geometry'
75,流星花园一区,146877.1,250004.2,APB,ok,no_hyp,no_hyp,ok,ok,
1126,昊腾家园,,,error,'ProviderHypothesis' object has no attribute 'geometry'
76,流星花园三区,273418.8,465442.3,APB,ok,no_hyp,no_hyp,ok,ok,
1127,太月园小区,,,error,'ProviderHypothesis' object has no attribute 'geometry'
77,龙锦苑六区,121515.9,206802.8,APB,ok,no_hyp,no_hyp,ok,ok,
1128,北区,,,error,'ProviderHypothesis' object has no attribute 'geometry'
78,天通北苑一区,408813.7,695626.5,APB,ok,no_hyp,no_hyp,ok,ok,
1129,宏嘉丽园,,,error,'ProviderHypothesis' object has no attribute 'geometry'
79,天通西苑三区,334513.3,569203.5,APB,ok,no_hyp,no_hyp,ok,ok,
1130,融泽嘉园8号院,,,error,'ProviderHypothesis' object has no attribute 'geometry'
80,天通北苑二区,425656.8,724289.7,APB,ok,no_hyp,no_hyp,ok,ok,
1131,保利海德公园,,,error,'ProviderHypothesis' object has no attribute 'geometry'
81,天通北苑三区,542119.5,922458.1,APB,ok,no_hyp,no_hyp,ok,ok,
1132,锦秋家园,,,error,'ProviderHypothesis' object has no attribute 'geometry'
82,天通东苑一区,598050.6,1017306.7,APB,ok,no_hyp,no_hyp,ok,ok,
1133,知春路22号院,,,error,'ProviderHypothesis' object has no attribute 'geometry'
83,天通苑五区,193345.3,328879.9,APB,ok,no_hyp,no_hyp,ok,ok,
1134,龙泉小区东区,,,error,'ProviderHypothesis' object has no attribute 'geometry'
84,天通东苑二区,376517.2,640461.7,APB,ok,no_hyp,no_hyp,ok,ok,
1135,龙泉小区西区,,,error,'ProviderHypothesis' object has no attribute 'geometry'
85,白坊村,175875.1,299206.5,APB,ok,no_hyp,no_hyp,ok,ok,
1136,远洋东方公馆,,,error,'ProviderHypothesis' object has no attribute 'geometry'
86,天通东苑三区,313083.6,532692.2,APB,ok,no_hyp,no_hyp,ok,ok,
1137,紫城嘉园,,,error,'ProviderHypothesis' object has no attribute 'geometry'
87,天通西苑二区,228292.4,388409.9,APB,ok,no_hyp,no_hyp,ok,ok,
1138,博雅西园,,,error,'ProviderHypothesis' object has no attribute 'geometry'
88,天通西苑一区,321877.5,547516.3,APB,ok,no_hyp,no_hyp,ok,ok,
1139,民生花园,,,error,'ProviderHypothesis' object has no attribute 'geometry'
89,世纪龙祥家园,55915.1,95030.5,APB,ok,no_hyp,no_hyp,ok,ok,
1140,世嘉光织谷西区,,,error,'ProviderHypothesis' object has no attribute 'geometry'
90,世茂奥临花园,136536.2,232037.6,APB,ok,no_hyp,no_hyp,ok,ok,
1141,世嘉光织谷东区,,,error,'ProviderHypothesis' object has no attribute 'geometry'
91,紫玉山庄,556551.7,945242.7,APB,ok,no_hyp,no_hyp,ok,ok,
1142,育龙铭居,,,error,'ProviderHypothesis' object has no attribute 'geometry'
92,宝盛东里小区,57250.2,97297.3,APB,ok,no_hyp,no_hyp,ok,ok,
1143,育龙馨居,,,error,'ProviderHypothesis' object has no attribute 'geometry'
93,观澳园小区,52948.9,89979.5,APB,ok,no_hyp,no_hyp,ok,ok,
1144,雁栖一品园,,,error,'ProviderHypothesis' object has no attribute 'geometry'
94,育新花园,292690.2,497746.0,APB,ok,no_hyp,no_hyp,ok,ok,
1145,怡安园,,,error,'ProviderHypothesis' object has no attribute 'geometry'
95,恒大御景湾,180061.4,304417.5,APB,ok,no_hyp,no_hyp,ok,ok,
1146,龙山新新小镇,,,error,'ProviderHypothesis' object has no attribute 'geometry'
96,,171958.9,290683.1,APB,ok,no_hyp,no_hyp,ok,ok,
1147,万通·龙山逸墅,,,error,'ProviderHypothesis' object has no attribute 'geometry'
97,四合庄村 (sìhé zhuāngcūn),142356.4,240684.0,APB,ok,no_hyp,no_hyp,ok,ok,
1148,尚城小区,,,error,'ProviderHypothesis' object has no attribute 'geometry'
98,口子,290416.5,490892.8,APB,ok,no_hyp,no_hyp,ok,ok,
1149,万科青青家园,,,error,'ProviderHypothesis' object has no attribute 'geometry'
99,,468365.8,791431.4,APB,ok,no_hyp,no_hyp,ok,ok,
1150,凤翔四园,,,error,'ProviderHypothesis' object has no attribute 'geometry'
100,,458305.7,774367.7,APB,ok,no_hyp,no_hyp,ok,ok,
1151,香水城北区,,,error,'ProviderHypothesis' object has no attribute 'geometry'
101,,83207.1,140570.1,APB,ok,no_hyp,no_hyp,ok,ok,
1152,香水城南区,,,error,'ProviderHypothesis' object has no attribute 'geometry'
102,,560177.8,946228.7,APB,ok,no_hyp,no_hyp,ok,ok,
1153,益田影人四季花园,,,error,'ProviderHypothesis' object has no attribute 'geometry'
103,,196223.0,331619.5,APB,ok,no_hyp,no_hyp,ok,ok,
1154,凤瑞二园,,,error,'ProviderHypothesis' object has no attribute 'geometry'
104,,200081.4,338143.2,APB,ok,no_hyp,no_hyp,ok,ok,
1155,裕华园一区,,,error,'ProviderHypothesis' object has no attribute 'geometry'
105,,291212.5,492119.6,APB,ok,no_hyp,no_hyp,ok,ok,
1156,金泰丽富馨园,,,error,'ProviderHypothesis' object has no attribute 'geometry'
106,,193320.3,326766.1,APB,ok,no_hyp,no_hyp,ok,ok,
1157,幸福东园,,,error,'ProviderHypothesis' object has no attribute 'geometry'
107,,57682.0,97496.4,APB,ok,no_hyp,no_hyp,ok,ok,
1158,雁舞园,,,error,'ProviderHypothesis' object has no attribute 'geometry'
108,丛林庄别墅,550763.5,934009.2,APB,ok,no_hyp,no_hyp,ok,ok,
1159,栖美园,,,error,'ProviderHypothesis' object has no attribute 'geometry'
109,,410678.9,691682.9,APB,ok,no_hyp,no_hyp,ok,ok,
1160,首开·熙悦春天,,,error,'ProviderHypothesis' object has no attribute 'geometry'
110,北京国际花园,201417.4,340106.8,APB,ok,no_hyp,no_hyp,ok,ok,
1161,,,,error,'ProviderHypothesis' object has no attribute 'geometry'
111,加来假日,99903.7,168708.5,APB,ok,no_hyp,no_hyp,ok,ok,
1162,康居北区,,,error,'ProviderHypothesis' object has no attribute 'geometry'
112,赢海庄园,295903.1,499159.8,APB,ok,no_hyp,no_hyp,ok,ok,
1163,康居南区,,,error,'ProviderHypothesis' object has no attribute 'geometry'
113,康城花园别墅,265908.4,449948.9,APB,ok,no_hyp,no_hyp,ok,ok,
1164,上河湾南区,,,error,'ProviderHypothesis' object has no attribute 'geometry'
114,康城花园暖山,188659.9,319202.1,APB,ok,no_hyp,no_hyp,ok,ok,
1165,上河湾北区,,,error,'ProviderHypothesis' object has no attribute 'geometry'
115,东旭新村,602588.6,1019449.7,APB,ok,no_hyp,no_hyp,ok,ok,
1166,庄格里新小区,,,error,'ProviderHypothesis' object has no attribute 'geometry'
116,通达园,79325.5,134987.1,APB,ok,no_hyp,no_hyp,ok,ok,
1167,新里格庄小区,,,error,'ProviderHypothesis' object has no attribute 'geometry'
117,,47059.9,79995.2,APB,ok,no_hyp,no_hyp,ok,ok,
1168,嘉益园,,,error,'ProviderHypothesis' object has no attribute 'geometry'
118,,494410.6,845174.5,APB,ok,no_hyp,no_hyp,ok,ok,
1169,密西花园,,,error,'ProviderHypothesis' object has no attribute 'geometry'
119,,1501128.2,2579127.9,APB,ok,no_hyp,no_hyp,ok,ok,
1170,大唐庄东区,,,error,'ProviderHypothesis' object has no attribute 'geometry'
120,,64725.3,111563.1,APB,ok,no_hyp,no_hyp,ok,ok,
1171,绿地花都嘉园,,,error,'ProviderHypothesis' object has no attribute 'geometry'
121,后辛庄村,83409.7,142974.9,APB,ok,no_hyp,no_hyp,ok,ok,
1172,绿地·国际花都南区,,,error,'ProviderHypothesis' object has no attribute 'geometry'
122,前辛庄,214552.1,367715.1,APB,ok,no_hyp,no_hyp,ok,ok,
1173,垡头翠城小区,,,error,'ProviderHypothesis' object has no attribute 'geometry'
123,北宅,548573.3,940651.5,APB,ok,no_hyp,no_hyp,ok,ok,
1174,天通公园里,,,error,'ProviderHypothesis' object has no attribute 'geometry'
124,,238576.0,409182.3,APB,ok,no_hyp,no_hyp,ok,ok,
1175,西山枫林东区,,,error,'ProviderHypothesis' object has no attribute 'geometry'
125,郭家坞,317678.0,544796.7,APB,ok,no_hyp,no_hyp,ok,ok,
1176,西山枫林西区,,,error,'ProviderHypothesis' object has no attribute 'geometry'
126,,145484.5,249810.5,APB,ok,no_hyp,no_hyp,ok,ok,
1177,古城村中街10号院,,,error,'ProviderHypothesis' object has no attribute 'geometry'
127,大运村学生公寓,44158.6,74922.2,APB,ok,no_hyp,no_hyp,ok,ok,
1178,中海金石公馆,,,error,'ProviderHypothesis' object has no attribute 'geometry'
128,光彩国际公寓,24869.8,42134.3,APB,ok,no_hyp,no_hyp,ok,ok,
1179,古城现代嘉园东区,,,error,'ProviderHypothesis' object has no attribute 'geometry'
129,,62397.7,106233.4,APB,ok,no_hyp,no_hyp,ok,ok,
1180,古城现代嘉园西区,,,error,'ProviderHypothesis' object has no attribute 'geometry'
130,润泽庄园,227921.8,387606.2,APB,ok,no_hyp,no_hyp,ok,ok,
1181,中海金玺公馆,,,error,'ProviderHypothesis' object has no attribute 'geometry'
131,望都新地南区,143963.5,245219.0,APB,ok,no_hyp,no_hyp,ok,ok,
1182,中海长安雅苑,,,error,'ProviderHypothesis' object has no attribute 'geometry'
132,丽宫别墅,279653.7,475513.7,APB,ok,no_hyp,no_hyp,ok,ok,
1183,八家嘉园,,,error,'ProviderHypothesis' object has no attribute 'geometry'
133,棕榈滩别墅,207887.3,353505.3,APB,ok,no_hyp,no_hyp,ok,ok,
134,学府花园,136957.7,235086.8,APB,ok,no_hyp,no_hyp,ok,ok,
1184,,,,error,'ProviderHypothesis' object has no attribute 'geometry'
135,,20283.6,34918.5,APB,ok,no_hyp,no_hyp,ok,ok,
1185,白各庄新村四期,,,error,'ProviderHypothesis' object has no attribute 'geometry'
136,,12621.1,21726.8,APB,ok,no_hyp,no_hyp,ok,ok,
1186,,,,error,'ProviderHypothesis' object has no attribute 'geometry'
137,,54711.8,94170.6,APB,ok,no_hyp,no_hyp,ok,ok,
1187,,,,error,'ProviderHypothesis' object has no attribute 'geometry'
138,聂各庄,192910.9,328478.9,APB,ok,no_hyp,no_hyp,ok,ok,
1188,华润悦景湾,,,error,'ProviderHypothesis' object has no attribute 'geometry'
139,上地MOMA,101342.6,172284.9,APB,ok,no_hyp,no_hyp,ok,ok,
1189,五矿观山,,,error,'ProviderHypothesis' object has no attribute 'geometry'
140,展春园小区,52088.8,88403.4,APB,ok,no_hyp,no_hyp,ok,ok,
1190,万柳书院,,,error,'ProviderHypothesis' object has no attribute 'geometry'
141,澳洲康都,71326.2,121142.3,APB,ok,no_hyp,no_hyp,ok,ok,
1191,万城华府玺园,,,error,'ProviderHypothesis' object has no attribute 'geometry'
142,首开国风尚樾,20502.8,34801.7,APB,ok,no_hyp,no_hyp,ok,ok,
1192,东风苑,,,error,'ProviderHypothesis' object has no attribute 'geometry'
143,马道峪,116867.6,200725.8,APB,ok,no_hyp,no_hyp,ok,ok,
1193,首开熙悦山熹园,,,error,'ProviderHypothesis' object has no attribute 'geometry'
144,苇店,108865.2,187035.2,APB,ok,no_hyp,no_hyp,ok,ok,
1194,建邦华庭,,,error,'ProviderHypothesis' object has no attribute 'geometry'
145,二道河,19188.6,32929.0,APB,ok,no_hyp,no_hyp,ok,ok,
1195,,,,error,'ProviderHypothesis' object has no attribute 'geometry'
146,凯甲庄,210527.0,361088.6,APB,ok,no_hyp,no_hyp,ok,ok,
1196,西峰家园,,,error,'ProviderHypothesis' object has no attribute 'geometry'
147,口头,234125.3,401718.7,APB,ok,no_hyp,no_hyp,ok,ok,
1197,小园一区惠润嘉园十地块,,,error,'ProviderHypothesis' object has no attribute 'geometry'
148,东峪,45403.6,77911.2,APB,ok,no_hyp,no_hyp,ok,ok,
1198,小园一区惠润嘉园九地块,,,error,'ProviderHypothesis' object has no attribute 'geometry'
149,棒坨,34331.4,58929.5,APB,ok,no_hyp,no_hyp,ok,ok,
1199,小园三区惠润嘉园七地块,,,error,'ProviderHypothesis' object has no attribute 'geometry'
150,,31994.1,54879.5,APB,ok,no_hyp,no_hyp,ok,ok,
1200,小园二区惠润嘉园2C地块,,,error,'ProviderHypothesis' object has no attribute 'geometry'
151,,119088.0,204738.9,APB,ok,no_hyp,no_hyp,ok,ok,
1201,小园二区惠润嘉园三B地块,,,error,'ProviderHypothesis' object has no attribute 'geometry'
152,马驹桥棚户区,994808.4,1677329.6,APB,ok,no_hyp,no_hyp,ok,ok,
1202,丽景长安,,,error,'ProviderHypothesis' object has no attribute 'geometry'
153,西树行,129021.3,220764.5,APB,ok,no_hyp,no_hyp,ok,ok,
1203,鲁新家园,,,error,'ProviderHypothesis' object has no attribute 'geometry'
154,鼓楼大街地铁织补项目,18111.4,30701.9,APB,ok,no_hyp,no_hyp,ok,ok,
1204,潭柘山城,,,error,'ProviderHypothesis' object has no attribute 'geometry'
155,,669039.7,1149764.3,APB,ok,no_hyp,no_hyp,ok,ok,
1205,潭柘苑,,,error,'ProviderHypothesis' object has no attribute 'geometry'
156,万泉新新家园,222970.1,378235.9,APB,ok,no_hyp,no_hyp,ok,ok,
1206,赵家台民俗旅游村,,,error,'ProviderHypothesis' object has no attribute 'geometry'
157,万国城 MOMA,56202.2,95273.6,APB,ok,no_hyp,no_hyp,ok,ok,
1207,凤仪佳苑七里,,,error,'ProviderHypothesis' object has no attribute 'geometry'
1208,同泽园东里,,,error,'ProviderHypothesis' object has no attribute 'geometry'
158,玉泉新城,72699.6,123138.3,APB,ok,no_hyp,no_hyp,ok,ok,
1209,同泽园西里,,,error,'ProviderHypothesis' object has no attribute 'geometry'
159,莱圳家园2期,76262.9,129652.2,APB,ok,no_hyp,no_hyp,ok,ok,
1210,前沙涧西区,,,error,'ProviderHypothesis' object has no attribute 'geometry'
160,丽都水岸,41255.7,69979.4,APB,ok,no_hyp,no_hyp,ok,ok,
1211,怀柔北火车站一区,,,error,'ProviderHypothesis' object has no attribute 'geometry'
161,雪梨澳乡A区,116968.8,198892.7,APB,ok,no_hyp,no_hyp,ok,ok,
1212,驼房营西里,,,error,'ProviderHypothesis' object has no attribute 'geometry'
162,太阳星城金星园,141365.6,239785.0,APB,ok,no_hyp,no_hyp,ok,ok,
1213,电子城小区东区,,,error,'ProviderHypothesis' object has no attribute 'geometry'
163,裘马都,76889.6,130413.8,APB,ok,no_hyp,no_hyp,ok,ok,
1214,梵谷水郡,,,error,'ProviderHypothesis' object has no attribute 'geometry'
164,首开.畅心园,100848.1,170854.1,APB,ok,no_hyp,no_hyp,ok,ok,
1215,,,,error,'ProviderHypothesis' object has no attribute 'geometry'
165,非中心,143079.5,242421.8,APB,ok,no_hyp,no_hyp,ok,ok,
1216,丽泽雅园,,,error,'ProviderHypothesis' object has no attribute 'geometry'
166,垂虹园,57859.7,98119.9,APB,ok,no_hyp,no_hyp,ok,ok,
1217,马连道欣园小区,,,error,'ProviderHypothesis' object has no attribute 'geometry'
167,时雨园,64007.2,108544.4,APB,ok,no_hyp,no_hyp,ok,ok,
1218,金泰城·丽湾,,,error,'ProviderHypothesis' object has no attribute 'geometry'
168,晨月园,63561.1,107781.9,APB,ok,no_hyp,no_hyp,ok,ok,
169,观山园,56394.7,95649.3,APB,ok,no_hyp,no_hyp,ok,ok,
1219,鹏润家园,,,error,'ProviderHypothesis' object has no attribute 'geometry'
170,晴波园,65757.4,111520.8,APB,ok,no_hyp,no_hyp,ok,ok,
1220,万润风景,,,error,'ProviderHypothesis' object has no attribute 'geometry'
171,晴雪园,60069.2,101882.0,APB,ok,no_hyp,no_hyp,ok,ok,
1221,万泉寺南里,,,error,'ProviderHypothesis' object has no attribute 'geometry'
172,翠叠园,80539.7,136589.9,APB,ok,no_hyp,no_hyp,ok,ok,
1222,万寿寺北路12号院,,,error,'ProviderHypothesis' object has no attribute 'geometry'
173,春荫园,87560.5,148496.2,APB,ok,no_hyp,no_hyp,ok,ok,
1223,万寿寺北路9号院,,,error,'ProviderHypothesis' object has no attribute 'geometry'
174,金夕园,32075.5,54394.7,APB,ok,no_hyp,no_hyp,ok,ok,
1224,万寿寺北路10号院,,,error,'ProviderHypothesis' object has no attribute 'geometry'
175,烟树园,42765.2,72526.1,APB,ok,no_hyp,no_hyp,ok,ok,
1225,金都苑,,,error,'ProviderHypothesis' object has no attribute 'geometry'
176,三街坊,165799.7,280785.0,APB,ok,no_hyp,no_hyp,ok,ok,
1226,诺德家园,,,error,'ProviderHypothesis' object has no attribute 'geometry'
177,二街坊,114391.1,193712.8,APB,ok,no_hyp,no_hyp,ok,ok,
1227,旧宫新苑北区,,,error,'ProviderHypothesis' object has no attribute 'geometry'
178,四街坊,116984.4,198086.7,APB,ok,no_hyp,no_hyp,ok,ok,
1228,远大路22号西院,,,error,'ProviderHypothesis' object has no attribute 'geometry'
179,翠谷玉景苑,99284.9,168158.5,APB,ok,no_hyp,no_hyp,ok,ok,
1229,朝阳无限,,,error,'ProviderHypothesis' object has no attribute 'geometry'
180,田村山庄,24232.2,41047.1,APB,ok,no_hyp,no_hyp,ok,ok,
1230,朝阳园,,,error,'ProviderHypothesis' object has no attribute 'geometry'
181,雪梨澳乡B区,140828.3,239441.9,APB,ok,no_hyp,no_hyp,ok,ok,
1231,远大园六区,,,error,'ProviderHypothesis' object has no attribute 'geometry'
182,远大园四区,86192.5,146137.0,APB,ok,no_hyp,no_hyp,ok,ok,
1232,怡丽北园,,,error,'ProviderHypothesis' object has no attribute 'geometry'
183,鲁艺上河村,128499.4,217882.8,APB,ok,no_hyp,no_hyp,ok,ok,
1233,远大路22号东院,,,error,'ProviderHypothesis' object has no attribute 'geometry'
184,远大园三区,64899.3,110042.7,APB,ok,no_hyp,no_hyp,ok,ok,
1234,远大园一区,,,error,'ProviderHypothesis' object has no attribute 'geometry'
185,远大园五区,130605.9,221433.6,APB,ok,no_hyp,no_hyp,ok,ok,
1235,远洋·沁山水,,,error,'ProviderHypothesis' object has no attribute 'geometry'
186,远大园二区,9668.3,16393.2,APB,ok,no_hyp,no_hyp,ok,ok,
1236,翠林小区,,,error,'ProviderHypothesis' object has no attribute 'geometry'
187,地铁建安物业太平湖小区,10507.9,17813.1,APB,ok,no_hyp,no_hyp,ok,ok,
1237,庑殿家苑A区,,,error,'ProviderHypothesis' object has no attribute 'geometry'
188,泰欣苑,49723.0,84495.1,APB,ok,no_hyp,no_hyp,ok,ok,
1238,庑殿家苑B区,,,error,'ProviderHypothesis' object has no attribute 'geometry'
189,清缘东里,48317.4,82102.6,APB,ok,no_hyp,no_hyp,ok,ok,
1239,庑殿家苑C区,,,error,'ProviderHypothesis' object has no attribute 'geometry'
190,清缘里中区,110283.6,187395.3,APB,ok,no_hyp,no_hyp,ok,ok,
1240,龙禧苑二区,,,error,'ProviderHypothesis' object has no attribute 'geometry'
191,颐慧佳园西区,58382.6,98935.6,APB,ok,no_hyp,no_hyp,ok,ok,
1241,,,,error,'ProviderHypothesis' object has no attribute 'geometry'
192,颐慧佳园三期,5786.7,9805.7,APB,ok,no_hyp,no_hyp,ok,ok,
1242,鼓楼大街地铁织补项目,,,error,'ProviderHypothesis' object has no attribute 'geometry'
193,颐慧佳园东区,46757.7,79236.0,APB,ok,no_hyp,no_hyp,ok,ok,
1243,,,,error,'ProviderHypothesis' object has no attribute 'geometry'
194,今日家园小区,71820.4,121584.1,APB,ok,no_hyp,no_hyp,ok,ok,
1244,观唐,,,error,'ProviderHypothesis' object has no attribute 'geometry'
195,龙湖·滟澜山,220601.8,375537.5,APB,ok,no_hyp,no_hyp,ok,ok,
1245,葛各庄新村,,,error,'ProviderHypothesis' object has no attribute 'geometry'
196,清锦源,307357.3,523229.5,APB,ok,no_hyp,no_hyp,ok,ok,
1246,金泰苑小区,,,error,'ProviderHypothesis' object has no attribute 'geometry'
197,和乔丽晶,17323.0,29389.2,APB,ok,no_hyp,no_hyp,ok,ok,
1247,新乐园,,,error,'ProviderHypothesis' object has no attribute 'geometry'
198,专家国际花园,64885.7,110300.7,APB,ok,no_hyp,no_hyp,ok,ok,
1248,鸿翔花园,,,error,'ProviderHypothesis' object has no attribute 'geometry'
1249,,,,error,'ProviderHypothesis' object has no attribute 'geometry'
199,专家国际公馆,9464.0,16087.1,APB,ok,no_hyp,no_hyp,ok,ok,
1250,北科建·水岸雁栖,,,error,'ProviderHypothesis' object has no attribute 'geometry'
200,观林园,193983.6,329717.1,APB,ok,no_hyp,no_hyp,ok,ok,
1251,雁栖半岛,,,error,'ProviderHypothesis' object has no attribute 'geometry'
201,杰辉苑,111454.8,187697.0,APB,ok,no_hyp,no_hyp,ok,ok,
1252,小中富乐二区,,,error,'ProviderHypothesis' object has no attribute 'geometry'
202,燕化生产厂区服务管理中心北庄公寓,29747.9,50101.8,APB,ok,no_hyp,no_hyp,ok,ok,
1253,富乐二区,,,error,'ProviderHypothesis' object has no attribute 'geometry'
203,,7174.4,12157.4,APB,ok,no_hyp,no_hyp,ok,ok,
1254,小中富乐二区,,,error,'ProviderHypothesis' object has no attribute 'geometry'
204,,9206.1,15600.6,APB,ok,no_hyp,no_hyp,ok,ok,
1255,圣泽峰老年公寓,,,error,'ProviderHypothesis' object has no attribute 'geometry'
205,,12350.6,20927.0,APB,ok,no_hyp,no_hyp,ok,ok,
1256,,,,error,'ProviderHypothesis' object has no attribute 'geometry'
206,UHN,105405.4,178787.0,APB,ok,no_hyp,no_hyp,ok,ok,
1257,小中富乐二区,,,error,'ProviderHypothesis' object has no attribute 'geometry'
207,青年汇佳园,45220.9,76597.6,APB,ok,no_hyp,no_hyp,ok,ok,
1258,杨家园,,,error,'ProviderHypothesis' object has no attribute 'geometry'
208,玉泉北里二区,64205.8,108751.2,APB,ok,no_hyp,no_hyp,ok,ok,
1259,富乐小区北里,,,error,'ProviderHypothesis' object has no attribute 'geometry'
209,玉海园,409530.3,693681.4,APB,ok,no_hyp,no_hyp,ok,ok,
1260,富乐社区29号院,,,error,'ProviderHypothesis' object has no attribute 'geometry'
210,九街坊,55242.7,93559.8,APB,ok,no_hyp,no_hyp,ok,ok,
211,幸福家园,83317.9,141011.8,APB,ok,no_hyp,no_hyp,ok,ok,
1261,新兴居,,,error,'ProviderHypothesis' object has no attribute 'geometry'
212,名流花园,250357.1,426311.8,APB,ok,no_hyp,no_hyp,ok,ok,
1262,万通·怀柔新新家园,,,error,'ProviderHypothesis' object has no attribute 'geometry'
213,保利蔷薇,14295.7,24193.4,APB,ok,no_hyp,no_hyp,ok,ok,
1263,潘家园,,,error,'ProviderHypothesis' object has no attribute 'geometry'
214,鑫兆雅园,69288.9,117103.0,APB,ok,no_hyp,no_hyp,ok,ok,
1264,富乐小区南里,,,error,'ProviderHypothesis' object has no attribute 'geometry'
215,中海城,113553.8,191905.7,APB,ok,no_hyp,no_hyp,ok,ok,
1265,湖滨花园,,,error,'ProviderHypothesis' object has no attribute 'geometry'
216,弘善家园,338377.1,572312.6,APB,ok,no_hyp,no_hyp,ok,ok,
1266,泊岸,,,error,'ProviderHypothesis' object has no attribute 'geometry'
217,顶秀欣园,40923.7,69151.8,APB,ok,no_hyp,no_hyp,ok,ok,
1267,湖光小区,,,error,'ProviderHypothesis' object has no attribute 'geometry'
218,京城仁合,32893.0,55678.4,APB,ok,no_hyp,no_hyp,ok,ok,
1268,中铁·西城北区,,,error,'ProviderHypothesis' object has no attribute 'geometry'
219,富贵园,261799.7,443129.6,APB,ok,no_hyp,no_hyp,ok,ok,
1269,电建地产·长安嘉源,,,error,'ProviderHypothesis' object has no attribute 'geometry'
220,国瑞城,175149.8,296485.9,APB,ok,no_hyp,no_hyp,ok,ok,
1270,电建地产·泷悦长安,,,error,'ProviderHypothesis' object has no attribute 'geometry'
221,花市枣苑,64169.9,108617.3,APB,ok,no_hyp,no_hyp,ok,ok,
1271,中铁西城南区,,,error,'ProviderHypothesis' object has no attribute 'geometry'
222,新景家园,242608.8,410643.1,APB,ok,no_hyp,no_hyp,ok,ok,
1272,梧桐嘉苑,,,error,'ProviderHypothesis' object has no attribute 'geometry'
223,科学园南里五区,29711.2,50440.4,APB,ok,no_hyp,no_hyp,ok,ok,
1273,知秋园,,,error,'ProviderHypothesis' object has no attribute 'geometry'
224,四合新村,86041.0,146996.3,APB,ok,no_hyp,no_hyp,ok,ok,
1274,永升嘉园,,,error,'ProviderHypothesis' object has no attribute 'geometry'
225,世纪星城,334244.6,565737.8,APB,ok,no_hyp,no_hyp,ok,ok,
1275,清露园,,,error,'ProviderHypothesis' object has no attribute 'geometry'
226,新华联家园北区,178329.4,301842.5,APB,ok,no_hyp,no_hyp,ok,ok,
1276,西山燕庐,,,error,'ProviderHypothesis' object has no attribute 'geometry'
227,溪山嘉园东府里,119254.2,202207.8,APB,ok,no_hyp,no_hyp,ok,ok,
1277,电建·金地华宸,,,error,'ProviderHypothesis' object has no attribute 'geometry'
228,蓝调沙龙,88392.1,149576.9,APB,ok,no_hyp,no_hyp,ok,ok,
1278,远洋新天地二期,,,error,'ProviderHypothesis' object has no attribute 'geometry'
229,佰嘉城,139407.6,237255.1,APB,ok,no_hyp,no_hyp,ok,ok,
1279,信园,,,error,'ProviderHypothesis' object has no attribute 'geometry'
230,新林院,59463.6,100945.8,APB,ok,no_hyp,no_hyp,ok,ok,
1280,冯村嘉园二区,,,error,'ProviderHypothesis' object has no attribute 'geometry'
231,专家公寓,8742.2,19408.8,EOB,ok,no_hyp,no_hyp,ok,ok,
1281,冯村嘉园一区,,,error,'ProviderHypothesis' object has no attribute 'geometry'
232,胜因院,19408.8,32949.4,APB,ok,no_hyp,no_hyp,ok,ok,
1282,润景公馆,,,error,'ProviderHypothesis' object has no attribute 'geometry'
233,荷清苑教师住宅区,86017.7,146090.6,APB,ok,no_hyp,no_hyp,ok,ok,
1283,润西山,,,error,'ProviderHypothesis' object has no attribute 'geometry'
234,,57119.0,96889.7,APB,ok,no_hyp,no_hyp,ok,ok,
1284,润西山B区,,,error,'ProviderHypothesis' object has no attribute 'geometry'
235,颐和山庄,456979.7,776997.6,APB,ok,no_hyp,no_hyp,ok,ok,
1285,冯村新园1期,,,error,'ProviderHypothesis' object has no attribute 'geometry'
236,华发颐园,47966.8,81540.9,APB,ok,no_hyp,no_hyp,ok,ok,
1286,冯村新园2期,,,error,'ProviderHypothesis' object has no attribute 'geometry'
237,科学园七区,55443.1,94118.0,APB,ok,no_hyp,no_hyp,ok,ok,
1287,冯村西里小区,,,error,'ProviderHypothesis' object has no attribute 'geometry'
238,国仕汇,85029.5,144699.4,APB,ok,no_hyp,no_hyp,ok,ok,
1288,欣六园小区,,,error,'ProviderHypothesis' object has no attribute 'geometry'
239,田园风光雅苑东区,220300.8,374985.6,APB,ok,no_hyp,no_hyp,ok,ok,
1289,长安壹号半山上的宫殿,,,error,'ProviderHypothesis' object has no attribute 'geometry'
240,金成府,23667.8,40052.8,APB,ok,no_hyp,no_hyp,ok,ok,
1290,保利首开四季怡园南区,,,error,'ProviderHypothesis' object has no attribute 'geometry'
241,玉兰湾,121725.0,205982.7,APB,ok,no_hyp,no_hyp,ok,ok,
1291,保利首开四季怡园北区,,,error,'ProviderHypothesis' object has no attribute 'geometry'
1292,永和新苑,,,error,'ProviderHypothesis' object has no attribute 'geometry'
242,合木山庄,150279.4,255742.4,APB,ok,no_hyp,no_hyp,ok,ok,
1293,北京城建·上悦居,,,error,'ProviderHypothesis' object has no attribute 'geometry'
243,都市芳园,429363.3,730689.5,APB,ok,no_hyp,no_hyp,ok,ok,
1294,丽景长安西区,,,error,'ProviderHypothesis' object has no attribute 'geometry'
244,九台庄园,301058.4,512258.4,APB,ok,no_hyp,no_hyp,ok,ok,
1295,西长安壹号34号院,,,error,'ProviderHypothesis' object has no attribute 'geometry'
245,富力桃园,100335.2,170662.7,APB,ok,no_hyp,no_hyp,ok,ok,
1296,西长安壹号30号院,,,error,'ProviderHypothesis' object has no attribute 'geometry'
246,紫金新干线二区,95363.3,162274.4,APB,ok,no_hyp,no_hyp,ok,ok,
1297,永兴嘉园,,,error,'ProviderHypothesis' object has no attribute 'geometry'
247,天鑫家园,91942.8,156465.3,APB,ok,no_hyp,no_hyp,ok,ok,
1298,永兴住宅小区,,,error,'ProviderHypothesis' object has no attribute 'geometry'
248,紫金新干线1期,136060.6,231542.3,APB,ok,no_hyp,no_hyp,ok,ok,
1299,惠康嘉园五区,,,error,'ProviderHypothesis' object has no attribute 'geometry'
249,龙锦苑东一区,127903.0,217714.3,APB,ok,no_hyp,no_hyp,ok,ok,
1300,惠康嘉园六区,,,error,'ProviderHypothesis' object has no attribute 'geometry'
250,龙锦苑东四区,119922.0,204096.0,APB,ok,no_hyp,no_hyp,ok,ok,
1301,惠康嘉园二区,,,error,'ProviderHypothesis' object has no attribute 'geometry'
251,龙锦苑东五区,132220.5,225046.3,APB,ok,no_hyp,no_hyp,ok,ok,
1302,惠康嘉园四区,,,error,'ProviderHypothesis' object has no attribute 'geometry'
252,白各庄新村二期,85450.9,145562.0,APB,ok,no_hyp,no_hyp,ok,ok,
253,白各庄新村一期,95154.8,162091.3,APB,ok,no_hyp,no_hyp,ok,ok,
1303,惠康嘉园三区,,,error,'ProviderHypothesis' object has no attribute 'geometry'
254,水岸庄园,70963.5,120974.3,APB,ok,no_hyp,no_hyp,ok,ok,
1304,葡东南区,,,error,'ProviderHypothesis' object has no attribute 'geometry'
255,园林圣懋,94620.1,161296.6,APB,ok,no_hyp,no_hyp,ok,ok,
1305,檀香府,,,error,'ProviderHypothesis' object has no attribute 'geometry'
256,贺村新村,21374.3,82223.6,EOB,ok,no_hyp,no_hyp,ok,ok,
1306,潭柘新区7号院,,,error,'ProviderHypothesis' object has no attribute 'geometry'
257,回南家园,19175.9,32637.7,APB,ok,no_hyp,no_hyp,ok,ok,
1307,潭柘新区1号院,,,error,'ProviderHypothesis' object has no attribute 'geometry'
258,森林大第,82223.6,139842.6,APB,ok,no_hyp,no_hyp,ok,ok,
1308,潭柘新区3号院,,,error,'ProviderHypothesis' object has no attribute 'geometry'
259,万达大湖公馆,33601.8,57110.1,APB,ok,no_hyp,no_hyp,ok,ok,
1309,潭柘新区6号院,,,error,'ProviderHypothesis' object has no attribute 'geometry'
260,明天第一城,33851.8,57554.3,APB,ok,no_hyp,no_hyp,ok,ok,
1310,潭柘新区4号院,,,error,'ProviderHypothesis' object has no attribute 'geometry'
261,明天第一城3区,9699.1,97430.1,EOB,ok,no_hyp,no_hyp,ok,ok,
1311,潭柘新区2号院,,,error,'ProviderHypothesis' object has no attribute 'geometry'
262,顶秀青溪,97430.1,165668.6,APB,ok,no_hyp,no_hyp,ok,ok,
1312,潭柘新区8号院,,,error,'ProviderHypothesis' object has no attribute 'geometry'
263,清水园,56705.2,96408.4,APB,ok,no_hyp,no_hyp,ok,ok,
1313,潭柘新区5号院,,,error,'ProviderHypothesis' object has no attribute 'geometry'
264,佳馨园别墅,64963.8,110348.8,APB,ok,no_hyp,no_hyp,ok,ok,
1314,,,,error,'ProviderHypothesis' object has no attribute 'geometry'
265,康斯丹郡,31828.0,54061.3,APB,ok,no_hyp,no_hyp,ok,ok,
1315,滨河馨居,,,error,'ProviderHypothesis' object has no attribute 'geometry'
266,新新家园,555332.1,943140.9,APB,ok,no_hyp,no_hyp,ok,ok,
1316,安乐馨居,,,error,'ProviderHypothesis' object has no attribute 'geometry'
267,紫庐,21693.4,36847.3,APB,ok,no_hyp,no_hyp,ok,ok,
1317,梦想家园西区,,,error,'ProviderHypothesis' object has no attribute 'geometry'
268,鸿华家园,66880.4,113599.9,APB,ok,no_hyp,no_hyp,ok,ok,
1318,梦想家园东区,,,error,'ProviderHypothesis' object has no attribute 'geometry'
269,国际城,94340.3,160385.6,APB,ok,no_hyp,no_hyp,ok,ok,
1319,东亚·华欣湾B区,,,error,'ProviderHypothesis' object has no attribute 'geometry'
270,富成花园,101554.8,172374.5,APB,ok,no_hyp,no_hyp,ok,ok,
1320,东亚·华欣湾A区,,,error,'ProviderHypothesis' object has no attribute 'geometry'
271,嘉诚园北区,30905.2,52539.9,APB,ok,no_hyp,no_hyp,ok,ok,
1321,远洋一方北润园,,,error,'ProviderHypothesis' object has no attribute 'geometry'
1322,管庄新村D区,,,error,'ProviderHypothesis' object has no attribute 'geometry'
272,明天第一城,15825.2,26904.2,APB,ok,no_hyp,no_hyp,ok,ok,
1323,管庄新村D区,,,error,'ProviderHypothesis' object has no attribute 'geometry'
273,明天第一城,44868.8,76285.7,APB,ok,no_hyp,no_hyp,ok,ok,
274,明天第一城,61870.1,105181.6,APB,ok,no_hyp,no_hyp,ok,ok,
1324,长河花园,,,error,'ProviderHypothesis' object has no attribute 'geometry'
275,佳运园三区,27650.3,47006.4,APB,ok,no_hyp,no_hyp,ok,ok,
1325,保利垄上,,,error,'ProviderHypothesis' object has no attribute 'geometry'
276,佳运园四区,28158.1,47867.6,APB,ok,no_hyp,no_hyp,ok,ok,
1326,智汇·润池讲礼新村,,,error,'ProviderHypothesis' object has no attribute 'geometry'
277,嘉诚园南区,24731.0,42041.2,APB,ok,no_hyp,no_hyp,ok,ok,
1327,北辰红橡墅,,,error,'ProviderHypothesis' object has no attribute 'geometry'
1328,金隅上城郡,,,error,'ProviderHypothesis' object has no attribute 'geometry'
278,东辰小区,54363.5,92431.2,APB,ok,no_hyp,no_hyp,ok,ok,
279,佳运园一区二区,91600.2,155725.3,APB,ok,no_hyp,no_hyp,ok,ok,
1329,远洋傲北,,,error,'ProviderHypothesis' object has no attribute 'geometry'
280,陈营新村,51198.0,87028.6,APB,ok,no_hyp,no_hyp,ok,ok,
1330,北京第二社会福利院家属楼,,,error,'ProviderHypothesis' object has no attribute 'geometry'
281,朝阳公园西路 7号院,28808.5,48827.7,APB,ok,no_hyp,no_hyp,ok,ok,
1331,麦卡伦地,,,error,'ProviderHypothesis' object has no attribute 'geometry'
282,北京GOLF公寓,20712.7,35102.1,APB,ok,no_hyp,no_hyp,ok,ok,
1332,林墅,,,error,'ProviderHypothesis' object has no attribute 'geometry'
283,龙阁,6283.2,65907.8,EOB,ok,no_hyp,no_hyp,ok,ok,
1333,渡上,,,error,'ProviderHypothesis' object has no attribute 'geometry'
1334,温哥华森林,,,error,'ProviderHypothesis' object has no attribute 'geometry'
284,九号公寓,43629.5,73941.3,APB,ok,no_hyp,no_hyp,ok,ok,
1335,温泉花园A区,,,error,'ProviderHypothesis' object has no attribute 'geometry'
285,清境明湖,11213.8,19005.8,APB,ok,no_hyp,no_hyp,ok,ok,
1336,温泉花园B区,,,error,'ProviderHypothesis' object has no attribute 'geometry'
286,PARK北京,15388.5,26077.9,APB,ok,no_hyp,no_hyp,ok,ok,
1337,北亚花园,,,error,'ProviderHypothesis' object has no attribute 'geometry'
287,景园大厦,13204.4,22376.1,APB,ok,no_hyp,no_hyp,ok,ok,
1338,蓬莱公寓,,,error,'ProviderHypothesis' object has no attribute 'geometry'
288,天安·豪园,7542.3,20812.8,EOB,ok,no_hyp,no_hyp,ok,ok,
1339,珠江壹千栋,,,error,'ProviderHypothesis' object has no attribute 'geometry'
289,朝阳公园西路1号院,58155.8,98562.9,APB,ok,no_hyp,no_hyp,ok,ok,
1340,冠华苑·萱草园,,,error,'ProviderHypothesis' object has no attribute 'geometry'
290,棕榈泉国际公寓,82363.9,139559.8,APB,ok,no_hyp,no_hyp,ok,ok,
1341,冠雅苑,,,error,'ProviderHypothesis' object has no attribute 'geometry'
291,丽水嘉园,32000.4,54222.3,APB,ok,no_hyp,no_hyp,ok,ok,
1342,名佳花园,,,error,'ProviderHypothesis' object has no attribute 'geometry'
292,公园大道,67351.4,114121.8,APB,ok,no_hyp,no_hyp,ok,ok,
1343,王府温馨公寓,,,error,'ProviderHypothesis' object has no attribute 'geometry'
293,晨曦园,9453.1,16010.9,APB,ok,no_hyp,no_hyp,ok,ok,
1344,,,,error,'ProviderHypothesis' object has no attribute 'geometry'
294,国兴·观湖国际,112534.2,190714.9,APB,ok,no_hyp,no_hyp,ok,ok,
295,泛海国际 兰海园,40754.2,69069.7,APB,ok,no_hyp,no_hyp,ok,ok,
1345,后南仓小区,,,error,'ProviderHypothesis' object has no attribute 'geometry'
296,泛海国际 樱海园,64659.7,109584.1,APB,ok,no_hyp,no_hyp,ok,ok,
1346,远洋一方花语苑,,,error,'ProviderHypothesis' object has no attribute 'geometry'
1347,远洋一方润园东区,,,error,'ProviderHypothesis' object has no attribute 'geometry'
297,泛海国际 香海园,51234.3,86824.5,APB,ok,no_hyp,no_hyp,ok,ok,
1348,远洋一方润园西区,,,error,'ProviderHypothesis' object has no attribute 'geometry'
298,泛海国际 碧海园,56895.3,96415.6,APB,ok,no_hyp,no_hyp,ok,ok,
1349,塔营北街3号院,,,error,'ProviderHypothesis' object has no attribute 'geometry'
299,百合春天 东山别墅,269857.3,457504.8,APB,ok,no_hyp,no_hyp,ok,ok,
1350,远洋一方溪语苑,,,error,'ProviderHypothesis' object has no attribute 'geometry'
300,瞰都,43403.4,73605.9,APB,ok,no_hyp,no_hyp,ok,ok,
1351,洋一方林语苑,,,error,'ProviderHypothesis' object has no attribute 'geometry'
301,东润枫景,48753.7,82667.5,APB,ok,no_hyp,no_hyp,ok,ok,
1352,康泉小区,,,error,'ProviderHypothesis' object has no attribute 'geometry'
302,东润枫景,44500.9,75452.4,APB,ok,no_hyp,no_hyp,ok,ok,
1353,朝阳·旺角,,,error,'ProviderHypothesis' object has no attribute 'geometry'
303,东风家园,25416.1,43097.7,APB,ok,no_hyp,no_hyp,ok,ok,
1354,蝶泉花园,,,error,'ProviderHypothesis' object has no attribute 'geometry'
304,阳光上东,66430.2,112675.7,APB,ok,no_hyp,no_hyp,ok,ok,
1355,长桥园公寓,,,error,'ProviderHypothesis' object has no attribute 'geometry'
305,东区国际,60077.9,101741.9,APB,ok,no_hyp,no_hyp,ok,ok,
1356,通州区八里桥南街小区,,,error,'ProviderHypothesis' object has no attribute 'geometry'
306,宏福苑北区,70231.5,119644.0,APB,ok,no_hyp,no_hyp,ok,ok,
1357,天时名苑,,,error,'ProviderHypothesis' object has no attribute 'geometry'
307,龙锦苑东二区,121307.0,206468.8,APB,ok,no_hyp,no_hyp,ok,ok,
1358,朗峰嘉园,,,error,'ProviderHypothesis' object has no attribute 'geometry'
308,宏福苑小区,528719.9,900625.2,APB,ok,no_hyp,no_hyp,ok,ok,
1359,通典铭居,,,error,'ProviderHypothesis' object has no attribute 'geometry'
309,桃园公寓,62078.1,176063.9,EOB,ok,no_hyp,no_hyp,ok,ok,
1360,朝北8080,,,error,'ProviderHypothesis' object has no attribute 'geometry'
310,西湖新村,176063.9,299956.5,APB,ok,no_hyp,no_hyp,ok,ok,
1361,翠福园,,,error,'ProviderHypothesis' object has no attribute 'geometry'
311,海鶄落新村,62740.7,106838.5,APB,ok,no_hyp,no_hyp,ok,ok,
1362,天泰新苑小区(通惠河南路),,,error,'ProviderHypothesis' object has no attribute 'geometry'
312,名人居,16716.2,28478.5,APB,ok,no_hyp,no_hyp,ok,ok,
1363,玲珑山,,,error,'ProviderHypothesis' object has no attribute 'geometry'
313,美树假日嘉园,107868.3,183701.9,APB,ok,no_hyp,no_hyp,ok,ok,
314,望都家园,230875.7,393302.1,APB,ok,no_hyp,no_hyp,ok,ok,
1364,天泰北双苑小区,,,error,'ProviderHypothesis' object has no attribute 'geometry'
315,威尼斯花园,254741.1,433874.9,APB,ok,no_hyp,no_hyp,ok,ok,
1365,瑞祥里东区,,,error,'ProviderHypothesis' object has no attribute 'geometry'
1366,瑞祥里西区,,,error,'ProviderHypothesis' object has no attribute 'geometry'
316,,20111.9,34263.3,APB,ok,no_hyp,no_hyp,ok,ok,
1367,瑞祥里西区北区,,,error,'ProviderHypothesis' object has no attribute 'geometry'
317,北京洋房,126211.7,214995.4,APB,ok,no_hyp,no_hyp,ok,ok,
318,名佳花园四区,77915.3,132676.0,APB,ok,no_hyp,no_hyp,ok,ok,
1368,东军庄,,,error,'ProviderHypothesis' object has no attribute 'geometry'
319,羊各庄新村,235551.7,401272.2,APB,ok,no_hyp,no_hyp,ok,ok,
1369,朝通嘉园,,,error,'ProviderHypothesis' object has no attribute 'geometry'
320,柏林·在线,117876.6,200788.0,APB,ok,no_hyp,no_hyp,ok,ok,
1370,孙各庄家园,,,error,'ProviderHypothesis' object has no attribute 'geometry'
321,颐丰园,114300.4,194349.1,APB,ok,no_hyp,no_hyp,ok,ok,
1371,中建红杉溪谷东区,,,error,'ProviderHypothesis' object has no attribute 'geometry'
322,紫御华府,63113.2,107279.3,APB,ok,no_hyp,no_hyp,ok,ok,
1372,中建红杉溪谷西区,,,error,'ProviderHypothesis' object has no attribute 'geometry'
323,光明公寓,56665.2,96065.6,APB,ok,no_hyp,no_hyp,ok,ok,
1373,中建雅颂居,,,error,'ProviderHypothesis' object has no attribute 'geometry'
324,东苑公寓,31622.2,53605.9,APB,ok,no_hyp,no_hyp,ok,ok,
1374,疃里庄园,,,error,'ProviderHypothesis' object has no attribute 'geometry'
1375,新潮嘉园三区,,,error,'ProviderHypothesis' object has no attribute 'geometry'
325,枣营南里,65907.8,111713.1,APB,ok,no_hyp,no_hyp,ok,ok,
1376,新潮嘉园二区,,,error,'ProviderHypothesis' object has no attribute 'geometry'
326,京达国际公寓,9161.0,15524.6,APB,ok,no_hyp,no_hyp,ok,ok,
1377,新潮嘉园一区,,,error,'ProviderHypothesis' object has no attribute 'geometry'
327,成园公寓,8880.8,31622.2,EOB,ok,no_hyp,no_hyp,ok,ok,
1378,小潞邑,,,error,'ProviderHypothesis' object has no attribute 'geometry'
328,伯宁花园,5552.8,9412.4,APB,ok,no_hyp,no_hyp,ok,ok,
1379,东逸佳苑,,,error,'ProviderHypothesis' object has no attribute 'geometry'
329,北京京达花园,14783.0,25052.4,APB,ok,no_hyp,no_hyp,ok,ok,
1380,珠江·东都国际,,,error,'ProviderHypothesis' object has no attribute 'geometry'
330,麦子店街小区,28953.3,49074.8,APB,ok,no_hyp,no_hyp,ok,ok,
1381,东亚·逸品阁,,,error,'ProviderHypothesis' object has no attribute 'geometry'
331,万科东第,17694.8,29980.9,APB,ok,no_hyp,no_hyp,ok,ok,
1382,通瑞嘉苑,,,error,'ProviderHypothesis' object has no attribute 'geometry'
332,,25968.4,44006.4,APB,ok,no_hyp,no_hyp,ok,ok,
1383,珠江·拉维小镇,,,error,'ProviderHypothesis' object has no attribute 'geometry'
333,,233252.8,395241.9,APB,ok,no_hyp,no_hyp,ok,ok,
1384,上潞园小区,,,error,'ProviderHypothesis' object has no attribute 'geometry'
334,公园 1872,107359.8,181878.8,APB,ok,no_hyp,no_hyp,ok,ok,
1385,新地国际家园,,,error,'ProviderHypothesis' object has no attribute 'geometry'
335,合生 霄云路8号,216144.7,366574.9,APB,ok,no_hyp,no_hyp,ok,ok,
1386,,,,error,'ProviderHypothesis' object has no attribute 'geometry'
336,京润水上花园别墅,344118.7,583578.7,APB,ok,no_hyp,no_hyp,ok,ok,
1387,金地格林格林北区,,,error,'ProviderHypothesis' object has no attribute 'geometry'
337,,22604.2,38327.7,APB,ok,no_hyp,no_hyp,ok,ok,
1388,金地格林格林南区,,,error,'ProviderHypothesis' object has no attribute 'geometry'
338,,30386.3,51521.3,APB,ok,no_hyp,no_hyp,ok,ok,
1389,莲花小区,,,error,'ProviderHypothesis' object has no attribute 'geometry'
339,,25678.5,43535.0,APB,ok,no_hyp,no_hyp,ok,ok,
1390,润泽公馆,,,error,'ProviderHypothesis' object has no attribute 'geometry'
340,保利东郡,56853.1,96326.4,APB,ok,no_hyp,no_hyp,ok,ok,
1391,,,,error,'ProviderHypothesis' object has no attribute 'geometry'
341,朝阳公园西里,7399.9,12539.6,APB,ok,no_hyp,no_hyp,ok,ok,
1392,姚家营,,,error,'ProviderHypothesis' object has no attribute 'geometry'
342,博雅园,20812.8,35269.1,APB,ok,no_hyp,no_hyp,ok,ok,
1393,,,,error,'ProviderHypothesis' object has no attribute 'geometry'
343,亮马桥外交公寓,19495.1,33051.3,APB,ok,no_hyp,no_hyp,ok,ok,
1394,,,,error,'ProviderHypothesis' object has no attribute 'geometry'
344,怡思苑,11185.5,18967.1,APB,ok,no_hyp,no_hyp,ok,ok,
1395,,,,error,'ProviderHypothesis' object has no attribute 'geometry'
345,泰华 滨河苑,32694.3,55441.5,APB,ok,no_hyp,no_hyp,ok,ok,
1396,,,,error,'ProviderHypothesis' object has no attribute 'geometry'
346,亮马桥外交公寓,33049.2,56031.5,APB,ok,no_hyp,no_hyp,ok,ok,
1397,,,,error,'ProviderHypothesis' object has no attribute 'geometry'
347,US 联邦公寓,13847.2,23478.6,APB,ok,no_hyp,no_hyp,ok,ok,
1398,莱圳家园南区,,,error,'ProviderHypothesis' object has no attribute 'geometry'
348,华远 九都汇,14331.1,24300.3,APB,ok,no_hyp,no_hyp,ok,ok,
1399,枣园小区,,,error,'ProviderHypothesis' object has no attribute 'geometry'
349,嘉和丽园公寓,15408.0,26127.0,APB,ok,no_hyp,no_hyp,ok,ok,
1400,望京西园一区,,,error,'ProviderHypothesis' object has no attribute 'geometry'
350,远洋公馆,15918.0,26992.9,APB,ok,no_hyp,no_hyp,ok,ok,
1401,南湖中园二区,,,error,'ProviderHypothesis' object has no attribute 'geometry'
351,贵园东里,26399.1,44559.9,APB,ok,no_hyp,no_hyp,ok,ok,
1402,丽园东里,,,error,'ProviderHypothesis' object has no attribute 'geometry'
352,燕景佳园,12242.2,20664.1,APB,ok,no_hyp,no_hyp,ok,ok,
1403,丽园家属区（北京石油化工学院）,,,error,'ProviderHypothesis' object has no attribute 'geometry'
353,新康家园,111983.3,189019.7,APB,ok,no_hyp,no_hyp,ok,ok,
1404,康庄路50号院,,,error,'ProviderHypothesis' object has no attribute 'geometry'
354,泰河园一里一区,96916.8,163438.5,APB,ok,no_hyp,no_hyp,ok,ok,
1405,兴盛街187号院,,,error,'ProviderHypothesis' object has no attribute 'geometry'
355,泰河园三里,141011.1,237777.8,APB,ok,no_hyp,no_hyp,ok,ok,
1406,康庄中巷4号院,,,error,'ProviderHypothesis' object has no attribute 'geometry'
356,梅园,16841.0,28426.7,APB,ok,no_hyp,no_hyp,ok,ok,
1407,骏城小区,,,error,'ProviderHypothesis' object has no attribute 'geometry'
357,中芯花园,101278.1,170772.2,APB,ok,no_hyp,no_hyp,ok,ok,
1408,丽园小区C区,,,error,'ProviderHypothesis' object has no attribute 'geometry'
358,亦城茗苑 (泰河园五里),103156.1,173934.6,APB,ok,no_hyp,no_hyp,ok,ok,
1409,丽园小区B区,,,error,'ProviderHypothesis' object has no attribute 'geometry'
359,广德苑,27780.4,46889.8,APB,ok,no_hyp,no_hyp,ok,ok,
1410,丽园小区A区,,,error,'ProviderHypothesis' object has no attribute 'geometry'
360,Dear Villa,168488.7,284421.9,APB,ok,no_hyp,no_hyp,ok,ok,
1411,红木林南区,,,error,'ProviderHypothesis' object has no attribute 'geometry'
361,富源里,105470.3,178030.9,APB,ok,no_hyp,no_hyp,ok,ok,
1412,红木林北区,,,error,'ProviderHypothesis' object has no attribute 'geometry'
362,星岛假日,103304.5,174380.2,APB,ok,no_hyp,no_hyp,ok,ok,
1413,枣园尚城北区,,,error,'ProviderHypothesis' object has no attribute 'geometry'
363,林肯公园,224294.6,378644.0,APB,ok,no_hyp,no_hyp,ok,ok,
1414,枣园尚城南区,,,error,'ProviderHypothesis' object has no attribute 'geometry'
364,上海沙龙,156022.8,263272.9,APB,ok,no_hyp,no_hyp,ok,ok,
1415,,,,error,'ProviderHypothesis' object has no attribute 'geometry'
365,境界家园,167911.5,283394.2,APB,ok,no_hyp,no_hyp,ok,ok,
1416,康宜家园（南区）,,,error,'ProviderHypothesis' object has no attribute 'geometry'
366,听涛雅苑,109444.0,184723.7,APB,ok,no_hyp,no_hyp,ok,ok,
1417,康宜家园（北区）,,,error,'ProviderHypothesis' object has no attribute 'geometry'
1418,汇才公寓,,,error,'ProviderHypothesis' object has no attribute 'geometry'
367,瑞都国际南区,57974.7,98106.1,APB,ok,no_hyp,no_hyp,ok,ok,
1419,中铁碧桂园丰锦苑,,,error,'ProviderHypothesis' object has no attribute 'geometry'
368,瑞都国际北区,15867.6,26852.7,APB,ok,no_hyp,no_hyp,ok,ok,
1420,康桥水郡,,,error,'ProviderHypothesis' object has no attribute 'geometry'
369,东湖湾三期,47713.1,81022.0,APB,ok,no_hyp,no_hyp,ok,ok,
1421,,,,error,'ProviderHypothesis' object has no attribute 'geometry'
370,东湖湾一期二期,122988.9,208847.8,APB,ok,no_hyp,no_hyp,ok,ok,
1422,金隅嘉和园,,,error,'ProviderHypothesis' object has no attribute 'geometry'
371,花沟,19269.3,33148.1,APB,ok,no_hyp,no_hyp,ok,ok,
1423,,,,error,'ProviderHypothesis' object has no attribute 'geometry'
372,溪城家园西区,49893.1,84812.0,APB,ok,no_hyp,no_hyp,ok,ok,
1424,,,,error,'ProviderHypothesis' object has no attribute 'geometry'
373,招商嘉铭·珑原,143424.7,243780.3,APB,ok,no_hyp,no_hyp,ok,ok,
1425,,,,error,'ProviderHypothesis' object has no attribute 'geometry'
374,溪城家园东区,85091.3,144647.2,APB,ok,no_hyp,no_hyp,ok,ok,
1426,,,,error,'ProviderHypothesis' object has no attribute 'geometry'
375,卡布其诺,78522.5,133208.4,APB,ok,no_hyp,no_hyp,ok,ok,
1427,,,,error,'ProviderHypothesis' object has no attribute 'geometry'
376,鹿海园一里,82108.1,138439.5,APB,ok,no_hyp,no_hyp,ok,ok,
1428,香山100,,,error,'ProviderHypothesis' object has no attribute 'geometry'
377,鹿海园三里,86991.6,146663.0,APB,ok,no_hyp,no_hyp,ok,ok,
378,兴隆家园北区,211420.9,358055.2,APB,ok,no_hyp,no_hyp,ok,ok,
1429,门头馨园北区,,,error,'ProviderHypothesis' object has no attribute 'geometry'
379,苗圃东里,46805.7,79104.9,APB,ok,no_hyp,no_hyp,ok,ok,
1430,门头馨园东区,,,error,'ProviderHypothesis' object has no attribute 'geometry'
380,苗圃东里,5585.4,9439.4,APB,ok,no_hyp,no_hyp,ok,ok,
1431,门头馨园南区,,,error,'ProviderHypothesis' object has no attribute 'geometry'
381,苗圃西里,30341.5,51277.2,APB,ok,no_hyp,no_hyp,ok,ok,
1432,颐丰庄园西区,,,error,'ProviderHypothesis' object has no attribute 'geometry'
382,建欣苑六里,44348.6,74950.7,APB,ok,no_hyp,no_hyp,ok,ok,
1433,颐丰庄园,,,error,'ProviderHypothesis' object has no attribute 'geometry'
383,建欣苑五里,33218.1,56136.2,APB,ok,no_hyp,no_hyp,ok,ok,
1434,大牛坊社区2期,,,error,'ProviderHypothesis' object has no attribute 'geometry'
384,建欣苑四里北区,27311.9,46155.6,APB,ok,no_hyp,no_hyp,ok,ok,
1435,大牛坊社区4期,,,error,'ProviderHypothesis' object has no attribute 'geometry'
385,建欣苑四里南区,46762.3,79021.2,APB,ok,no_hyp,no_hyp,ok,ok,
1436,大牛坊社区3期,,,error,'ProviderHypothesis' object has no attribute 'geometry'
386,建欣苑二里,46392.6,78405.3,APB,ok,no_hyp,no_hyp,ok,ok,
1437,建材城西二里,,,error,'ProviderHypothesis' object has no attribute 'geometry'
1438,知本时代,,,error,'ProviderHypothesis' object has no attribute 'geometry'
387,建欣苑三里北区,28226.5,47701.4,APB,ok,no_hyp,no_hyp,ok,ok,
1439,建材城西一里,,,error,'ProviderHypothesis' object has no attribute 'geometry'
388,建欣苑三里南区,44071.6,74474.5,APB,ok,no_hyp,no_hyp,ok,ok,
1440,新康园南区,,,error,'ProviderHypothesis' object has no attribute 'geometry'
389,临泓路6号院,12675.8,21423.5,APB,ok,no_hyp,no_hyp,ok,ok,
1441,北新家园,,,error,'ProviderHypothesis' object has no attribute 'geometry'
390,建欣苑一里,44329.6,74918.9,APB,ok,no_hyp,no_hyp,ok,ok,
1442,上林溪(安宁华庭),,,error,'ProviderHypothesis' object has no attribute 'geometry'
391,泰河园七里,79723.8,134436.9,APB,ok,no_hyp,no_hyp,ok,ok,
392,曙光花园,198634.8,336685.5,APB,ok,no_hyp,no_hyp,ok,ok,
1443,雅世合金公寓,,,error,'ProviderHypothesis' object has no attribute 'geometry'
1444,三才堂甲62号院,,,error,'ProviderHypothesis' object has no attribute 'geometry'
393,青年公寓,117993.2,198968.5,APB,ok,no_hyp,no_hyp,ok,ok,
394,大雄城市花园,227783.7,384495.8,APB,ok,no_hyp,no_hyp,ok,ok,
1445,,,,error,'ProviderHypothesis' object has no attribute 'geometry'
1446,富润家园,,,error,'ProviderHypothesis' object has no attribute 'geometry'
395,一栋洋房,322244.1,543884.0,APB,ok,no_hyp,no_hyp,ok,ok,
396,郁金香舍,171752.4,289843.9,APB,ok,no_hyp,no_hyp,ok,ok,
1447,石科院生活区,,,error,'ProviderHypothesis' object has no attribute 'geometry'
397,金地格林小镇,316512.5,534145.8,APB,ok,no_hyp,no_hyp,ok,ok,
1448,建西苑,,,error,'ProviderHypothesis' object has no attribute 'geometry'
398,贵园南里,104552.3,176451.2,APB,ok,no_hyp,no_hyp,ok,ok,
1449,,,,error,'ProviderHypothesis' object has no attribute 'geometry'
399,星岛嘉园,54885.4,92640.9,APB,ok,no_hyp,no_hyp,ok,ok,
1450,璟公馆,,,error,'ProviderHypothesis' object has no attribute 'geometry'
1451,美丽星苑,,,error,'ProviderHypothesis' object has no attribute 'geometry'
400,贵园北里,66989.8,113065.9,APB,ok,no_hyp,no_hyp,ok,ok,
401,米兰天空,50194.7,84722.9,APB,ok,no_hyp,no_hyp,ok,ok,
1452,美丽经典,,,error,'ProviderHypothesis' object has no attribute 'geometry'
402,贵园南里,103625.9,174873.8,APB,ok,no_hyp,no_hyp,ok,ok,
1453,五福玲珑居,,,error,'ProviderHypothesis' object has no attribute 'geometry'
403,莱茵河畔,108512.9,183149.2,APB,ok,no_hyp,no_hyp,ok,ok,
1454,恩济里小区,,,error,'ProviderHypothesis' object has no attribute 'geometry'
404,瀛景园,69721.6,117666.6,APB,ok,no_hyp,no_hyp,ok,ok,
1455,京洲世家,,,error,'ProviderHypothesis' object has no attribute 'geometry'
1456,煤厂街27号院东院,,,error,'ProviderHypothesis' object has no attribute 'geometry'
405,泰河园一里二区,16565.9,96916.8,EOB,ok,no_hyp,no_hyp,ok,ok,
1457,,,,error,'ProviderHypothesis' object has no attribute 'geometry'
406,悦廷 (泰河园二里一区),37803.9,63749.6,APB,ok,no_hyp,no_hyp,ok,ok,
1458,农大小区-北区,,,error,'ProviderHypothesis' object has no attribute 'geometry'
407,泰河园四里一区,24955.7,101278.1,EOB,ok,no_hyp,no_hyp,ok,ok,
1459,煤厂街27号院西院,,,error,'ProviderHypothesis' object has no attribute 'geometry'
408,贵园南里,31390.8,52975.1,APB,ok,no_hyp,no_hyp,ok,ok,
1460,玺萌丽苑,,,error,'ProviderHypothesis' object has no attribute 'geometry'
409,天宝家园,64508.1,108855.1,APB,ok,no_hyp,no_hyp,ok,ok,
1461,御京花园,,,error,'ProviderHypothesis' object has no attribute 'geometry'
410,卡尔生活馆,207837.1,350686.0,APB,ok,no_hyp,no_hyp,ok,ok,
1462,首座御园1期,,,error,'ProviderHypothesis' object has no attribute 'geometry'
411,博客雅苑,93057.9,156886.8,APB,ok,no_hyp,no_hyp,ok,ok,
1463,首座御园2期,,,error,'ProviderHypothesis' object has no attribute 'geometry'
412,鹿海园五里,127807.1,215457.6,APB,ok,no_hyp,no_hyp,ok,ok,
1464,首座御园3期,,,error,'ProviderHypothesis' object has no attribute 'geometry'
413,曹村,159172.0,268031.4,APB,ok,no_hyp,no_hyp,ok,ok,
1465,首开·常青藤E区,,,error,'ProviderHypothesis' object has no attribute 'geometry'
414,南顶村小区,88927.8,150295.5,APB,ok,no_hyp,no_hyp,ok,ok,
1466,单店砖厂家属住宅楼,,,error,'ProviderHypothesis' object has no attribute 'geometry'
415,城市时尚家园,22365.2,37797.7,APB,ok,no_hyp,no_hyp,ok,ok,
1467,,,,error,'ProviderHypothesis' object has no attribute 'geometry'
416,海慧寺邮局家属院,34518.1,58339.2,APB,ok,no_hyp,no_hyp,ok,ok,
1468,东八所,,,error,'ProviderHypothesis' object has no attribute 'geometry'
417,贵园北里,22459.8,37907.4,APB,ok,no_hyp,no_hyp,ok,ok,
1469,,,,error,'ProviderHypothesis' object has no attribute 'geometry'
418,鹿鸣苑,67329.3,113646.8,APB,ok,no_hyp,no_hyp,ok,ok,
1470,,,,error,'ProviderHypothesis' object has no attribute 'geometry'
419,中央公馆,36925.2,62321.5,APB,ok,no_hyp,no_hyp,ok,ok,
1471,,,,error,'ProviderHypothesis' object has no attribute 'geometry'
420,融科钧廷,64787.9,109173.4,APB,ok,no_hyp,no_hyp,ok,ok,
421,首开·国风美仑,156025.3,263125.9,APB,ok,no_hyp,no_hyp,ok,ok,
1472,,,,error,'ProviderHypothesis' object has no attribute 'geometry'
422,美利新世界,164467.0,277724.5,APB,ok,no_hyp,no_hyp,ok,ok,
1473,望泉西里二区,,,error,'ProviderHypothesis' object has no attribute 'geometry'
1474,万科四季花城,,,error,'ProviderHypothesis' object has no attribute 'geometry'
423,一品亦庄,40067.1,67635.8,APB,ok,no_hyp,no_hyp,ok,ok,
424,博客雅居,14206.4,23980.9,APB,ok,no_hyp,no_hyp,ok,ok,
1475,,,,error,'ProviderHypothesis' object has no attribute 'geometry'
425,中信新城,250069.0,421896.9,APB,ok,no_hyp,no_hyp,ok,ok,
1476,,,,error,'ProviderHypothesis' object has no attribute 'geometry'
426,中芯花园二期,59690.6,100658.5,APB,ok,no_hyp,no_hyp,ok,ok,
1477,,,,error,'ProviderHypothesis' object has no attribute 'geometry'
427,和成璟园,78940.4,133347.1,APB,ok,no_hyp,no_hyp,ok,ok,
1478,朝丰家园4号院,,,error,'ProviderHypothesis' object has no attribute 'geometry'
428,金色漫香林,158077.3,267008.0,APB,ok,no_hyp,no_hyp,ok,ok,
1479,,,,error,'ProviderHypothesis' object has no attribute 'geometry'
429,翌景家园 (华威里),24051.3,40682.9,APB,ok,no_hyp,no_hyp,ok,ok,
1480,,,,error,'ProviderHypothesis' object has no attribute 'geometry'
430,京东方宿舍,46874.3,79068.6,APB,ok,no_hyp,no_hyp,ok,ok,
1481,泰禾中国院子,,,error,'ProviderHypothesis' object has no attribute 'geometry'
431,金地仰山,164839.7,277957.6,APB,ok,no_hyp,no_hyp,ok,ok,
1482,,,,error,'ProviderHypothesis' object has no attribute 'geometry'
432,望京西园三区,233970.0,397227.7,APB,ok,no_hyp,no_hyp,ok,ok,
1483,,,,error,'ProviderHypothesis' object has no attribute 'geometry'
433,,135007.7,229680.0,APB,ok,no_hyp,no_hyp,ok,ok,
1484,,,,error,'ProviderHypothesis' object has no attribute 'geometry'
434,下垙,67406.5,116433.0,APB,ok,no_hyp,no_hyp,ok,ok,
1485,,,,error,'ProviderHypothesis' object has no attribute 'geometry'
435,,90546.2,156436.1,APB,ok,no_hyp,no_hyp,ok,ok,
1486,,,,error,'ProviderHypothesis' object has no attribute 'geometry'
1487,,,,error,'ProviderHypothesis' object has no attribute 'geometry'
436,瑞海家园一区,76663.2,129362.0,APB,ok,no_hyp,no_hyp,ok,ok,
1488,,,,error,'ProviderHypothesis' object has no attribute 'geometry'
437,太平家园,145145.8,246923.5,APB,ok,no_hyp,no_hyp,ok,ok,
1489,,,,error,'ProviderHypothesis' object has no attribute 'geometry'
438,天通西苑二区,44999.9,76556.2,APB,ok,no_hyp,no_hyp,ok,ok,
1490,安河家园,,,error,'ProviderHypothesis' object has no attribute 'geometry'
439,,138820.7,239594.3,APB,ok,no_hyp,no_hyp,ok,ok,
1491,,,,error,'ProviderHypothesis' object has no attribute 'geometry'
440,,17639.0,30565.7,APB,ok,no_hyp,no_hyp,ok,ok,
1492,,,,error,'ProviderHypothesis' object has no attribute 'geometry'
441,龙跃苑东五区,89080.1,151557.0,APB,ok,no_hyp,no_hyp,ok,ok,
442,龙跃苑东四区,99383.5,169097.5,APB,ok,no_hyp,no_hyp,ok,ok,
1493,,,,error,'ProviderHypothesis' object has no attribute 'geometry'
443,东亚·上北中心,122103.9,207802.3,APB,ok,no_hyp,no_hyp,ok,ok,
1494,,,,error,'ProviderHypothesis' object has no attribute 'geometry'
444,龙跃苑东二区,96864.6,164823.1,APB,ok,no_hyp,no_hyp,ok,ok,
1495,,,,error,'ProviderHypothesis' object has no attribute 'geometry'
445,观筑庭园,154474.7,261040.3,APB,ok,no_hyp,no_hyp,ok,ok,
1496,西颐小区,,,error,'ProviderHypothesis' object has no attribute 'geometry'
446,吕营嘉园,89995.5,152110.9,APB,ok,no_hyp,no_hyp,ok,ok,
1497,北分厂家属区,,,error,'ProviderHypothesis' object has no attribute 'geometry'
447,,81426.6,137422.0,APB,ok,no_hyp,no_hyp,ok,ok,
1498,芳清园,,,error,'ProviderHypothesis' object has no attribute 'geometry'
1499,远洋·LAVIE,,,error,'ProviderHypothesis' object has no attribute 'geometry'
448,,226616.8,389620.1,APB,ok,no_hyp,no_hyp,ok,ok,
449,清凉盛景,339824.5,583032.0,APB,ok,no_hyp,no_hyp,ok,ok,
1500,卓锦万代,,,error,'ProviderHypothesis' object has no attribute 'geometry'
1501,金盏嘉园C区,,,error,'ProviderHypothesis' object has no attribute 'geometry'
450,雍景双庐,11789.3,131058.0,EOB,ok,no_hyp,no_hyp,ok,ok,
1502,金盏嘉园B区,,,error,'ProviderHypothesis' object has no attribute 'geometry'
451,雍景四季,131058.0,222068.9,APB,ok,no_hyp,no_hyp,ok,ok,
1503,榆园小区,,,error,'ProviderHypothesis' object has no attribute 'geometry'
452,狮城百丽,154292.0,260362.3,APB,ok,no_hyp,no_hyp,ok,ok,
1504,金盏嘉园A区,,,error,'ProviderHypothesis' object has no attribute 'geometry'
453,定海园一里,85391.4,144132.3,APB,ok,no_hyp,no_hyp,ok,ok,
1505,金盏嘉园D区,,,error,'ProviderHypothesis' object has no attribute 'geometry'
454,定海园三里,74553.3,125829.9,APB,ok,no_hyp,no_hyp,ok,ok,
1506,,,,error,'ProviderHypothesis' object has no attribute 'geometry'
455,定海园二里,111055.3,187458.0,APB,ok,no_hyp,no_hyp,ok,ok,
1507,首开·常青藤B区,,,error,'ProviderHypothesis' object has no attribute 'geometry'
456,碧水庄园,2803362.1,4776015.9,APB,ok,no_hyp,no_hyp,ok,ok,
1508,首开·常青藤D区,,,error,'ProviderHypothesis' object has no attribute 'geometry'
457,,1216.2,2061.5,APB,ok,no_hyp,no_hyp,ok,ok,
1509,北京奥林匹克花园二期北区,,,error,'ProviderHypothesis' object has no attribute 'geometry'
458,,401.7,680.9,APB,ok,no_hyp,no_hyp,ok,ok,
1510,北京奥林匹克花园一期北区,,,error,'ProviderHypothesis' object has no attribute 'geometry'
459,,192.4,401.7,EOB,ok,no_hyp,no_hyp,ok,ok,
1511,东坝家园A区,,,error,'ProviderHypothesis' object has no attribute 'geometry'
460,,398.4,675.3,APB,ok,no_hyp,no_hyp,ok,ok,
1512,东坝家园B区,,,error,'ProviderHypothesis' object has no attribute 'geometry'
461,远洋·天著,84035.4,141913.3,APB,ok,no_hyp,no_hyp,ok,ok,
1513,北京奥林匹克花园二期南区,,,error,'ProviderHypothesis' object has no attribute 'geometry'
462,北京人家,274425.9,466990.9,APB,ok,no_hyp,no_hyp,ok,ok,
1514,北京奥林匹克花园一期南区,,,error,'ProviderHypothesis' object has no attribute 'geometry'
463,,242603.4,417472.1,APB,ok,no_hyp,no_hyp,ok,ok,
1515,朝新嘉园东里二区,,,error,'ProviderHypothesis' object has no attribute 'geometry'
464,玉阜嘉园,52863.1,89549.9,APB,ok,no_hyp,no_hyp,ok,ok,
1516,朝新嘉园东里三区,,,error,'ProviderHypothesis' object has no attribute 'geometry'
465,七星园小区,254716.2,431198.5,APB,ok,no_hyp,no_hyp,ok,ok,
1517,朝新嘉园东里四区,,,error,'ProviderHypothesis' object has no attribute 'geometry'
466,优山美地C区,185923.2,316390.9,APB,ok,no_hyp,no_hyp,ok,ok,
1518,光明山老年公寓,,,error,'ProviderHypothesis' object has no attribute 'geometry'
467,城市月光小区,25323.2,42966.6,APB,ok,no_hyp,no_hyp,ok,ok,
1519,白家楼,,,error,'ProviderHypothesis' object has no attribute 'geometry'
468,丽都苑公寓,48306.0,81955.9,APB,ok,no_hyp,no_hyp,ok,ok,
1520,,,,error,'ProviderHypothesis' object has no attribute 'geometry'
469,豆各庄新村,227028.0,386751.9,APB,ok,no_hyp,no_hyp,ok,ok,
1521,信堡·水岸公馆,,,error,'ProviderHypothesis' object has no attribute 'geometry'
470,冠芳园,46112.6,78548.4,APB,ok,no_hyp,no_hyp,ok,ok,
1522,小东流村,,,error,'ProviderHypothesis' object has no attribute 'geometry'
471,西王庄小区,74663.0,126746.7,APB,ok,no_hyp,no_hyp,ok,ok,
1523,北京印象,,,error,'ProviderHypothesis' object has no attribute 'geometry'
472,龙湖唐宁one,51766.0,87857.4,APB,ok,no_hyp,no_hyp,ok,ok,
1524,,,,error,'ProviderHypothesis' object has no attribute 'geometry'
473,林肯公寓,29607.8,49991.1,APB,ok,no_hyp,no_hyp,ok,ok,
1525,,,,error,'ProviderHypothesis' object has no attribute 'geometry'
474,望春园,140029.7,238062.2,APB,ok,no_hyp,no_hyp,ok,ok,
1526,绿色庄园,,,error,'ProviderHypothesis' object has no attribute 'geometry'
475,育龙家园,104708.2,176746.9,APB,ok,no_hyp,no_hyp,ok,ok,
1527,,,,error,'ProviderHypothesis' object has no attribute 'geometry'
476,晶彩亦庄,71458.1,120414.6,APB,ok,no_hyp,no_hyp,ok,ok,
1528,芳园里北区,,,error,'ProviderHypothesis' object has no attribute 'geometry'
477,好景国际,34172.3,57634.6,APB,ok,no_hyp,no_hyp,ok,ok,
1529,泉河二区,,,error,'ProviderHypothesis' object has no attribute 'geometry'
478,,29715.8,51066.0,APB,ok,no_hyp,no_hyp,ok,ok,
1530,大屯村,,,error,'ProviderHypothesis' object has no attribute 'geometry'
479,旺泉沟,31413.1,53996.9,APB,ok,no_hyp,no_hyp,ok,ok,
1531,泉河人才家园,,,error,'ProviderHypothesis' object has no attribute 'geometry'
480,旭辉奥都,44530.7,75703.0,APB,ok,no_hyp,no_hyp,ok,ok,
1532,,,,error,'ProviderHypothesis' object has no attribute 'geometry'
481,北苑小区,35677.4,60560.1,APB,ok,no_hyp,no_hyp,ok,ok,
1533,,,,error,'ProviderHypothesis' object has no attribute 'geometry'
482,福怡苑北区,65845.0,111535.0,APB,ok,no_hyp,no_hyp,ok,ok,
483,福怡苑南区,33095.9,56058.3,APB,ok,no_hyp,no_hyp,ok,ok,
1534,,,,error,'ProviderHypothesis' object has no attribute 'geometry'
484,,25413.3,43099.2,APB,ok,no_hyp,no_hyp,ok,ok,
1535,,,,error,'ProviderHypothesis' object has no attribute 'geometry'
485,幸福西区,14949.3,25480.0,APB,ok,no_hyp,no_hyp,ok,ok,
1536,,,,error,'ProviderHypothesis' object has no attribute 'geometry'
486,义宾北区,87763.7,149584.8,APB,ok,no_hyp,no_hyp,ok,ok,
1537,,,,error,'ProviderHypothesis' object has no attribute 'geometry'
487,丰融园,33757.6,57174.5,APB,ok,no_hyp,no_hyp,ok,ok,
1538,,,,error,'ProviderHypothesis' object has no attribute 'geometry'
488,丰汇园,95013.8,160913.3,APB,ok,no_hyp,no_hyp,ok,ok,
1539,望京西园四区,,,error,'ProviderHypothesis' object has no attribute 'geometry'
489,新兴家园 西区,142696.1,240286.1,APB,ok,no_hyp,no_hyp,ok,ok,
1540,,,,error,'ProviderHypothesis' object has no attribute 'geometry'
490,金色漫香郡 北区,119922.7,201924.1,APB,ok,no_hyp,no_hyp,ok,ok,
1541,,,,error,'ProviderHypothesis' object has no attribute 'geometry'
491,六里桥北里3号院,12917.2,21858.1,APB,ok,no_hyp,no_hyp,ok,ok,
1542,,,,error,'ProviderHypothesis' object has no attribute 'geometry'
492,,283349.0,482433.5,APB,ok,no_hyp,no_hyp,ok,ok,
1543,,,,error,'ProviderHypothesis' object has no attribute 'geometry'
493,,144351.8,245795.4,APB,ok,no_hyp,no_hyp,ok,ok,
1544,,,,error,'ProviderHypothesis' object has no attribute 'geometry'
1545,,,,error,'ProviderHypothesis' object has no attribute 'geometry'
494,,219173.9,373215.9,APB,ok,no_hyp,no_hyp,ok,ok,
1546,,,,error,'ProviderHypothesis' object has no attribute 'geometry'
495,六里桥4号院,14387.0,24345.8,APB,ok,no_hyp,no_hyp,ok,ok,
1547,北京大学燕北园,,,error,'ProviderHypothesis' object has no attribute 'geometry'
496,六里桥北里5号院,25837.7,43724.0,APB,ok,no_hyp,no_hyp,ok,ok,
1548,蓝旗营教师住宅区,,,error,'ProviderHypothesis' object has no attribute 'geometry'
497,六里桥北里6号院,16663.6,28199.8,APB,ok,no_hyp,no_hyp,ok,ok,
1549,科源社区,,,error,'ProviderHypothesis' object has no attribute 'geometry'
498,莲馨园 小区,14539.3,24605.8,APB,ok,no_hyp,no_hyp,ok,ok,
1550,北京大学畅春新园,,,error,'ProviderHypothesis' object has no attribute 'geometry'
499,,23571.9,40499.9,APB,ok,no_hyp,no_hyp,ok,ok,
1551,万科翡翠书院,,,error,'ProviderHypothesis' object has no attribute 'geometry'
500,,6957.1,11838.5,APB,no_hyp,no_hyp,no_hyp,ok,ok,
1552,紫南家园南园,,,error,'ProviderHypothesis' object has no attribute 'geometry'
501,锦顺佳园,23618.2,40143.0,APB,no_hyp,no_hyp,no_hyp,ok,ok,
1553,紫南家园南园,,,error,'ProviderHypothesis' object has no attribute 'geometry'
502,和韵家园,41043.9,69760.1,APB,no_hyp,no_hyp,no_hyp,ok,ok,
1554,世纪东方嘉园,,,error,'ProviderHypothesis' object has no attribute 'geometry'
503,炫特区,87167.7,147689.6,APB,no_hyp,no_hyp,no_hyp,ok,ok,
504,酷特区,10633.4,18016.2,APB,no_hyp,no_hyp,no_hyp,ok,ok,
1555,世纪东方嘉园南园,,,error,'ProviderHypothesis' object has no attribute 'geometry'
505,,69476.6,121551.1,APB,no_hyp,no_hyp,no_hyp,ok,ok,
1556,紫南家园北区,,,error,'ProviderHypothesis' object has no attribute 'geometry'
506,,67899.1,118759.7,APB,no_hyp,no_hyp,no_hyp,ok,ok,
1557,世纪东方嘉园北园,,,error,'ProviderHypothesis' object has no attribute 'geometry'
507,,39196.6,68615.1,APB,no_hyp,no_hyp,no_hyp,ok,ok,
1558,广华新城一区,,,error,'ProviderHypothesis' object has no attribute 'geometry'
508,,15511.8,27039.6,APB,no_hyp,no_hyp,no_hyp,ok,ok,
1559,广华新城三区,,,error,'ProviderHypothesis' object has no attribute 'geometry'
509,,18202.0,31731.1,APB,no_hyp,no_hyp,no_hyp,ok,ok,
1560,广华新城二区,,,error,'ProviderHypothesis' object has no attribute 'geometry'
510,,89333.8,155642.6,APB,no_hyp,no_hyp,no_hyp,ok,ok,
1561,,,,error,'ProviderHypothesis' object has no attribute 'geometry'
511,石园北区,450240.5,766966.8,APB,no_hyp,no_hyp,no_hyp,ok,ok,
1562,广泰西路,,,error,'ProviderHypothesis' object has no attribute 'geometry'
512,公园五号,35776.8,60608.8,APB,no_hyp,no_hyp,no_hyp,ok,ok,
1563,官悦欣园B区,,,error,'ProviderHypothesis' object has no attribute 'geometry'
513,美丽亚洲花园,81384.0,137828.1,APB,no_hyp,no_hyp,no_hyp,ok,ok,
1564,燕保百湾家园,,,error,'ProviderHypothesis' object has no attribute 'geometry'
514,楼台村,473755.9,805084.4,APB,no_hyp,no_hyp,no_hyp,ok,ok,
1565,三合南里南区,,,error,'ProviderHypothesis' object has no attribute 'geometry'
515,宝盛西里,113421.0,192752.2,APB,no_hyp,no_hyp,no_hyp,ok,ok,
1566,三合南里,,,error,'ProviderHypothesis' object has no attribute 'geometry'
516,国风美唐一期,71951.1,122424.2,APB,no_hyp,no_hyp,no_hyp,ok,ok,
1567,模式口北里,,,error,'ProviderHypothesis' object has no attribute 'geometry'
517,宝盛北里,125445.4,213216.3,APB,no_hyp,no_hyp,no_hyp,ok,ok,
1568,模式口西里,,,error,'ProviderHypothesis' object has no attribute 'geometry'
518,太平路33号院,18185.8,30786.7,APB,no_hyp,no_hyp,no_hyp,ok,ok,
1569,八大处山庄,,,error,'ProviderHypothesis' object has no attribute 'geometry'
519,昌艺园,35734.4,60847.7,APB,no_hyp,no_hyp,no_hyp,ok,ok,
1570,亚宝时代,,,error,'ProviderHypothesis' object has no attribute 'geometry'
520,朝阳公园西里,28876.8,48942.8,APB,no_hyp,no_hyp,no_hyp,ok,ok,
1571,定福家园南里1号院,,,error,'ProviderHypothesis' object has no attribute 'geometry'
521,皇石国际,12650.9,21441.4,APB,no_hyp,no_hyp,no_hyp,ok,ok,
1572,定福家园南里2号院,,,error,'ProviderHypothesis' object has no attribute 'geometry'
522,五道口嘉园,22688.7,38508.9,APB,no_hyp,no_hyp,no_hyp,ok,ok,
1573,定福家园南里3号院,,,error,'ProviderHypothesis' object has no attribute 'geometry'
523,北店嘉园南区,24538.0,41760.1,APB,no_hyp,no_hyp,no_hyp,ok,ok,
1574,北京城建朝青知筑,,,error,'ProviderHypothesis' object has no attribute 'geometry'
524,,289445.3,488970.8,APB,no_hyp,no_hyp,no_hyp,ok,ok,
1575,定福家园北里2号院,,,error,'ProviderHypothesis' object has no attribute 'geometry'
525,北林家属区,71206.8,120912.7,APB,no_hyp,no_hyp,no_hyp,ok,ok,
1576,金蝉南里,,,error,'ProviderHypothesis' object has no attribute 'geometry'
526,北林家属区,13418.5,22784.4,APB,no_hyp,no_hyp,no_hyp,ok,ok,
1577,北京华侨城A区2号院,,,error,'ProviderHypothesis' object has no attribute 'geometry'
527,园墅,134746.6,229378.1,APB,no_hyp,no_hyp,no_hyp,ok,ok,
1578,北京华侨城A区1号院,,,error,'ProviderHypothesis' object has no attribute 'geometry'
528,双合家园,162948.1,275502.5,APB,no_hyp,no_hyp,no_hyp,ok,ok,
1579,金蝉北里,,,error,'ProviderHypothesis' object has no attribute 'geometry'
529,双合家园,115500.6,195276.6,APB,no_hyp,no_hyp,no_hyp,ok,ok,
1580,垡头西里3区,,,error,'ProviderHypothesis' object has no attribute 'geometry'
530,京西紫金新园,25466.4,43099.4,APB,no_hyp,no_hyp,no_hyp,ok,ok,
1581,垡头西里,,,error,'ProviderHypothesis' object has no attribute 'geometry'
531,顶秀美泉小镇,304783.3,523112.8,APB,no_hyp,no_hyp,no_hyp,ok,ok,
1582,垡头西里1区,,,error,'ProviderHypothesis' object has no attribute 'geometry'
532,将府庄园,186680.0,316835.2,APB,no_hyp,no_hyp,no_hyp,ok,ok,
1583,垡头北里,,,error,'ProviderHypothesis' object has no attribute 'geometry'
533,天尊苑,26508.0,44776.7,APB,no_hyp,no_hyp,no_hyp,ok,ok,
1584,垡头西里2区,,,error,'ProviderHypothesis' object has no attribute 'geometry'
534,北空住宅小区,45752.1,77272.3,APB,no_hyp,no_hyp,no_hyp,ok,ok,
1585,格林莱雅,,,error,'ProviderHypothesis' object has no attribute 'geometry'
535,北京城建·海梓府,104633.1,176397.0,APB,no_hyp,no_hyp,no_hyp,ok,ok,
1586,金蝉里,,,error,'ProviderHypothesis' object has no attribute 'geometry'
536,南海家园一里,111113.4,187352.5,APB,no_hyp,no_hyp,no_hyp,ok,ok,
1587,,,,error,'ProviderHypothesis' object has no attribute 'geometry'
537,南海家园七里,155430.3,262029.4,APB,no_hyp,no_hyp,no_hyp,ok,ok,
1588,慧谷时空,,,error,'ProviderHypothesis' object has no attribute 'geometry'
1589,望京西园二区,,,error,'ProviderHypothesis' object has no attribute 'geometry'
538,南海家园三里,117147.0,197522.5,APB,no_hyp,no_hyp,no_hyp,ok,ok,
539,南海家园二里,149325.1,251780.9,APB,no_hyp,no_hyp,no_hyp,ok,ok,
1590,美域家园（南区）,,,error,'ProviderHypothesis' object has no attribute 'geometry'
1591,,,,error,'ProviderHypothesis' object has no attribute 'geometry'
540,南海家园五里,143356.9,241699.6,APB,no_hyp,no_hyp,no_hyp,ok,ok,
1592,,,,error,'ProviderHypothesis' object has no attribute 'geometry'
541,南海家园六里,178063.3,300211.6,APB,no_hyp,no_hyp,no_hyp,ok,ok,
1593,,,,error,'ProviderHypothesis' object has no attribute 'geometry'
542,南海家园四里,127546.6,215044.5,APB,no_hyp,no_hyp,no_hyp,ok,ok,
1594,,,,error,'ProviderHypothesis' object has no attribute 'geometry'
543,金第万科·金域东郡,75074.3,126550.8,APB,no_hyp,no_hyp,no_hyp,ok,ok,
544,玉璟园,64217.4,108283.6,APB,no_hyp,no_hyp,no_hyp,ok,ok,
1595,,,,error,'ProviderHypothesis' object has no attribute 'geometry'
545,兴海园,91794.6,154784.6,APB,no_hyp,no_hyp,no_hyp,ok,ok,
1596,,,,error,'ProviderHypothesis' object has no attribute 'geometry'
546,亦庄北岸,66924.6,112955.7,APB,no_hyp,no_hyp,no_hyp,ok,ok,
1597,,,,error,'ProviderHypothesis' object has no attribute 'geometry'
547,灵秀山庄,149019.1,251522.0,APB,no_hyp,no_hyp,no_hyp,ok,ok,
1598,,,,error,'ProviderHypothesis' object has no attribute 'geometry'
548,秀水花园,149381.7,252146.8,APB,no_hyp,no_hyp,no_hyp,ok,ok,
1599,下花楼,,,error,'ProviderHypothesis' object has no attribute 'geometry'
549,郦城三区,118908.2,201582.3,APB,no_hyp,no_hyp,no_hyp,ok,ok,
1600,鸿顺园东区,,,error,'ProviderHypothesis' object has no attribute 'geometry'
550,润枫·领尚,139133.5,235018.2,APB,no_hyp,no_hyp,no_hyp,ok,ok,
1601,文慧园小区（西区）,,,error,'ProviderHypothesis' object has no attribute 'geometry'
551,三羊里,140709.9,237639.0,APB,no_hyp,no_hyp,no_hyp,ok,ok,
1602,水泉沟,,,error,'ProviderHypothesis' object has no attribute 'geometry'
552,mini悦,10207.7,101278.1,EOB,ok,no_hyp,no_hyp,ok,ok,
1603,,,,error,'ProviderHypothesis' object has no attribute 'geometry'
553,育新花园中里,152140.8,255761.6,APB,no_hyp,no_hyp,no_hyp,ok,ok,
1604,六里桥十号院,,,error,'ProviderHypothesis' object has no attribute 'geometry'
554,富力又一城,492060.6,831708.2,APB,no_hyp,no_hyp,no_hyp,ok,ok,
1605,风荷曲苑,,,error,'ProviderHypothesis' object has no attribute 'geometry'
555,朝丰家园,189878.6,320980.4,APB,no_hyp,no_hyp,no_hyp,ok,ok,
1606,玉璞家园,,,error,'ProviderHypothesis' object has no attribute 'geometry'
556,华纺易城,204896.5,347159.0,APB,no_hyp,no_hyp,no_hyp,ok,ok,
1607,泰禾西府,,,error,'ProviderHypothesis' object has no attribute 'geometry'
557,京投万科新里程-北区,11314.5,19062.1,APB,no_hyp,no_hyp,no_hyp,ok,ok,
1608,青龙湖公寓,,,error,'ProviderHypothesis' object has no attribute 'geometry'
558,智汇雅苑,77170.1,130012.7,APB,no_hyp,no_hyp,no_hyp,ok,ok,
1609,北京半岛,,,error,'ProviderHypothesis' object has no attribute 'geometry'
559,远洋春天著,35736.0,60188.7,APB,no_hyp,no_hyp,no_hyp,ok,ok,
1610,海淀路社区,,,error,'ProviderHypothesis' object has no attribute 'geometry'
560,京贸国际城,274589.5,465096.2,APB,no_hyp,no_hyp,no_hyp,ok,ok,
1611,乐府江南小区,,,error,'ProviderHypothesis' object has no attribute 'geometry'
561,骊龙园,49103.6,83568.4,APB,no_hyp,no_hyp,no_hyp,ok,ok,
1612,,,,error,'ProviderHypothesis' object has no attribute 'geometry'
562,香邑山,14902.1,25291.8,APB,no_hyp,no_hyp,no_hyp,ok,ok,
1613,北京湾,,,error,'ProviderHypothesis' object has no attribute 'geometry'
563,门头馨村（北一区）,115267.6,195568.0,APB,no_hyp,no_hyp,no_hyp,ok,ok,
1614,,,,error,'ProviderHypothesis' object has no attribute 'geometry'
564,门头馨村（北二区）,74728.5,126789.1,APB,no_hyp,no_hyp,no_hyp,ok,ok,
1615,馨瑞嘉园,,,error,'ProviderHypothesis' object has no attribute 'geometry'
565,香山清琴山庄,245507.4,416576.1,APB,no_hyp,no_hyp,no_hyp,ok,ok,
1616,石佛寺村,,,error,'ProviderHypothesis' object has no attribute 'geometry'
566,朝丰家园6号院,61841.8,104551.0,APB,no_hyp,no_hyp,no_hyp,ok,ok,
1617,古月佳园,,,error,'ProviderHypothesis' object has no attribute 'geometry'
567,龙庆望都佳园,163832.5,281247.0,APB,no_hyp,no_hyp,no_hyp,ok,ok,
1618,古月家园东区,,,error,'ProviderHypothesis' object has no attribute 'geometry'
568,康庄小区,68838.7,118159.9,APB,no_hyp,no_hyp,no_hyp,ok,ok,
1619,堡辛新村,,,error,'ProviderHypothesis' object has no attribute 'geometry'
569,,31603.8,53625.4,APB,no_hyp,no_hyp,no_hyp,ok,ok,
1620,后北营家园三区,,,error,'ProviderHypothesis' object has no attribute 'geometry'
570,爨底下村,32225.4,54708.8,APB,no_hyp,no_hyp,no_hyp,ok,ok,
1621,紫运南里三区,,,error,'ProviderHypothesis' object has no attribute 'geometry'
571,柏峪,67850.6,115244.7,APB,no_hyp,no_hyp,no_hyp,ok,ok,
1622,紫运园,,,error,'ProviderHypothesis' object has no attribute 'geometry'
572,斋堂镇,602338.8,1021844.4,APB,no_hyp,no_hyp,no_hyp,ok,ok,
1623,金融街武夷·融御,,,error,'ProviderHypothesis' object has no attribute 'geometry'
573,,2859.1,4855.4,APB,no_hyp,no_hyp,no_hyp,ok,ok,
1624,荔景园,,,error,'ProviderHypothesis' object has no attribute 'geometry'
574,,1537.5,2610.3,APB,no_hyp,no_hyp,no_hyp,ok,ok,
1625,荔景园,,,error,'ProviderHypothesis' object has no attribute 'geometry'
575,,5601.6,9514.9,APB,no_hyp,no_hyp,no_hyp,ok,ok,
1626,武夷花园·月季园,,,error,'ProviderHypothesis' object has no attribute 'geometry'
576,,32017.0,54308.6,APB,no_hyp,no_hyp,no_hyp,ok,ok,
1627,武夷花园·紫荆园,,,error,'ProviderHypothesis' object has no attribute 'geometry'
577,,34224.3,58024.3,APB,no_hyp,no_hyp,no_hyp,ok,ok,
1628,武夷花园·牡丹园,,,error,'ProviderHypothesis' object has no attribute 'geometry'
578,,29332.2,49728.6,APB,no_hyp,no_hyp,no_hyp,ok,ok,
1629,K2清水湾,,,error,'ProviderHypothesis' object has no attribute 'geometry'
579,,76552.6,129920.4,APB,no_hyp,no_hyp,no_hyp,ok,ok,
1630,耿庄家园,,,error,'ProviderHypothesis' object has no attribute 'geometry'
580,,43150.4,73242.5,APB,no_hyp,no_hyp,no_hyp,ok,ok,
1631,王家场村,,,error,'ProviderHypothesis' object has no attribute 'geometry'
581,,47114.5,79878.9,APB,no_hyp,no_hyp,no_hyp,ok,ok,
1632,诺丁山,,,error,'ProviderHypothesis' object has no attribute 'geometry'
582,,50135.5,84981.6,APB,no_hyp,no_hyp,no_hyp,ok,ok,
1633,运通花园,,,error,'ProviderHypothesis' object has no attribute 'geometry'
583,,149857.9,254445.6,APB,no_hyp,no_hyp,no_hyp,ok,ok,
1634,古韵新居,,,error,'ProviderHypothesis' object has no attribute 'geometry'
584,,118650.5,201021.4,APB,no_hyp,no_hyp,no_hyp,ok,ok,
1635,澜花语岸,,,error,'ProviderHypothesis' object has no attribute 'geometry'
585,,90080.9,153075.0,APB,no_hyp,no_hyp,no_hyp,ok,ok,
1636,至善家园,,,error,'ProviderHypothesis' object has no attribute 'geometry'
586,,102956.5,174592.7,APB,no_hyp,no_hyp,no_hyp,ok,ok,
1637,潞潮佳苑,,,error,'ProviderHypothesis' object has no attribute 'geometry'
587,,213883.2,362560.5,APB,no_hyp,no_hyp,no_hyp,ok,ok,
1638,珠江国际城八区,,,error,'ProviderHypothesis' object has no attribute 'geometry'
588,,246540.7,417856.5,APB,no_hyp,no_hyp,no_hyp,ok,ok,
1639,珠江丽景家园,,,error,'ProviderHypothesis' object has no attribute 'geometry'
589,,167271.0,283535.3,APB,no_hyp,no_hyp,no_hyp,ok,ok,
1640,珠江国际城一期,,,error,'ProviderHypothesis' object has no attribute 'geometry'
590,,86479.8,146725.8,APB,no_hyp,no_hyp,no_hyp,ok,ok,
1641,石园东苑,,,error,'ProviderHypothesis' object has no attribute 'geometry'
591,,1270.6,2155.4,APB,no_hyp,no_hyp,no_hyp,ok,ok,
1642,富锦嘉园,,,error,'ProviderHypothesis' object has no attribute 'geometry'
592,,1612.1,2734.8,APB,no_hyp,no_hyp,no_hyp,ok,ok,
1643,中海苏黎世家,,,error,'ProviderHypothesis' object has no attribute 'geometry'
593,,5260.8,8944.9,APB,no_hyp,no_hyp,no_hyp,ok,ok,
1644,永华北里,,,error,'ProviderHypothesis' object has no attribute 'geometry'
594,,25856.2,43871.5,APB,no_hyp,no_hyp,no_hyp,ok,ok,
1645,清城北区,,,error,'ProviderHypothesis' object has no attribute 'geometry'
595,,20257.1,34444.8,APB,no_hyp,no_hyp,no_hyp,ok,ok,
1646,龙兴园南区,,,error,'ProviderHypothesis' object has no attribute 'geometry'
596,椴木沟新村,32726.2,55468.0,APB,no_hyp,no_hyp,no_hyp,ok,ok,
1647,天巢园,,,error,'ProviderHypothesis' object has no attribute 'geometry'
597,,27878.2,47293.7,APB,no_hyp,no_hyp,no_hyp,ok,ok,
1648,新河西路小区,,,error,'ProviderHypothesis' object has no attribute 'geometry'
598,,14125.0,23977.2,APB,no_hyp,no_hyp,no_hyp,ok,ok,
1649,晾果厂小区,,,error,'ProviderHypothesis' object has no attribute 'geometry'
599,,22556.2,38354.7,APB,no_hyp,no_hyp,no_hyp,ok,ok,
1650,广源小区西区,,,error,'ProviderHypothesis' object has no attribute 'geometry'
600,,104624.0,177707.9,APB,no_hyp,no_hyp,no_hyp,ok,ok,
1651,广源小区东区,,,error,'ProviderHypothesis' object has no attribute 'geometry'
601,,169900.1,288611.5,APB,no_hyp,no_hyp,no_hyp,ok,ok,
1652,丽水莲花,,,error,'ProviderHypothesis' object has no attribute 'geometry'
602,,1895.0,3221.8,APB,no_hyp,no_hyp,no_hyp,ok,ok,
1653,三义里,,,error,'ProviderHypothesis' object has no attribute 'geometry'
603,,16157.2,27470.3,APB,no_hyp,no_hyp,no_hyp,ok,ok,
1654,三义西里,,,error,'ProviderHypothesis' object has no attribute 'geometry'
604,太玉园三期,58195.7,98389.6,APB,no_hyp,no_hyp,no_hyp,ok,ok,
1655,华润·橡树湾,,,error,'ProviderHypothesis' object has no attribute 'geometry'
605,悠然・山角,1448.3,2458.4,APB,no_hyp,no_hyp,no_hyp,ok,ok,
1656,长兴东街9号院,,,error,'ProviderHypothesis' object has no attribute 'geometry'
606,吉祥花园小区,133841.8,227812.7,APB,no_hyp,no_hyp,no_hyp,ok,ok,
1657,芭蕾雨·悦都,,,error,'ProviderHypothesis' object has no attribute 'geometry'
607,,334584.3,561548.2,APB,no_hyp,no_hyp,no_hyp,ok,ok,
1658,五和万科长阳天地,,,error,'ProviderHypothesis' object has no attribute 'geometry'
608,小海字,355016.9,597054.0,APB,no_hyp,no_hyp,no_hyp,ok,ok,
1659,国际花园,,,error,'ProviderHypothesis' object has no attribute 'geometry'
609,农科院住宅区,81619.9,138350.2,APB,no_hyp,no_hyp,no_hyp,ok,ok,
1660,悦都新苑一区,,,error,'ProviderHypothesis' object has no attribute 'geometry'
610,金雅园,73530.4,124628.8,APB,no_hyp,no_hyp,no_hyp,ok,ok,
1661,悦都新苑二区,,,error,'ProviderHypothesis' object has no attribute 'geometry'
611,望福园,22507.1,38151.3,APB,no_hyp,no_hyp,no_hyp,ok,ok,
1662,合景领峰,,,error,'ProviderHypothesis' object has no attribute 'geometry'
612,金庄一号院,19996.5,33894.2,APB,no_hyp,no_hyp,no_hyp,ok,ok,
1663,清雅小区,,,error,'ProviderHypothesis' object has no attribute 'geometry'
613,玫瑰御园,32656.4,55346.3,APB,no_hyp,no_hyp,no_hyp,ok,ok,
1664,京投万科·金域公园,,,error,'ProviderHypothesis' object has no attribute 'geometry'
614,玲珑花园,68455.9,116013.3,APB,no_hyp,no_hyp,no_hyp,ok,ok,
1665,中国人民解放军总后勤部黑山扈干休所,,,error,'ProviderHypothesis' object has no attribute 'geometry'
615,远流清园,48790.7,82702.2,APB,no_hyp,no_hyp,no_hyp,ok,ok,
1666,清上园,,,error,'ProviderHypothesis' object has no attribute 'geometry'
616,曙光花园颐天园,23340.7,39563.9,APB,no_hyp,no_hyp,no_hyp,ok,ok,
1667,小营西路31号院,,,error,'ProviderHypothesis' object has no attribute 'geometry'
617,绿波漫板,47415.4,80350.4,APB,no_hyp,no_hyp,no_hyp,ok,ok,
1668,锦绣馨园小区,,,error,'ProviderHypothesis' object has no attribute 'geometry'
618,阳光上东,200063.3,339318.8,APB,no_hyp,no_hyp,no_hyp,ok,ok,
1669,清华东路27号院,,,error,'ProviderHypothesis' object has no attribute 'geometry'
619,石园西区,98165.9,167203.1,APB,no_hyp,no_hyp,no_hyp,ok,ok,
1670,城建四公司宿舍,,,error,'ProviderHypothesis' object has no attribute 'geometry'
620,石园东区,134920.6,229806.6,APB,no_hyp,no_hyp,no_hyp,ok,ok,
1671,庄胜城二期,,,error,'ProviderHypothesis' object has no attribute 'geometry'
621,石园南区,169814.9,289204.7,APB,no_hyp,no_hyp,no_hyp,ok,ok,
1672,椿树园奥运社区,,,error,'ProviderHypothesis' object has no attribute 'geometry'
622,港馨家园西区,279180.6,475453.3,APB,no_hyp,no_hyp,no_hyp,ok,ok,
1673,京能四合上苑,,,error,'ProviderHypothesis' object has no attribute 'geometry'
623,惠景新苑,119252.8,201272.7,APB,no_hyp,no_hyp,no_hyp,ok,ok,
1674,中信沁园,,,error,'ProviderHypothesis' object has no attribute 'geometry'
624,西相苑,81971.5,137447.8,APB,no_hyp,no_hyp,no_hyp,ok,ok,
1675,中信锦园,,,error,'ProviderHypothesis' object has no attribute 'geometry'
625,齐家园外交公寓,78875.9,133560.1,APB,no_hyp,no_hyp,no_hyp,ok,ok,
1676,中信禧园,,,error,'ProviderHypothesis' object has no attribute 'geometry'
626,Tuanjie Gongyu,15583.4,26402.2,APB,no_hyp,no_hyp,no_hyp,ok,ok,
1677,四合园小区,,,error,'ProviderHypothesis' object has no attribute 'geometry'
627,,21843.8,37506.9,APB,no_hyp,no_hyp,no_hyp,ok,ok,
1678,陶然北岸·韵竹园,,,error,'ProviderHypothesis' object has no attribute 'geometry'
628,,176870.1,304048.9,APB,no_hyp,no_hyp,no_hyp,ok,ok,
1679,平原里小区-北区,,,error,'ProviderHypothesis' object has no attribute 'geometry'
629,,78245.3,134602.7,APB,no_hyp,no_hyp,no_hyp,ok,ok,
1680,万和世家,,,error,'ProviderHypothesis' object has no attribute 'geometry'
630,,34749.4,59743.4,APB,no_hyp,no_hyp,no_hyp,ok,ok,
631,,7858.4,13509.0,APB,no_hyp,no_hyp,no_hyp,ok,ok,
1681,新安北里,,,error,'ProviderHypothesis' object has no attribute 'geometry'
632,,5648.1,9709.4,APB,no_hyp,no_hyp,no_hyp,ok,ok,
1682,中海御鑫阁,,,error,'ProviderHypothesis' object has no attribute 'geometry'
633,,11538.7,19810.1,APB,no_hyp,no_hyp,no_hyp,ok,ok,
1683,莲花池南里,,,error,'ProviderHypothesis' object has no attribute 'geometry'
634,,18160.3,31219.9,APB,no_hyp,no_hyp,no_hyp,ok,ok,
1684,塔院迎春园,,,error,'ProviderHypothesis' object has no attribute 'geometry'
1685,塔院消夏园,,,error,'ProviderHypothesis' object has no attribute 'geometry'
635,,123976.9,213502.9,APB,no_hyp,no_hyp,no_hyp,ok,ok,
1686,塔院朗秋园,,,error,'ProviderHypothesis' object has no attribute 'geometry'
636,北山下新村,26090.8,44812.4,APB,no_hyp,no_hyp,no_hyp,ok,ok,
637,龙塘子,45944.0,78910.3,APB,no_hyp,no_hyp,no_hyp,ok,ok,
1687,塔院二轻宿舍,,,error,'ProviderHypothesis' object has no attribute 'geometry'
638,,69337.2,119106.3,APB,no_hyp,no_hyp,no_hyp,ok,ok,
1688,消夏东里,,,error,'ProviderHypothesis' object has no attribute 'geometry'
639,,41249.4,70830.2,APB,no_hyp,no_hyp,no_hyp,ok,ok,
1689,北土城西路小区,,,error,'ProviderHypothesis' object has no attribute 'geometry'
640,,75850.0,130246.2,APB,no_hyp,no_hyp,no_hyp,ok,ok,
1690,北科塔院小区,,,error,'ProviderHypothesis' object has no attribute 'geometry'
641,,164744.5,282898.3,APB,no_hyp,no_hyp,no_hyp,ok,ok,
1691,花园路小区,,,error,'ProviderHypothesis' object has no attribute 'geometry'
642,,26102.7,44844.9,APB,no_hyp,no_hyp,no_hyp,ok,ok,
1692,塔院晴冬园,,,error,'ProviderHypothesis' object has no attribute 'geometry'
643,建国门外外交公寓,72695.4,123098.3,APB,no_hyp,no_hyp,no_hyp,ok,ok,
1693,邮科社区,,,error,'ProviderHypothesis' object has no attribute 'geometry'
644,CBD总部公寓1期,24788.8,41960.5,APB,no_hyp,no_hyp,no_hyp,ok,ok,
1694,金尚嘉园,,,error,'ProviderHypothesis' object has no attribute 'geometry'
645,富力城 D区,200504.1,339374.4,APB,no_hyp,no_hyp,no_hyp,ok,ok,
1695,惠泽园,,,error,'ProviderHypothesis' object has no attribute 'geometry'
646,龙回苑,89206.7,151842.5,APB,no_hyp,no_hyp,no_hyp,ok,ok,
1696,惠润园,,,error,'ProviderHypothesis' object has no attribute 'geometry'
647,Qing Shui Yuan,3655.9,6197.4,APB,no_hyp,no_hyp,no_hyp,ok,ok,
1697,惠生园,,,error,'ProviderHypothesis' object has no attribute 'geometry'
648,三里屯外交公寓北院,19851.7,33642.4,APB,no_hyp,no_hyp,no_hyp,ok,ok,
1698,惠民园,,,error,'ProviderHypothesis' object has no attribute 'geometry'
649,枫丹丽舍小区,241824.6,411328.7,APB,no_hyp,no_hyp,no_hyp,ok,ok,
1699,壹线国际,,,error,'ProviderHypothesis' object has no attribute 'geometry'
650,港馨东区,199367.8,339524.0,APB,no_hyp,no_hyp,no_hyp,ok,ok,
1700,天洋·运河壹号,,,error,'ProviderHypothesis' object has no attribute 'geometry'
651,府西园小区,25480.0,42902.0,APB,no_hyp,no_hyp,no_hyp,ok,ok,
1701,首创·爱这城甲1号院,,,error,'ProviderHypothesis' object has no attribute 'geometry'
652,北清创意园,55852.8,95083.6,APB,no_hyp,no_hyp,no_hyp,ok,ok,
1702,首创·爱这城甲2号院,,,error,'ProviderHypothesis' object has no attribute 'geometry'
653,,532925.0,896326.4,APB,no_hyp,no_hyp,no_hyp,ok,ok,
1703,首创·爱这城乙2号院,,,error,'ProviderHypothesis' object has no attribute 'geometry'
654,团河行宫别墅,153573.6,258863.0,APB,no_hyp,no_hyp,no_hyp,ok,ok,
1704,东恒时代3期,,,error,'ProviderHypothesis' object has no attribute 'geometry'
655,,83013.8,139257.6,APB,no_hyp,no_hyp,no_hyp,ok,ok,
1705,都会华庭,,,error,'ProviderHypothesis' object has no attribute 'geometry'
656,育新花园西里,66291.1,111439.0,APB,no_hyp,no_hyp,no_hyp,ok,ok,
1706,东恒时代2期,,,error,'ProviderHypothesis' object has no attribute 'geometry'
657,育星苑,114500.1,192458.9,APB,no_hyp,no_hyp,no_hyp,ok,ok,
1707,东恒时代1期,,,error,'ProviderHypothesis' object has no attribute 'geometry'
658,通州温馨家园,224987.3,379100.4,APB,no_hyp,no_hyp,no_hyp,ok,ok,
1708,金地·名京,,,error,'ProviderHypothesis' object has no attribute 'geometry'
659,合生世界花园,94160.2,158658.9,APB,no_hyp,no_hyp,no_hyp,ok,ok,
1709,力源里,,,error,'ProviderHypothesis' object has no attribute 'geometry'
660,合生世界村,185888.7,313185.9,APB,no_hyp,no_hyp,no_hyp,ok,ok,
1710,定慧东里,,,error,'ProviderHypothesis' object has no attribute 'geometry'
661,珠江逸景家园,110734.3,186586.7,APB,no_hyp,no_hyp,no_hyp,ok,ok,
1711,定慧西里,,,error,'ProviderHypothesis' object has no attribute 'geometry'
662,珠江奥古斯塔城邦,80328.5,135362.5,APB,no_hyp,no_hyp,no_hyp,ok,ok,
1712,洋桥北里,,,error,'ProviderHypothesis' object has no attribute 'geometry'
1713,洋桥西里,,,error,'ProviderHypothesis' object has no attribute 'geometry'
663,东亚瑞晶苑,73703.9,124205.7,APB,no_hyp,no_hyp,no_hyp,ok,ok,
1714,洋桥东里,,,error,'ProviderHypothesis' object has no attribute 'geometry'
664,瀛海家园畅园,50991.4,85978.9,APB,no_hyp,no_hyp,no_hyp,ok,ok,
1715,润景家园,,,error,'ProviderHypothesis' object has no attribute 'geometry'
665,次渠家园幼儿园（北区）,4243.0,7163.3,APB,no_hyp,no_hyp,no_hyp,ok,ok,
666,双清苑,189502.1,321854.6,APB,no_hyp,no_hyp,no_hyp,ok,ok,
1716,嘉园一里,,,error,'ProviderHypothesis' object has no attribute 'geometry'
1717,嘉园二里,,,error,'ProviderHypothesis' object has no attribute 'geometry'
667,,75147.3,127701.6,APB,no_hyp,no_hyp,no_hyp,ok,ok,
668,,26778.5,45475.0,APB,no_hyp,no_hyp,no_hyp,ok,ok,
1718,嘉园三里,,,error,'ProviderHypothesis' object has no attribute 'geometry'
669,,161600.3,274643.7,APB,no_hyp,no_hyp,no_hyp,ok,ok,
1719,明日嘉园,,,error,'ProviderHypothesis' object has no attribute 'geometry'
670,,130445.7,221513.4,APB,no_hyp,no_hyp,no_hyp,ok,ok,
1720,旭日嘉园,,,error,'ProviderHypothesis' object has no attribute 'geometry'
671,,193827.7,329440.5,APB,no_hyp,no_hyp,no_hyp,ok,ok,
1721,玺萌公馆,,,error,'ProviderHypothesis' object has no attribute 'geometry'
672,燕保·马驹桥家园,97077.8,163733.9,APB,no_hyp,no_hyp,no_hyp,ok,ok,
1722,玺萌苑,,,error,'ProviderHypothesis' object has no attribute 'geometry'
673,富力·尚悦居,188960.9,318692.8,APB,no_hyp,no_hyp,no_hyp,ok,ok,
1723,星河城冬季星空,,,error,'ProviderHypothesis' object has no attribute 'geometry'
674,天宫院小区,113981.8,191727.0,APB,no_hyp,no_hyp,no_hyp,ok,ok,
1724,玺萌一号院,,,error,'ProviderHypothesis' object has no attribute 'geometry'
675,新源时代小区,96447.3,162278.7,APB,no_hyp,no_hyp,no_hyp,ok,ok,
1725,城市间,,,error,'ProviderHypothesis' object has no attribute 'geometry'
676,东居时代小区,80580.8,136117.4,APB,no_hyp,no_hyp,no_hyp,ok,ok,
1726,玉芳园,,,error,'ProviderHypothesis' object has no attribute 'geometry'
677,晓康东里东区,23768.9,40145.6,APB,no_hyp,no_hyp,no_hyp,ok,ok,
1727,草桥欣园小区-一区,,,error,'ProviderHypothesis' object has no attribute 'geometry'
678,小康家园,109901.0,185616.0,APB,no_hyp,no_hyp,no_hyp,ok,ok,
1728,矿冶佳园,,,error,'ProviderHypothesis' object has no attribute 'geometry'
679,金色漫香林(东区),162974.6,275282.7,APB,no_hyp,no_hyp,no_hyp,ok,ok,
1729,星河城春季星空,,,error,'ProviderHypothesis' object has no attribute 'geometry'
680,金色漫香林四期,20892.4,35288.6,APB,no_hyp,no_hyp,no_hyp,ok,ok,
1730,星河城夏季星空,,,error,'ProviderHypothesis' object has no attribute 'geometry'
681,华彩国际公寓,38718.9,65753.9,APB,no_hyp,no_hyp,no_hyp,ok,ok,
1731,草桥欣园4区,,,error,'ProviderHypothesis' object has no attribute 'geometry'
682,乡园公寓,2729.9,4630.0,APB,no_hyp,no_hyp,no_hyp,ok,ok,
1732,今日草桥,,,error,'ProviderHypothesis' object has no attribute 'geometry'
683,苏园公寓,29269.6,49643.3,APB,no_hyp,no_hyp,no_hyp,ok,ok,
1733,玫瑰花园,,,error,'ProviderHypothesis' object has no attribute 'geometry'
684,雅园公寓,31248.9,52995.0,APB,no_hyp,no_hyp,no_hyp,ok,ok,
1734,星河苑1号院,,,error,'ProviderHypothesis' object has no attribute 'geometry'
685,颐园公寓,11734.6,19900.5,APB,no_hyp,no_hyp,no_hyp,ok,ok,
1735,星河苑2号院,,,error,'ProviderHypothesis' object has no attribute 'geometry'
686,领秀硅谷,181073.3,307930.5,APB,no_hyp,no_hyp,no_hyp,ok,ok,
1736,城南嘉园益明园,,,error,'ProviderHypothesis' object has no attribute 'geometry'
687,博雅德园,41143.8,69970.4,APB,no_hyp,no_hyp,no_hyp,ok,ok,
1737,城南嘉园益城园,,,error,'ProviderHypothesis' object has no attribute 'geometry'
688,新城国际,82918.5,140440.6,APB,no_hyp,no_hyp,no_hyp,ok,ok,
1738,城南嘉园益嘉园,,,error,'ProviderHypothesis' object has no attribute 'geometry'
689,前屯路58号院2号楼,1545.5,2626.9,APB,no_hyp,no_hyp,no_hyp,ok,ok,
1739,未来假日花园,,,error,'ProviderHypothesis' object has no attribute 'geometry'
690,前屯路58号院1号楼,689.4,1171.8,APB,no_hyp,no_hyp,no_hyp,ok,ok,
1740,西马·金润家园1区,,,error,'ProviderHypothesis' object has no attribute 'geometry'
691,德宝新园小区,69504.8,117799.6,APB,no_hyp,no_hyp,no_hyp,ok,ok,
1741,西马·金润家园2区,,,error,'ProviderHypothesis' object has no attribute 'geometry'
692,,927.7,1572.5,APB,no_hyp,no_hyp,no_hyp,ok,ok,
1742,7克拉,,,error,'ProviderHypothesis' object has no attribute 'geometry'
693,,334.8,567.6,APB,no_hyp,no_hyp,no_hyp,ok,ok,
1743,滨河楼,,,error,'ProviderHypothesis' object has no attribute 'geometry'
694,,349263.9,594278.8,APB,no_hyp,no_hyp,no_hyp,ok,ok,
1744,惠泽家园,,,error,'ProviderHypothesis' object has no attribute 'geometry'
695,,775517.5,1319144.9,APB,no_hyp,no_hyp,no_hyp,ok,ok,
1745,林语别墅,,,error,'ProviderHypothesis' object has no attribute 'geometry'
696,,179327.1,305130.2,APB,no_hyp,no_hyp,no_hyp,ok,ok,
1746,林语公馆,,,error,'ProviderHypothesis' object has no attribute 'geometry'
697,建清园南区,20776.3,35288.2,APB,no_hyp,no_hyp,no_hyp,ok,ok,
1747,颐阳山水居东区,,,error,'ProviderHypothesis' object has no attribute 'geometry'
698,,152464.1,259761.8,APB,no_hyp,no_hyp,no_hyp,ok,ok,
1748,西山林语3区,,,error,'ProviderHypothesis' object has no attribute 'geometry'
699,,59359.3,100970.5,APB,no_hyp,no_hyp,no_hyp,ok,ok,
1749,环山村小区,,,error,'ProviderHypothesis' object has no attribute 'geometry'
700,,56314.5,95962.8,APB,no_hyp,no_hyp,no_hyp,ok,ok,
1750,美然动力街区A1区 英郡,,,error,'ProviderHypothesis' object has no attribute 'geometry'
701,,25142.7,42769.1,APB,no_hyp,no_hyp,no_hyp,ok,ok,
1751,美然动力街区A2区,,,error,'ProviderHypothesis' object has no attribute 'geometry'
702,中信国安府小区,103973.4,175992.1,APB,no_hyp,no_hyp,no_hyp,ok,ok,
1752,美然动力街区A3区,,,error,'ProviderHypothesis' object has no attribute 'geometry'
703,回龙观村中区,68380.6,116306.4,APB,no_hyp,no_hyp,no_hyp,ok,ok,
1753,靛厂路六号院,,,error,'ProviderHypothesis' object has no attribute 'geometry'
704,回龙观村西区,33409.2,56824.8,APB,no_hyp,no_hyp,no_hyp,ok,ok,
1754,星瑞家园,,,error,'ProviderHypothesis' object has no attribute 'geometry'
705,回龙观新村东区,27915.3,47481.8,APB,no_hyp,no_hyp,no_hyp,ok,ok,
1755,三合南里西区,,,error,'ProviderHypothesis' object has no attribute 'geometry'
706,塞纳维拉水景花园,93646.1,159252.5,APB,no_hyp,no_hyp,no_hyp,ok,ok,
1756,三合北巷2号院,,,error,'ProviderHypothesis' object has no attribute 'geometry'
707,金域华府,82794.5,140834.7,APB,no_hyp,no_hyp,no_hyp,ok,ok,
1757,碧桂园中心,,,error,'ProviderHypothesis' object has no attribute 'geometry'
708,融泽嘉园一号院,96327.4,163868.8,APB,no_hyp,no_hyp,no_hyp,ok,ok,
1758,银地澜湾,,,error,'ProviderHypothesis' object has no attribute 'geometry'
709,领秀新硅谷,239295.8,406928.5,APB,no_hyp,no_hyp,no_hyp,ok,ok,
1759,融城园,,,error,'ProviderHypothesis' object has no attribute 'geometry'
710,领秀新硅谷,198474.0,337500.9,APB,no_hyp,no_hyp,no_hyp,ok,ok,
1760,顺河家园,,,error,'ProviderHypothesis' object has no attribute 'geometry'
711,智学苑,117360.5,199546.7,APB,no_hyp,no_hyp,no_hyp,ok,ok,
1761,瀛公馆,,,error,'ProviderHypothesis' object has no attribute 'geometry'
712,建国里小区,11756.3,19904.4,APB,no_hyp,no_hyp,no_hyp,ok,ok,
1762,新贤家园,,,error,'ProviderHypothesis' object has no attribute 'geometry'
713,益辰欣园小区,71178.7,120227.2,APB,no_hyp,no_hyp,no_hyp,ok,ok,
1763,西园10号院,,,error,'ProviderHypothesis' object has no attribute 'geometry'
714,清陆军部和海军部旧址,89706.6,152011.1,APB,no_hyp,no_hyp,no_hyp,ok,ok,
1764,西园,,,error,'ProviderHypothesis' object has no attribute 'geometry'
715,清华大学西北小区,64084.4,108838.1,APB,no_hyp,no_hyp,no_hyp,ok,ok,
1765,丽湖馨居,,,error,'ProviderHypothesis' object has no attribute 'geometry'
716,怡美家园,131216.8,223038.5,APB,no_hyp,no_hyp,no_hyp,ok,ok,
1766,镜春园,,,error,'ProviderHypothesis' object has no attribute 'geometry'
717,康静里小区,97791.2,165841.5,APB,no_hyp,no_hyp,no_hyp,ok,ok,
1767,龙翔小区,,,error,'ProviderHypothesis' object has no attribute 'geometry'
718,幸福东区,97389.5,165995.4,APB,no_hyp,no_hyp,no_hyp,ok,ok,
1768,康馨家园,,,error,'ProviderHypothesis' object has no attribute 'geometry'
719,东兴一区,168016.0,286358.3,APB,no_hyp,no_hyp,no_hyp,ok,ok,
1769,鑫融皓月家园,,,error,'ProviderHypothesis' object has no attribute 'geometry'
720,东兴二区,104127.2,177469.8,APB,no_hyp,no_hyp,no_hyp,ok,ok,
1770,银海星月,,,error,'ProviderHypothesis' object has no attribute 'geometry'
721,建新南区,159139.0,271135.9,APB,no_hyp,no_hyp,no_hyp,ok,ok,
1771,卢沟桥南里,,,error,'ProviderHypothesis' object has no attribute 'geometry'
722,仓上小区,315895.4,538120.1,APB,no_hyp,no_hyp,no_hyp,ok,ok,
1772,新月家园,,,error,'ProviderHypothesis' object has no attribute 'geometry'
723,怡馨家园,224823.6,383039.3,APB,no_hyp,no_hyp,no_hyp,ok,ok,
1773,晓月景园,,,error,'ProviderHypothesis' object has no attribute 'geometry'
724,西辛北区,155793.9,265587.7,APB,no_hyp,no_hyp,no_hyp,ok,ok,
1774,晓月苑甲1号院,,,error,'ProviderHypothesis' object has no attribute 'geometry'
725,西辛南区,340462.4,580301.2,APB,no_hyp,no_hyp,no_hyp,ok,ok,
1775,晓月苑一里,,,error,'ProviderHypothesis' object has no attribute 'geometry'
726,义宾南区,68480.6,116712.4,APB,no_hyp,no_hyp,no_hyp,ok,ok,
1776,晓月苑二里,,,error,'ProviderHypothesis' object has no attribute 'geometry'
727,裕龙花园一区,116264.5,198078.5,APB,no_hyp,no_hyp,no_hyp,ok,ok,
1777,晓月苑三里,,,error,'ProviderHypothesis' object has no attribute 'geometry'
728,裕龙花园二区,70255.8,119704.1,APB,no_hyp,no_hyp,no_hyp,ok,ok,
1778,晓月苑四里,,,error,'ProviderHypothesis' object has no attribute 'geometry'
729,裕龙花园三区,202817.7,345598.3,APB,no_hyp,no_hyp,no_hyp,ok,ok,
1779,晓月家园,,,error,'ProviderHypothesis' object has no attribute 'geometry'
730,流星花园二区,59347.2,101015.6,APB,no_hyp,no_hyp,no_hyp,ok,ok,
1780,晓月苑七里,,,error,'ProviderHypothesis' object has no attribute 'geometry'
731,龙禧苑五区,36677.2,62417.2,APB,no_hyp,no_hyp,no_hyp,ok,ok,
1781,晓月苑八里,,,error,'ProviderHypothesis' object has no attribute 'geometry'
732,顺玮阁小区,28594.8,48709.3,APB,no_hyp,no_hyp,no_hyp,ok,ok,
1782,晓月苑五里,,,error,'ProviderHypothesis' object has no attribute 'geometry'
733,芍药居甲二号院,51796.1,87884.5,APB,no_hyp,no_hyp,no_hyp,ok,ok,
1783,卢沟桥南里甲8号院,,,error,'ProviderHypothesis' object has no attribute 'geometry'
734,芍药居二号院,77074.2,130775.0,APB,no_hyp,no_hyp,no_hyp,ok,ok,
1784,卢沟桥北里,,,error,'ProviderHypothesis' object has no attribute 'geometry'
735,白各庄新村三期,95108.4,162012.8,APB,no_hyp,no_hyp,no_hyp,ok,ok,
1785,新苑小区C区,,,error,'ProviderHypothesis' object has no attribute 'geometry'
736,曹碾村,122429.2,208742.2,APB,no_hyp,no_hyp,no_hyp,ok,ok,
1786,新苑小区B区,,,error,'ProviderHypothesis' object has no attribute 'geometry'
737,湾流汇,243674.2,415731.6,APB,no_hyp,no_hyp,no_hyp,ok,ok,
1787,新苑小区A区,,,error,'ProviderHypothesis' object has no attribute 'geometry'
738,纳帕溪谷,653210.0,1114550.5,APB,no_hyp,no_hyp,no_hyp,ok,ok,
1788,南宫雅苑西区,,,error,'ProviderHypothesis' object has no attribute 'geometry'
739,金科王府,257984.7,440246.0,APB,no_hyp,no_hyp,no_hyp,ok,ok,
1789,南宫雅苑东区,,,error,'ProviderHypothesis' object has no attribute 'geometry'
740,常兴庄,46445.8,79259.9,APB,no_hyp,no_hyp,no_hyp,ok,ok,
1790,南宫智苑,,,error,'ProviderHypothesis' object has no attribute 'geometry'
741,,80833.5,137129.6,APB,no_hyp,no_hyp,no_hyp,ok,ok,
1791,领秀翡翠山,,,error,'ProviderHypothesis' object has no attribute 'geometry'
742,,116419.4,197504.6,APB,no_hyp,no_hyp,no_hyp,ok,ok,
1792,云岗南区西里,,,error,'ProviderHypothesis' object has no attribute 'geometry'
743,,29085.1,49363.7,APB,no_hyp,no_hyp,no_hyp,ok,ok,
1793,云岗南区东里,,,error,'ProviderHypothesis' object has no attribute 'geometry'
744,,166981.1,283391.6,APB,no_hyp,no_hyp,no_hyp,ok,ok,
1794,南宫北里北区,,,error,'ProviderHypothesis' object has no attribute 'geometry'
745,前蔺沟村,307418.5,524280.9,APB,no_hyp,no_hyp,no_hyp,ok,ok,
1795,南宫北里南区,,,error,'ProviderHypothesis' object has no attribute 'geometry'
746,后蔺沟村,256467.8,437427.1,APB,no_hyp,no_hyp,no_hyp,ok,ok,
1796,云岗北区东里,,,error,'ProviderHypothesis' object has no attribute 'geometry'
747,土沟新村（北区）,58445.3,99679.0,APB,no_hyp,no_hyp,no_hyp,ok,ok,
1797,云岗北区西里东区,,,error,'ProviderHypothesis' object has no attribute 'geometry'
748,土沟新村（南区）,117655.5,200647.9,APB,no_hyp,no_hyp,no_hyp,ok,ok,
1798,云岗北区西里西区,,,error,'ProviderHypothesis' object has no attribute 'geometry'
749,北京城建·徜徉墅,42772.0,72107.0,APB,no_hyp,no_hyp,no_hyp,ok,ok,
1799,云岗北里,,,error,'ProviderHypothesis' object has no attribute 'geometry'
750,北京城建·徜徉嘉园西区,54192.7,91361.2,APB,no_hyp,no_hyp,no_hyp,ok,ok,
1800,云翔苑,,,error,'ProviderHypothesis' object has no attribute 'geometry'
751,天居园,54076.5,91912.5,APB,no_hyp,no_hyp,no_hyp,ok,ok,
1801,云岗翠园,,,error,'ProviderHypothesis' object has no attribute 'geometry'
752,上都首府家园,73554.2,126501.2,APB,no_hyp,no_hyp,no_hyp,ok,ok,
1802,静欣苑,,,error,'ProviderHypothesis' object has no attribute 'geometry'
753,嘉林花园,66681.4,113111.8,APB,no_hyp,no_hyp,no_hyp,ok,ok,
1803,张家坟北里,,,error,'ProviderHypothesis' object has no attribute 'geometry'
754,芳园里小区,88464.8,150071.3,APB,no_hyp,no_hyp,no_hyp,ok,ok,
1804,张家坟东里,,,error,'ProviderHypothesis' object has no attribute 'geometry'
755,远见桃花海度假别墅,36689.9,62673.2,APB,no_hyp,no_hyp,no_hyp,ok,ok,
1805,珠江·御景,,,error,'ProviderHypothesis' object has no attribute 'geometry'
756,普吉院,26950.1,45748.4,APB,no_hyp,no_hyp,no_hyp,ok,ok,
1806,云岗南里,,,error,'ProviderHypothesis' object has no attribute 'geometry'
757,十四所,4837.6,8212.1,APB,no_hyp,no_hyp,no_hyp,ok,ok,
1807,云岗101所小区,,,error,'ProviderHypothesis' object has no attribute 'geometry'
758,首开·常青藤C区,83068.3,140883.2,APB,no_hyp,no_hyp,no_hyp,ok,ok,
1808,北京山语城,,,error,'ProviderHypothesis' object has no attribute 'geometry'
759,柏林爱乐,152023.8,257530.8,APB,no_hyp,no_hyp,no_hyp,ok,ok,
1809,云岗南宫周转房,,,error,'ProviderHypothesis' object has no attribute 'geometry'
760,樱花园小区,104940.9,178033.0,APB,no_hyp,no_hyp,no_hyp,ok,ok,
1810,南宫中心小区,,,error,'ProviderHypothesis' object has no attribute 'geometry'
761,主语城,62214.6,105423.5,APB,no_hyp,no_hyp,no_hyp,ok,ok,
1811,永定佳苑,,,error,'ProviderHypothesis' object has no attribute 'geometry'
762,百万庄辰区,24327.6,41216.8,APB,no_hyp,no_hyp,no_hyp,ok,ok,
1812,东花市北里西区,,,error,'ProviderHypothesis' object has no attribute 'geometry'
763,百万庄巳区,19127.0,32406.8,APB,no_hyp,no_hyp,no_hyp,ok,ok,
1813,东花市北里中区,,,error,'ProviderHypothesis' object has no attribute 'geometry'
764,百万庄午区,19679.8,33344.3,APB,no_hyp,no_hyp,no_hyp,ok,ok,
1814,东花市北里东区,,,error,'ProviderHypothesis' object has no attribute 'geometry'
765,百万庄未区,23083.0,39111.6,APB,no_hyp,no_hyp,no_hyp,ok,ok,
1815,本家润园C区,,,error,'ProviderHypothesis' object has no attribute 'geometry'
766,百万庄申区,16646.9,28205.9,APB,no_hyp,no_hyp,no_hyp,ok,ok,
1816,丽水湾畔家园,,,error,'ProviderHypothesis' object has no attribute 'geometry'
767,百万庄子区,22749.2,38546.1,APB,no_hyp,no_hyp,no_hyp,ok,ok,
1817,金桥国际公寓,,,error,'ProviderHypothesis' object has no attribute 'geometry'
768,百万庄丑区,16171.6,27400.3,APB,no_hyp,no_hyp,no_hyp,ok,ok,
1818,忠实里西区,,,error,'ProviderHypothesis' object has no attribute 'geometry'
769,百万庄寅区,17142.2,29043.9,APB,no_hyp,no_hyp,no_hyp,ok,ok,
1819,忠实里东区,,,error,'ProviderHypothesis' object has no attribute 'geometry'
770,百万庄卯区,23644.1,40058.8,APB,no_hyp,no_hyp,no_hyp,ok,ok,
1820,富力公馆,,,error,'ProviderHypothesis' object has no attribute 'geometry'
771,芍药居北里,551979.6,936755.3,APB,no_hyp,no_hyp,no_hyp,ok,ok,
1821,双花园西里,,,error,'ProviderHypothesis' object has no attribute 'geometry'
772,惠新里社区,78752.0,133632.9,APB,no_hyp,no_hyp,no_hyp,ok,ok,
1822,双花园南里一区南区,,,error,'ProviderHypothesis' object has no attribute 'geometry'
773,惠新南里,45469.1,77146.0,APB,no_hyp,no_hyp,no_hyp,ok,ok,
1823,双花园南里一区北区,,,error,'ProviderHypothesis' object has no attribute 'geometry'
774,安苑里小区,29542.9,50129.0,APB,no_hyp,no_hyp,no_hyp,ok,ok,
1824,双花园南里二区北区,,,error,'ProviderHypothesis' object has no attribute 'geometry'
775,世纪嘉园,24545.5,41651.1,APB,no_hyp,no_hyp,no_hyp,ok,ok,
1825,双花园南里二区南区,,,error,'ProviderHypothesis' object has no attribute 'geometry'
776,新宫家园北区,71983.2,121551.4,APB,no_hyp,no_hyp,no_hyp,ok,ok,
1826,富力城10号地,,,error,'ProviderHypothesis' object has no attribute 'geometry'
777,莲宝路10号院,56148.8,95019.3,APB,no_hyp,no_hyp,no_hyp,ok,ok,
1827,CBD总部公寓2期,,,error,'ProviderHypothesis' object has no attribute 'geometry'
778,青塔东里,115113.8,194829.9,APB,no_hyp,no_hyp,no_hyp,ok,ok,
1828,合生国际家园1期,,,error,'ProviderHypothesis' object has no attribute 'geometry'
779,,1097.2,1849.7,APB,no_hyp,no_hyp,no_hyp,ok,ok,
1829,富力城B区西区,,,error,'ProviderHypothesis' object has no attribute 'geometry'
780,,11829.2,19940.6,APB,no_hyp,no_hyp,no_hyp,ok,ok,
1830,合生国际家园2期,,,error,'ProviderHypothesis' object has no attribute 'geometry'
781,,13228.4,22299.4,APB,no_hyp,no_hyp,no_hyp,ok,ok,
1831,CBD总部公寓3期,,,error,'ProviderHypothesis' object has no attribute 'geometry'
782,,5169.4,8714.1,APB,no_hyp,no_hyp,no_hyp,ok,ok,
1832,北京印钞厂宿舍,,,error,'ProviderHypothesis' object has no attribute 'geometry'
783,,12534.9,21130.9,APB,no_hyp,no_hyp,no_hyp,ok,ok,
1833,苹果社区北区,,,error,'ProviderHypothesis' object has no attribute 'geometry'
784,,2205.0,3717.1,APB,no_hyp,no_hyp,no_hyp,ok,ok,
1834,苹果社区南区,,,error,'ProviderHypothesis' object has no attribute 'geometry'
785,,3514.0,5923.8,APB,no_hyp,no_hyp,no_hyp,ok,ok,
1835,乐成公馆,,,error,'ProviderHypothesis' object has no attribute 'geometry'
786,燕尚园,87850.7,149362.0,APB,no_hyp,no_hyp,no_hyp,ok,ok,
1836,石韵浩庭,,,error,'ProviderHypothesis' object has no attribute 'geometry'
787,,182950.3,311240.9,APB,no_hyp,no_hyp,no_hyp,ok,ok,
1837,九龙花园,,,error,'ProviderHypothesis' object has no attribute 'geometry'
788,顶秀欣园西苑,35105.8,59322.7,APB,no_hyp,no_hyp,no_hyp,ok,ok,
1838,乐成国际1期,,,error,'ProviderHypothesis' object has no attribute 'geometry'
789,,1129.5,1914.8,APB,no_hyp,no_hyp,no_hyp,ok,ok,
1839,A派公寓,,,error,'ProviderHypothesis' object has no attribute 'geometry'
790,,230.9,391.4,APB,no_hyp,no_hyp,no_hyp,ok,ok,
1840,天之骄子,,,error,'ProviderHypothesis' object has no attribute 'geometry'
791,广通小区,76705.1,129853.8,APB,no_hyp,no_hyp,no_hyp,ok,ok,
1841,百环家园西区,,,error,'ProviderHypothesis' object has no attribute 'geometry'
792,,1129753.8,1896788.4,APB,no_hyp,no_hyp,no_hyp,ok,ok,
1842,百环家园东区,,,error,'ProviderHypothesis' object has no attribute 'geometry'
793,酸枣岭村,102825.5,175345.9,APB,no_hyp,no_hyp,no_hyp,ok,ok,
1843,首城国际B区,,,error,'ProviderHypothesis' object has no attribute 'geometry'
794,莲葩园,61211.0,104058.4,APB,no_hyp,no_hyp,no_hyp,ok,ok,
1844,和谐雅园,,,error,'ProviderHypothesis' object has no attribute 'geometry'
795,亚运花园,19169.9,32540.6,APB,no_hyp,no_hyp,no_hyp,ok,ok,
1845,北平里,,,error,'ProviderHypothesis' object has no attribute 'geometry'
796,铁道部第四住宅区,54054.2,91510.3,APB,no_hyp,no_hyp,no_hyp,ok,ok,
1846,机场南路西里,,,error,'ProviderHypothesis' object has no attribute 'geometry'
797,明光村小区,68999.8,116995.8,APB,no_hyp,no_hyp,no_hyp,ok,ok,
1847,燕翔西里北区,,,error,'ProviderHypothesis' object has no attribute 'geometry'
798,金泰丽富嘉园北区,102163.3,173235.6,APB,no_hyp,no_hyp,no_hyp,ok,ok,
1848,燕翔西里南区,,,error,'ProviderHypothesis' object has no attribute 'geometry'
799,Class果岭里小区,116172.8,197276.2,APB,no_hyp,no_hyp,no_hyp,ok,ok,
1849,南平里,,,error,'ProviderHypothesis' object has no attribute 'geometry'
800,望京花园西区,112739.1,191446.5,APB,no_hyp,no_hyp,no_hyp,ok,ok,
1850,东平里,,,error,'ProviderHypothesis' object has no attribute 'geometry'
801,望京花园东区,134785.4,228884.2,APB,no_hyp,no_hyp,no_hyp,ok,ok,
1851,燕翔东里,,,error,'ProviderHypothesis' object has no attribute 'geometry'
802,慧谷根园,95750.9,162610.0,APB,no_hyp,no_hyp,no_hyp,ok,ok,
1852,机场南路东里,,,error,'ProviderHypothesis' object has no attribute 'geometry'
803,京畿道小区,30020.8,50834.7,APB,no_hyp,no_hyp,no_hyp,ok,ok,
1853,南平东里,,,error,'ProviderHypothesis' object has no attribute 'geometry'
804,,113784.8,195301.3,APB,no_hyp,no_hyp,no_hyp,ok,ok,
1854,蓝天苑,,,error,'ProviderHypothesis' object has no attribute 'geometry'
805,,453806.1,778868.5,APB,no_hyp,no_hyp,no_hyp,ok,ok,
1855,蓝海苑,,,error,'ProviderHypothesis' object has no attribute 'geometry'
806,上林世家,76125.1,129316.6,APB,no_hyp,no_hyp,no_hyp,ok,ok,
1856,南竺园,,,error,'ProviderHypothesis' object has no attribute 'geometry'
807,来北家园,103862.5,176476.6,APB,no_hyp,no_hyp,no_hyp,ok,ok,
1857,天竺家园,,,error,'ProviderHypothesis' object has no attribute 'geometry'
808,亚奥金茂悦,71680.9,121787.8,APB,no_hyp,no_hyp,no_hyp,ok,ok,
1858,海逸半岛,,,error,'ProviderHypothesis' object has no attribute 'geometry'
809,,4132.3,7094.1,APB,no_hyp,no_hyp,no_hyp,ok,ok,
1859,东庄小区,,,error,'ProviderHypothesis' object has no attribute 'geometry'
810,,60406.5,103501.7,APB,no_hyp,no_hyp,no_hyp,ok,ok,
1860,中海紫御公馆西区,,,error,'ProviderHypothesis' object has no attribute 'geometry'
811,大沙岭,27733.1,47664.8,APB,no_hyp,no_hyp,no_hyp,ok,ok,
1861,中海紫御公馆东区,,,error,'ProviderHypothesis' object has no attribute 'geometry'
812,暖水面,46969.0,80727.6,APB,no_hyp,no_hyp,no_hyp,ok,ok,
1862,永铁苑小区,,,error,'ProviderHypothesis' object has no attribute 'geometry'
813,小辛庄,19520.6,33531.8,APB,no_hyp,no_hyp,no_hyp,ok,ok,
1863,西革新里,,,error,'ProviderHypothesis' object has no attribute 'geometry'
814,大青沟,15579.4,26743.4,APB,no_hyp,no_hyp,no_hyp,ok,ok,
1864,西罗园3区,,,error,'ProviderHypothesis' object has no attribute 'geometry'
815,西庄户,22513.9,38647.0,APB,no_hyp,no_hyp,no_hyp,ok,ok,
1865,西罗园一区,,,error,'ProviderHypothesis' object has no attribute 'geometry'
816,瓦庙,27372.3,46992.9,APB,no_hyp,no_hyp,no_hyp,ok,ok,
1866,悠胜美苑,,,error,'ProviderHypothesis' object has no attribute 'geometry'
817,,106043.8,182004.6,APB,no_hyp,no_hyp,no_hyp,ok,ok,
1867,珠江骏景北区,,,error,'ProviderHypothesis' object has no attribute 'geometry'
818,,57496.9,98676.8,APB,no_hyp,no_hyp,no_hyp,ok,ok,
1868,珠江骏景中区,,,error,'ProviderHypothesis' object has no attribute 'geometry'
819,小青沟,962.1,1651.7,APB,no_hyp,no_hyp,no_hyp,ok,ok,
1869,珠江骏景南区,,,error,'ProviderHypothesis' object has no attribute 'geometry'
820,龚家窑,25767.1,44257.8,APB,no_hyp,no_hyp,no_hyp,ok,ok,
1870,海户屯小区南区,,,error,'ProviderHypothesis' object has no attribute 'geometry'
821,,174378.9,298748.6,APB,no_hyp,no_hyp,no_hyp,ok,ok,
1871,海户屯小区北区,,,error,'ProviderHypothesis' object has no attribute 'geometry'
822,北京青年城,138666.6,235634.5,APB,no_hyp,no_hyp,no_hyp,ok,ok,
1872,鑫福里小区,,,error,'ProviderHypothesis' object has no attribute 'geometry'
823,蕴实园,133400.8,226732.2,APB,no_hyp,no_hyp,no_hyp,ok,ok,
1873,翠源居,,,error,'ProviderHypothesis' object has no attribute 'geometry'
824,润泽悦溪,168502.1,286521.5,APB,no_hyp,no_hyp,no_hyp,ok,ok,
1874,角门东里,,,error,'ProviderHypothesis' object has no attribute 'geometry'
825,北苑武警小区,31463.6,53441.5,APB,no_hyp,no_hyp,no_hyp,ok,ok,
1875,马家堡西里南区,,,error,'ProviderHypothesis' object has no attribute 'geometry'
826,天润福熙大道北区,131476.6,223539.5,APB,no_hyp,no_hyp,no_hyp,ok,ok,
827,华贸城,89321.4,151866.8,APB,no_hyp,no_hyp,no_hyp,ok,ok,
828,世华泊郡,138095.2,234798.8,APB,no_hyp,no_hyp,no_hyp,ok,ok,
829,中国铁建·花语城,53709.2,91318.8,APB,no_hyp,no_hyp,no_hyp,ok,ok,
830,中国铁建国际城·乐想汇,19489.3,33136.9,APB,no_hyp,no_hyp,no_hyp,ok,ok,
831,姚家园西里1号院,43518.7,73774.5,APB,no_hyp,no_hyp,no_hyp,ok,ok,
832,姚家园西里2号院,56285.7,95417.7,APB,no_hyp,no_hyp,no_hyp,ok,ok,
833,姚家园西里3号院,61086.9,103549.1,APB,no_hyp,no_hyp,no_hyp,ok,ok,
834,姚家园西里5号院,66341.2,112455.0,APB,no_hyp,no_hyp,no_hyp,ok,ok,
835,姚家园东里7号院,72218.3,122417.2,APB,no_hyp,no_hyp,no_hyp,ok,ok,
836,姚家园东里8号院,55429.6,93966.2,APB,no_hyp,no_hyp,no_hyp,ok,ok,
837,逸翠园北区,50197.0,85089.2,APB,no_hyp,no_hyp,no_hyp,ok,ok,
838,逸翠园南区,56387.3,95573.9,APB,no_hyp,no_hyp,no_hyp,ok,ok,
839,御翠·尚府,73006.6,123743.2,APB,no_hyp,no_hyp,no_hyp,ok,ok,
840,银谷·美泉,50426.9,85458.9,APB,no_hyp,no_hyp,no_hyp,ok,ok,
841,星河湾朗园,119440.0,202359.7,APB,no_hyp,no_hyp,no_hyp,ok,ok,
842,星河湾畅园,56026.7,94917.4,APB,no_hyp,no_hyp,no_hyp,ok,ok,
843,青年路小区,80847.0,136960.1,APB,no_hyp,no_hyp,no_hyp,ok,ok,
844,万科星园,125096.0,212561.5,APB,ok,no_hyp,no_hyp,ok,ok,
845,上元,88151.3,149770.3,APB,no_hyp,no_hyp,no_hyp,ok,ok,
846,傲城天月园,45164.7,76749.7,APB,no_hyp,no_hyp,no_hyp,ok,ok,
847,拂林园,105434.0,179151.0,APB,no_hyp,no_hyp,no_hyp,ok,ok,
848,天乐园,40461.1,68761.7,APB,no_hyp,no_hyp,no_hyp,ok,ok,
849,天溪园,66553.2,113107.6,APB,no_hyp,no_hyp,no_hyp,ok,ok,
850,天畅园,79387.5,134918.9,APB,no_hyp,no_hyp,no_hyp,ok,ok,
851,天翠园,34099.4,57954.3,APB,no_hyp,no_hyp,no_hyp,ok,ok,
852,茉莉园,140659.0,239081.1,APB,no_hyp,no_hyp,no_hyp,ok,ok,
853,太阳公元南区,56168.8,95303.4,APB,no_hyp,no_hyp,no_hyp,ok,ok,
854,红玺臺,60096.7,101969.4,APB,no_hyp,no_hyp,no_hyp,ok,ok,
855,太阳公元,134924.7,228949.2,APB,no_hyp,no_hyp,no_hyp,ok,ok,
856,丰和园,78465.0,133110.3,APB,no_hyp,no_hyp,no_hyp,ok,ok,
857,圣馨家园,66883.0,113465.4,APB,no_hyp,no_hyp,no_hyp,ok,ok,
858,东湖住宅区,44462.5,75359.7,APB,no_hyp,no_hyp,no_hyp,ok,ok,
859,,72997.3,126172.6,APB,no_hyp,no_hyp,no_hyp,ok,ok,
860,,2590.5,4478.9,APB,no_hyp,no_hyp,no_hyp,ok,ok,
861,,7965.6,13771.1,APB,no_hyp,no_hyp,no_hyp,ok,ok,
862,,7271.9,12573.1,APB,no_hyp,no_hyp,no_hyp,ok,ok,
863,清林苑,65540.9,111326.0,APB,no_hyp,no_hyp,no_hyp,ok,ok,
864,,31702.3,54822.7,APB,no_hyp,no_hyp,no_hyp,ok,ok,
865,,15664.1,27089.2,APB,no_hyp,no_hyp,no_hyp,ok,ok,
866,,16264.0,28104.7,APB,no_hyp,no_hyp,no_hyp,ok,ok,
867,,27742.7,47979.6,APB,no_hyp,no_hyp,no_hyp,ok,ok,
868,,91234.9,157726.8,APB,no_hyp,no_hyp,no_hyp,ok,ok,
869,,5020.4,8676.3,APB,no_hyp,no_hyp,no_hyp,ok,ok,
870,,3545.8,6128.1,APB,no_hyp,no_hyp,no_hyp,ok,ok,
871,,2065.2,3568.9,APB,no_hyp,no_hyp,no_hyp,ok,ok,
872,,4577.0,7910.6,APB,no_hyp,no_hyp,no_hyp,ok,ok,
873,,12835.4,22194.8,APB,no_hyp,no_hyp,no_hyp,ok,ok,
874,,4698.7,8119.3,APB,no_hyp,no_hyp,no_hyp,ok,ok,
875,,7683.7,13278.3,APB,no_hyp,no_hyp,no_hyp,ok,ok,
876,,11870.6,20507.0,APB,no_hyp,no_hyp,no_hyp,ok,ok,
877,,20083.2,34695.9,APB,no_hyp,no_hyp,no_hyp,ok,ok,
878,,10009.8,17291.6,APB,no_hyp,no_hyp,no_hyp,ok,ok,
879,,17507.5,30308.9,APB,no_hyp,no_hyp,no_hyp,ok,ok,
880,,9295.8,16091.4,APB,no_hyp,no_hyp,no_hyp,ok,ok,
881,,31572.8,54636.4,APB,no_hyp,no_hyp,no_hyp,ok,ok,
882,,53575.2,92738.4,APB,no_hyp,no_hyp,no_hyp,ok,ok,
883,,228727.7,395866.1,APB,no_hyp,no_hyp,no_hyp,ok,ok,
884,,14627.3,25319.9,APB,no_hyp,no_hyp,no_hyp,ok,ok,
885,金榜园,144093.4,245077.1,APB,no_hyp,no_hyp,no_hyp,ok,ok,
886,上奥世纪小区,26978.8,45882.8,APB,no_hyp,no_hyp,no_hyp,ok,ok,
887,,20983.2,36326.2,APB,no_hyp,no_hyp,no_hyp,ok,ok,
888,,44100.5,76286.3,APB,no_hyp,no_hyp,no_hyp,ok,ok,
889,,10066.6,17427.7,APB,no_hyp,no_hyp,no_hyp,ok,ok,
890,,24413.9,42252.3,APB,no_hyp,no_hyp,no_hyp,ok,ok,
891,,20293.7,35122.0,APB,no_hyp,no_hyp,no_hyp,ok,ok,
892,,309358.2,535386.8,APB,no_hyp,no_hyp,no_hyp,ok,ok,
893,,19942.8,34372.3,APB,no_hyp,no_hyp,no_hyp,ok,ok,
894,世华龙樾一期-西区,78503.9,133463.7,APB,no_hyp,no_hyp,no_hyp,ok,ok,
895,世华龙樾一期-东区,75112.6,127699.9,APB,no_hyp,no_hyp,no_hyp,ok,ok,
896,万润家园,47073.9,80075.5,APB,no_hyp,no_hyp,no_hyp,ok,ok,
897,北京回龙观万龙社区,26641.4,45320.0,APB,no_hyp,no_hyp,no_hyp,ok,ok,
898,新龙城1期,208406.2,354539.3,APB,no_hyp,no_hyp,no_hyp,ok,ok,
899,新龙城3期,51604.3,87784.4,APB,no_hyp,no_hyp,no_hyp,ok,ok,
900,东村家园,54522.2,92742.2,APB,no_hyp,no_hyp,no_hyp,ok,ok,
901,龙博苑1区,70295.8,119587.4,APB,no_hyp,no_hyp,no_hyp,ok,ok,
902,龙博苑2区,99071.7,168540.5,APB,no_hyp,no_hyp,no_hyp,ok,ok,
903,龙博苑3区,51038.5,86820.6,APB,no_hyp,no_hyp,no_hyp,ok,ok,
904,吉晟别墅,285610.2,485837.6,APB,no_hyp,no_hyp,no_hyp,ok,ok,
905,上京新航线,104200.2,176959.4,APB,no_hyp,no_hyp,no_hyp,ok,ok,
906,广渠金茂府北区,57194.1,96808.4,APB,no_hyp,no_hyp,no_hyp,ok,ok,
907,后现代城A区,42470.7,71895.6,APB,no_hyp,no_hyp,no_hyp,ok,ok,
908,后现代城B区,50460.6,85421.0,APB,no_hyp,no_hyp,no_hyp,ok,ok,
909,后现代城C区,51974.4,87979.3,APB,no_hyp,no_hyp,no_hyp,ok,ok,
910,后现代城D区,29955.0,50706.1,APB,no_hyp,no_hyp,no_hyp,ok,ok,
911,复地·首府,103211.3,174698.5,APB,no_hyp,no_hyp,no_hyp,ok,ok,
912,新景家园,53393.2,91674.2,APB,no_hyp,no_hyp,no_hyp,ok,ok,
913,金隅长安山麓,40070.0,67877.5,APB,no_hyp,no_hyp,no_hyp,ok,ok,
914,北京风景,237735.8,406172.8,APB,no_hyp,no_hyp,no_hyp,ok,ok,
915,国惠村,63317.0,108174.4,APB,no_hyp,no_hyp,no_hyp,ok,ok,
916,富泉花园,195131.8,333256.1,APB,no_hyp,no_hyp,no_hyp,ok,ok,
917,昌平永安里小区,61140.7,104447.7,APB,no_hyp,no_hyp,no_hyp,ok,ok,
918,兆丰家园西区,67863.4,115725.0,APB,no_hyp,no_hyp,no_hyp,ok,ok,
919,兆丰家园东区,84524.6,144141.2,APB,no_hyp,no_hyp,no_hyp,ok,ok,
920,北街家园B区,73398.1,125213.9,APB,no_hyp,no_hyp,no_hyp,ok,ok,
921,北街家园五区,55290.5,94329.3,APB,no_hyp,no_hyp,no_hyp,ok,ok,
922,北街家园八区,98525.5,168084.0,APB,no_hyp,no_hyp,no_hyp,ok,ok,
923,北街家园C区,155614.1,265478.7,APB,no_hyp,no_hyp,no_hyp,ok,ok,
924,京旺家园六区,49420.9,83935.9,APB,no_hyp,no_hyp,no_hyp,ok,ok,
925,京旺家园三区,74419.7,126386.4,APB,no_hyp,no_hyp,no_hyp,ok,ok,
926,京旺家园二区,75318.1,127904.4,APB,no_hyp,no_hyp,no_hyp,ok,ok,
927,京旺家园一区,65384.0,111035.5,APB,no_hyp,no_hyp,no_hyp,ok,ok,
928,京旺家园四区,72794.4,123628.1,APB,no_hyp,no_hyp,no_hyp,ok,ok,
929,京旺家园五区,66374.3,112732.3,APB,no_hyp,no_hyp,no_hyp,ok,ok,
930,京旺家园七区,72821.6,123689.2,APB,no_hyp,no_hyp,no_hyp,ok,ok,
931,运河园,54120.0,91648.2,APB,no_hyp,no_hyp,no_hyp,ok,ok,
932,运河园路8号院,18946.8,32083.7,APB,no_hyp,no_hyp,no_hyp,ok,ok,
933,K2百合湾,99484.2,168475.8,APB,no_hyp,no_hyp,no_hyp,ok,ok,
934,水仙园,111421.3,188698.6,APB,no_hyp,no_hyp,no_hyp,ok,ok,
935,三元村,108901.7,184416.3,APB,no_hyp,no_hyp,no_hyp,ok,ok,
936,BOBO自由城,201571.3,341314.9,APB,no_hyp,no_hyp,no_hyp,ok,ok,
937,运河湾北区,71551.3,121148.0,APB,no_hyp,no_hyp,no_hyp,ok,ok,
938,运河湾南区,56129.3,95032.1,APB,no_hyp,no_hyp,no_hyp,ok,ok,
939,古城小区,24165.3,40923.7,APB,no_hyp,no_hyp,no_hyp,ok,ok,
940,河畔丽景,54210.6,91809.7,APB,no_hyp,no_hyp,no_hyp,ok,ok,
941,加华印象街,118097.4,200012.0,APB,no_hyp,no_hyp,no_hyp,ok,ok,
942,凤凰岭公寓,40795.6,69475.4,APB,no_hyp,no_hyp,no_hyp,ok,ok,
943,兴隆都市馨园,89614.6,151681.2,APB,no_hyp,no_hyp,no_hyp,ok,ok,
944,北京奥林匹克花园四期北区,59307.4,100572.2,APB,no_hyp,no_hyp,no_hyp,ok,ok,
945,北京奥林匹克花园三期北区,58901.5,99883.7,APB,no_hyp,no_hyp,no_hyp,ok,ok,
946,北京奥林匹克花园四期南区,60427.5,102465.2,APB,no_hyp,no_hyp,no_hyp,ok,ok,
947,北京奥林匹克花园三期南区,68533.6,116210.7,APB,no_hyp,no_hyp,no_hyp,ok,ok,
948,金隅悦和园,98437.0,166913.9,APB,no_hyp,no_hyp,no_hyp,ok,ok,
949,朝新嘉园东里一区,139802.5,237001.5,APB,no_hyp,no_hyp,no_hyp,ok,ok,
950,金融街·融汇,115687.3,194577.2,APB,no_hyp,no_hyp,no_hyp,ok,ok,
951,保利春天里,138675.2,233213.5,APB,no_hyp,no_hyp,no_hyp,ok,ok,
952,中国水电·云立方,41511.2,69826.0,APB,no_hyp,no_hyp,no_hyp,ok,ok,
953,龙湖时代天街,98827.5,166267.0,APB,no_hyp,no_hyp,no_hyp,ok,ok,
954,合景香悦四季-东区,273624.8,467027.1,APB,no_hyp,no_hyp,no_hyp,ok,ok,
955,佳和宜园,294909.6,503247.3,APB,no_hyp,no_hyp,no_hyp,ok,ok,
956,金宝花园南区,168313.3,287219.4,APB,no_hyp,no_hyp,no_hyp,ok,ok,
957,龙湖·香醍溪岸南区,102554.4,175165.5,APB,no_hyp,no_hyp,no_hyp,ok,ok,
958,龙湖·香醍溪岸北区,149120.2,254719.7,APB,no_hyp,no_hyp,no_hyp,ok,ok,
959,龙湖香醍漫步二区,84831.9,144887.0,APB,no_hyp,no_hyp,no_hyp,ok,ok,
960,龙湖香醍漫步一区,77954.7,133140.3,APB,no_hyp,no_hyp,no_hyp,ok,ok,
961,龙湖·香醍漫步,49009.6,83712.1,APB,no_hyp,no_hyp,no_hyp,ok,ok,
962,下坡屯家园一区,38361.8,65553.9,APB,no_hyp,no_hyp,no_hyp,ok,ok,
963,下坡屯家园二区,40186.0,68667.5,APB,no_hyp,no_hyp,no_hyp,ok,ok,
964,下坡屯家园三区,70274.9,120072.3,APB,no_hyp,no_hyp,no_hyp,ok,ok,
965,龙湖·好望山庄园,144344.4,246605.9,APB,no_hyp,no_hyp,no_hyp,ok,ok,
966,莫奈花园,205415.8,349786.2,APB,no_hyp,no_hyp,no_hyp,ok,ok,
967,北京万科城市花园东区,208809.7,355592.8,APB,no_hyp,no_hyp,no_hyp,ok,ok,
968,北京万科城市花园西区,85177.3,145050.9,APB,no_hyp,no_hyp,no_hyp,ok,ok,
969,美树园,73173.6,124081.5,APB,no_hyp,no_hyp,no_hyp,ok,ok,
970,清岚花园西区,154819.2,263772.7,APB,no_hyp,no_hyp,no_hyp,ok,ok,
971,清岚花园东区,90143.8,153583.3,APB,no_hyp,no_hyp,no_hyp,ok,ok,
972,清岚花园南区,73827.3,125774.6,APB,no_hyp,no_hyp,no_hyp,ok,ok,
973,泰福苑一区,24189.5,40974.4,APB,no_hyp,no_hyp,no_hyp,ok,ok,
974,泰福苑二区,57617.5,97597.6,APB,no_hyp,no_hyp,no_hyp,ok,ok,
975,泰福苑三区,36489.7,61809.0,APB,no_hyp,no_hyp,no_hyp,ok,ok,
976,蓝星花园,72951.7,124178.4,APB,no_hyp,no_hyp,no_hyp,ok,ok,
977,金隅翡丽·华庭,44015.1,74869.3,APB,no_hyp,no_hyp,no_hyp,ok,ok,
978,橘郡,281463.9,480037.8,APB,no_hyp,no_hyp,no_hyp,ok,ok,
979,汇航桃园,344753.3,589204.7,APB,no_hyp,no_hyp,no_hyp,ok,ok,
980,金色漫香苑,193973.2,330580.8,APB,no_hyp,no_hyp,no_hyp,ok,ok,
981,中海·瓦尔登湖,434851.8,740796.7,APB,no_hyp,no_hyp,no_hyp,ok,ok,
982,鲁疃嘉园北区,60330.6,102762.1,APB,no_hyp,no_hyp,no_hyp,ok,ok,
983,鲁疃嘉园南区,118324.7,201525.4,APB,no_hyp,no_hyp,no_hyp,ok,ok,
984,东二旗新村,71549.5,121888.1,APB,no_hyp,no_hyp,no_hyp,ok,ok,
985,京基鹭府,142521.1,242798.8,APB,no_hyp,no_hyp,no_hyp,ok,ok,
986,八仙别墅,460508.2,784480.1,APB,no_hyp,no_hyp,no_hyp,ok,ok,
987,翠柳居,40608.8,69290.9,APB,no_hyp,no_hyp,no_hyp,ok,ok,
988,汤HOUSE久长花园,118554.4,202287.2,APB,no_hyp,no_hyp,no_hyp,ok,ok,
989,北京北,69558.9,118288.7,APB,no_hyp,no_hyp,no_hyp,ok,ok,
990,怡佳家园,45864.9,77660.0,APB,no_hyp,no_hyp,no_hyp,ok,ok,
991,筑华年,109982.0,186919.6,APB,no_hyp,no_hyp,no_hyp,ok,ok,
992,春风雅筑,54383.3,91981.7,APB,no_hyp,no_hyp,no_hyp,ok,ok,
993,馨港庄园,353973.3,601536.6,APB,no_hyp,no_hyp,no_hyp,ok,ok,
994,青岛嘉园,101993.1,172014.4,APB,no_hyp,no_hyp,no_hyp,ok,ok,
995,郁花园三里,101606.8,171362.5,APB,no_hyp,no_hyp,no_hyp,ok,ok,
996,双高花园住宅小区,101129.0,170557.0,APB,no_hyp,no_hyp,no_hyp,ok,ok,
997,香留园A区,177772.3,299819.5,APB,no_hyp,no_hyp,no_hyp,ok,ok,
998,香留园B区北区,128384.7,216525.2,APB,no_hyp,no_hyp,no_hyp,ok,ok,
999,香留园B区南区,31300.7,52786.4,APB,no_hyp,no_hyp,no_hyp,ok,ok,
1000,旭辉御府,93528.5,157721.7,APB,no_hyp,no_hyp,no_hyp,ok,ok,
1001,西山壹号院北区,92988.9,158071.5,APB,no_hyp,no_hyp,no_hyp,ok,ok,
1002,西山壹号院南区,172551.5,293294.0,APB,no_hyp,no_hyp,no_hyp,ok,ok,
1003,中海枫涟山庄,127872.8,217426.8,APB,no_hyp,no_hyp,no_hyp,ok,ok,
1004,秋露园,62287.2,105909.9,APB,no_hyp,no_hyp,no_hyp,ok,ok,
1005,夏霖园,57550.3,97855.9,APB,no_hyp,no_hyp,no_hyp,ok,ok,
1006,春晖园,57949.3,98534.7,APB,no_hyp,no_hyp,no_hyp,ok,ok,
1007,冬晴园,47035.1,79971.3,APB,no_hyp,no_hyp,no_hyp,ok,ok,
1008,景和园,51097.5,86877.9,APB,no_hyp,no_hyp,no_hyp,ok,ok,
1009,百旺·茉莉园2期,93864.3,159587.7,APB,no_hyp,no_hyp,no_hyp,ok,ok,
1010,百旺·茉莉园1期,212241.3,360845.4,APB,no_hyp,no_hyp,no_hyp,ok,ok,
1011,图景嘉园,66897.6,113789.2,APB,no_hyp,no_hyp,no_hyp,ok,ok,
1012,唐家岭新城西区,34717.2,59054.0,APB,no_hyp,no_hyp,no_hyp,ok,ok,
1013,唐家岭新城东区,114715.5,195144.0,APB,no_hyp,no_hyp,no_hyp,ok,ok,
1014,家天下 儒园,48140.3,82552.6,APB,no_hyp,no_hyp,no_hyp,ok,ok,
1015,,52047.0,87934.0,APB,no_hyp,no_hyp,no_hyp,ok,ok,
1016,,334297.1,564931.2,APB,no_hyp,no_hyp,no_hyp,ok,ok,
1017,于辛庄,276964.1,467961.2,APB,no_hyp,no_hyp,no_hyp,ok,ok,
1018,,316715.2,535252.9,APB,no_hyp,no_hyp,no_hyp,ok,ok,
1019,,690877.3,1166882.4,APB,no_hyp,no_hyp,no_hyp,ok,ok,
1020,,312170.4,527203.4,APB,no_hyp,no_hyp,no_hyp,ok,ok,
1021,,533534.4,900733.8,APB,no_hyp,no_hyp,no_hyp,ok,ok,
1022,,292852.1,494431.9,APB,no_hyp,no_hyp,no_hyp,ok,ok,
1023,小灰店,133299.1,225012.4,APB,no_hyp,no_hyp,no_hyp,ok,ok,
1024,肖家林,309005.8,521288.3,APB,no_hyp,no_hyp,no_hyp,ok,ok,
1025,吕家湾,292872.9,493964.0,APB,no_hyp,no_hyp,no_hyp,ok,ok,
1026,辛集,279047.7,470683.0,APB,no_hyp,no_hyp,no_hyp,ok,ok,
1027,杜店,262721.3,443362.6,APB,no_hyp,no_hyp,no_hyp,ok,ok,
1028,桥上村,356774.0,601961.3,APB,no_hyp,no_hyp,no_hyp,ok,ok,
1029,牛牧屯,486818.5,821419.3,APB,no_hyp,no_hyp,no_hyp,ok,ok,
1030,石门营三区,61065.0,103341.5,APB,no_hyp,no_hyp,no_hyp,ok,ok,
1031,石门营四区,79476.2,134493.6,APB,no_hyp,no_hyp,no_hyp,ok,ok,
1032,石门营五区,111956.8,189448.8,APB,no_hyp,no_hyp,no_hyp,ok,ok,
1033,石门营六区,107061.1,181156.4,APB,no_hyp,no_hyp,no_hyp,ok,ok,
1034,石门营七区南苑,29531.7,49973.4,APB,no_hyp,no_hyp,no_hyp,ok,ok,
1035,石门营七区北苑,22713.1,38436.0,APB,no_hyp,no_hyp,no_hyp,ok,ok,
1036,石门营七区东苑,63755.0,107882.7,APB,no_hyp,no_hyp,no_hyp,ok,ok,
1037,公园悦府,95685.3,162885.6,APB,no_hyp,no_hyp,no_hyp,ok,ok,
1038,乐红园,34499.5,59161.2,APB,no_hyp,no_hyp,no_hyp,ok,ok,
1039,金色漫香郡 南区,91331.3,153772.3,APB,no_hyp,no_hyp,no_hyp,ok,ok,
1040,新兴家园 东区,69403.2,116868.1,APB,no_hyp,no_hyp,no_hyp,ok,ok,
1041,格林云墅,131735.1,221768.6,APB,no_hyp,no_hyp,no_hyp,ok,ok,
1042,蓝桥驿苑,51294.3,86358.2,APB,no_hyp,no_hyp,no_hyp,ok,ok,
1043,首地浣溪谷,91836.9,154591.5,APB,no_hyp,no_hyp,no_hyp,ok,ok,
1044,华远 和墅,126601.5,213096.5,APB,no_hyp,no_hyp,no_hyp,ok,ok,
1045,首创 悦都会,80969.4,136288.3,APB,no_hyp,no_hyp,no_hyp,ok,ok,
1046,望馨花园,82516.7,140135.4,APB,no_hyp,no_hyp,no_hyp,ok,ok,
1047,柳岸景园,38123.0,64524.8,APB,no_hyp,no_hyp,no_hyp,ok,ok,
1048,荞馨园,55308.0,93620.1,APB,no_hyp,no_hyp,no_hyp,ok,ok,
1049,运河居,35424.2,59960.2,APB,no_hyp,no_hyp,no_hyp,ok,ok,
1050,君安国际,48968.6,82626.9,APB,no_hyp,no_hyp,no_hyp,ok,ok,
1051,国锐·金顶,163997.5,276738.7,APB,no_hyp,no_hyp,no_hyp,ok,ok,
1052,远洋·万和城-B区,57290.1,97244.0,APB,no_hyp,no_hyp,no_hyp,ok,ok,
1053,远洋·万和城-A区,37734.0,64049.9,APB,no_hyp,no_hyp,no_hyp,ok,ok,
1054,后横街小区,7507.2,12865.1,APB,no_hyp,no_hyp,no_hyp,ok,ok,
1055,府东一条小区,5408.6,9268.6,APB,no_hyp,no_hyp,no_hyp,ok,ok,
1056,府前官邸,58836.4,100826.9,APB,no_hyp,no_hyp,no_hyp,ok,ok,
1057,青春路一院,25288.9,43331.9,APB,no_hyp,no_hyp,no_hyp,ok,ok,
1058,龙山御景,31290.8,53615.2,APB,no_hyp,no_hyp,no_hyp,ok,ok,
1059,青春苑西区,57179.3,97992.8,APB,no_hyp,no_hyp,no_hyp,ok,ok,
1060,青春苑,23030.5,39468.9,APB,no_hyp,no_hyp,no_hyp,ok,ok,
1061,华清嘉园,64374.9,109266.6,APB,no_hyp,no_hyp,no_hyp,ok,ok,
1062,海云轩小区,55335.4,93806.8,APB,no_hyp,no_hyp,no_hyp,ok,ok,
1063,华龙苑北里,74465.0,126721.4,APB,no_hyp,no_hyp,no_hyp,ok,ok,
1064,慧龙居,17608.9,29965.2,APB,no_hyp,no_hyp,no_hyp,ok,ok,
1065,华龙苑中里,84312.2,143469.9,APB,no_hyp,no_hyp,no_hyp,ok,ok,
1066,华龙苑南里,191918.4,326527.6,APB,no_hyp,no_hyp,no_hyp,ok,ok,
1067,蓝天园,28902.5,49175.5,APB,no_hyp,no_hyp,no_hyp,ok,ok,
1068,澳景园,82577.7,140464.3,APB,no_hyp,no_hyp,no_hyp,ok,ok,
1069,,9253.8,15748.6,APB,no_hyp,no_hyp,no_hyp,ok,ok,
1070,美和园东区,15975.3,27148.9,APB,no_hyp,no_hyp,no_hyp,ok,ok,
1071,亿朋苑2区,63751.1,107742.7,APB,no_hyp,no_hyp,no_hyp,ok,ok,
1072,亿朋苑3区,50822.4,85888.0,APB,no_hyp,no_hyp,no_hyp,ok,ok,
1073,亿朋苑1区,78246.1,132247.1,APB,no_hyp,no_hyp,no_hyp,ok,ok,
1074,和安花园达观别墅,703942.6,1193711.8,APB,no_hyp,no_hyp,no_hyp,ok,ok,
1075,忆丰·9号院,15901.1,26966.3,APB,no_hyp,no_hyp,no_hyp,ok,ok,
1076,欧逸丽庭,36954.6,62637.5,APB,no_hyp,no_hyp,no_hyp,ok,ok,
1077,天裕昕园,418767.5,712722.6,APB,no_hyp,no_hyp,no_hyp,ok,ok,
1078,优山美地B区,311735.1,530428.9,APB,no_hyp,no_hyp,no_hyp,ok,ok,
1079,幸福家园北区,60590.6,102851.9,APB,no_hyp,no_hyp,no_hyp,ok,ok,
1080,幸福家园南区,48637.9,82557.3,APB,no_hyp,no_hyp,no_hyp,ok,ok,
1081,世佳别墅,123913.3,210044.4,APB,no_hyp,no_hyp,no_hyp,ok,ok,
1082,,843.2,1425.4,APB,no_hyp,no_hyp,no_hyp,ok,ok,
1083,瀛海家园和园,76943.0,129737.3,APB,no_hyp,no_hyp,no_hyp,ok,ok,
1084,瀛海家园瑞园,65054.5,109684.2,APB,no_hyp,no_hyp,no_hyp,ok,ok,
1085,瀛海家园融园,85980.2,144962.7,APB,no_hyp,no_hyp,no_hyp,ok,ok,
1086,瀛海家园逸园,125304.0,211282.5,APB,no_hyp,no_hyp,no_hyp,ok,ok,
1087,山水汇豪苑北区,60127.6,101059.6,APB,no_hyp,no_hyp,no_hyp,ok,ok,
1088,田家园小区,198773.4,334137.4,APB,no_hyp,no_hyp,no_hyp,ok,ok,
1089,世界名园B区,104277.5,175274.0,APB,no_hyp,no_hyp,no_hyp,ok,ok,
1090,,154317.4,259351.8,APB,no_hyp,no_hyp,no_hyp,ok,ok,
1091,山水汇豪苑B区,26218.0,44062.2,APB,no_hyp,no_hyp,no_hyp,ok,ok,
1092,燕都园,146622.7,246472.0,APB,no_hyp,no_hyp,no_hyp,ok,ok,
1093,紫禁壹号院南院,95336.7,160849.6,APB,no_hyp,no_hyp,no_hyp,ok,ok,
1094,紫禁壹号院北院,61649.2,104024.7,APB,no_hyp,no_hyp,no_hyp,ok,ok,
1095,,94606.5,159627.0,APB,no_hyp,no_hyp,no_hyp,ok,ok,
1096,枫丹壹号,186499.9,314674.7,APB,no_hyp,no_hyp,no_hyp,ok,ok,
1097,首开龙湖天琅,73790.5,124431.0,APB,no_hyp,no_hyp,no_hyp,ok,ok,
1098,金茂逸墅,103393.1,174272.9,APB,no_hyp,no_hyp,no_hyp,ok,ok,
1099,亦庄金茂悦南区,71368.1,120294.5,APB,no_hyp,no_hyp,no_hyp,ok,ok,
1100,合创产业中心,199683.9,336375.9,APB,no_hyp,no_hyp,no_hyp,ok,ok,
1101,翠北嘉园,36684.0,62510.6,APB,no_hyp,no_hyp,no_hyp,ok,ok,
1102,,26333.4,44872.2,APB,no_hyp,no_hyp,no_hyp,ok,ok,
1103,上庄三嘉信苑,61636.4,105035.5,APB,no_hyp,no_hyp,no_hyp,ok,ok,
1104,馨悦家园三区,37855.5,64511.6,APB,no_hyp,no_hyp,no_hyp,ok,ok,
1105,,444344.7,757345.4,APB,no_hyp,no_hyp,no_hyp,ok,ok,
1106,德邑·新时空,55768.5,94269.1,APB,no_hyp,no_hyp,no_hyp,ok,ok,
1107,,97105.9,164090.7,APB,no_hyp,no_hyp,no_hyp,ok,ok,
1108,金善名居,93460.6,160034.2,APB,no_hyp,no_hyp,no_hyp,ok,ok,
1109,木樨地小区,18379.9,31120.2,APB,no_hyp,no_hyp,no_hyp,ok,ok,
1110,领秀慧谷一区,115927.0,197394.0,APB,no_hyp,no_hyp,no_hyp,ok,ok,
1111,领秀慧谷A区,72626.8,123657.3,APB,no_hyp,no_hyp,no_hyp,ok,ok,
1112,领秀慧谷B区,35212.9,59953.5,APB,no_hyp,no_hyp,no_hyp,ok,ok,
1113,领秀慧谷D区,90826.4,154650.7,APB,no_hyp,no_hyp,no_hyp,ok,ok,
1114,朱辛庄新区,95367.0,162377.6,APB,no_hyp,no_hyp,no_hyp,ok,ok,
1115,朱辛庄北区,53784.9,91582.5,APB,no_hyp,no_hyp,no_hyp,ok,ok,
1116,福溪家园,70622.1,120059.0,APB,no_hyp,no_hyp,no_hyp,ok,ok,
1117,阅西山家园,102974.4,175124.1,APB,no_hyp,no_hyp,no_hyp,ok,ok,
1118,永景园,42648.6,72251.4,APB,no_hyp,no_hyp,no_hyp,ok,ok,
1119,三虎桥5号院,10896.3,18466.7,APB,no_hyp,no_hyp,no_hyp,ok,ok,
1120,七贤村小区,38512.6,65257.9,APB,no_hyp,no_hyp,no_hyp,ok,ok,
1121,,436424.4,747629.0,APB,no_hyp,no_hyp,no_hyp,ok,ok,
1122,,1146080.6,1966839.4,APB,no_hyp,no_hyp,no_hyp,ok,ok,
1123,,607353.0,1041654.1,APB,no_hyp,no_hyp,no_hyp,ok,ok,
1124,天恒·别墅山,578220.9,992000.9,APB,no_hyp,no_hyp,no_hyp,ok,ok,
1125,,176613.8,303702.7,APB,no_hyp,no_hyp,no_hyp,ok,ok,
1126,昊腾家园,59829.9,100711.9,APB,no_hyp,no_hyp,no_hyp,ok,ok,
1127,太月园小区,51991.5,88200.5,APB,no_hyp,no_hyp,no_hyp,ok,ok,
1128,北区,5128.3,8700.3,APB,no_hyp,no_hyp,no_hyp,ok,ok,
1129,宏嘉丽园,16121.4,27348.5,APB,no_hyp,no_hyp,no_hyp,ok,ok,
1130,融泽嘉园8号院,10268.3,17464.6,APB,no_hyp,no_hyp,no_hyp,ok,ok,
1131,保利海德公园,22450.4,38086.9,APB,no_hyp,no_hyp,no_hyp,ok,ok,
1132,锦秋家园,42866.8,72723.8,APB,no_hyp,no_hyp,no_hyp,ok,ok,
1133,知春路22号院,12709.1,21561.8,APB,no_hyp,no_hyp,no_hyp,ok,ok,
1134,龙泉小区东区,54174.6,548573.3,EOB,ok,no_hyp,no_hyp,ok,ok,
1135,龙泉小区西区,25020.9,42900.1,APB,no_hyp,no_hyp,no_hyp,ok,ok,
1136,远洋东方公馆,59946.8,101450.7,APB,no_hyp,no_hyp,no_hyp,ok,ok,
1137,紫城嘉园,100840.9,171353.0,APB,no_hyp,no_hyp,no_hyp,ok,ok,
1138,博雅西园,150012.9,254882.5,APB,no_hyp,no_hyp,no_hyp,ok,ok,
1139,民生花园,185634.6,316669.8,APB,no_hyp,no_hyp,no_hyp,ok,ok,
1140,世嘉光织谷西区,62721.7,107586.5,APB,no_hyp,no_hyp,no_hyp,ok,ok,
1141,世嘉光织谷东区,79340.3,136090.9,APB,no_hyp,no_hyp,no_hyp,ok,ok,
1142,育龙铭居,43006.0,73763.6,APB,no_hyp,no_hyp,no_hyp,ok,ok,
1143,育龙馨居,41192.8,70652.7,APB,no_hyp,no_hyp,no_hyp,ok,ok,
1144,雁栖一品园,101476.1,174038.8,APB,no_hyp,no_hyp,no_hyp,ok,ok,
1145,怡安园,134354.0,230054.7,APB,no_hyp,no_hyp,no_hyp,ok,ok,
1146,龙山新新小镇,725674.5,1242398.3,APB,no_hyp,no_hyp,no_hyp,ok,ok,
1147,万通·龙山逸墅,84257.7,144250.2,APB,no_hyp,no_hyp,no_hyp,ok,ok,
1148,尚城小区,50914.7,86705.4,APB,no_hyp,no_hyp,no_hyp,ok,ok,
1149,万科青青家园,285195.7,482291.3,APB,no_hyp,no_hyp,no_hyp,ok,ok,
1150,凤翔四园,33752.8,57800.3,APB,no_hyp,no_hyp,no_hyp,ok,ok,
1151,香水城北区,127618.8,218509.5,APB,no_hyp,no_hyp,no_hyp,ok,ok,
1152,香水城南区,101601.4,173948.9,APB,no_hyp,no_hyp,no_hyp,ok,ok,
1153,益田影人四季花园,53689.7,91915.1,APB,no_hyp,no_hyp,no_hyp,ok,ok,
1154,凤瑞二园,61635.3,105523.6,APB,no_hyp,no_hyp,no_hyp,ok,ok,
1155,裕华园一区,45547.0,78066.0,APB,no_hyp,no_hyp,no_hyp,ok,ok,
1156,金泰丽富馨园,29589.0,50717.0,APB,no_hyp,no_hyp,no_hyp,ok,ok,
1157,幸福东园,44564.4,76388.9,APB,no_hyp,no_hyp,no_hyp,ok,ok,
1158,雁舞园,72014.1,123581.9,APB,no_hyp,no_hyp,no_hyp,ok,ok,
1159,栖美园,48193.0,82700.3,APB,no_hyp,no_hyp,no_hyp,ok,ok,
1160,首开·熙悦春天,72220.5,121439.3,APB,no_hyp,no_hyp,no_hyp,ok,ok,
1161,,112381.5,193039.9,APB,no_hyp,no_hyp,no_hyp,ok,ok,
1162,康居北区,46623.3,80048.2,APB,no_hyp,no_hyp,no_hyp,ok,ok,
1163,康居南区,123295.6,211673.0,APB,no_hyp,no_hyp,no_hyp,ok,ok,
1164,上河湾南区,68628.1,117884.2,APB,no_hyp,no_hyp,no_hyp,ok,ok,
1165,上河湾北区,89360.1,153508.3,APB,no_hyp,no_hyp,no_hyp,ok,ok,
1166,庄格里新小区,136217.9,233985.8,APB,no_hyp,no_hyp,no_hyp,ok,ok,
1167,新里格庄小区,78773.3,135320.5,APB,no_hyp,no_hyp,no_hyp,ok,ok,
1168,嘉益园,59494.9,102159.0,APB,no_hyp,no_hyp,no_hyp,ok,ok,
1169,密西花园,213642.8,366857.3,APB,no_hyp,no_hyp,no_hyp,ok,ok,
1170,大唐庄东区,75763.9,130102.5,APB,no_hyp,no_hyp,no_hyp,ok,ok,
1171,绿地花都嘉园,78342.6,134520.9,APB,no_hyp,no_hyp,no_hyp,ok,ok,
1172,绿地·国际花都南区,28000.7,48076.6,APB,no_hyp,no_hyp,no_hyp,ok,ok,
1173,垡头翠城小区,1046600.5,1769542.1,APB,no_hyp,no_hyp,no_hyp,ok,ok,
1174,天通公园里,21770.1,37036.4,APB,no_hyp,no_hyp,no_hyp,ok,ok,
1175,西山枫林东区,86490.0,146596.6,APB,no_hyp,no_hyp,no_hyp,ok,ok,
1176,西山枫林西区,128555.1,217894.1,APB,no_hyp,no_hyp,no_hyp,ok,ok,
1177,古城村中街10号院,25723.5,43560.7,APB,no_hyp,no_hyp,no_hyp,ok,ok,
1178,中海金石公馆,35856.8,60720.3,APB,no_hyp,no_hyp,no_hyp,ok,ok,
1179,古城现代嘉园东区,34622.6,58633.2,APB,no_hyp,no_hyp,no_hyp,ok,ok,
1180,古城现代嘉园西区,49755.4,84260.6,APB,no_hyp,no_hyp,no_hyp,ok,ok,
1181,中海金玺公馆,43105.0,72990.8,APB,no_hyp,no_hyp,no_hyp,ok,ok,
1182,中海长安雅苑,40619.8,68786.0,APB,no_hyp,no_hyp,no_hyp,ok,ok,
1183,八家嘉园,152544.5,259110.0,APB,no_hyp,no_hyp,no_hyp,ok,ok,
1184,,2287.6,3873.1,APB,no_hyp,no_hyp,no_hyp,ok,ok,
1185,白各庄新村四期,92250.9,157147.0,APB,no_hyp,no_hyp,no_hyp,ok,ok,
1186,,129293.7,219204.3,APB,no_hyp,no_hyp,no_hyp,ok,ok,
1187,,29295.4,49649.0,APB,no_hyp,no_hyp,no_hyp,ok,ok,
1188,华润悦景湾,31371.5,53115.0,APB,no_hyp,no_hyp,no_hyp,ok,ok,
1189,五矿观山,242403.3,412568.6,APB,no_hyp,no_hyp,no_hyp,ok,ok,
1190,万柳书院,54183.9,91919.4,APB,no_hyp,no_hyp,no_hyp,ok,ok,
1191,万城华府玺园,74448.8,126296.2,APB,no_hyp,no_hyp,no_hyp,ok,ok,
1192,东风苑,54770.7,92825.6,APB,no_hyp,no_hyp,no_hyp,ok,ok,
1193,首开熙悦山熹园,124938.3,210697.9,APB,no_hyp,no_hyp,no_hyp,ok,ok,
1194,建邦华庭,145054.4,244621.3,APB,no_hyp,no_hyp,no_hyp,ok,ok,
1195,,164750.9,281115.6,APB,no_hyp,no_hyp,no_hyp,ok,ok,
1196,西峰家园,26683.6,45151.1,APB,no_hyp,no_hyp,no_hyp,ok,ok,
1197,小园一区惠润嘉园十地块,47531.6,80435.6,APB,no_hyp,no_hyp,no_hyp,ok,ok,
1198,小园一区惠润嘉园九地块,63663.7,107736.8,APB,no_hyp,no_hyp,no_hyp,ok,ok,
1199,小园三区惠润嘉园七地块,39475.7,66809.6,APB,no_hyp,no_hyp,no_hyp,ok,ok,
1200,小园二区惠润嘉园2C地块,54903.7,92926.8,APB,no_hyp,no_hyp,no_hyp,ok,ok,
1201,小园二区惠润嘉园三B地块,34270.5,58004.1,APB,no_hyp,no_hyp,no_hyp,ok,ok,
1202,丽景长安,114570.8,193977.1,APB,no_hyp,no_hyp,no_hyp,ok,ok,
1203,鲁新家园,52532.1,88868.3,APB,no_hyp,no_hyp,no_hyp,ok,ok,
1204,潭柘山城,4184.7,7079.7,APB,no_hyp,no_hyp,no_hyp,ok,ok,
1205,潭柘苑,76866.0,130047.1,APB,no_hyp,no_hyp,no_hyp,ok,ok,
1206,赵家台民俗旅游村,41808.0,70734.5,APB,no_hyp,no_hyp,no_hyp,ok,ok,
1207,凤仪佳苑七里,40873.2,69596.3,APB,no_hyp,no_hyp,no_hyp,ok,ok,
1208,同泽园东里,118560.0,201897.5,APB,no_hyp,no_hyp,no_hyp,ok,ok,
1209,同泽园西里,158999.7,270767.5,APB,no_hyp,no_hyp,no_hyp,ok,ok,
1210,前沙涧西区,106277.0,180999.5,APB,no_hyp,no_hyp,no_hyp,ok,ok,
1211,怀柔北火车站一区,72085.0,123861.9,APB,no_hyp,no_hyp,no_hyp,ok,ok,
1212,驼房营西里,49952.1,84722.0,APB,no_hyp,no_hyp,no_hyp,ok,ok,
1213,电子城小区东区,60768.6,103065.2,APB,no_hyp,no_hyp,no_hyp,ok,ok,
1214,梵谷水郡,107341.0,182031.7,APB,no_hyp,no_hyp,no_hyp,ok,ok,
1215,,40757.0,69071.4,APB,no_hyp,no_hyp,no_hyp,ok,ok,
1216,丽泽雅园,41003.3,69353.1,APB,no_hyp,no_hyp,no_hyp,ok,ok,
1217,马连道欣园小区,57173.4,96711.6,APB,no_hyp,no_hyp,no_hyp,ok,ok,
1218,金泰城·丽湾,74479.5,125972.4,APB,no_hyp,no_hyp,no_hyp,ok,ok,
1219,鹏润家园,69822.0,118093.9,APB,no_hyp,no_hyp,no_hyp,ok,ok,
1220,万润风景,44316.6,74927.3,APB,no_hyp,no_hyp,no_hyp,ok,ok,
1221,万泉寺南里,80159.2,135538.1,APB,no_hyp,no_hyp,no_hyp,ok,ok,
1222,万寿寺北路12号院,57165.7,96674.8,APB,no_hyp,no_hyp,no_hyp,ok,ok,
1223,万寿寺北路9号院,15289.7,25856.5,APB,no_hyp,no_hyp,no_hyp,ok,ok,
1224,万寿寺北路10号院,11094.3,18762.0,APB,no_hyp,no_hyp,no_hyp,ok,ok,
1225,金都苑,34018.8,57530.1,APB,no_hyp,no_hyp,no_hyp,ok,ok,
1226,诺德家园,10721.8,18131.8,APB,no_hyp,no_hyp,no_hyp,ok,ok,
1227,旧宫新苑北区,47322.1,79884.6,APB,no_hyp,no_hyp,no_hyp,ok,ok,
1228,远大路22号西院,76016.5,128892.4,APB,no_hyp,no_hyp,no_hyp,ok,ok,
1229,朝阳无限,65697.5,111272.9,APB,no_hyp,no_hyp,no_hyp,ok,ok,
1230,朝阳园,39155.6,66319.1,APB,no_hyp,no_hyp,no_hyp,ok,ok,
1231,远大园六区,101784.2,172559.3,APB,no_hyp,no_hyp,no_hyp,ok,ok,
1232,怡丽北园,24393.3,41381.1,APB,no_hyp,no_hyp,no_hyp,ok,ok,
1233,远大路22号东院,29211.6,49530.8,APB,no_hyp,no_hyp,no_hyp,ok,ok,
1234,远大园一区,54215.0,91924.9,APB,no_hyp,no_hyp,no_hyp,ok,ok,
1235,远洋·沁山水,108327.4,183391.2,APB,no_hyp,no_hyp,no_hyp,ok,ok,
1236,翠林小区,251671.2,425535.3,APB,no_hyp,no_hyp,no_hyp,ok,ok,
1237,庑殿家苑A区,73563.8,124245.5,APB,no_hyp,no_hyp,no_hyp,ok,ok,
1238,庑殿家苑B区,60295.4,101831.3,APB,no_hyp,no_hyp,no_hyp,ok,ok,
1239,庑殿家苑C区,29031.3,49028.8,APB,no_hyp,no_hyp,no_hyp,ok,ok,
1240,龙禧苑二区,114463.1,194816.3,APB,no_hyp,no_hyp,no_hyp,ok,ok,
1241,,140289.0,238424.7,APB,no_hyp,no_hyp,no_hyp,ok,ok,
1242,鼓楼大街地铁织补项目,16444.4,27874.9,APB,no_hyp,no_hyp,no_hyp,ok,ok,
1243,,12700.8,21535.3,APB,no_hyp,no_hyp,no_hyp,ok,ok,
1244,观唐,234558.1,403270.8,APB,no_hyp,no_hyp,no_hyp,ok,ok,
1245,葛各庄新村,19131.9,32821.8,APB,no_hyp,no_hyp,no_hyp,ok,ok,
1246,金泰苑小区,10386.7,17809.1,APB,no_hyp,no_hyp,no_hyp,ok,ok,
1247,新乐园,26106.6,44770.8,APB,no_hyp,no_hyp,no_hyp,ok,ok,
1248,鸿翔花园,88360.8,151630.8,APB,no_hyp,no_hyp,no_hyp,ok,ok,
1249,,10677.5,18323.1,APB,no_hyp,no_hyp,no_hyp,ok,ok,
1250,北科建·水岸雁栖,148441.8,254813.5,APB,no_hyp,no_hyp,no_hyp,ok,ok,
1251,雁栖半岛,230044.7,394995.4,APB,no_hyp,no_hyp,no_hyp,ok,ok,
1252,小中富乐二区,11338.0,19442.2,APB,no_hyp,no_hyp,no_hyp,ok,ok,
1253,富乐二区,28532.8,48925.6,APB,no_hyp,no_hyp,no_hyp,ok,ok,
1254,小中富乐二区,24695.0,42344.1,APB,no_hyp,no_hyp,no_hyp,ok,ok,
1255,圣泽峰老年公寓,27330.2,46381.4,APB,no_hyp,no_hyp,no_hyp,ok,ok,
1256,,482977.4,819757.2,APB,no_hyp,no_hyp,no_hyp,ok,ok,
1257,小中富乐二区,14373.5,24646.2,APB,no_hyp,no_hyp,no_hyp,ok,ok,
1258,杨家园,29752.2,51010.4,APB,no_hyp,no_hyp,no_hyp,ok,ok,
1259,富乐小区北里,31006.9,53163.0,APB,no_hyp,no_hyp,no_hyp,ok,ok,
1260,富乐社区29号院,26213.5,44942.7,APB,no_hyp,no_hyp,no_hyp,ok,ok,
1261,新兴居,19161.0,32851.3,APB,no_hyp,no_hyp,no_hyp,ok,ok,
1262,万通·怀柔新新家园,48927.2,83882.8,APB,no_hyp,no_hyp,no_hyp,ok,ok,
1263,潘家园,190543.9,326655.0,APB,no_hyp,no_hyp,no_hyp,ok,ok,
1264,富乐小区南里,6262.5,10735.7,APB,no_hyp,no_hyp,no_hyp,ok,ok,
1265,湖滨花园,17087.9,29293.3,APB,no_hyp,no_hyp,no_hyp,ok,ok,
1266,泊岸,22045.6,37790.6,APB,no_hyp,no_hyp,no_hyp,ok,ok,
1267,湖光小区,74013.2,126866.6,APB,no_hyp,no_hyp,no_hyp,ok,ok,
1268,中铁·西城北区,37804.9,64001.0,APB,no_hyp,no_hyp,no_hyp,ok,ok,
1269,电建地产·长安嘉源,53750.2,90984.3,APB,no_hyp,no_hyp,no_hyp,ok,ok,
1270,电建地产·泷悦长安,33198.3,56202.3,APB,no_hyp,no_hyp,no_hyp,ok,ok,
1271,中铁西城南区,59865.2,101335.5,APB,no_hyp,no_hyp,no_hyp,ok,ok,
1272,梧桐嘉苑,60198.4,101899.2,APB,no_hyp,no_hyp,no_hyp,ok,ok,
1273,知秋园,46071.0,77985.0,APB,no_hyp,no_hyp,no_hyp,ok,ok,
1274,永升嘉园,35809.6,60618.7,APB,no_hyp,no_hyp,no_hyp,ok,ok,
1275,清露园,59844.7,101306.3,APB,no_hyp,no_hyp,no_hyp,ok,ok,
1276,西山燕庐,101675.6,172124.2,APB,no_hyp,no_hyp,no_hyp,ok,ok,
1277,电建·金地华宸,46769.2,79175.3,APB,no_hyp,no_hyp,no_hyp,ok,ok,
1278,远洋新天地二期,40164.7,68002.3,APB,no_hyp,no_hyp,no_hyp,ok,ok,
1279,信园,43201.0,73149.2,APB,no_hyp,no_hyp,no_hyp,ok,ok,
1280,冯村嘉园二区,31781.5,53813.5,APB,no_hyp,no_hyp,no_hyp,ok,ok,
1281,冯村嘉园一区,22870.1,38726.3,APB,no_hyp,no_hyp,no_hyp,ok,ok,
1282,润景公馆,35783.8,60594.4,APB,no_hyp,no_hyp,no_hyp,ok,ok,
1283,润西山,164936.3,279313.8,APB,no_hyp,no_hyp,no_hyp,ok,ok,
1284,润西山B区,50637.5,85749.3,APB,no_hyp,no_hyp,no_hyp,ok,ok,
1285,冯村新园1期,52692.0,89221.3,APB,no_hyp,no_hyp,no_hyp,ok,ok,
1286,冯村新园2期,29199.5,49443.0,APB,no_hyp,no_hyp,no_hyp,ok,ok,
1287,冯村西里小区,18653.3,31586.5,APB,no_hyp,no_hyp,no_hyp,ok,ok,
1288,欣六园小区,17825.9,30185.8,APB,no_hyp,no_hyp,no_hyp,ok,ok,
1289,长安壹号半山上的宫殿,365102.9,618180.7,APB,no_hyp,no_hyp,no_hyp,ok,ok,
1290,保利首开四季怡园南区,36794.0,62282.4,APB,no_hyp,no_hyp,no_hyp,ok,ok,
1291,保利首开四季怡园北区,42584.0,72087.8,APB,no_hyp,no_hyp,no_hyp,ok,ok,
1292,永和新苑,43344.1,73374.1,APB,no_hyp,no_hyp,no_hyp,ok,ok,
1293,北京城建·上悦居,96101.4,162696.3,APB,no_hyp,no_hyp,no_hyp,ok,ok,
1294,丽景长安西区,94475.1,159955.5,APB,no_hyp,no_hyp,no_hyp,ok,ok,
1295,西长安壹号34号院,28081.8,47550.1,APB,no_hyp,no_hyp,no_hyp,ok,ok,
1296,西长安壹号30号院,16439.3,27836.5,APB,no_hyp,no_hyp,no_hyp,ok,ok,
1297,永兴嘉园,21867.8,37032.4,APB,no_hyp,no_hyp,no_hyp,ok,ok,
1298,永兴住宅小区,49269.9,83438.0,APB,no_hyp,no_hyp,no_hyp,ok,ok,
1299,惠康嘉园五区,43510.7,73684.5,APB,no_hyp,no_hyp,no_hyp,ok,ok,
1300,惠康嘉园六区,41878.8,70921.4,APB,no_hyp,no_hyp,no_hyp,ok,ok,
1301,惠康嘉园二区,46071.8,78032.6,APB,no_hyp,no_hyp,no_hyp,ok,ok,
1302,惠康嘉园四区,40959.3,69368.6,APB,no_hyp,no_hyp,no_hyp,ok,ok,
1303,惠康嘉园三区,20023.9,33912.4,APB,no_hyp,no_hyp,no_hyp,ok,ok,
1304,葡东南区,10096.2,17103.4,APB,no_hyp,no_hyp,no_hyp,ok,ok,
1305,檀香府,51903.7,87809.7,APB,no_hyp,no_hyp,no_hyp,ok,ok,
1306,潭柘新区7号院,15597.8,26391.5,APB,no_hyp,no_hyp,no_hyp,ok,ok,
1307,潭柘新区1号院,23764.0,40210.3,APB,no_hyp,no_hyp,no_hyp,ok,ok,
1308,潭柘新区3号院,33155.9,56100.4,APB,no_hyp,no_hyp,no_hyp,ok,ok,
1309,潭柘新区6号院,36803.7,62274.1,APB,no_hyp,no_hyp,no_hyp,ok,ok,
1310,潭柘新区4号院,20472.5,34642.2,APB,no_hyp,no_hyp,no_hyp,ok,ok,
1311,潭柘新区2号院,10833.2,18331.4,APB,no_hyp,no_hyp,no_hyp,ok,ok,
1312,潭柘新区8号院,69147.3,116996.1,APB,no_hyp,no_hyp,no_hyp,ok,ok,
1313,潭柘新区5号院,31129.6,52669.5,APB,no_hyp,no_hyp,no_hyp,ok,ok,
1314,,69878.5,118439.5,APB,no_hyp,no_hyp,no_hyp,ok,ok,
1315,滨河馨居,40764.6,69846.8,APB,no_hyp,no_hyp,no_hyp,ok,ok,
1316,安乐馨居,57157.3,97877.8,APB,no_hyp,no_hyp,no_hyp,ok,ok,
1317,梦想家园西区,23757.7,40671.9,APB,no_hyp,no_hyp,no_hyp,ok,ok,
1318,梦想家园东区,17990.2,30798.4,APB,no_hyp,no_hyp,no_hyp,ok,ok,
1319,东亚·华欣湾B区,59111.3,101236.6,APB,no_hyp,no_hyp,no_hyp,ok,ok,
1320,东亚·华欣湾A区,198110.9,339293.2,APB,no_hyp,no_hyp,no_hyp,ok,ok,
1321,远洋一方北润园,71849.4,121641.3,APB,no_hyp,no_hyp,no_hyp,ok,ok,
1322,管庄新村D区,49684.2,84116.0,APB,no_hyp,no_hyp,no_hyp,ok,ok,
1323,管庄新村D区,42424.0,71820.7,APB,no_hyp,no_hyp,no_hyp,ok,ok,
1324,长河花园,188733.8,321816.7,APB,no_hyp,no_hyp,no_hyp,ok,ok,
1325,保利垄上,682374.2,1164095.2,APB,no_hyp,no_hyp,no_hyp,ok,ok,
1326,智汇·润池讲礼新村,135751.6,231505.0,APB,no_hyp,no_hyp,no_hyp,ok,ok,
1327,北辰红橡墅,336233.7,573246.9,APB,no_hyp,no_hyp,no_hyp,ok,ok,
1328,金隅上城郡,69591.8,118657.2,APB,no_hyp,no_hyp,no_hyp,ok,ok,
1329,远洋傲北,188880.5,322037.1,APB,no_hyp,no_hyp,no_hyp,ok,ok,
1330,北京第二社会福利院家属楼,31454.7,53626.8,APB,no_hyp,no_hyp,no_hyp,ok,ok,
1331,麦卡伦地,193362.1,329630.0,APB,no_hyp,no_hyp,no_hyp,ok,ok,
1332,林墅,74825.5,127554.5,APB,no_hyp,no_hyp,no_hyp,ok,ok,
1333,渡上,156417.8,266626.9,APB,no_hyp,no_hyp,no_hyp,ok,ok,
1334,温哥华森林,642668.2,1095357.0,APB,no_hyp,no_hyp,no_hyp,ok,ok,
1335,温泉花园A区,165352.2,281773.5,APB,no_hyp,no_hyp,no_hyp,ok,ok,
1336,温泉花园B区,231734.9,394905.0,APB,no_hyp,no_hyp,no_hyp,ok,ok,
1337,北亚花园,137322.4,234025.2,APB,no_hyp,no_hyp,no_hyp,ok,ok,
1338,蓬莱公寓,196008.7,333989.1,APB,no_hyp,no_hyp,no_hyp,ok,ok,
1339,珠江壹千栋,732123.9,1247322.7,APB,no_hyp,no_hyp,no_hyp,ok,ok,
1340,冠华苑·萱草园,64753.9,110320.2,APB,no_hyp,no_hyp,no_hyp,ok,ok,
1341,冠雅苑,57728.4,98338.0,APB,no_hyp,no_hyp,no_hyp,ok,ok,
1342,名佳花园,396545.6,675333.4,APB,no_hyp,no_hyp,no_hyp,ok,ok,
1343,王府温馨公寓,176127.0,299966.5,APB,no_hyp,no_hyp,no_hyp,ok,ok,
1344,,18602.5,31490.2,APB,no_hyp,no_hyp,no_hyp,ok,ok,
1345,后南仓小区,81514.2,137997.7,APB,no_hyp,no_hyp,no_hyp,ok,ok,
1346,远洋一方花语苑,46603.0,78892.4,APB,no_hyp,no_hyp,no_hyp,ok,ok,
1347,远洋一方润园东区,95193.9,161153.7,APB,no_hyp,no_hyp,no_hyp,ok,ok,
1348,远洋一方润园西区,54921.9,92977.9,APB,no_hyp,no_hyp,no_hyp,ok,ok,
1349,塔营北街3号院,73102.9,123764.5,APB,no_hyp,no_hyp,no_hyp,ok,ok,
1350,远洋一方溪语苑,86535.1,146483.2,APB,no_hyp,no_hyp,no_hyp,ok,ok,
1351,洋一方林语苑,59482.0,100687.6,APB,no_hyp,no_hyp,no_hyp,ok,ok,
1352,康泉小区,70777.5,119815.4,APB,no_hyp,no_hyp,no_hyp,ok,ok,
1353,朝阳·旺角,63049.1,106748.4,APB,no_hyp,no_hyp,no_hyp,ok,ok,
1354,蝶泉花园,96494.2,163510.6,APB,no_hyp,no_hyp,no_hyp,ok,ok,
1355,长桥园公寓,47196.7,79914.0,APB,no_hyp,no_hyp,no_hyp,ok,ok,
1356,通州区八里桥南街小区,26874.4,45501.1,APB,no_hyp,no_hyp,no_hyp,ok,ok,
1357,天时名苑,86999.5,147295.7,APB,no_hyp,no_hyp,no_hyp,ok,ok,
1358,朗峰嘉园,12855.9,21764.9,APB,no_hyp,no_hyp,no_hyp,ok,ok,
1359,通典铭居,45356.6,76798.4,APB,no_hyp,no_hyp,no_hyp,ok,ok,
1360,朝北8080,76270.5,129266.1,APB,no_hyp,no_hyp,no_hyp,ok,ok,
1361,翠福园,215865.5,365907.6,APB,no_hyp,no_hyp,no_hyp,ok,ok,
1362,天泰新苑小区(通惠河南路),44811.9,75866.2,APB,no_hyp,no_hyp,no_hyp,ok,ok,
1363,玲珑山,68402.4,115804.2,APB,no_hyp,no_hyp,no_hyp,ok,ok,
1364,天泰北双苑小区,55304.3,93629.8,APB,no_hyp,no_hyp,no_hyp,ok,ok,
1365,瑞祥里东区,93609.8,158517.6,APB,no_hyp,no_hyp,no_hyp,ok,ok,
1366,瑞祥里西区,57886.0,98020.4,APB,no_hyp,no_hyp,no_hyp,ok,ok,
1367,瑞祥里西区北区,33202.3,56226.1,APB,no_hyp,no_hyp,no_hyp,ok,ok,
1368,东军庄,110636.3,187382.3,APB,no_hyp,no_hyp,no_hyp,ok,ok,
1369,朝通嘉园,26542.9,44957.4,APB,no_hyp,no_hyp,no_hyp,ok,ok,
1370,孙各庄家园,71694.9,121459.2,APB,no_hyp,no_hyp,no_hyp,ok,ok,
1371,中建红杉溪谷东区,99384.6,168447.8,APB,no_hyp,no_hyp,no_hyp,ok,ok,
1372,中建红杉溪谷西区,58485.8,99126.6,APB,no_hyp,no_hyp,no_hyp,ok,ok,
1373,中建雅颂居,26465.8,44857.8,APB,no_hyp,no_hyp,no_hyp,ok,ok,
1374,疃里庄园,125713.3,213098.9,APB,no_hyp,no_hyp,no_hyp,ok,ok,
1375,新潮嘉园三区,58610.6,99320.9,APB,no_hyp,no_hyp,no_hyp,ok,ok,
1376,新潮嘉园二区,71714.0,121523.0,APB,no_hyp,no_hyp,no_hyp,ok,ok,
1377,新潮嘉园一区,40140.9,68017.2,APB,no_hyp,no_hyp,no_hyp,ok,ok,
1378,小潞邑,47480.9,80457.9,APB,no_hyp,no_hyp,no_hyp,ok,ok,
1379,东逸佳苑,46926.3,79522.1,APB,no_hyp,no_hyp,no_hyp,ok,ok,
1380,珠江·东都国际,68674.3,116365.5,APB,no_hyp,no_hyp,no_hyp,ok,ok,
1381,东亚·逸品阁,32628.8,55289.5,APB,no_hyp,no_hyp,no_hyp,ok,ok,
1382,通瑞嘉苑,192242.0,325773.0,APB,no_hyp,no_hyp,no_hyp,ok,ok,
1383,珠江·拉维小镇,126791.1,214874.9,APB,no_hyp,no_hyp,no_hyp,ok,ok,
1384,上潞园小区,37660.5,63827.3,APB,no_hyp,no_hyp,no_hyp,ok,ok,
1385,新地国际家园,64130.2,108716.3,APB,no_hyp,no_hyp,no_hyp,ok,ok,
1386,,61271.7,103878.0,APB,no_hyp,no_hyp,no_hyp,ok,ok,
1387,金地格林格林北区,56496.6,95782.4,APB,no_hyp,no_hyp,no_hyp,ok,ok,
1388,金地格林格林南区,36900.5,62556.3,APB,no_hyp,no_hyp,no_hyp,ok,ok,
1389,莲花小区,77820.3,131722.0,APB,no_hyp,no_hyp,no_hyp,ok,ok,
1390,润泽公馆,194044.8,329957.4,APB,no_hyp,no_hyp,no_hyp,ok,ok,
1391,,529424.6,913639.9,APB,no_hyp,no_hyp,no_hyp,ok,ok,
1392,姚家营,504424.8,868049.8,APB,no_hyp,no_hyp,no_hyp,ok,ok,
1393,,1132879.9,1952941.6,APB,no_hyp,no_hyp,no_hyp,ok,ok,
1394,,116678.3,198400.2,APB,no_hyp,no_hyp,no_hyp,ok,ok,
1395,,32322.3,54884.9,APB,no_hyp,no_hyp,no_hyp,ok,ok,
1396,,160532.7,272518.2,APB,no_hyp,no_hyp,no_hyp,ok,ok,
1397,,100091.4,169875.8,APB,no_hyp,no_hyp,no_hyp,ok,ok,
1398,莱圳家园南区,74339.7,126375.8,APB,no_hyp,no_hyp,no_hyp,ok,ok,
1399,枣园小区,256094.1,431663.2,APB,no_hyp,no_hyp,no_hyp,ok,ok,
1400,望京西园一区,157847.5,268017.3,APB,no_hyp,no_hyp,no_hyp,ok,ok,
1401,南湖中园二区,167577.6,284500.7,APB,no_hyp,no_hyp,no_hyp,ok,ok,
1402,丽园东里,21200.8,35733.2,APB,no_hyp,no_hyp,no_hyp,ok,ok,
1403,丽园家属区（北京石油化工学院）,60986.5,102785.1,APB,no_hyp,no_hyp,no_hyp,ok,ok,
1404,康庄路50号院,53212.4,89703.7,APB,no_hyp,no_hyp,no_hyp,ok,ok,
1405,兴盛街187号院,104480.3,176126.7,APB,no_hyp,no_hyp,no_hyp,ok,ok,
1406,康庄中巷4号院,36765.6,61975.5,APB,no_hyp,no_hyp,no_hyp,ok,ok,
1407,骏城小区,77624.6,130866.8,APB,no_hyp,no_hyp,no_hyp,ok,ok,
1408,丽园小区C区,98840.3,166589.8,APB,no_hyp,no_hyp,no_hyp,ok,ok,
1409,丽园小区B区,147613.0,248811.3,APB,no_hyp,no_hyp,no_hyp,ok,ok,
1410,丽园小区A区,99136.5,167112.8,APB,no_hyp,no_hyp,no_hyp,ok,ok,
1411,红木林南区,43635.7,73556.0,APB,no_hyp,no_hyp,no_hyp,ok,ok,
1412,红木林北区,108111.7,182249.6,APB,no_hyp,no_hyp,no_hyp,ok,ok,
1413,枣园尚城北区,60340.9,101722.3,APB,no_hyp,no_hyp,no_hyp,ok,ok,
1414,枣园尚城南区,52856.7,89100.2,APB,no_hyp,no_hyp,no_hyp,ok,ok,
1415,,11170.4,18914.1,APB,no_hyp,no_hyp,no_hyp,ok,ok,
1416,康宜家园（南区）,31425.0,52960.4,APB,no_hyp,no_hyp,no_hyp,ok,ok,
1417,康宜家园（北区）,34360.0,57909.1,APB,no_hyp,no_hyp,no_hyp,ok,ok,
1418,汇才公寓,20099.0,34341.9,APB,no_hyp,no_hyp,no_hyp,ok,ok,
1419,中铁碧桂园丰锦苑,58305.2,99236.4,APB,no_hyp,no_hyp,no_hyp,ok,ok,
1420,康桥水郡,29835.8,50598.6,APB,no_hyp,no_hyp,no_hyp,ok,ok,
1421,,97113.8,167492.5,APB,no_hyp,no_hyp,no_hyp,ok,ok,
1422,金隅嘉和园,67592.7,115496.1,APB,no_hyp,no_hyp,no_hyp,ok,ok,
1423,,12584.4,21460.8,APB,no_hyp,no_hyp,no_hyp,ok,ok,
1424,,907.8,60069.2,EOB,ok,no_hyp,no_hyp,ok,ok,
1425,,31450.4,54414.4,APB,no_hyp,no_hyp,no_hyp,ok,ok,
1426,,5099.6,8832.1,APB,no_hyp,no_hyp,no_hyp,ok,ok,
1427,,5454.9,9455.4,APB,no_hyp,no_hyp,no_hyp,ok,ok,
1428,香山100,176226.9,298946.4,APB,no_hyp,no_hyp,no_hyp,ok,ok,
1429,门头馨园北区,113863.5,193197.2,APB,no_hyp,no_hyp,no_hyp,ok,ok,
1430,门头馨园东区,40992.6,69553.5,APB,no_hyp,no_hyp,no_hyp,ok,ok,
1431,门头馨园南区,47962.7,81372.8,APB,no_hyp,no_hyp,no_hyp,ok,ok,
1432,颐丰庄园西区,20170.1,34325.2,APB,no_hyp,no_hyp,no_hyp,ok,ok,
1433,颐丰庄园,97807.8,166456.1,APB,no_hyp,no_hyp,no_hyp,ok,ok,
1434,大牛坊社区2期,48494.3,82540.8,APB,no_hyp,no_hyp,no_hyp,ok,ok,
1435,大牛坊社区4期,30111.7,51254.1,APB,no_hyp,no_hyp,no_hyp,ok,ok,
1436,大牛坊社区3期,32047.5,54549.7,APB,no_hyp,no_hyp,no_hyp,ok,ok,
1437,建材城西二里,73834.7,125587.1,APB,no_hyp,no_hyp,no_hyp,ok,ok,
1438,知本时代,69115.6,117561.2,APB,no_hyp,no_hyp,no_hyp,ok,ok,
1439,建材城西一里,51071.2,86866.1,APB,no_hyp,no_hyp,no_hyp,ok,ok,
1440,新康园南区,30420.3,51742.0,APB,no_hyp,no_hyp,no_hyp,ok,ok,
1441,北新家园,69190.9,117684.5,APB,no_hyp,no_hyp,no_hyp,ok,ok,
1442,上林溪(安宁华庭),146053.0,248296.9,APB,no_hyp,no_hyp,no_hyp,ok,ok,
1443,雅世合金公寓,37374.8,63320.8,APB,no_hyp,no_hyp,no_hyp,ok,ok,
1444,三才堂甲62号院,13193.3,22393.6,APB,no_hyp,no_hyp,no_hyp,ok,ok,
1445,,19413.9,32945.5,APB,no_hyp,no_hyp,no_hyp,ok,ok,
1446,富润家园,24869.2,42222.0,APB,no_hyp,no_hyp,no_hyp,ok,ok,
1447,石科院生活区,147868.1,251036.8,APB,no_hyp,no_hyp,no_hyp,ok,ok,
1448,建西苑,168546.5,285483.6,APB,no_hyp,no_hyp,no_hyp,ok,ok,
1449,,24019.8,40688.7,APB,no_hyp,no_hyp,no_hyp,ok,ok,
1450,璟公馆,72243.9,122368.0,APB,no_hyp,no_hyp,no_hyp,ok,ok,
1451,美丽星苑,16132.1,27337.2,APB,no_hyp,no_hyp,no_hyp,ok,ok,
1452,美丽经典,60802.2,103040.9,APB,no_hyp,no_hyp,no_hyp,ok,ok,
1453,五福玲珑居,104954.2,177873.0,APB,no_hyp,no_hyp,no_hyp,ok,ok,
1454,恩济里小区,143607.1,243314.1,APB,no_hyp,no_hyp,no_hyp,ok,ok,
1455,京洲世家,66451.6,112401.6,APB,no_hyp,no_hyp,no_hyp,ok,ok,
1456,煤厂街27号院东院,9406.2,15967.2,APB,no_hyp,no_hyp,no_hyp,ok,ok,
1457,,140873.4,239212.8,APB,no_hyp,no_hyp,no_hyp,ok,ok,
1458,农大小区-北区,50405.6,85602.3,APB,no_hyp,no_hyp,no_hyp,ok,ok,
1459,煤厂街27号院西院,10757.5,18261.1,APB,no_hyp,no_hyp,no_hyp,ok,ok,
1460,玺萌丽苑,42543.3,71913.7,APB,no_hyp,no_hyp,no_hyp,ok,ok,
1461,御京花园,8037.1,13617.8,APB,no_hyp,no_hyp,no_hyp,ok,ok,
1462,首座御园1期,248849.3,419366.2,APB,no_hyp,no_hyp,no_hyp,ok,ok,
1463,首座御园2期,228104.5,384464.0,APB,no_hyp,no_hyp,no_hyp,ok,ok,
1464,首座御园3期,118455.0,199679.2,APB,no_hyp,no_hyp,no_hyp,ok,ok,
1465,首开·常青藤E区,83871.3,142237.0,APB,no_hyp,no_hyp,no_hyp,ok,ok,
1466,单店砖厂家属住宅楼,11323.2,19202.3,APB,no_hyp,no_hyp,no_hyp,ok,ok,
1467,,33567.1,56923.5,APB,no_hyp,no_hyp,no_hyp,ok,ok,
1468,东八所,12425.8,21042.0,APB,no_hyp,no_hyp,no_hyp,ok,ok,
1469,,780492.2,1330402.5,APB,no_hyp,no_hyp,no_hyp,ok,ok,
1470,,655364.9,1116903.3,APB,no_hyp,no_hyp,no_hyp,ok,ok,
1471,,368426.0,627710.9,APB,no_hyp,no_hyp,no_hyp,ok,ok,
1472,,433459.8,738397.5,APB,no_hyp,no_hyp,no_hyp,ok,ok,
1473,望泉西里二区,163903.6,279248.1,APB,no_hyp,no_hyp,no_hyp,ok,ok,
1474,万科四季花城,248776.5,423928.9,APB,no_hyp,no_hyp,no_hyp,ok,ok,
1475,,510265.9,865098.7,APB,no_hyp,no_hyp,no_hyp,ok,ok,
1476,,359166.2,608878.5,APB,no_hyp,no_hyp,no_hyp,ok,ok,
1477,,1921063.3,3258320.6,APB,no_hyp,no_hyp,no_hyp,ok,ok,
1478,朝丰家园4号院,49475.4,83650.5,APB,no_hyp,no_hyp,no_hyp,ok,ok,
1479,,916170.0,1556628.2,APB,no_hyp,no_hyp,no_hyp,ok,ok,
1480,,312119.5,528803.6,APB,no_hyp,no_hyp,no_hyp,ok,ok,
1481,泰禾中国院子,333699.7,565216.3,APB,no_hyp,no_hyp,no_hyp,ok,ok,
1482,,94814.9,160605.6,APB,no_hyp,no_hyp,no_hyp,ok,ok,
1483,,532579.4,901989.1,APB,no_hyp,no_hyp,no_hyp,ok,ok,
1484,,94485.7,160130.4,APB,no_hyp,no_hyp,no_hyp,ok,ok,
1485,,235173.6,394971.9,APB,no_hyp,no_hyp,no_hyp,ok,ok,
1486,,177727.7,298509.5,APB,no_hyp,no_hyp,no_hyp,ok,ok,
1487,,340067.2,571257.8,APB,no_hyp,no_hyp,no_hyp,ok,ok,
1488,,266048.1,446861.3,APB,no_hyp,no_hyp,no_hyp,ok,ok,
1489,,89938.2,151047.2,APB,no_hyp,no_hyp,no_hyp,ok,ok,
1490,安河家园,259468.7,441421.3,APB,no_hyp,no_hyp,no_hyp,ok,ok,
1491,,12749.1,21692.2,APB,no_hyp,no_hyp,no_hyp,ok,ok,
1492,,30608.6,52077.6,APB,no_hyp,no_hyp,no_hyp,ok,ok,
1493,,43880.7,74658.7,APB,no_hyp,no_hyp,no_hyp,ok,ok,
1494,,58470.1,99475.1,APB,no_hyp,no_hyp,no_hyp,ok,ok,
1495,,20272.8,34489.9,APB,no_hyp,no_hyp,no_hyp,ok,ok,
1496,西颐小区,19701.9,33514.5,APB,no_hyp,no_hyp,no_hyp,ok,ok,
1497,北分厂家属区,85445.5,145350.9,APB,no_hyp,no_hyp,no_hyp,ok,ok,
1498,芳清园,69736.5,118508.3,APB,no_hyp,no_hyp,no_hyp,ok,ok,
1499,远洋·LAVIE,1274174.6,2165095.0,APB,no_hyp,no_hyp,no_hyp,ok,ok,
1500,卓锦万代,179581.0,305117.3,APB,no_hyp,no_hyp,no_hyp,ok,ok,
1501,金盏嘉园C区,125761.1,213571.7,APB,no_hyp,no_hyp,no_hyp,ok,ok,
1502,金盏嘉园B区,90432.0,153576.4,APB,no_hyp,no_hyp,no_hyp,ok,ok,
1503,榆园小区,51801.1,87965.9,APB,no_hyp,no_hyp,no_hyp,ok,ok,
1504,金盏嘉园A区,49828.8,84622.8,APB,no_hyp,no_hyp,no_hyp,ok,ok,
1505,金盏嘉园D区,114183.9,193907.6,APB,no_hyp,no_hyp,no_hyp,ok,ok,
1506,,1601748.7,2720002.7,APB,no_hyp,no_hyp,no_hyp,ok,ok,
1507,首开·常青藤B区,161561.3,274034.6,APB,no_hyp,no_hyp,no_hyp,ok,ok,
1508,首开·常青藤D区,123472.3,209411.1,APB,no_hyp,no_hyp,no_hyp,ok,ok,
1509,北京奥林匹克花园二期北区,93772.6,159040.9,APB,no_hyp,no_hyp,no_hyp,ok,ok,
1510,北京奥林匹克花园一期北区,79679.4,135138.4,APB,no_hyp,no_hyp,no_hyp,ok,ok,
1511,东坝家园A区,166042.1,281638.6,APB,no_hyp,no_hyp,no_hyp,ok,ok,
1512,东坝家园B区,103243.3,175117.6,APB,no_hyp,no_hyp,no_hyp,ok,ok,
1513,北京奥林匹克花园二期南区,69748.9,118287.7,APB,no_hyp,no_hyp,no_hyp,ok,ok,
1514,北京奥林匹克花园一期南区,68773.5,116633.5,APB,no_hyp,no_hyp,no_hyp,ok,ok,
1515,朝新嘉园东里二区,86761.5,147083.6,APB,no_hyp,no_hyp,no_hyp,ok,ok,
1516,朝新嘉园东里三区,45456.2,77053.6,APB,no_hyp,no_hyp,no_hyp,ok,ok,
1517,朝新嘉园东里四区,122943.4,208403.2,APB,no_hyp,no_hyp,no_hyp,ok,ok,
1518,光明山老年公寓,41715.9,70676.5,APB,no_hyp,no_hyp,no_hyp,ok,ok,
1519,白家楼,232388.5,393716.5,APB,no_hyp,no_hyp,no_hyp,ok,ok,
1520,,20282.4,35234.8,APB,no_hyp,no_hyp,no_hyp,ok,ok,
1521,信堡·水岸公馆,25481.3,43125.6,APB,no_hyp,no_hyp,no_hyp,ok,ok,
1522,小东流村,199134.6,339718.4,APB,no_hyp,no_hyp,no_hyp,ok,ok,
1523,北京印象,67237.1,113908.2,APB,no_hyp,no_hyp,no_hyp,ok,ok,
1524,,871976.8,1463925.7,APB,no_hyp,no_hyp,no_hyp,ok,ok,
1525,,14908.8,25296.7,APB,no_hyp,no_hyp,no_hyp,ok,ok,
1526,绿色庄园,66753.3,112402.9,APB,no_hyp,no_hyp,no_hyp,ok,ok,
1527,,3606.2,9206.1,EOB,ok,no_hyp,no_hyp,ok,ok,
1528,芳园里北区,39747.7,67432.1,APB,no_hyp,no_hyp,no_hyp,ok,ok,
1529,泉河二区,72636.0,124517.7,APB,no_hyp,no_hyp,no_hyp,ok,ok,
1530,大屯村,174912.7,299826.5,APB,no_hyp,no_hyp,no_hyp,ok,ok,
1531,泉河人才家园,36208.5,62062.0,APB,no_hyp,no_hyp,no_hyp,ok,ok,
1532,,586199.4,988488.0,APB,no_hyp,no_hyp,no_hyp,ok,ok,
1533,,11171.0,18856.7,APB,no_hyp,no_hyp,no_hyp,ok,ok,
1534,,226783.5,382993.3,APB,no_hyp,no_hyp,no_hyp,ok,ok,
1535,,284702.6,480850.2,APB,no_hyp,no_hyp,no_hyp,ok,ok,
1536,,616432.6,1040974.7,APB,no_hyp,no_hyp,no_hyp,ok,ok,
1537,,511912.3,864593.0,APB,no_hyp,no_hyp,no_hyp,ok,ok,
1538,,177011.4,299003.2,APB,no_hyp,no_hyp,no_hyp,ok,ok,
1539,望京西园四区,257391.9,436948.7,APB,no_hyp,no_hyp,no_hyp,ok,ok,
1540,,159104.9,268640.5,APB,no_hyp,no_hyp,no_hyp,ok,ok,
1541,,388152.8,655303.5,APB,no_hyp,no_hyp,no_hyp,ok,ok,
1542,,26293.5,44384.6,APB,no_hyp,no_hyp,no_hyp,ok,ok,
1543,,185730.4,313457.9,APB,no_hyp,no_hyp,no_hyp,ok,ok,
1544,,2034.3,3434.0,APB,no_hyp,no_hyp,no_hyp,ok,ok,
1545,,315868.2,533133.6,APB,no_hyp,no_hyp,no_hyp,ok,ok,
1546,,440875.9,744163.6,APB,no_hyp,no_hyp,no_hyp,ok,ok,
1547,北京大学燕北园,104152.1,176874.2,APB,no_hyp,no_hyp,no_hyp,ok,ok,
1548,蓝旗营教师住宅区,73271.9,124375.3,APB,no_hyp,no_hyp,no_hyp,ok,ok,
1549,科源社区,160777.4,272863.3,APB,no_hyp,no_hyp,no_hyp,ok,ok,
1550,北京大学畅春新园,29096.6,49387.3,APB,no_hyp,no_hyp,no_hyp,ok,ok,
1551,万科翡翠书院,98251.5,167214.0,APB,no_hyp,no_hyp,no_hyp,ok,ok,
1552,紫南家园南园,55242.3,93446.7,APB,no_hyp,no_hyp,no_hyp,ok,ok,
1553,紫南家园南园,65979.7,111606.1,APB,no_hyp,no_hyp,no_hyp,ok,ok,
1554,世纪东方嘉园,45362.7,76735.1,APB,no_hyp,no_hyp,no_hyp,ok,ok,
1555,世纪东方嘉园南园,65027.0,109997.6,APB,no_hyp,no_hyp,no_hyp,ok,ok,
1556,紫南家园北区,57047.1,96505.2,APB,no_hyp,no_hyp,no_hyp,ok,ok,
1557,世纪东方嘉园北园,117655.9,199040.9,APB,no_hyp,no_hyp,no_hyp,ok,ok,
1558,广华新城一区,94214.7,159446.1,APB,no_hyp,no_hyp,no_hyp,ok,ok,
1559,广华新城三区,164031.6,277601.0,APB,no_hyp,no_hyp,no_hyp,ok,ok,
1560,广华新城二区,171404.1,290079.5,APB,no_hyp,no_hyp,no_hyp,ok,ok,
1561,,91956.3,155610.4,APB,no_hyp,no_hyp,no_hyp,ok,ok,
1562,广泰西路,153653.5,260004.0,APB,no_hyp,no_hyp,no_hyp,ok,ok,
1563,官悦欣园B区,166873.8,282335.7,APB,no_hyp,no_hyp,no_hyp,ok,ok,
1564,燕保百湾家园,112448.7,190303.9,APB,no_hyp,no_hyp,no_hyp,ok,ok,
1565,三合南里南区,47937.0,80754.9,APB,no_hyp,no_hyp,no_hyp,ok,ok,
1566,三合南里,45353.8,76407.8,APB,no_hyp,no_hyp,no_hyp,ok,ok,
1567,模式口北里,109116.5,184908.0,APB,no_hyp,no_hyp,no_hyp,ok,ok,
1568,模式口西里,321243.0,544327.0,APB,no_hyp,no_hyp,no_hyp,ok,ok,
1569,八大处山庄,34342.7,58227.2,APB,no_hyp,no_hyp,no_hyp,ok,ok,
1570,亚宝时代,11085.6,18778.8,APB,no_hyp,no_hyp,no_hyp,ok,ok,
1571,定福家园南里1号院,27337.9,46310.1,APB,no_hyp,no_hyp,no_hyp,ok,ok,
1572,定福家园南里2号院,21876.9,37059.2,APB,no_hyp,no_hyp,no_hyp,ok,ok,
1573,定福家园南里3号院,26299.6,44551.3,APB,no_hyp,no_hyp,no_hyp,ok,ok,
1574,北京城建朝青知筑,49171.6,83300.5,APB,no_hyp,no_hyp,no_hyp,ok,ok,
1575,定福家园北里2号院,12716.2,21542.6,APB,no_hyp,no_hyp,no_hyp,ok,ok,
1576,金蝉南里,159224.6,269247.6,APB,no_hyp,no_hyp,no_hyp,ok,ok,
1577,北京华侨城A区2号院,153294.0,259241.9,APB,no_hyp,no_hyp,no_hyp,ok,ok,
1578,北京华侨城A区1号院,85087.8,143908.4,APB,no_hyp,no_hyp,no_hyp,ok,ok,
1579,金蝉北里,125647.2,212505.6,APB,no_hyp,no_hyp,no_hyp,ok,ok,
1580,垡头西里3区,38200.5,64597.2,APB,no_hyp,no_hyp,no_hyp,ok,ok,
1581,垡头西里,151416.0,256049.3,APB,no_hyp,no_hyp,no_hyp,ok,ok,
1582,垡头西里1区,39464.4,66741.8,APB,no_hyp,no_hyp,no_hyp,ok,ok,
1583,垡头北里,69857.1,118147.9,APB,no_hyp,no_hyp,no_hyp,ok,ok,
1584,垡头西里2区,69975.4,118339.5,APB,no_hyp,no_hyp,no_hyp,ok,ok,
1585,格林莱雅,32179.2,54421.4,APB,no_hyp,no_hyp,no_hyp,ok,ok,
1586,金蝉里,37768.7,63873.1,APB,no_hyp,no_hyp,no_hyp,ok,ok,
1587,,789.7,1338.7,APB,ok,no_hyp,no_hyp,ok,ok,
1588,慧谷时空,28480.8,48357.3,APB,no_hyp,no_hyp,no_hyp,ok,ok,
1589,望京西园二区,42893.9,72833.4,APB,no_hyp,no_hyp,no_hyp,ok,ok,
1590,美域家园（南区）,174200.9,294670.2,APB,no_hyp,no_hyp,no_hyp,ok,ok,
1591,,50454.3,85050.4,APB,no_hyp,no_hyp,no_hyp,ok,ok,
1592,,448202.0,751765.4,APB,no_hyp,no_hyp,no_hyp,ok,ok,
1593,,66424.8,111378.6,APB,no_hyp,no_hyp,no_hyp,ok,ok,
1594,,563013.4,943690.6,APB,no_hyp,no_hyp,no_hyp,ok,ok,
1595,,623939.9,1046515.5,APB,no_hyp,no_hyp,no_hyp,ok,ok,
1596,,424266.2,711772.3,APB,no_hyp,no_hyp,no_hyp,ok,ok,
1597,,318959.4,535475.1,APB,no_hyp,no_hyp,no_hyp,ok,ok,
1598,,940230.7,1578201.1,APB,no_hyp,no_hyp,no_hyp,ok,ok,
1599,下花楼,55036.6,95002.8,APB,no_hyp,no_hyp,no_hyp,ok,ok,
1600,鸿顺园东区,49254.1,82948.9,APB,no_hyp,no_hyp,no_hyp,ok,ok,
1601,文慧园小区（西区）,17895.0,30336.8,APB,no_hyp,no_hyp,no_hyp,ok,ok,
1602,水泉沟,20600.0,35407.7,APB,no_hyp,no_hyp,no_hyp,ok,ok,
1603,,20603.7,35411.0,APB,no_hyp,no_hyp,no_hyp,ok,ok,
1604,六里桥十号院,36839.3,62332.3,APB,no_hyp,no_hyp,no_hyp,ok,ok,
1605,风荷曲苑,85685.8,144981.1,APB,no_hyp,no_hyp,no_hyp,ok,ok,
1606,玉璞家园,13702.7,23179.3,APB,no_hyp,no_hyp,no_hyp,ok,ok,
1607,泰禾西府,57734.2,97659.9,APB,no_hyp,no_hyp,no_hyp,ok,ok,
1608,青龙湖公寓,17076.2,28823.6,APB,no_hyp,no_hyp,no_hyp,ok,ok,
1609,北京半岛,64849.8,109457.3,APB,no_hyp,no_hyp,no_hyp,ok,ok,
1610,海淀路社区,31818.7,53998.8,APB,no_hyp,no_hyp,no_hyp,ok,ok,
1611,乐府江南小区,132786.5,224966.7,APB,no_hyp,no_hyp,no_hyp,ok,ok,
1612,,104346.2,177062.8,APB,no_hyp,no_hyp,no_hyp,ok,ok,
1613,北京湾,257519.6,440046.6,APB,no_hyp,no_hyp,no_hyp,ok,ok,
1614,,3441.7,5864.5,APB,no_hyp,no_hyp,no_hyp,ok,ok,
1615,馨瑞嘉园,126447.8,215464.5,APB,no_hyp,no_hyp,no_hyp,ok,ok,
1616,石佛寺村,117781.9,199696.2,APB,no_hyp,no_hyp,no_hyp,ok,ok,
1617,古月佳园,79275.4,134235.2,APB,no_hyp,no_hyp,no_hyp,ok,ok,
1618,古月家园东区,59942.6,101499.7,APB,no_hyp,no_hyp,no_hyp,ok,ok,
1619,堡辛新村,21020.4,35593.0,APB,no_hyp,no_hyp,no_hyp,ok,ok,
1620,后北营家园三区,47924.7,81156.5,APB,no_hyp,no_hyp,no_hyp,ok,ok,
1621,紫运南里三区,55258.9,93561.0,APB,no_hyp,no_hyp,no_hyp,ok,ok,
1622,紫运园,63466.7,107481.9,APB,no_hyp,no_hyp,no_hyp,ok,ok,
1623,金融街武夷·融御,63412.5,107398.5,APB,no_hyp,no_hyp,no_hyp,ok,ok,
1624,荔景园,80508.7,136338.9,APB,no_hyp,no_hyp,no_hyp,ok,ok,
1625,荔景园,45747.1,77469.7,APB,no_hyp,no_hyp,no_hyp,ok,ok,
1626,武夷花园·月季园,76583.2,129717.2,APB,no_hyp,no_hyp,no_hyp,ok,ok,
1627,武夷花园·紫荆园,115072.1,194909.8,APB,no_hyp,no_hyp,no_hyp,ok,ok,
1628,武夷花园·牡丹园,161216.0,273065.8,APB,no_hyp,no_hyp,no_hyp,ok,ok,
1629,K2清水湾,116956.0,198139.5,APB,no_hyp,no_hyp,no_hyp,ok,ok,
1630,耿庄家园,25207.0,42706.7,APB,no_hyp,no_hyp,no_hyp,ok,ok,
1631,王家场村,36130.5,61212.8,APB,no_hyp,no_hyp,no_hyp,ok,ok,
1632,诺丁山,11338.7,19210.8,APB,no_hyp,no_hyp,no_hyp,ok,ok,
1633,运通花园,246656.3,417865.8,APB,no_hyp,no_hyp,no_hyp,ok,ok,
1634,古韵新居,19627.4,33253.8,APB,no_hyp,no_hyp,no_hyp,ok,ok,
1635,澜花语岸,54369.7,92113.1,APB,no_hyp,no_hyp,no_hyp,ok,ok,
1636,至善家园,17238.9,29208.4,APB,no_hyp,no_hyp,no_hyp,ok,ok,
1637,潞潮佳苑,32899.4,55742.7,APB,no_hyp,no_hyp,no_hyp,ok,ok,
1638,珠江国际城八区,95260.7,161409.0,APB,no_hyp,no_hyp,no_hyp,ok,ok,
1639,珠江丽景家园,68158.3,115487.2,APB,no_hyp,no_hyp,no_hyp,ok,ok,
1640,珠江国际城一期,93225.8,157966.1,APB,no_hyp,no_hyp,no_hyp,ok,ok,
1641,石园东苑,132597.7,225817.8,APB,no_hyp,no_hyp,no_hyp,ok,ok,
1642,富锦嘉园,347514.3,586865.3,APB,no_hyp,no_hyp,no_hyp,ok,ok,
1643,中海苏黎世家,38266.5,64625.6,APB,no_hyp,no_hyp,no_hyp,ok,ok,
1644,永华北里,56456.7,95102.0,APB,no_hyp,no_hyp,no_hyp,ok,ok,
1645,清城北区,136028.5,229199.2,APB,no_hyp,no_hyp,no_hyp,ok,ok,
1646,龙兴园南区,38746.8,65891.0,APB,no_hyp,no_hyp,no_hyp,ok,ok,
1647,天巢园,7578.2,12887.6,APB,no_hyp,no_hyp,no_hyp,ok,ok,
1648,新河西路小区,44150.4,74863.7,APB,no_hyp,no_hyp,no_hyp,ok,ok,
1649,晾果厂小区,98856.4,167407.2,APB,no_hyp,no_hyp,no_hyp,ok,ok,
1650,广源小区西区,63829.8,108027.8,APB,no_hyp,no_hyp,no_hyp,ok,ok,
1651,广源小区东区,44100.0,74636.7,APB,no_hyp,no_hyp,no_hyp,ok,ok,
1652,丽水莲花,33133.1,56077.0,APB,no_hyp,no_hyp,no_hyp,ok,ok,
1653,三义里,33728.8,57078.6,APB,no_hyp,no_hyp,no_hyp,ok,ok,
1654,三义西里,28450.4,48145.9,APB,no_hyp,no_hyp,no_hyp,ok,ok,
1655,华润·橡树湾,100628.1,172636.4,APB,no_hyp,no_hyp,no_hyp,ok,ok,
1656,长兴东街9号院,57189.1,96438.0,APB,no_hyp,no_hyp,no_hyp,ok,ok,
1657,芭蕾雨·悦都,134380.5,226569.8,APB,no_hyp,no_hyp,no_hyp,ok,ok,
1658,五和万科长阳天地,46737.1,78819.9,APB,no_hyp,no_hyp,no_hyp,ok,ok,
1659,国际花园,112431.9,189624.0,APB,no_hyp,no_hyp,no_hyp,ok,ok,
1660,悦都新苑一区,45132.1,76120.0,APB,no_hyp,no_hyp,no_hyp,ok,ok,
1661,悦都新苑二区,71776.6,121062.0,APB,no_hyp,no_hyp,no_hyp,ok,ok,
1662,合景领峰,161230.5,271903.1,APB,no_hyp,no_hyp,no_hyp,ok,ok,
1663,清雅小区,115869.3,195383.6,APB,no_hyp,no_hyp,no_hyp,ok,ok,
1664,京投万科·金域公园,37860.0,63838.5,APB,no_hyp,no_hyp,no_hyp,ok,ok,
1665,中国人民解放军总后勤部黑山扈干休所,30332.2,51531.4,APB,no_hyp,no_hyp,no_hyp,ok,ok,
1666,清上园,82547.5,140305.6,APB,no_hyp,no_hyp,no_hyp,ok,ok,
1667,小营西路31号院,17492.8,29734.2,APB,no_hyp,no_hyp,no_hyp,ok,ok,
1668,锦绣馨园小区,25039.0,42507.8,APB,no_hyp,no_hyp,no_hyp,ok,ok,
1669,清华东路27号院,35574.8,60400.9,APB,no_hyp,no_hyp,no_hyp,ok,ok,
1670,城建四公司宿舍,28452.6,48328.1,APB,no_hyp,no_hyp,no_hyp,ok,ok,
1671,庄胜城二期,58115.1,98371.4,APB,no_hyp,no_hyp,no_hyp,ok,ok,
1672,椿树园奥运社区,82015.2,138813.2,APB,no_hyp,no_hyp,no_hyp,ok,ok,
1673,京能四合上苑,61543.7,104158.1,APB,no_hyp,no_hyp,no_hyp,ok,ok,
1674,中信沁园,51421.2,87011.2,APB,no_hyp,no_hyp,no_hyp,ok,ok,
1675,中信锦园,54604.5,92393.5,APB,no_hyp,no_hyp,no_hyp,ok,ok,
1676,中信禧园,56154.5,95022.8,APB,no_hyp,no_hyp,no_hyp,ok,ok,
1677,四合园小区,97643.3,165206.9,APB,no_hyp,no_hyp,no_hyp,ok,ok,
1678,陶然北岸·韵竹园,64195.0,108621.4,APB,no_hyp,no_hyp,no_hyp,ok,ok,
1679,平原里小区-北区,48170.4,81502.4,APB,no_hyp,no_hyp,no_hyp,ok,ok,
1680,万和世家,61372.0,103829.8,APB,no_hyp,no_hyp,no_hyp,ok,ok,
1681,新安北里,26092.8,44144.2,APB,no_hyp,no_hyp,no_hyp,ok,ok,
1682,中海御鑫阁,22523.7,38038.5,APB,no_hyp,no_hyp,no_hyp,ok,ok,
1683,莲花池南里,41739.9,70634.5,APB,no_hyp,no_hyp,no_hyp,ok,ok,
1684,塔院迎春园,44589.8,75653.7,APB,no_hyp,no_hyp,no_hyp,ok,ok,
1685,塔院消夏园,26121.3,44319.4,APB,no_hyp,no_hyp,no_hyp,ok,ok,
1686,塔院朗秋园,24316.3,41260.1,APB,no_hyp,no_hyp,no_hyp,ok,ok,
1687,塔院二轻宿舍,6598.5,11196.1,APB,no_hyp,no_hyp,no_hyp,ok,ok,
1688,消夏东里,16945.9,28752.0,APB,no_hyp,no_hyp,no_hyp,ok,ok,
1689,北土城西路小区,5912.5,10031.3,APB,no_hyp,no_hyp,no_hyp,ok,ok,
1690,北科塔院小区,21260.0,36071.1,APB,no_hyp,no_hyp,no_hyp,ok,ok,
1691,花园路小区,41866.8,71039.3,APB,no_hyp,no_hyp,no_hyp,ok,ok,
1692,塔院晴冬园,27934.8,47399.4,APB,no_hyp,no_hyp,no_hyp,ok,ok,
1693,邮科社区,63472.9,107696.7,APB,no_hyp,no_hyp,no_hyp,ok,ok,
1694,金尚嘉园,30660.2,52022.3,APB,no_hyp,no_hyp,no_hyp,ok,ok,
1695,惠泽园,66001.6,111761.0,APB,no_hyp,no_hyp,no_hyp,ok,ok,
1696,惠润园,40662.7,68854.9,APB,no_hyp,no_hyp,no_hyp,ok,ok,
1697,惠生园,108911.8,184420.9,APB,no_hyp,no_hyp,no_hyp,ok,ok,
1698,惠民园,66801.8,113116.2,APB,no_hyp,no_hyp,no_hyp,ok,ok,
1699,壹线国际,10274.8,17398.0,APB,no_hyp,no_hyp,no_hyp,ok,ok,
1700,天洋·运河壹号,28560.4,48358.1,APB,no_hyp,no_hyp,no_hyp,ok,ok,
1701,首创·爱这城甲1号院,30800.1,52158.4,APB,no_hyp,no_hyp,no_hyp,ok,ok,
1702,首创·爱这城甲2号院,101880.1,172529.5,APB,no_hyp,no_hyp,no_hyp,ok,ok,
1703,首创·爱这城乙2号院,17448.8,29550.4,APB,no_hyp,no_hyp,no_hyp,ok,ok,
1704,东恒时代3期,15399.8,26078.3,APB,no_hyp,no_hyp,no_hyp,ok,ok,
1705,都会华庭,54841.4,92873.1,APB,no_hyp,no_hyp,no_hyp,ok,ok,
1706,东恒时代2期,72406.2,122613.9,APB,no_hyp,no_hyp,no_hyp,ok,ok,
1707,东恒时代1期,30325.3,51350.6,APB,no_hyp,no_hyp,no_hyp,ok,ok,
1708,金地·名京,62766.1,106283.6,APB,no_hyp,no_hyp,no_hyp,ok,ok,
1709,力源里,30980.4,52460.1,APB,no_hyp,no_hyp,no_hyp,ok,ok,
1710,定慧东里,133967.9,226932.1,APB,no_hyp,no_hyp,no_hyp,ok,ok,
1711,定慧西里,125782.9,213069.9,APB,no_hyp,no_hyp,no_hyp,ok,ok,
1712,洋桥北里,144636.4,244575.1,APB,no_hyp,no_hyp,no_hyp,ok,ok,
1713,洋桥西里,131042.3,221565.1,APB,no_hyp,no_hyp,no_hyp,ok,ok,
1714,洋桥东里,18622.6,31487.1,APB,no_hyp,no_hyp,no_hyp,ok,ok,
1715,润景家园,21387.9,36159.2,APB,no_hyp,no_hyp,no_hyp,ok,ok,
1716,嘉园一里,179755.5,303878.6,APB,no_hyp,no_hyp,no_hyp,ok,ok,
1717,嘉园二里,268140.5,453239.5,APB,no_hyp,no_hyp,no_hyp,ok,ok,
1718,嘉园三里,36935.4,62420.6,APB,no_hyp,no_hyp,no_hyp,ok,ok,
1719,明日嘉园,66974.0,113194.1,APB,no_hyp,no_hyp,no_hyp,ok,ok,
1720,旭日嘉园,31352.4,52990.0,APB,no_hyp,no_hyp,no_hyp,ok,ok,
1721,玺萌公馆,83250.2,140691.9,APB,no_hyp,no_hyp,no_hyp,ok,ok,
1722,玺萌苑,13896.7,23487.4,APB,no_hyp,no_hyp,no_hyp,ok,ok,
1723,星河城冬季星空,44260.7,74805.2,APB,no_hyp,no_hyp,no_hyp,ok,ok,
1724,玺萌一号院,52524.9,88778.8,APB,no_hyp,no_hyp,no_hyp,ok,ok,
1725,城市间,22437.4,37924.0,APB,no_hyp,no_hyp,no_hyp,ok,ok,
1726,玉芳园,13108.9,22156.7,APB,no_hyp,no_hyp,no_hyp,ok,ok,
1727,草桥欣园小区-一区,107771.9,182158.2,APB,no_hyp,no_hyp,no_hyp,ok,ok,
1728,矿冶佳园,41629.7,70368.0,APB,no_hyp,no_hyp,no_hyp,ok,ok,
1729,星河城春季星空,38504.6,65072.7,APB,no_hyp,no_hyp,no_hyp,ok,ok,
1730,星河城夏季星空,27961.1,47257.6,APB,no_hyp,no_hyp,no_hyp,ok,ok,
1731,草桥欣园4区,281901.8,476419.0,APB,no_hyp,no_hyp,no_hyp,ok,ok,
1732,今日草桥,39123.7,66127.6,APB,no_hyp,no_hyp,no_hyp,ok,ok,
1733,玫瑰花园,30385.6,51351.7,APB,no_hyp,no_hyp,no_hyp,ok,ok,
1734,星河苑1号院,100808.1,170346.6,APB,no_hyp,no_hyp,no_hyp,ok,ok,
1735,星河苑2号院,93326.0,157703.2,APB,no_hyp,no_hyp,no_hyp,ok,ok,
1736,城南嘉园益明园,109397.0,184845.7,APB,no_hyp,no_hyp,no_hyp,ok,ok,
1737,城南嘉园益城园,89965.7,152002.2,APB,no_hyp,no_hyp,no_hyp,ok,ok,
1738,城南嘉园益嘉园,28888.8,48808.5,APB,no_hyp,no_hyp,no_hyp,ok,ok,
1739,未来假日花园,121634.9,205516.1,APB,no_hyp,no_hyp,no_hyp,ok,ok,
1740,西马·金润家园1区,144630.4,244386.5,APB,no_hyp,no_hyp,no_hyp,ok,ok,
1741,西马·金润家园2区,142072.1,240077.6,APB,no_hyp,no_hyp,no_hyp,ok,ok,
1742,7克拉,36373.5,61465.9,APB,no_hyp,no_hyp,no_hyp,ok,ok,
1743,滨河楼,12080.6,20468.7,APB,no_hyp,no_hyp,no_hyp,ok,ok,
1744,惠泽家园,68065.3,115332.6,APB,no_hyp,no_hyp,no_hyp,ok,ok,
1745,林语别墅,147048.4,249932.7,APB,no_hyp,no_hyp,no_hyp,ok,ok,
1746,林语公馆,65948.2,112087.8,APB,no_hyp,no_hyp,no_hyp,ok,ok,
1747,颐阳山水居东区,53248.7,90506.7,APB,no_hyp,no_hyp,no_hyp,ok,ok,
1748,西山林语3区,179230.7,304610.7,APB,no_hyp,no_hyp,no_hyp,ok,ok,
1749,环山村小区,338590.6,575433.1,APB,no_hyp,no_hyp,no_hyp,ok,ok,
1750,美然动力街区A1区 英郡,41253.4,69882.5,APB,no_hyp,no_hyp,no_hyp,ok,ok,
1751,美然动力街区A2区,40436.5,68498.7,APB,no_hyp,no_hyp,no_hyp,ok,ok,
1752,美然动力街区A3区,70506.4,119431.0,APB,no_hyp,no_hyp,no_hyp,ok,ok,
1753,靛厂路六号院,75663.6,128041.9,APB,no_hyp,no_hyp,no_hyp,ok,ok,
1754,星瑞家园,44929.2,75688.8,APB,no_hyp,no_hyp,no_hyp,ok,ok,
1755,三合南里西区,16316.1,27487.4,APB,no_hyp,no_hyp,no_hyp,ok,ok,
1756,三合北巷2号院,12465.8,21001.5,APB,no_hyp,no_hyp,no_hyp,ok,ok,
1757,碧桂园中心,26973.0,46216.0,APB,no_hyp,no_hyp,no_hyp,ok,ok,
1758,银地澜湾,36368.1,62280.2,APB,no_hyp,no_hyp,no_hyp,ok,ok,
1759,融城园,64813.9,110994.4,APB,no_hyp,no_hyp,no_hyp,ok,ok,
1760,顺河家园,65074.8,111450.2,APB,no_hyp,no_hyp,no_hyp,ok,ok,
1761,瀛公馆,75238.5,128813.3,APB,no_hyp,no_hyp,no_hyp,ok,ok,
1762,新贤家园,98203.2,168332.8,APB,no_hyp,no_hyp,no_hyp,ok,ok,
1763,西园10号院,28329.7,48554.3,APB,no_hyp,no_hyp,no_hyp,ok,ok,
1764,西园,17389.3,29804.5,APB,no_hyp,no_hyp,no_hyp,ok,ok,
1765,丽湖馨居,83113.6,142393.9,APB,no_hyp,no_hyp,no_hyp,ok,ok,
1766,镜春园,18669.6,31987.4,APB,no_hyp,no_hyp,no_hyp,ok,ok,
1767,龙翔小区,23384.2,40066.3,APB,no_hyp,no_hyp,no_hyp,ok,ok,
1768,康馨家园,32980.6,56510.7,APB,no_hyp,no_hyp,no_hyp,ok,ok,
1769,鑫融皓月家园,31307.3,52915.9,APB,no_hyp,no_hyp,no_hyp,ok,ok,
1770,银海星月,62574.1,105762.7,APB,no_hyp,no_hyp,no_hyp,ok,ok,
1771,卢沟桥南里,82594.4,139606.9,APB,no_hyp,no_hyp,no_hyp,ok,ok,
1772,新月家园,48358.5,81734.2,APB,no_hyp,no_hyp,no_hyp,ok,ok,
1773,晓月景园,23501.7,39719.5,APB,no_hyp,no_hyp,no_hyp,ok,ok,
1774,晓月苑甲1号院,4992.4,8437.4,APB,no_hyp,no_hyp,no_hyp,ok,ok,
1775,晓月苑一里,58585.3,99007.5,APB,no_hyp,no_hyp,no_hyp,ok,ok,
1776,晓月苑二里,60100.9,101560.0,APB,no_hyp,no_hyp,no_hyp,ok,ok,
1777,晓月苑三里,43474.0,73460.2,APB,no_hyp,no_hyp,no_hyp,ok,ok,
1778,晓月苑四里,42020.9,71002.2,APB,no_hyp,no_hyp,no_hyp,ok,ok,
1779,晓月家园,29425.6,49718.9,APB,no_hyp,no_hyp,no_hyp,ok,ok,
1780,晓月苑七里,31275.2,52841.3,APB,no_hyp,no_hyp,no_hyp,ok,ok,
1781,晓月苑八里,52212.8,88215.4,APB,no_hyp,no_hyp,no_hyp,ok,ok,
1782,晓月苑五里,62980.4,106412.0,APB,no_hyp,no_hyp,no_hyp,ok,ok,
1783,卢沟桥南里甲8号院,18797.5,31761.6,APB,no_hyp,no_hyp,no_hyp,ok,ok,
1784,卢沟桥北里,77997.5,131850.7,APB,no_hyp,no_hyp,no_hyp,ok,ok,
1785,新苑小区C区,199368.9,336515.0,APB,no_hyp,no_hyp,no_hyp,ok,ok,
1786,新苑小区B区,122480.1,206744.3,APB,no_hyp,no_hyp,no_hyp,ok,ok,
1787,新苑小区A区,75292.5,127095.9,APB,no_hyp,no_hyp,no_hyp,ok,ok,
1788,南宫雅苑西区,16228.9,27395.7,APB,no_hyp,no_hyp,no_hyp,ok,ok,
1789,南宫雅苑东区,41858.3,70660.5,APB,no_hyp,no_hyp,no_hyp,ok,ok,
1790,南宫智苑,130028.5,219495.7,APB,no_hyp,no_hyp,no_hyp,ok,ok,
1791,领秀翡翠山,545226.7,920289.5,APB,no_hyp,no_hyp,no_hyp,ok,ok,
1792,云岗南区西里,97032.6,163819.8,APB,no_hyp,no_hyp,no_hyp,ok,ok,
1793,云岗南区东里,246004.1,415311.4,APB,no_hyp,no_hyp,no_hyp,ok,ok,
1794,南宫北里北区,25901.0,43727.9,APB,no_hyp,no_hyp,no_hyp,ok,ok,
1795,南宫北里南区,7412.8,12514.1,APB,no_hyp,no_hyp,no_hyp,ok,ok,
1796,云岗北区东里,92785.7,156674.5,APB,no_hyp,no_hyp,no_hyp,ok,ok,
1797,云岗北区西里东区,93055.1,157136.7,APB,no_hyp,no_hyp,no_hyp,ok,ok,
1798,云岗北区西里西区,76119.3,128537.6,APB,no_hyp,no_hyp,no_hyp,ok,ok,
1799,云岗北里,188605.4,318503.9,APB,no_hyp,no_hyp,no_hyp,ok,ok,
1800,云翔苑,75680.3,127802.8,APB,no_hyp,no_hyp,no_hyp,ok,ok,
1801,云岗翠园,35674.5,60246.0,APB,no_hyp,no_hyp,no_hyp,ok,ok,
1802,静欣苑,44280.0,74778.8,APB,no_hyp,no_hyp,no_hyp,ok,ok,
1803,张家坟北里,40262.0,67992.8,APB,no_hyp,no_hyp,no_hyp,ok,ok,
1804,张家坟东里,19605.0,33107.6,APB,no_hyp,no_hyp,no_hyp,ok,ok,
1805,珠江·御景,172572.4,291451.5,APB,no_hyp,no_hyp,no_hyp,ok,ok,
1806,云岗南里,30217.7,51025.1,APB,no_hyp,no_hyp,no_hyp,ok,ok,
1807,云岗101所小区,172017.0,290529.9,APB,no_hyp,no_hyp,no_hyp,ok,ok,
1808,北京山语城,305997.1,516661.3,APB,no_hyp,no_hyp,no_hyp,ok,ok,
1809,云岗南宫周转房,160645.5,271181.6,APB,no_hyp,no_hyp,no_hyp,ok,ok,
1810,南宫中心小区,18055.7,30481.2,APB,no_hyp,no_hyp,no_hyp,ok,ok,
1811,永定佳苑,51821.7,87496.4,APB,no_hyp,no_hyp,no_hyp,ok,ok,
1812,东花市北里西区,95968.5,162452.1,APB,no_hyp,no_hyp,no_hyp,ok,ok,
1813,东花市北里中区,105414.8,178443.8,APB,no_hyp,no_hyp,no_hyp,ok,ok,
1814,东花市北里东区,57703.1,97678.6,APB,no_hyp,no_hyp,no_hyp,ok,ok,
1815,本家润园C区,18506.0,31322.5,APB,no_hyp,no_hyp,no_hyp,ok,ok,
1816,丽水湾畔家园,35856.3,60689.2,APB,no_hyp,no_hyp,no_hyp,ok,ok,
1817,金桥国际公寓,14872.3,25173.3,APB,no_hyp,no_hyp,no_hyp,ok,ok,
1818,忠实里西区,45509.4,77037.8,APB,no_hyp,no_hyp,no_hyp,ok,ok,
1819,忠实里东区,49695.3,84120.8,APB,no_hyp,no_hyp,no_hyp,ok,ok,
1820,富力公馆,57041.5,96546.8,APB,no_hyp,no_hyp,no_hyp,ok,ok,
1821,双花园西里,64977.5,109992.3,APB,no_hyp,no_hyp,no_hyp,ok,ok,
1822,双花园南里一区南区,18037.8,30533.9,APB,no_hyp,no_hyp,no_hyp,ok,ok,
1823,双花园南里一区北区,36576.4,61917.8,APB,no_hyp,no_hyp,no_hyp,ok,ok,
1824,双花园南里二区北区,28736.9,48646.2,APB,no_hyp,no_hyp,no_hyp,ok,ok,
1825,双花园南里二区南区,19965.7,33796.6,APB,no_hyp,no_hyp,no_hyp,ok,ok,
1826,富力城10号地,47322.7,80105.0,APB,no_hyp,no_hyp,no_hyp,ok,ok,
1827,CBD总部公寓2期,38777.5,65643.3,APB,no_hyp,no_hyp,no_hyp,ok,ok,
1828,合生国际家园1期,41441.4,70152.9,APB,no_hyp,no_hyp,no_hyp,ok,ok,
1829,富力城B区西区,32663.3,55290.6,APB,no_hyp,no_hyp,no_hyp,ok,ok,
1830,合生国际家园2期,27781.8,47029.4,APB,no_hyp,no_hyp,no_hyp,ok,ok,
1831,CBD总部公寓3期,10763.5,18220.0,APB,no_hyp,no_hyp,no_hyp,ok,ok,
1832,北京印钞厂宿舍,15884.5,26871.2,APB,no_hyp,no_hyp,no_hyp,ok,ok,
1833,苹果社区北区,92498.6,156583.3,APB,no_hyp,no_hyp,no_hyp,ok,ok,
1834,苹果社区南区,103324.9,174902.2,APB,no_hyp,no_hyp,no_hyp,ok,ok,
1835,乐成公馆,43999.6,74476.3,APB,no_hyp,no_hyp,no_hyp,ok,ok,
1836,石韵浩庭,36240.1,61339.8,APB,no_hyp,no_hyp,no_hyp,ok,ok,
1837,九龙花园,88509.6,149807.4,APB,no_hyp,no_hyp,no_hyp,ok,ok,
1838,乐成国际1期,63497.8,107479.5,APB,no_hyp,no_hyp,no_hyp,ok,ok,
1839,A派公寓,25238.0,42719.4,APB,no_hyp,no_hyp,no_hyp,ok,ok,
1840,天之骄子,42306.6,71609.2,APB,no_hyp,no_hyp,no_hyp,ok,ok,
1841,百环家园西区,67245.2,113802.1,APB,no_hyp,no_hyp,no_hyp,ok,ok,
1842,百环家园东区,68945.0,116678.6,APB,no_hyp,no_hyp,no_hyp,ok,ok,
1843,首城国际B区,173020.1,292810.3,APB,no_hyp,no_hyp,no_hyp,ok,ok,
1844,和谐雅园,133119.1,225266.1,APB,no_hyp,no_hyp,no_hyp,ok,ok,
1845,北平里,82715.2,140648.5,APB,no_hyp,no_hyp,no_hyp,ok,ok,
1846,机场南路西里,90543.6,153948.9,APB,no_hyp,no_hyp,no_hyp,ok,ok,
1847,燕翔西里北区,50856.7,86464.7,APB,no_hyp,no_hyp,no_hyp,ok,ok,
1848,燕翔西里南区,26959.1,45832.0,APB,no_hyp,no_hyp,no_hyp,ok,ok,
1849,南平里,203962.2,346729.3,APB,no_hyp,no_hyp,no_hyp,ok,ok,
1850,东平里,86045.5,146290.5,APB,no_hyp,no_hyp,no_hyp,ok,ok,
1851,燕翔东里,22218.1,37774.5,APB,no_hyp,no_hyp,no_hyp,ok,ok,
1852,机场南路东里,62014.3,105441.0,APB,no_hyp,no_hyp,no_hyp,ok,ok,
1853,南平东里,18653.3,31710.8,APB,no_hyp,no_hyp,no_hyp,ok,ok,
1854,蓝天苑,93133.6,158312.7,APB,no_hyp,no_hyp,no_hyp,ok,ok,
1855,蓝海苑,96043.2,163246.5,APB,no_hyp,no_hyp,no_hyp,ok,ok,
1856,南竺园,139173.8,236575.7,APB,no_hyp,no_hyp,no_hyp,ok,ok,
1857,天竺家园,157238.9,267294.3,APB,no_hyp,no_hyp,no_hyp,ok,ok,
1858,海逸半岛,69354.5,116820.6,APB,no_hyp,no_hyp,no_hyp,ok,ok,
1859,东庄小区,85015.3,143787.4,APB,no_hyp,no_hyp,no_hyp,ok,ok,
1860,中海紫御公馆西区,67683.8,114477.6,APB,no_hyp,no_hyp,no_hyp,ok,ok,
1861,中海紫御公馆东区,46005.7,77812.9,APB,no_hyp,no_hyp,no_hyp,ok,ok,
1862,永铁苑小区,60170.0,101765.4,APB,no_hyp,no_hyp,no_hyp,ok,ok,
1863,西革新里,66603.2,112640.3,APB,no_hyp,no_hyp,no_hyp,ok,ok,
1864,西罗园3区,128118.4,216626.4,APB,no_hyp,no_hyp,no_hyp,ok,ok,
1865,西罗园一区,113693.4,192241.6,APB,no_hyp,no_hyp,no_hyp,ok,ok,
1866,悠胜美苑,19659.7,33244.7,APB,no_hyp,no_hyp,no_hyp,ok,ok,
1867,珠江骏景北区,63022.6,106547.1,APB,no_hyp,no_hyp,no_hyp,ok,ok,
1868,珠江骏景中区,78584.8,132847.5,APB,no_hyp,no_hyp,no_hyp,ok,ok,
1869,珠江骏景南区,23735.0,40121.8,APB,no_hyp,no_hyp,no_hyp,ok,ok,
1870,海户屯小区南区,26852.5,45391.1,APB,no_hyp,no_hyp,no_hyp,ok,ok,
1871,海户屯小区北区,30861.1,52170.0,APB,no_hyp,no_hyp,no_hyp,ok,ok,
1872,鑫福里小区,81053.3,136998.2,APB,no_hyp,no_hyp,no_hyp,ok,ok,
1873,翠源居,16461.4,27823.5,APB,no_hyp,no_hyp,no_hyp,ok,ok,
1874,角门东里,264067.5,446340.5,APB,no_hyp,no_hyp,no_hyp,ok,ok,
1875,马家堡西里南区,228277.3,385904.7,APB,no_hyp,no_hyp,no_hyp,ok,ok,
1876,首座绿洲,39020.7,65962.1,APB,no_hyp,no_hyp,no_hyp,ok,ok,
1877,角门西里晨光小区,100628.5,170094.3,APB,no_hyp,no_hyp,no_hyp,ok,ok,
1878,角门西里晨新园小区,60427.9,102135.7,APB,no_hyp,no_hyp,no_hyp,ok,ok,
1879,马家堡西里北区,38639.9,65327.1,APB,no_hyp,no_hyp,no_hyp,ok,ok,
1880,双阳南区,228534.0,389774.2,APB,no_hyp,no_hyp,no_hyp,ok,ok,
1881,京西景园,106964.9,181350.0,APB,no_hyp,no_hyp,no_hyp,ok,ok,
1882,天翠·阳光新城,71886.4,121883.9,APB,no_hyp,no_hyp,no_hyp,ok,ok,
1883,五里坨西街9号院,103988.6,176330.2,APB,no_hyp,no_hyp,no_hyp,ok,ok,
1884,南宫嘉园,67796.5,114975.3,APB,no_hyp,no_hyp,no_hyp,ok,ok,
1885,兴泰嘉园,17465.5,29617.9,APB,no_hyp,no_hyp,no_hyp,ok,ok,
1886,金谷香郡,24567.6,41664.1,APB,no_hyp,no_hyp,no_hyp,ok,ok,
1887,西山峻景,31730.5,53811.0,APB,no_hyp,no_hyp,no_hyp,ok,ok,
1888,天翠阳光新城A区,55284.9,93746.3,APB,no_hyp,no_hyp,no_hyp,ok,ok,
1889,隆恩颐园,151078.5,256283.5,APB,no_hyp,no_hyp,no_hyp,ok,ok,
1890,隆恩颐园2期,59308.3,100614.4,APB,no_hyp,no_hyp,no_hyp,ok,ok,
1891,南沙滩和谐小区,27367.1,46462.9,APB,no_hyp,no_hyp,no_hyp,ok,ok,
1892,南沙滩平安小区,20705.0,35150.4,APB,no_hyp,no_hyp,no_hyp,ok,ok,
1893,绿城·北京诚园,45100.1,76565.8,APB,no_hyp,no_hyp,no_hyp,ok,ok,
1894,辰芳园,19986.1,33932.8,APB,no_hyp,no_hyp,no_hyp,ok,ok,
1895,科学院南里六区,25900.5,43968.4,APB,no_hyp,no_hyp,no_hyp,ok,ok,
1896,中国科学院科学园小区,167408.2,284187.3,APB,no_hyp,no_hyp,no_hyp,ok,ok,
1897,北极寺小区,276092.9,468533.4,APB,no_hyp,no_hyp,no_hyp,ok,ok,
1898,中国科学院北郊南住宅区,77752.9,131948.0,APB,no_hyp,no_hyp,no_hyp,ok,ok,
1899,华严北里小区,157614.2,267468.2,APB,no_hyp,no_hyp,no_hyp,ok,ok,
1900,华亭嘉园,48057.1,81557.8,APB,no_hyp,no_hyp,no_hyp,ok,ok,
1901,健翔山庄,23623.8,40086.0,APB,no_hyp,no_hyp,no_hyp,ok,ok,
1902,京民社区,27120.4,46018.8,APB,no_hyp,no_hyp,no_hyp,ok,ok,
1903,祁家豁子社区,46446.1,78807.4,APB,no_hyp,no_hyp,no_hyp,ok,ok,
1904,华严里,59566.2,101066.9,APB,no_hyp,no_hyp,no_hyp,ok,ok,
1905,华严里东区,19917.6,33795.0,APB,no_hyp,no_hyp,no_hyp,ok,ok,
1906,欧逸水岸,59484.5,100830.2,APB,no_hyp,no_hyp,no_hyp,ok,ok,
1907,汇福悦榕湾,795156.2,1348288.7,APB,no_hyp,no_hyp,no_hyp,ok,ok,
1908,华堂高尔夫公寓,284812.2,483081.9,APB,no_hyp,no_hyp,no_hyp,ok,ok,
1909,星河皓月,585042.2,992714.1,APB,no_hyp,no_hyp,no_hyp,ok,ok,
1910,燕达国际健康城,220903.0,374322.7,APB,no_hyp,no_hyp,no_hyp,ok,ok,
1911,曹官营,219575.8,377959.3,APB,no_hyp,no_hyp,no_hyp,ok,ok,
1912,连家营,103605.0,178388.6,APB,no_hyp,no_hyp,no_hyp,ok,ok,
1913,润枫水尚东区,105505.1,178744.0,APB,no_hyp,no_hyp,no_hyp,ok,ok,
1914,润枫水尚西区,49727.4,84246.8,APB,no_hyp,no_hyp,no_hyp,ok,ok,
1915,,24314.8,41333.0,APB,no_hyp,no_hyp,no_hyp,ok,ok,
1916,,56252.7,95750.8,APB,no_hyp,no_hyp,no_hyp,ok,ok,
1917,,97524.6,166059.7,APB,no_hyp,no_hyp,no_hyp,ok,ok,
1918,作家艺墅,105927.9,180560.6,APB,no_hyp,no_hyp,no_hyp,ok,ok,
1919,,37940.1,64707.4,APB,no_hyp,no_hyp,no_hyp,ok,ok,
1920,,68034.0,116048.0,APB,no_hyp,no_hyp,no_hyp,ok,ok,
1921,,1700.8,2925.8,APB,no_hyp,no_hyp,no_hyp,ok,ok,
1922,,1982.4,3410.2,APB,no_hyp,no_hyp,no_hyp,ok,ok,
1923,,1966.6,3383.0,APB,no_hyp,no_hyp,no_hyp,ok,ok,
1924,,1661.8,2858.7,APB,no_hyp,no_hyp,no_hyp,ok,ok,
1925,,5739.5,9872.2,APB,no_hyp,no_hyp,no_hyp,ok,ok,
1926,国展新座,10019.5,16997.5,APB,no_hyp,no_hyp,no_hyp,ok,ok,
1927,,2787.0,4794.6,APB,no_hyp,no_hyp,no_hyp,ok,ok,
1928,,19692.0,33876.1,APB,no_hyp,no_hyp,no_hyp,ok,ok,
1929,,17780.6,30588.0,APB,no_hyp,no_hyp,no_hyp,ok,ok,
1930,,17388.3,29914.2,APB,no_hyp,no_hyp,no_hyp,ok,ok,
1931,,9144.1,15731.4,APB,no_hyp,no_hyp,no_hyp,ok,ok,
1932,,3997.9,6877.9,APB,no_hyp,no_hyp,no_hyp,ok,ok,
1933,,10518.2,18094.9,APB,no_hyp,no_hyp,no_hyp,ok,ok,
1934,,8233.7,14164.3,APB,no_hyp,no_hyp,no_hyp,ok,ok,
1935,,5592.7,9620.9,APB,no_hyp,no_hyp,no_hyp,ok,ok,
1936,,16214.1,27892.0,APB,no_hyp,no_hyp,no_hyp,ok,ok,
1937,,8940.6,15379.6,APB,no_hyp,no_hyp,no_hyp,ok,ok,
1938,,19683.6,33857.0,APB,no_hyp,no_hyp,no_hyp,ok,ok,
1939,,8041.2,13831.6,APB,no_hyp,no_hyp,no_hyp,ok,ok,
1940,,26482.1,45556.0,APB,no_hyp,no_hyp,no_hyp,ok,ok,
1941,,15059.9,25906.3,APB,no_hyp,no_hyp,no_hyp,ok,ok,
1942,,19356.1,33296.3,APB,no_hyp,no_hyp,no_hyp,ok,ok,
1943,,31083.8,53468.3,APB,no_hyp,no_hyp,no_hyp,ok,ok,
1944,,15770.2,27127.1,APB,no_hyp,no_hyp,no_hyp,ok,ok,
1945,,3527.4,6067.6,APB,no_hyp,no_hyp,no_hyp,ok,ok,
1946,村史馆,5667.7,9748.6,APB,no_hyp,no_hyp,no_hyp,ok,ok,
1947,南华园三区,33027.5,56578.2,APB,no_hyp,no_hyp,no_hyp,ok,ok,
1948,南华园四区,152097.1,260551.7,APB,no_hyp,no_hyp,no_hyp,ok,ok,
1949,莲馨苑,46057.1,78895.2,APB,no_hyp,no_hyp,no_hyp,ok,ok,
1950,丽湖嘉园,72175.3,123630.6,APB,no_hyp,no_hyp,no_hyp,ok,ok,
1951,东明兴业公司职工楼,10873.6,18624.7,APB,no_hyp,no_hyp,no_hyp,ok,ok,
1952,南华园二区,12099.2,20729.3,APB,no_hyp,no_hyp,no_hyp,ok,ok,
1953,南华大街29号院,3339.7,5721.4,APB,no_hyp,no_hyp,no_hyp,ok,ok,
1954,南华大街19号院,3668.0,6284.2,APB,no_hyp,no_hyp,no_hyp,ok,ok,
1955,,4081.2,6991.9,APB,no_hyp,no_hyp,no_hyp,ok,ok,
1956,南华街小区,10412.8,17839.7,APB,no_hyp,no_hyp,no_hyp,ok,ok,
1957,东关一区,106291.1,182133.2,APB,no_hyp,no_hyp,no_hyp,ok,ok,
1958,北京城建·胜悦居,57720.2,98915.3,APB,no_hyp,no_hyp,no_hyp,ok,ok,
1959,塞班假日,55319.8,94876.1,APB,no_hyp,no_hyp,no_hyp,ok,ok,
1960,大岸影视村,81226.4,139049.0,APB,no_hyp,no_hyp,no_hyp,ok,ok,
1961,,22648.0,38958.2,APB,no_hyp,no_hyp,no_hyp,ok,ok,
1962,,6146.3,10573.0,APB,no_hyp,no_hyp,no_hyp,ok,ok,
1963,金桥国际,11631.5,19929.5,APB,no_hyp,no_hyp,no_hyp,ok,ok,
1964,南华园一区,13928.1,23863.7,APB,no_hyp,no_hyp,no_hyp,ok,ok,
1965,青春路七院,17079.9,29271.8,APB,no_hyp,no_hyp,no_hyp,ok,ok,
1966,怡成园,17297.3,29644.4,APB,no_hyp,no_hyp,no_hyp,ok,ok,
1967,后横街小区,4240.8,7267.6,APB,no_hyp,no_hyp,no_hyp,ok,ok,
1968,,2679.1,4591.0,APB,no_hyp,no_hyp,no_hyp,ok,ok,
1969,府前东街,9334.5,15996.0,APB,no_hyp,no_hyp,no_hyp,ok,ok,
1970,府前东街13号院,9300.8,15938.4,APB,no_hyp,no_hyp,no_hyp,ok,ok,
1971,下园,8310.0,14240.6,APB,no_hyp,no_hyp,no_hyp,ok,ok,
1972,府前东街九号院,14175.5,24292.0,APB,no_hyp,no_hyp,no_hyp,ok,ok,
1973,东关二区,65126.6,111584.8,APB,no_hyp,no_hyp,no_hyp,ok,ok,
1974,迎宾中路2号院,54812.2,93910.2,APB,no_hyp,no_hyp,no_hyp,ok,ok,
1975,美丽家园,18738.1,32111.6,APB,no_hyp,no_hyp,no_hyp,ok,ok,
1976,开利园小区,12733.0,21821.9,APB,no_hyp,no_hyp,no_hyp,ok,ok,
1977,新元居小区,9675.4,16584.2,APB,no_hyp,no_hyp,no_hyp,ok,ok,
1978,,14684.9,25172.5,APB,no_hyp,no_hyp,no_hyp,ok,ok,
1979,于家园三区19号院,33099.9,56739.6,APB,no_hyp,no_hyp,no_hyp,ok,ok,
1980,汇都家园,57359.2,98332.4,APB,no_hyp,no_hyp,no_hyp,ok,ok,
1981,翠竹园小区,19574.4,33556.4,APB,no_hyp,no_hyp,no_hyp,ok,ok,
1982,于家园二区南院,39755.9,68151.9,APB,no_hyp,no_hyp,no_hyp,ok,ok,
1983,于家园二区北院,22281.2,38197.3,APB,no_hyp,no_hyp,no_hyp,ok,ok,
1984,博望苑,12703.1,21778.0,APB,no_hyp,no_hyp,no_hyp,ok,ok,
1985,,3565.5,6112.8,APB,no_hyp,no_hyp,no_hyp,ok,ok,
1986,馥郁苑二期,36648.0,62830.0,APB,no_hyp,no_hyp,no_hyp,ok,ok,
1987,于家园一区,30390.3,52104.1,APB,no_hyp,no_hyp,no_hyp,ok,ok,
1988,于家园一区,13525.4,23189.7,APB,no_hyp,no_hyp,no_hyp,ok,ok,
1989,馥郁苑,35255.7,60445.6,APB,no_hyp,no_hyp,no_hyp,ok,ok,
1990,北大街小区,9039.4,15499.2,APB,no_hyp,no_hyp,no_hyp,ok,ok,
1991,金枫儒苑,44987.7,77170.4,APB,no_hyp,no_hyp,no_hyp,ok,ok,
1992,雁栖园小区,9833.2,16878.2,APB,no_hyp,no_hyp,no_hyp,ok,ok,
1993,水厂别墅,33947.7,58241.5,APB,no_hyp,no_hyp,no_hyp,ok,ok,
1994,,8104.4,13880.8,APB,no_hyp,no_hyp,no_hyp,ok,ok,
1995,,6905.7,11829.0,APB,no_hyp,no_hyp,no_hyp,ok,ok,
1996,张自口,285748.3,489430.0,APB,no_hyp,no_hyp,no_hyp,ok,ok,
1997,,21208.9,36328.9,APB,no_hyp,no_hyp,no_hyp,ok,ok,
1998,,4989.6,8543.3,APB,no_hyp,no_hyp,no_hyp,ok,ok,
1999,雁鸣园,68147.0,116933.3,APB,no_hyp,no_hyp,no_hyp,ok,ok,
2000,华燕家园,2089.7,3585.7,APB,no_hyp,no_hyp,no_hyp,ok,ok,
2001,珠江罗马嘉园东区,90454.9,153234.8,APB,no_hyp,no_hyp,no_hyp,ok,ok,
2002,珠江罗马嘉园西区,87646.2,148476.8,APB,no_hyp,no_hyp,no_hyp,ok,ok,
2003,永泰西里西区,22403.4,38072.2,APB,no_hyp,no_hyp,no_hyp,ok,ok,
2004,永泰西里东区,84766.0,144052.5,APB,no_hyp,no_hyp,no_hyp,ok,ok,
2005,永泰西里北区,5827.2,9903.3,APB,no_hyp,no_hyp,no_hyp,ok,ok,
2006,,3364.4,5785.9,APB,no_hyp,no_hyp,no_hyp,ok,ok,
2007,,4356.8,7492.6,APB,no_hyp,no_hyp,no_hyp,ok,ok,
2008,,31919.7,54896.0,APB,no_hyp,no_hyp,no_hyp,ok,ok,
2009,玉泉嘉园,148595.5,251695.0,APB,no_hyp,no_hyp,no_hyp,ok,ok,
2010,玉泉北里一区,42474.8,71951.8,APB,no_hyp,no_hyp,no_hyp,ok,ok,
2011,永达逸家,34190.2,57925.8,APB,no_hyp,no_hyp,no_hyp,ok,ok,
2012,田村路甲56号院,16548.0,28036.7,APB,no_hyp,no_hyp,no_hyp,ok,ok,
2013,田村小区,25614.4,43400.2,APB,no_hyp,no_hyp,no_hyp,ok,ok,
2014,中国房子小区,55325.4,93741.3,APB,no_hyp,no_hyp,no_hyp,ok,ok,
2015,兰德华庭,99048.0,167809.7,APB,no_hyp,no_hyp,no_hyp,ok,ok,
2016,雪芳里,26234.3,44447.3,APB,no_hyp,no_hyp,no_hyp,ok,ok,
2017,王致和社区,14375.8,24355.8,APB,no_hyp,no_hyp,no_hyp,ok,ok,
2018,大苑海淀名著1期,22291.6,37767.7,APB,no_hyp,no_hyp,no_hyp,ok,ok,
2019,畅茜园馥霞里,49683.2,84182.1,APB,no_hyp,no_hyp,no_hyp,ok,ok,
2020,大苑海淀府,63913.3,108291.5,APB,no_hyp,no_hyp,no_hyp,ok,ok,
2021,圣华里,62352.3,105640.5,APB,no_hyp,no_hyp,no_hyp,ok,ok,
2022,阜石路47号院,6377.5,10804.6,APB,no_hyp,no_hyp,no_hyp,ok,ok,
2023,香溪度1期,43901.0,74388.9,APB,no_hyp,no_hyp,no_hyp,ok,ok,
2024,海澜中苑,76878.7,130268.6,APB,no_hyp,no_hyp,no_hyp,ok,ok,
2025,海澜东苑,32866.4,55691.4,APB,no_hyp,no_hyp,no_hyp,ok,ok,
2026,橡胶院小区,31910.6,54064.0,APB,no_hyp,no_hyp,no_hyp,ok,ok,
2027,田村路48号院,13789.2,23362.5,APB,no_hyp,no_hyp,no_hyp,ok,ok,
2028,阜石路甲19号院南区,71143.9,120528.0,APB,no_hyp,no_hyp,no_hyp,ok,ok,
2029,阜石路十五号院,22694.4,38445.7,APB,no_hyp,no_hyp,no_hyp,ok,ok,
2030,永定路1号院,11682.7,19791.2,APB,no_hyp,no_hyp,no_hyp,ok,ok,
2031,阜石路11号院,22727.9,38503.5,APB,no_hyp,no_hyp,no_hyp,ok,ok,
2032,永定路甲4号院,43098.8,73018.3,APB,no_hyp,no_hyp,no_hyp,ok,ok,
2033,八宝庄小区,62688.6,106189.2,APB,no_hyp,no_hyp,no_hyp,ok,ok,
2034,达华庄园,94329.6,160697.6,APB,no_hyp,no_hyp,no_hyp,ok,ok,
2035,沟自头新村,16412.9,117876.6,EOB,ok,no_hyp,no_hyp,ok,ok,
2036,蓬莱苑,185793.5,316436.9,APB,no_hyp,no_hyp,no_hyp,ok,ok,
2037,海德堡花园,130064.5,221520.5,APB,no_hyp,no_hyp,no_hyp,ok,ok,
2038,北七佳园,59808.3,101843.2,APB,no_hyp,no_hyp,no_hyp,ok,ok,
2039,岭上村,23915.2,40733.8,APB,no_hyp,no_hyp,no_hyp,ok,ok,
2040,北京壹号庄园,833711.0,1420553.5,APB,no_hyp,no_hyp,no_hyp,ok,ok,
2041,晨浩花园,28840.4,49133.6,APB,no_hyp,no_hyp,no_hyp,ok,ok,
2042,东方蓝海,42081.3,71682.6,APB,no_hyp,no_hyp,no_hyp,ok,ok,
2043,未来融尚家园,55426.0,94407.4,APB,no_hyp,no_hyp,no_hyp,ok,ok,
2044,大兴金茂悦,57617.2,96929.3,APB,no_hyp,no_hyp,no_hyp,ok,ok,
2045,中海云熙,48418.2,81454.3,APB,no_hyp,no_hyp,no_hyp,ok,ok,
2046,雅善园,64321.4,108197.5,APB,no_hyp,no_hyp,no_hyp,ok,ok,
2047,永旭嘉园,102069.3,172061.1,APB,no_hyp,no_hyp,no_hyp,ok,ok,
2048,兴瀛嘉苑,83318.6,140464.9,APB,no_hyp,no_hyp,no_hyp,ok,ok,
2049,远洋海晏春秋,86716.2,146208.0,APB,no_hyp,no_hyp,no_hyp,ok,ok,
2050,中海寰宇时代一期,87881.0,148158.4,APB,no_hyp,no_hyp,no_hyp,ok,ok,
2051,一品嘉园,108685.5,182765.5,APB,no_hyp,no_hyp,no_hyp,ok,ok,
2052,一品嘉园二期,96469.2,162220.3,APB,no_hyp,no_hyp,no_hyp,ok,ok,
2053,北京城建·北京密码,206893.5,348036.1,APB,no_hyp,no_hyp,no_hyp,ok,ok,
2054,枫荷园,8286.9,13872.3,APB,no_hyp,no_hyp,no_hyp,ok,ok,
2055,椿蓉园,160346.3,268415.1,APB,no_hyp,no_hyp,no_hyp,ok,ok,
2056,空港新苑1号院,65639.7,109879.6,APB,no_hyp,no_hyp,no_hyp,ok,ok,
2057,空港新苑2号院,55850.6,93492.7,APB,no_hyp,no_hyp,no_hyp,ok,ok,
2058,空港新苑3号院,52254.2,87472.6,APB,no_hyp,no_hyp,no_hyp,ok,ok,
2059,空港新苑5号院,38021.9,63651.2,APB,no_hyp,no_hyp,no_hyp,ok,ok,
2060,空港新苑6号院,45087.9,75480.5,APB,no_hyp,no_hyp,no_hyp,ok,ok,
2061,空港新苑7号院,56196.2,94077.0,APB,no_hyp,no_hyp,no_hyp,ok,ok,
2062,空港新苑8号院,73724.4,123429.0,APB,no_hyp,no_hyp,no_hyp,ok,ok,
2063,空港新苑10号院,75036.3,125623.3,APB,no_hyp,no_hyp,no_hyp,ok,ok,
2064,空港新苑12号院,51426.3,86103.1,APB,no_hyp,no_hyp,no_hyp,ok,ok,
2065,榆垡新城嘉园D区,68201.6,114190.8,APB,no_hyp,no_hyp,no_hyp,ok,ok,
2066,榆垡新城嘉园C区,53481.4,89551.4,APB,no_hyp,no_hyp,no_hyp,ok,ok,
2067,榆垡新城嘉园B区,52579.7,88046.4,APB,no_hyp,no_hyp,no_hyp,ok,ok,
2068,榆垡新城嘉园A区,61445.1,102891.6,APB,no_hyp,no_hyp,no_hyp,ok,ok,
2069,榆垡镇0103街区,1853271.2,3103633.9,APB,no_hyp,no_hyp,no_hyp,ok,ok,
2070,檀营国际生态城北区,75435.7,129556.9,APB,no_hyp,no_hyp,no_hyp,ok,ok,
2071,檀营国际生态城南区,76142.7,130762.3,APB,no_hyp,no_hyp,no_hyp,ok,ok,
2072,京投发展锦悦府,100497.5,172600.8,APB,no_hyp,no_hyp,no_hyp,ok,ok,
2073,宁静之都檀城西区,118906.7,204066.5,APB,no_hyp,no_hyp,no_hyp,ok,ok,
2074,檀城东区,133575.0,229249.9,APB,no_hyp,no_hyp,no_hyp,ok,ok,
2075,阳光家园西区,28302.9,48575.6,APB,no_hyp,no_hyp,no_hyp,ok,ok,
2076,福城国际公寓,29224.0,50155.1,APB,no_hyp,no_hyp,no_hyp,ok,ok,
2077,檀州家园东区,64714.9,111064.1,APB,no_hyp,no_hyp,no_hyp,ok,ok,
2078,檀州家园西区,76275.6,130903.6,APB,no_hyp,no_hyp,no_hyp,ok,ok,
2079,赏云轩嘉园,23024.9,39513.7,APB,no_hyp,no_hyp,no_hyp,ok,ok,
2080,溪水雅地,62579.1,107387.7,APB,no_hyp,no_hyp,no_hyp,ok,ok,
2081,太扬家园,50186.8,86112.0,APB,no_hyp,no_hyp,no_hyp,ok,ok,
2082,印象江南·茉莉山庄,64286.8,110298.5,APB,no_hyp,no_hyp,no_hyp,ok,ok,
2083,蓝河湾,129219.5,221715.0,APB,no_hyp,no_hyp,no_hyp,ok,ok,
2084,海阔水岸花墅,97466.2,167490.3,APB,no_hyp,no_hyp,no_hyp,ok,ok,
2085,华远·澜悦,49371.3,84806.4,APB,no_hyp,no_hyp,no_hyp,ok,ok,
2086,清水湾小区,51109.8,87798.3,APB,no_hyp,no_hyp,no_hyp,ok,ok,
2087,中铁十六局小区,69046.2,118586.5,APB,no_hyp,no_hyp,no_hyp,ok,ok,
2088,洪福苑,89436.3,153595.8,APB,no_hyp,no_hyp,no_hyp,ok,ok,
2089,国祥府品牌馆,98070.7,168433.7,APB,no_hyp,no_hyp,no_hyp,ok,ok,
2090,首创悦欣汇,82011.3,140841.1,APB,no_hyp,no_hyp,no_hyp,ok,ok,
2091,国祥雲著,89292.9,153345.7,APB,no_hyp,no_hyp,no_hyp,ok,ok,
2092,格拉斯小镇,594818.7,1009719.4,APB,no_hyp,no_hyp,no_hyp,ok,ok,
2093,金融街园中园,207071.1,350991.9,APB,no_hyp,no_hyp,no_hyp,ok,ok,
2094,榆景苑1区,96155.9,162944.8,APB,no_hyp,no_hyp,no_hyp,ok,ok,
2095,8喱岛,83955.6,142271.2,APB,no_hyp,no_hyp,no_hyp,ok,ok,
2096,新建村2期,180934.2,306560.0,APB,no_hyp,no_hyp,no_hyp,ok,ok,
2097,天赐良园北区,83429.7,141347.3,APB,no_hyp,no_hyp,no_hyp,ok,ok,
2098,天赐良园东区,104160.7,176459.2,APB,no_hyp,no_hyp,no_hyp,ok,ok,
2099,天赐良园西区,63952.2,108343.0,APB,no_hyp,no_hyp,no_hyp,ok,ok,
2100,物资学院路3号院,147544.4,249938.6,APB,no_hyp,no_hyp,no_hyp,ok,ok,
2101,八龙桥雅苑,73823.5,126409.2,APB,no_hyp,no_hyp,no_hyp,ok,ok,
2102,,267508.5,459597.9,APB,no_hyp,no_hyp,no_hyp,ok,ok,
2103,,279520.5,480172.5,APB,no_hyp,no_hyp,no_hyp,ok,ok,
2104,,283437.1,486893.4,APB,no_hyp,no_hyp,no_hyp,ok,ok,
2105,,252909.7,434488.4,APB,no_hyp,no_hyp,no_hyp,ok,ok,
2106,,154551.8,265568.7,APB,no_hyp,no_hyp,no_hyp,ok,ok,
2107,,276057.8,469134.5,APB,no_hyp,no_hyp,no_hyp,ok,ok,
2108,德成公寓,7625.2,12974.2,APB,no_hyp,no_hyp,no_hyp,ok,ok,
2109,首创天阅西山,37660.6,64085.1,APB,no_hyp,no_hyp,no_hyp,ok,ok,
2110,首创悦榕汇,35815.5,60946.6,APB,no_hyp,no_hyp,no_hyp,ok,ok,
2111,永丰嘉园五区,38684.1,65837.8,APB,no_hyp,no_hyp,no_hyp,ok,ok,
2112,永丰嘉园三区,102138.7,173818.9,APB,no_hyp,no_hyp,no_hyp,ok,ok,
2113,永丰嘉园四区,87863.2,149529.9,APB,no_hyp,no_hyp,no_hyp,ok,ok,
2114,永丰嘉园二区,66783.5,113648.9,APB,no_hyp,no_hyp,no_hyp,ok,ok,
2115,永丰嘉园一区,71088.4,120969.9,APB,no_hyp,no_hyp,no_hyp,ok,ok,
2116,燕保·辛店家园,57722.1,98241.7,APB,no_hyp,no_hyp,no_hyp,ok,ok,
2117,友谊嘉园一期,46541.2,79217.7,APB,no_hyp,no_hyp,no_hyp,ok,ok,
2118,友谊嘉园,77744.2,132325.7,APB,no_hyp,no_hyp,no_hyp,ok,ok,
2119,青棠湾,143629.4,244498.3,APB,no_hyp,no_hyp,no_hyp,ok,ok,
2120,坤玉湾·紫星苑,80142.8,136440.6,APB,no_hyp,no_hyp,no_hyp,ok,ok,
2121,幸福里润园,70310.4,119693.4,APB,no_hyp,no_hyp,no_hyp,ok,ok,
2122,永旺家园二区,50606.2,86082.5,APB,no_hyp,no_hyp,no_hyp,ok,ok,
2123,永旺家园三区,36127.2,61454.6,APB,no_hyp,no_hyp,no_hyp,ok,ok,
2124,永旺家园四区,43539.2,74064.0,APB,no_hyp,no_hyp,no_hyp,ok,ok,
2125,永旺家园五区,59762.8,101652.9,APB,no_hyp,no_hyp,no_hyp,ok,ok,
2126,山水居小区,24245.1,41233.3,APB,no_hyp,no_hyp,no_hyp,ok,ok,
2127,航天城五院社区,398556.6,678235.5,APB,no_hyp,no_hyp,no_hyp,ok,ok,
2128,T08小区,48326.0,82206.0,APB,no_hyp,no_hyp,no_hyp,ok,ok,
2129,融泽嘉园二期,78513.5,133561.4,APB,no_hyp,no_hyp,no_hyp,ok,ok,
2130,融泽嘉园西六号院,30805.3,52400.1,APB,no_hyp,no_hyp,no_hyp,ok,ok,
2131,融泽嘉园二号院,70818.6,120475.2,APB,no_hyp,no_hyp,no_hyp,ok,ok,
2132,融泽嘉园中区,56144.9,95504.3,APB,no_hyp,no_hyp,no_hyp,ok,ok,
2133,融泽嘉园12号院,21631.8,36791.1,APB,no_hyp,no_hyp,no_hyp,ok,ok,
2134,住总万科金域国际,28936.9,49224.6,APB,no_hyp,no_hyp,no_hyp,ok,ok,
2135,尚华家园,33702.9,57335.1,APB,no_hyp,no_hyp,no_hyp,ok,ok,
2136,融泽嘉园东6号院,28879.5,49123.2,APB,no_hyp,no_hyp,no_hyp,ok,ok,
2137,蓝天嘉园,125885.1,214126.3,APB,no_hyp,no_hyp,no_hyp,ok,ok,
2138,龙乡小区中区,56809.8,96626.0,APB,no_hyp,no_hyp,no_hyp,ok,ok,
2139,龙乡小区东区,72110.4,122645.1,APB,no_hyp,no_hyp,no_hyp,ok,ok,
2140,南店新村,124704.4,212113.9,APB,no_hyp,no_hyp,no_hyp,ok,ok,
2141,新康园北区,81874.0,139268.7,APB,no_hyp,no_hyp,no_hyp,ok,ok,
2142,黄平路8号院,11230.8,19103.1,APB,no_hyp,no_hyp,no_hyp,ok,ok,
2143,建材城西路9号院,33195.4,56467.3,APB,no_hyp,no_hyp,no_hyp,ok,ok,
2144,住总·旗胜家园北2区,32231.9,54831.3,APB,no_hyp,no_hyp,no_hyp,ok,ok,
2145,住总·旗胜家园南区,67565.9,114935.6,APB,no_hyp,no_hyp,no_hyp,ok,ok,
2146,住总·旗胜家园北1区,67958.8,115609.9,APB,no_hyp,no_hyp,no_hyp,ok,ok,
2147,住总.旗胜家园东区,21910.2,37271.1,APB,no_hyp,no_hyp,no_hyp,ok,ok,
2148,金隅翡丽·蓝爵堡,28487.5,48457.2,APB,no_hyp,no_hyp,no_hyp,ok,ok,
2149,金隅翡丽·铂爵郡,15123.1,25724.7,APB,no_hyp,no_hyp,no_hyp,ok,ok,
2150,建材城东一里,92802.0,157845.1,APB,no_hyp,no_hyp,no_hyp,ok,ok,
2151,建材城东二里,79230.6,134764.5,APB,no_hyp,no_hyp,no_hyp,ok,ok,
2152,建材城富力桃园,54454.4,92622.6,APB,no_hyp,no_hyp,no_hyp,ok,ok,
2153,金隅翡丽·爱公馆,30587.6,52030.0,APB,no_hyp,no_hyp,no_hyp,ok,ok,
2154,华鸿家园,27843.9,47357.2,APB,no_hyp,no_hyp,no_hyp,ok,ok,
2155,,150689.8,256253.1,APB,no_hyp,no_hyp,no_hyp,ok,ok,
2156,悦秀园社区,40166.8,68302.8,APB,no_hyp,no_hyp,no_hyp,ok,ok,
2157,林涧阳光小区,19297.2,32814.9,APB,no_hyp,no_hyp,no_hyp,ok,ok,
2158,沁春家园,82777.4,140770.2,APB,no_hyp,no_hyp,no_hyp,ok,ok,
2159,龙华园二区,40999.6,69760.2,APB,no_hyp,no_hyp,no_hyp,ok,ok,
2160,慧华苑,76059.9,129422.5,APB,no_hyp,no_hyp,no_hyp,ok,ok,
2161,冠庭园,35316.1,60093.7,APB,no_hyp,no_hyp,no_hyp,ok,ok,
2162,北郊农场家属院,63412.7,107909.3,APB,no_hyp,no_hyp,no_hyp,ok,ok,
2163,天露园二区,73449.5,124998.9,APB,no_hyp,no_hyp,no_hyp,ok,ok,
2164,天露园一区,107046.4,182189.7,APB,no_hyp,no_hyp,no_hyp,ok,ok,
2165,三合庄园,65581.6,111608.1,APB,no_hyp,no_hyp,no_hyp,ok,ok,
2166,天慧园,25658.1,43660.4,APB,no_hyp,no_hyp,no_hyp,ok,ok,
2167,马连店家园,90223.7,153586.1,APB,no_hyp,no_hyp,no_hyp,ok,ok,
2168,田园风光雅苑西区,52371.3,89143.8,APB,no_hyp,no_hyp,no_hyp,ok,ok,
2169,回龙观小区,55153.4,93870.7,APB,no_hyp,no_hyp,no_hyp,ok,ok,
2170,龙锦苑五区,46285.5,78772.5,APB,no_hyp,no_hyp,no_hyp,ok,ok,
2171,良庄家园,28103.7,47827.8,APB,no_hyp,no_hyp,no_hyp,ok,ok,
2172,天龙苑,156562.3,266446.4,APB,no_hyp,no_hyp,no_hyp,ok,ok,
2173,北回归线,20763.9,35334.7,APB,no_hyp,no_hyp,no_hyp,ok,ok,
2174,和谐家园二区,137750.0,234432.3,APB,no_hyp,no_hyp,no_hyp,ok,ok,
2175,和谐家园一区,140556.9,239230.3,APB,no_hyp,no_hyp,no_hyp,ok,ok,
2176,龙锦苑一区,73596.4,125273.1,APB,no_hyp,no_hyp,no_hyp,ok,ok,
2177,上坡佳园,28791.1,48999.9,APB,no_hyp,no_hyp,no_hyp,ok,ok,
2178,龙锦苑东三区,66909.0,113871.4,APB,no_hyp,no_hyp,no_hyp,ok,ok,
2179,霍营小区,44668.1,76011.7,APB,no_hyp,no_hyp,no_hyp,ok,ok,
2180,紫金新干线四区,44417.2,75579.5,APB,no_hyp,no_hyp,no_hyp,ok,ok,
2181,林奥嘉园,110182.0,187250.5,APB,no_hyp,no_hyp,no_hyp,ok,ok,
2182,北卫新园,121520.2,206502.6,APB,no_hyp,no_hyp,no_hyp,ok,ok,
2183,佳兴园,62780.6,106695.2,APB,no_hyp,no_hyp,no_hyp,ok,ok,
2184,康宏瑞普,23809.2,40462.1,APB,no_hyp,no_hyp,no_hyp,ok,ok,
2185,城锦苑,44021.4,74817.9,APB,no_hyp,no_hyp,no_hyp,ok,ok,
2186,亚北新区·鑫兆丽园,38137.3,64818.3,APB,no_hyp,no_hyp,no_hyp,ok,ok,
2187,平安嘉苑,43925.4,74654.5,APB,no_hyp,no_hyp,no_hyp,ok,ok,
2188,美立方,49698.1,84471.3,APB,no_hyp,no_hyp,no_hyp,ok,ok,
2189,北苑6号院,12985.3,22070.9,APB,no_hyp,no_hyp,no_hyp,ok,ok,
2190,天怡家园,31572.4,53665.7,APB,no_hyp,no_hyp,no_hyp,ok,ok,
2191,绣菊园南区,20881.0,35494.7,APB,no_hyp,no_hyp,no_hyp,ok,ok,
2192,环科院家属院小区,40265.2,68448.9,APB,no_hyp,no_hyp,no_hyp,ok,ok,
2193,绣菊园,106219.3,180570.0,APB,no_hyp,no_hyp,no_hyp,ok,ok,
2194,紫绶园南区,48996.3,83287.2,APB,no_hyp,no_hyp,no_hyp,ok,ok,
2195,紫绶园北区,9953.2,16919.8,APB,no_hyp,no_hyp,no_hyp,ok,ok,
2196,清友园,152572.2,259328.7,APB,no_hyp,no_hyp,no_hyp,ok,ok,
2197,合立方,35759.6,60812.5,APB,no_hyp,no_hyp,no_hyp,ok,ok,
2198,润枫欣尚,35414.3,60225.1,APB,no_hyp,no_hyp,no_hyp,ok,ok,
2199,奥北中心,34866.9,59289.5,APB,no_hyp,no_hyp,no_hyp,ok,ok,
2200,奥北中心北区,43262.8,73577.8,APB,no_hyp,no_hyp,no_hyp,ok,ok,
2201,正辰小区,34240.1,58232.7,APB,no_hyp,no_hyp,no_hyp,ok,ok,
2202,卢卡新天地,17730.2,30153.7,APB,no_hyp,no_hyp,no_hyp,ok,ok,
2203,公园两栋,12060.5,20512.0,APB,no_hyp,no_hyp,no_hyp,ok,ok,
2204,,138137.5,235022.4,APB,no_hyp,no_hyp,no_hyp,ok,ok,
2205,,134559.8,228914.1,APB,no_hyp,no_hyp,no_hyp,ok,ok,
2206,,40831.1,69456.0,APB,no_hyp,no_hyp,no_hyp,ok,ok,
2207,丽水园小区,58760.4,99952.5,APB,no_hyp,no_hyp,no_hyp,ok,ok,
2208,天通苑一区,116333.1,197871.5,APB,no_hyp,no_hyp,no_hyp,ok,ok,
2209,天通苑三区,96538.1,164186.8,APB,no_hyp,no_hyp,no_hyp,ok,ok,
2210,天通苑四区,127107.4,216187.5,APB,no_hyp,no_hyp,no_hyp,ok,ok,
2211,天通苑六区,207777.8,353438.4,APB,no_hyp,no_hyp,no_hyp,ok,ok,
2212,天通苑二区,78572.6,133644.4,APB,no_hyp,no_hyp,no_hyp,ok,ok,
2213,天通中苑南区,130196.7,221491.6,APB,no_hyp,no_hyp,no_hyp,ok,ok,
2214,天通中苑东区,307225.7,522700.2,APB,no_hyp,no_hyp,no_hyp,ok,ok,
2215,天通中苑西区,121980.3,207533.1,APB,no_hyp,no_hyp,no_hyp,ok,ok,
2216,,108180.7,184135.7,APB,no_hyp,no_hyp,no_hyp,ok,ok,
2217,燕城苑,140160.6,238565.6,APB,no_hyp,no_hyp,no_hyp,ok,ok,
2218,太海路3号院,22632.0,38524.6,APB,no_hyp,no_hyp,no_hyp,ok,ok,
2219,燕城苑北区,23174.6,39449.9,APB,no_hyp,no_hyp,no_hyp,ok,ok,
2220,望都新地北区,56688.1,96566.5,APB,no_hyp,no_hyp,no_hyp,ok,ok,
2221,阿凯笛亚庄园,268529.7,457419.3,APB,no_hyp,no_hyp,no_hyp,ok,ok,
2222,东亚创展国际,55102.2,93876.2,APB,no_hyp,no_hyp,no_hyp,ok,ok,
2223,绿地启航国际,54701.2,93186.7,APB,no_hyp,no_hyp,no_hyp,ok,ok,
2224,中景·江山赋,111911.7,190618.0,APB,no_hyp,no_hyp,no_hyp,ok,ok,
2225,香花畦家园,138011.0,235071.2,APB,no_hyp,no_hyp,no_hyp,ok,ok,
2226,德国印象,25781.5,43910.4,APB,no_hyp,no_hyp,no_hyp,ok,ok,
2227,双裕花园西区,103050.8,175507.0,APB,no_hyp,no_hyp,no_hyp,ok,ok,
2228,白露雅园西区,21885.0,37271.2,APB,no_hyp,no_hyp,no_hyp,ok,ok,
2229,白露雅园东区,33972.5,57860.1,APB,no_hyp,no_hyp,no_hyp,ok,ok,
2230,明德家园,14478.3,24658.8,APB,no_hyp,no_hyp,no_hyp,ok,ok,
2231,双裕小区,70158.4,119491.2,APB,no_hyp,no_hyp,no_hyp,ok,ok,
2232,裕祥花园,133662.0,227614.7,APB,no_hyp,no_hyp,no_hyp,ok,ok,
2233,观林阁花园,89465.3,152348.5,APB,no_hyp,no_hyp,no_hyp,ok,ok,
2234,金地·悦景台,36404.4,61994.9,APB,no_hyp,no_hyp,no_hyp,ok,ok,
2235,金地·中央世家,44241.1,75336.2,APB,no_hyp,no_hyp,no_hyp,ok,ok,
2236,智地香蜜湾,57732.9,98299.1,APB,no_hyp,no_hyp,no_hyp,ok,ok,
2237,三山新新家园,178527.9,303957.3,APB,no_hyp,no_hyp,no_hyp,ok,ok,
2238,水青庭,63973.3,108917.8,APB,no_hyp,no_hyp,no_hyp,ok,ok,
2239,中粮·祥云国际生活区北区,183065.1,311651.1,APB,no_hyp,no_hyp,no_hyp,ok,ok,
2240,海航国兴城,43115.4,73426.3,APB,no_hyp,no_hyp,no_hyp,ok,ok,
2241,燕保·祈东家园,140244.0,237088.0,APB,no_hyp,no_hyp,no_hyp,ok,ok,
2242,,233552.3,390568.7,APB,no_hyp,no_hyp,no_hyp,ok,ok,
2243,宝龙国际公寓,33144.6,56430.1,APB,no_hyp,no_hyp,no_hyp,ok,ok,
2244,金港嘉园,70015.7,119182.4,APB,no_hyp,no_hyp,no_hyp,ok,ok,
2245,满庭芳嘉园,64784.3,110261.5,APB,no_hyp,no_hyp,no_hyp,ok,ok,
2246,枫泉花园,65110.3,110816.3,APB,no_hyp,no_hyp,no_hyp,ok,ok,
2247,ID City,113951.5,193957.8,APB,no_hyp,no_hyp,no_hyp,ok,ok,
2248,中粮·祥云国际生活区南区,33038.2,56235.4,APB,no_hyp,no_hyp,no_hyp,ok,ok,
2249,中粮·祥云国际生活区中区,24183.6,41165.4,APB,no_hyp,no_hyp,no_hyp,ok,ok,
2250,瑞景花苑誉天下,816038.4,1387765.8,APB,no_hyp,no_hyp,no_hyp,ok,ok,
2251,恒大丽宫,419473.5,713201.1,APB,no_hyp,no_hyp,no_hyp,ok,ok,
2252,万科·天竺悦城,18806.0,31979.6,APB,no_hyp,no_hyp,no_hyp,ok,ok,
2253,翠竹新村一区,92509.2,157309.5,APB,no_hyp,no_hyp,no_hyp,ok,ok,
2254,翠竹新村,86014.8,146277.4,APB,no_hyp,no_hyp,no_hyp,ok,ok,
2255,万通天竺新新家园,259693.1,441667.4,APB,no_hyp,no_hyp,no_hyp,ok,ok,
2256,天竺花园,101339.5,172359.9,APB,no_hyp,no_hyp,no_hyp,ok,ok,
2257,希望家园,33608.6,57157.0,APB,no_hyp,no_hyp,no_hyp,ok,ok,
2258,MOMA万万树一期,127025.1,216610.9,APB,no_hyp,no_hyp,no_hyp,ok,ok,
2259,MOMA万万树二期,157470.0,268556.6,APB,no_hyp,no_hyp,no_hyp,ok,ok,
2260,东君府MOMA,115077.4,196255.7,APB,no_hyp,no_hyp,no_hyp,ok,ok,
2261,丽喜南苑,58806.8,100298.1,APB,no_hyp,no_hyp,no_hyp,ok,ok,
2262,丽喜花园,101068.2,172389.0,APB,no_hyp,no_hyp,no_hyp,ok,ok,
2263,首创禧瑞墅,20903.7,35710.6,APB,no_hyp,no_hyp,no_hyp,ok,ok,
2264,首创·悦树汇,35250.9,60219.8,APB,no_hyp,no_hyp,no_hyp,ok,ok,
2265,板桥新苑,53647.2,91646.5,APB,no_hyp,no_hyp,no_hyp,ok,ok,
2266,首创公园城,41645.1,71148.6,APB,no_hyp,no_hyp,no_hyp,ok,ok,
2267,板桥新苑7号院,98831.5,168847.9,APB,no_hyp,no_hyp,no_hyp,ok,ok,
2268,北京庄园,101158.1,172820.1,APB,no_hyp,no_hyp,no_hyp,ok,ok,
2269,尚峯壹号峯境,219751.2,375423.3,APB,no_hyp,no_hyp,no_hyp,ok,ok,
2270,锦绣园,13029.5,22262.0,APB,no_hyp,no_hyp,no_hyp,ok,ok,
2271,润景园,47707.1,81514.4,APB,no_hyp,no_hyp,no_hyp,ok,ok,
2272,首创禧瑞墅2期,58887.9,100622.6,APB,no_hyp,no_hyp,no_hyp,ok,ok,
2273,首创悦树湾,28600.4,48873.7,APB,no_hyp,no_hyp,no_hyp,ok,ok,
2274,首创河著,60239.4,102935.6,APB,no_hyp,no_hyp,no_hyp,ok,ok,
2275,首创禧瑞墅4期,37363.3,63841.7,APB,no_hyp,no_hyp,no_hyp,ok,ok,
2276,安乐家园,29971.5,51201.0,APB,no_hyp,no_hyp,no_hyp,ok,ok,
2277,张庄家园,75374.5,128761.6,APB,no_hyp,no_hyp,no_hyp,ok,ok,
2278,首创·禧瑞山,43799.3,74820.7,APB,no_hyp,no_hyp,no_hyp,ok,ok,
2279,首创·悦溪汇,40375.9,68968.6,APB,no_hyp,no_hyp,no_hyp,ok,ok,
2280,牛栏山小区,129901.9,221889.7,APB,no_hyp,no_hyp,no_hyp,ok,ok,
2281,恒华湖公馆,219733.8,375281.0,APB,no_hyp,no_hyp,no_hyp,ok,ok,
2282,龙湖·好望山西区,61899.9,105721.4,APB,no_hyp,no_hyp,no_hyp,ok,ok,
2283,纳帕尔湾,256064.2,437294.1,APB,no_hyp,no_hyp,no_hyp,ok,ok,
2284,合景香悦四季-西区,252251.4,430546.8,APB,no_hyp,no_hyp,no_hyp,ok,ok,
2285,顺兴街十七号院,49454.3,84416.2,APB,no_hyp,no_hyp,no_hyp,ok,ok,
2286,新马家园,48337.8,82514.3,APB,no_hyp,no_hyp,no_hyp,ok,ok,
2287,顺悦家园,105721.7,180467.8,APB,no_hyp,no_hyp,no_hyp,ok,ok,
2288,北辰墅院1900,106967.5,182594.0,APB,no_hyp,no_hyp,no_hyp,ok,ok,
2289,中铁·花溪渡,132532.5,226232.7,APB,no_hyp,no_hyp,no_hyp,ok,ok,
2290,丽园小区,32817.4,56023.4,APB,no_hyp,no_hyp,no_hyp,ok,ok,
2291,鲁能7号院·颐景溪园,231453.6,395091.6,APB,no_hyp,no_hyp,no_hyp,ok,ok,
2292,鲁能·泰山7号别墅,225877.6,385570.3,APB,no_hyp,no_hyp,no_hyp,ok,ok,
2293,泰和宜园,177442.3,302826.1,APB,no_hyp,no_hyp,no_hyp,ok,ok,
2294,马坡花园二区,199357.3,340229.7,APB,no_hyp,no_hyp,no_hyp,ok,ok,
2295,马坡花园一区,193644.1,330444.6,APB,no_hyp,no_hyp,no_hyp,ok,ok,
2296,金宝花园北区,151343.8,258284.1,APB,no_hyp,no_hyp,no_hyp,ok,ok,
2297,恒丰花园,78283.6,133565.9,APB,no_hyp,no_hyp,no_hyp,ok,ok,
2298,裕和嘉园,74198.2,126090.9,APB,no_hyp,no_hyp,no_hyp,ok,ok,
2299,树村丽景苑,97391.7,165495.0,APB,no_hyp,no_hyp,no_hyp,ok,ok,
2300,山屿湖,39284.7,66790.7,APB,no_hyp,no_hyp,no_hyp,ok,ok,
2301,山屿·西山著,66113.7,112404.0,APB,no_hyp,no_hyp,no_hyp,ok,ok,
2302,万科翡翠云图,35743.7,60763.9,APB,no_hyp,no_hyp,no_hyp,ok,ok,
2303,紫郡兰园,96493.5,164036.9,APB,no_hyp,no_hyp,no_hyp,ok,ok,
2304,水岸家园,179687.6,305488.3,APB,no_hyp,no_hyp,no_hyp,ok,ok,
2305,如园,183330.1,311664.5,APB,no_hyp,no_hyp,no_hyp,ok,ok,
2306,芳怡园,81511.6,138575.9,APB,no_hyp,no_hyp,no_hyp,ok,ok,
2307,碧水家园,20607.9,35036.6,APB,no_hyp,no_hyp,no_hyp,ok,ok,
2308,凤仪佳苑六里,39429.6,67137.5,APB,no_hyp,no_hyp,no_hyp,ok,ok,
2309,凤仪佳苑二里,36634.6,62392.7,APB,no_hyp,no_hyp,no_hyp,ok,ok,
2310,麓景嘉园南里,113603.4,193491.0,APB,no_hyp,no_hyp,no_hyp,ok,ok,
2311,前沙涧路7号院,110320.9,187899.1,APB,no_hyp,no_hyp,no_hyp,ok,ok,
2312,麓景嘉园北里,143319.4,244121.7,APB,no_hyp,no_hyp,no_hyp,ok,ok,
2313,凤仪佳苑八里,106308.8,181029.5,APB,no_hyp,no_hyp,no_hyp,ok,ok,
2314,海淀·嘉郡,110363.0,188069.9,APB,no_hyp,no_hyp,no_hyp,ok,ok,
2315,馨悦家园二区,31603.7,53857.6,APB,no_hyp,no_hyp,no_hyp,ok,ok,
2316,二七车辆社区,95829.5,161981.3,APB,no_hyp,no_hyp,no_hyp,ok,ok,
2317,张郭庄小区,66004.8,111575.8,APB,no_hyp,no_hyp,no_hyp,ok,ok,
2318,福生园小区,65126.4,110095.5,APB,no_hyp,no_hyp,no_hyp,ok,ok,
2319,,16895.2,28561.3,APB,no_hyp,no_hyp,no_hyp,ok,ok,
2320,园博嘉园,44546.9,75322.3,APB,no_hyp,no_hyp,no_hyp,ok,ok,
2321,万年园博墅,10117.9,17108.3,APB,no_hyp,no_hyp,no_hyp,ok,ok,
2322,园博府,28037.5,47408.8,APB,no_hyp,no_hyp,no_hyp,ok,ok,
2323,西山甲一号,139847.5,236482.3,APB,no_hyp,no_hyp,no_hyp,ok,ok,
2324,红山郡,161730.4,273497.7,APB,no_hyp,no_hyp,no_hyp,ok,ok,
2325,槐树岭4号院,218732.7,369852.4,APB,no_hyp,no_hyp,no_hyp,ok,ok,
2326,槐树岭3号院,87979.8,148760.5,APB,no_hyp,no_hyp,no_hyp,ok,ok,
2327,西博园,69763.6,118012.0,APB,no_hyp,no_hyp,no_hyp,ok,ok,
2328,盛德东兴家园西区,57902.0,97933.5,APB,no_hyp,no_hyp,no_hyp,ok,ok,
2329,盛德东兴家园东区,44862.6,75879.8,APB,no_hyp,no_hyp,no_hyp,ok,ok,
2330,盛徳东兴家园南区,67677.6,114460.0,APB,no_hyp,no_hyp,no_hyp,ok,ok,
2331,鑫园听竹院,37412.1,63272.1,APB,no_hyp,no_hyp,no_hyp,ok,ok,
2332,鑫园闻松台,55992.3,94688.5,APB,no_hyp,no_hyp,no_hyp,ok,ok,
2333,优品园,73045.0,125276.4,APB,no_hyp,no_hyp,no_hyp,ok,ok,
2334,万科·弗农小镇,132377.3,227829.9,APB,no_hyp,no_hyp,no_hyp,ok,ok,
2335,碧水花园,23648.1,40712.2,APB,no_hyp,no_hyp,no_hyp,ok,ok,
2336,溪水花园一区,37637.0,64796.6,APB,no_hyp,no_hyp,no_hyp,ok,ok,
2337,王各庄小区,83300.0,142833.2,APB,no_hyp,no_hyp,no_hyp,ok,ok,
2338,明珠花园中区,10165.9,17438.7,APB,no_hyp,no_hyp,no_hyp,ok,ok,
2339,明珠花园西区,39107.9,67084.5,APB,no_hyp,no_hyp,no_hyp,ok,ok,
2340,明珠花园东区,24146.9,41422.4,APB,no_hyp,no_hyp,no_hyp,ok,ok,
2341,海怡庄园东区,54870.1,94161.6,APB,no_hyp,no_hyp,no_hyp,ok,ok,
2342,海怡庄园西区,43308.6,74319.0,APB,no_hyp,no_hyp,no_hyp,ok,ok,
2343,下屯村回迁房,52399.6,90099.3,APB,no_hyp,no_hyp,no_hyp,ok,ok,
2344,,51983.8,89383.2,APB,no_hyp,no_hyp,no_hyp,ok,ok,
2345,,50464.4,86772.9,APB,no_hyp,no_hyp,no_hyp,ok,ok,
2346,博园雅居,29043.9,49943.3,APB,no_hyp,no_hyp,no_hyp,ok,ok,
2347,,30411.6,52294.5,APB,no_hyp,no_hyp,no_hyp,ok,ok,
2348,妫河丽景小区,25274.2,43476.8,APB,no_hyp,no_hyp,no_hyp,ok,ok,
2349,,109807.7,188905.9,APB,no_hyp,no_hyp,no_hyp,ok,ok,
2350,舜泽园,71079.1,122280.6,APB,no_hyp,no_hyp,no_hyp,ok,ok,
2351,南菜园北二区,114281.2,196596.0,APB,no_hyp,no_hyp,no_hyp,ok,ok,
2352,南菜园南二区,146208.7,251499.5,APB,no_hyp,no_hyp,no_hyp,ok,ok,
2353,国润家园,26344.0,45313.6,APB,no_hyp,no_hyp,no_hyp,ok,ok,
2354,燕水佳园北区,22317.7,38386.4,APB,no_hyp,no_hyp,no_hyp,ok,ok,
2355,莲花苑,79841.2,137338.6,APB,no_hyp,no_hyp,no_hyp,ok,ok,
2356,湖南小区,61471.4,105760.6,APB,no_hyp,no_hyp,no_hyp,ok,ok,
2357,湖南小区,51831.6,89170.3,APB,no_hyp,no_hyp,no_hyp,ok,ok,
2358,燕水佳园南区,47772.8,82164.7,APB,no_hyp,no_hyp,no_hyp,ok,ok,
2359,双路小区,87942.6,151360.0,APB,no_hyp,no_hyp,no_hyp,ok,ok,
2360,泰安小区,35864.3,61731.2,APB,no_hyp,no_hyp,no_hyp,ok,ok,
2361,石河营东社区,49229.3,84721.7,APB,no_hyp,no_hyp,no_hyp,ok,ok,
2362,石河营小区,58938.4,101437.5,APB,no_hyp,no_hyp,no_hyp,ok,ok,
2363,川北小区,201073.1,346065.7,APB,no_hyp,no_hyp,no_hyp,ok,ok,
2364,高塔小区南区,51910.7,89350.3,APB,no_hyp,no_hyp,no_hyp,ok,ok,
2365,尚书苑,64608.2,111211.6,APB,no_hyp,no_hyp,no_hyp,ok,ok,
2366,温泉南区东里,39287.5,67629.0,APB,no_hyp,no_hyp,no_hyp,ok,ok,
2367,格兰山水一期,66993.0,115311.7,APB,no_hyp,no_hyp,no_hyp,ok,ok,
2368,高塔小区北区,26325.4,45317.2,APB,no_hyp,no_hyp,no_hyp,ok,ok,
2369,恒安小区北区,19759.9,34015.5,APB,no_hyp,no_hyp,no_hyp,ok,ok,
2370,恒安小区南区,53011.6,91253.6,APB,no_hyp,no_hyp,no_hyp,ok,ok,
2371,天润·和丽嘉苑,92312.2,158895.6,APB,no_hyp,no_hyp,no_hyp,ok,ok,
2372,延庆新兴小区西区,188695.2,324820.6,APB,no_hyp,no_hyp,no_hyp,ok,ok,
2373,会展公寓,14437.5,24854.1,APB,no_hyp,no_hyp,no_hyp,ok,ok,
2374,观澜国际,14749.4,25392.5,APB,no_hyp,no_hyp,no_hyp,ok,ok,
2375,世爵华府,31410.5,54078.5,APB,no_hyp,no_hyp,no_hyp,ok,ok,
2376,温泉馨苑,53405.9,91953.3,APB,no_hyp,no_hyp,no_hyp,ok,ok,
2377,东方假日温泉别墅,20826.3,35857.4,APB,no_hyp,no_hyp,no_hyp,ok,ok,
2378,格兰山水东区,11264.5,19391.7,APB,no_hyp,no_hyp,no_hyp,ok,ok,
2379,格兰山水二期北区,101277.5,174336.4,APB,no_hyp,no_hyp,no_hyp,ok,ok,
2380,格兰山水西区,10903.7,18770.2,APB,no_hyp,no_hyp,no_hyp,ok,ok,
2381,格兰山水2期南区,119546.6,205769.1,APB,no_hyp,no_hyp,no_hyp,ok,ok,
2382,温泉西里,50564.4,87027.8,APB,no_hyp,no_hyp,no_hyp,ok,ok,
2383,北关小区,42791.2,73650.3,APB,no_hyp,no_hyp,no_hyp,ok,ok,
2384,悦安居小区,38542.4,66333.9,APB,no_hyp,no_hyp,no_hyp,ok,ok,
2385,悦泽苑,58196.7,100123.7,APB,no_hyp,no_hyp,no_hyp,ok,ok,
2386,康安小区,174379.6,300054.4,APB,no_hyp,no_hyp,no_hyp,ok,ok,
2387,永安小区,7242.7,12463.7,APB,no_hyp,no_hyp,no_hyp,ok,ok,
2388,,8718.1,15002.7,APB,no_hyp,no_hyp,no_hyp,ok,ok,
2389,胜芳园,24363.5,41932.1,APB,no_hyp,no_hyp,no_hyp,ok,ok,
2390,天成家园,143945.4,247884.8,APB,no_hyp,no_hyp,no_hyp,ok,ok,
2391,原乡美利坚,2313559.7,3981130.0,APB,no_hyp,no_hyp,no_hyp,ok,ok,
2392,东外小区,54992.2,94635.2,APB,no_hyp,no_hyp,no_hyp,ok,ok,
2393,东关小区,54360.7,93545.2,APB,no_hyp,no_hyp,no_hyp,ok,ok,
2394,,854322.4,1468366.8,APB,no_hyp,no_hyp,no_hyp,ok,ok,
2395,中弘·北京像素南区,124341.4,210652.2,APB,no_hyp,no_hyp,no_hyp,ok,ok,
2396,金隅丽景园,100544.2,170331.0,APB,no_hyp,no_hyp,no_hyp,ok,ok,
2397,富力阳光美园,121149.4,205252.9,APB,no_hyp,no_hyp,no_hyp,ok,ok,
2398,保利嘉园三号院,107753.2,182572.2,APB,no_hyp,no_hyp,no_hyp,ok,ok,
2399,保利嘉园一号院,54950.6,93106.3,APB,no_hyp,no_hyp,no_hyp,ok,ok,
2400,北辰福第北区,35213.0,59664.9,APB,no_hyp,no_hyp,no_hyp,ok,ok,
2401,北辰福第中区,70719.2,119820.8,APB,no_hyp,no_hyp,no_hyp,ok,ok,
2402,天际万象高尔夫花园,49884.5,84524.0,APB,no_hyp,no_hyp,no_hyp,ok,ok,
2403,万象新天二区,105723.6,179127.5,APB,no_hyp,no_hyp,no_hyp,ok,ok,
2404,万象新天三区,16899.3,28630.5,APB,no_hyp,no_hyp,no_hyp,ok,ok,
2405,万象新天四区,117956.1,199836.7,APB,no_hyp,no_hyp,no_hyp,ok,ok,
2406,万象新天一区,234968.4,398111.9,APB,no_hyp,no_hyp,no_hyp,ok,ok,
2407,常营民族家园G区,34418.7,58315.8,APB,no_hyp,no_hyp,no_hyp,ok,ok,
2408,优点社区,39031.3,66133.8,APB,no_hyp,no_hyp,no_hyp,ok,ok,
2409,常营民族家园J区,53270.9,90250.3,APB,no_hyp,no_hyp,no_hyp,ok,ok,
2410,常营民族家园N区,26083.8,44191.3,APB,no_hyp,no_hyp,no_hyp,ok,ok,
2411,常营民族家园B区,124046.8,210175.8,APB,no_hyp,no_hyp,no_hyp,ok,ok,
2412,常营民族家园C.D.F区,164812.6,279247.5,APB,no_hyp,no_hyp,no_hyp,ok,ok,
2413,苹果派,109340.9,185258.3,APB,no_hyp,no_hyp,no_hyp,ok,ok,
2414,常营民族家园三期,66287.0,112298.6,APB,no_hyp,no_hyp,no_hyp,ok,ok,
2415,鑫兆佳园,167552.3,283818.6,APB,no_hyp,no_hyp,no_hyp,ok,ok,
2416,燕保常营家园,39981.9,67730.7,APB,no_hyp,no_hyp,no_hyp,ok,ok,
2417,未来域,34816.9,58976.4,APB,no_hyp,no_hyp,no_hyp,ok,ok,
2418,常楹公元,75668.7,128176.3,APB,no_hyp,no_hyp,no_hyp,ok,ok,
2419,常营南路43号院,7411.2,12553.7,APB,no_hyp,no_hyp,no_hyp,ok,ok,
2420,龙湖长楹天街西区,51676.6,87541.2,APB,no_hyp,no_hyp,no_hyp,ok,ok,
2421,龙湖·长楹天街东区,37314.9,63212.5,APB,no_hyp,no_hyp,no_hyp,ok,ok,
2422,,32089.8,55587.4,APB,no_hyp,no_hyp,no_hyp,ok,ok,
2423,,64902.2,112424.8,APB,no_hyp,no_hyp,no_hyp,ok,ok,
2424,,48423.0,83826.4,APB,no_hyp,no_hyp,no_hyp,ok,ok,
2425,,147264.2,254921.3,APB,no_hyp,no_hyp,no_hyp,ok,ok,
2426,,10943.7,18916.5,APB,no_hyp,no_hyp,no_hyp,ok,ok,
2427,,15094.2,26099.0,APB,no_hyp,no_hyp,no_hyp,ok,ok,
2428,紫金长安,171270.9,290068.4,APB,no_hyp,no_hyp,no_hyp,ok,ok,
2429,众美城,46685.4,78420.7,APB,no_hyp,no_hyp,no_hyp,ok,ok,
2430,御园A区,82565.6,138689.5,APB,no_hyp,no_hyp,no_hyp,ok,ok,
2431,,117808.8,201309.1,APB,no_hyp,no_hyp,no_hyp,ok,ok,
2432,,111120.0,189877.2,APB,no_hyp,no_hyp,no_hyp,ok,ok,
2433,水榭花城,221161.1,375822.9,APB,no_hyp,no_hyp,no_hyp,ok,ok,
2434,,459981.1,781216.4,APB,no_hyp,no_hyp,no_hyp,ok,ok,
2435,车道沟社区,9318.7,15795.9,APB,no_hyp,no_hyp,no_hyp,ok,ok,
2436,龙虎台村,506130.9,865357.1,APB,no_hyp,no_hyp,no_hyp,ok,ok,
2437,,239081.8,408692.7,APB,no_hyp,no_hyp,no_hyp,ok,ok,
2438,,508342.0,868819.2,APB,no_hyp,no_hyp,no_hyp,ok,ok,
2439,陈庄村,183291.0,313357.8,APB,no_hyp,no_hyp,no_hyp,ok,ok,
2440,邓庄村,288982.9,493925.2,APB,no_hyp,no_hyp,no_hyp,ok,ok,
2441,富力华庭苑东区,71308.1,119780.5,APB,no_hyp,no_hyp,no_hyp,ok,ok,
2442,富力飞常HAOS,35418.0,59491.8,APB,no_hyp,no_hyp,no_hyp,ok,ok,
2443,富力华庭苑-西区,63038.3,105887.3,APB,no_hyp,no_hyp,no_hyp,ok,ok,
2444,天恒旭辉7号院,108348.8,182011.1,APB,no_hyp,no_hyp,no_hyp,ok,ok,
2445,隆华大街49号院,35175.0,59091.0,APB,no_hyp,no_hyp,no_hyp,ok,ok,
2446,河马公舍,32529.3,54637.2,APB,no_hyp,no_hyp,no_hyp,ok,ok,
2447,御园D区,27152.8,45604.4,APB,no_hyp,no_hyp,no_hyp,ok,ok,
2448,御园E区,18992.7,31898.0,APB,no_hyp,no_hyp,no_hyp,ok,ok,
2449,御园C区,20555.6,34522.8,APB,no_hyp,no_hyp,no_hyp,ok,ok,
2450,御园B区,50775.9,85282.3,APB,no_hyp,no_hyp,no_hyp,ok,ok,
2451,隆盛园小区,88498.2,148615.6,APB,no_hyp,no_hyp,no_hyp,ok,ok,
2452,龙景湾乙区,232697.5,390785.4,APB,no_hyp,no_hyp,no_hyp,ok,ok,
2453,龙景湾甲区,123241.0,206953.4,APB,no_hyp,no_hyp,no_hyp,ok,ok,
2454,龙景湾三区,149937.2,251801.7,APB,no_hyp,no_hyp,no_hyp,ok,ok,
2455,龙景湾二区,156770.5,263276.8,APB,no_hyp,no_hyp,no_hyp,ok,ok,
2456,龙景湾一区,69258.4,116311.5,APB,no_hyp,no_hyp,no_hyp,ok,ok,
2457,龙景湾,64623.3,108535.5,APB,no_hyp,no_hyp,no_hyp,ok,ok,
2458,龙景湾四区,235147.5,394950.9,APB,no_hyp,no_hyp,no_hyp,ok,ok,
2459,龙熙旭辉六号院,128112.5,215170.4,APB,no_hyp,no_hyp,no_hyp,ok,ok,
2460,龙熙庄园,118968.0,199780.0,APB,no_hyp,no_hyp,no_hyp,ok,ok,
2461,龙景湾五区,120696.7,202718.4,APB,no_hyp,no_hyp,no_hyp,ok,ok,
2462,多彩嘉园,7459.9,12549.2,APB,no_hyp,no_hyp,no_hyp,ok,ok,
2463,龙湖时代天街西区,36465.6,61347.9,APB,no_hyp,no_hyp,no_hyp,ok,ok,
2464,住总·万科橙,65490.5,110192.3,APB,no_hyp,no_hyp,no_hyp,ok,ok,
2465,鑫苑·鑫都汇,55659.9,93650.0,APB,no_hyp,no_hyp,no_hyp,ok,ok,
2466,兴源幸福城,54750.9,92123.3,APB,no_hyp,no_hyp,no_hyp,ok,ok,
2467,绿地启航国际,44787.6,75359.6,APB,no_hyp,no_hyp,no_hyp,ok,ok,
2468,珺悦国际,150706.9,253548.1,APB,no_hyp,no_hyp,no_hyp,ok,ok,
2469,绿地智汇健康城,82707.7,139137.3,APB,no_hyp,no_hyp,no_hyp,ok,ok,
2470,春天派,26565.1,44670.8,APB,no_hyp,no_hyp,no_hyp,ok,ok,
2471,金科嘉苑,61133.2,102841.0,APB,no_hyp,no_hyp,no_hyp,ok,ok,
2472,金隅·i立方,46610.6,78436.7,APB,no_hyp,no_hyp,no_hyp,ok,ok,
2473,联港嘉园C区,96240.2,161970.8,APB,no_hyp,no_hyp,no_hyp,ok,ok,
2474,罗奇营小区,54526.8,91770.1,APB,no_hyp,no_hyp,no_hyp,ok,ok,
2475,联港嘉园D区,71518.6,120368.7,APB,no_hyp,no_hyp,no_hyp,ok,ok,
2476,联港嘉园A区,62688.7,105517.2,APB,no_hyp,no_hyp,no_hyp,ok,ok,
2477,兴水家园,103664.7,174518.2,APB,no_hyp,no_hyp,no_hyp,ok,ok,
2478,泰禾中央广场二期,90420.3,152244.5,APB,no_hyp,no_hyp,no_hyp,ok,ok,
2479,泰禾中央广场三期,111140.4,187136.1,APB,no_hyp,no_hyp,no_hyp,ok,ok,
2480,,30084.8,50668.0,APB,no_hyp,no_hyp,no_hyp,ok,ok,
2481,佟馨家园D区,50964.4,85840.3,APB,no_hyp,no_hyp,no_hyp,ok,ok,
2482,佟馨家园A区,79391.8,133720.5,APB,no_hyp,no_hyp,no_hyp,ok,ok,
2483,佟馨家园C区,49668.5,83653.2,APB,no_hyp,no_hyp,no_hyp,ok,ok,
2484,佟馨家园B区,32595.4,54898.6,APB,no_hyp,no_hyp,no_hyp,ok,ok,
2485,果岭假日,61369.3,103361.6,APB,no_hyp,no_hyp,no_hyp,ok,ok,
2486,漪景园,42117.5,70903.2,APB,no_hyp,no_hyp,no_hyp,ok,ok,
2487,车站南里,23045.6,38797.8,APB,no_hyp,no_hyp,no_hyp,ok,ok,
2488,众美·光合原筑,11628.8,19578.3,APB,no_hyp,no_hyp,no_hyp,ok,ok,
2489,大庄新村,27106.5,45637.2,APB,no_hyp,no_hyp,no_hyp,ok,ok,
2490,义和庄北里,54928.7,92495.2,APB,no_hyp,no_hyp,no_hyp,ok,ok,
2491,氮肥厂宿舍小区,28675.2,48283.9,APB,no_hyp,no_hyp,no_hyp,ok,ok,
2492,锦华园,37880.0,63783.1,APB,no_hyp,no_hyp,no_hyp,ok,ok,
2493,艺苑桐城,79715.5,134264.2,APB,no_hyp,no_hyp,no_hyp,ok,ok,
2494,翰林庭院,54885.0,92443.5,APB,no_hyp,no_hyp,no_hyp,ok,ok,
2495,车站中里南区,43493.9,73245.6,APB,no_hyp,no_hyp,no_hyp,ok,ok,
2496,车站中里北区,19055.1,32091.0,APB,no_hyp,no_hyp,no_hyp,ok,ok,
2497,车站中里东区,38166.5,64276.1,APB,no_hyp,no_hyp,no_hyp,ok,ok,
2498,车站北里西区,64185.4,108108.0,APB,no_hyp,no_hyp,no_hyp,ok,ok,
2499,车站北里,51667.5,87019.0,APB,no_hyp,no_hyp,no_hyp,ok,ok,
2500,林校北里北区,45894.1,77299.7,APB,no_hyp,no_hyp,no_hyp,ok,ok,
2501,林校北里,51985.8,87554.4,APB,no_hyp,no_hyp,no_hyp,ok,ok,
2502,兴政西里南区,62287.6,104921.2,APB,no_hyp,no_hyp,no_hyp,ok,ok,
2503,清源西里,156671.2,264023.6,APB,no_hyp,no_hyp,no_hyp,ok,ok,
2504,兴华园,98193.9,165487.5,APB,no_hyp,no_hyp,no_hyp,ok,ok,
2505,彩虹新城,162946.8,274634.4,APB,no_hyp,no_hyp,no_hyp,ok,ok,
2506,滨河西里中区,72631.8,122425.7,APB,no_hyp,no_hyp,no_hyp,ok,ok,
2507,滨河东里,17365.1,29271.0,APB,no_hyp,no_hyp,no_hyp,ok,ok,
2508,滨河西里南区,145300.4,244886.5,APB,no_hyp,no_hyp,no_hyp,ok,ok,
2509,枣园东里西区,46058.3,77634.2,APB,no_hyp,no_hyp,no_hyp,ok,ok,
2510,枣园东里-南区,20562.2,34658.0,APB,no_hyp,no_hyp,no_hyp,ok,ok,
2511,盛芳茗苑,11373.9,19171.2,APB,no_hyp,no_hyp,no_hyp,ok,ok,
2512,郁花园二里,165553.9,279236.9,APB,no_hyp,no_hyp,no_hyp,ok,ok,
2513,郁花园一里,215269.2,363090.0,APB,no_hyp,no_hyp,no_hyp,ok,ok,
2514,兴创屹墅,160369.8,270444.7,APB,no_hyp,no_hyp,no_hyp,ok,ok,
2515,金惠园三里,127828.0,215587.2,APB,no_hyp,no_hyp,no_hyp,ok,ok,
2516,金惠园二里,39795.1,67121.1,APB,no_hyp,no_hyp,no_hyp,ok,ok,
2517,风景翠园,111419.2,187934.6,APB,no_hyp,no_hyp,no_hyp,ok,ok,
2518,保利·茉莉公馆,136652.7,230492.1,APB,no_hyp,no_hyp,no_hyp,ok,ok,
2519,领海·浅水湾,354657.1,598211.1,APB,no_hyp,no_hyp,no_hyp,ok,ok,
2520,华润·公元九里,173672.5,292850.8,APB,no_hyp,no_hyp,no_hyp,ok,ok,
2521,兴涛社区,172715.0,291236.8,APB,no_hyp,no_hyp,no_hyp,ok,ok,
2522,云河墅,25317.1,42691.7,APB,no_hyp,no_hyp,no_hyp,ok,ok,
2523,新里西斯莱公馆,158320.5,266964.4,APB,no_hyp,no_hyp,no_hyp,ok,ok,
2524,原生墅,354787.1,598167.0,APB,no_hyp,no_hyp,no_hyp,ok,ok,
2525,铁五院家属区,76686.5,129290.9,APB,no_hyp,no_hyp,no_hyp,ok,ok,
2526,那尔水晶城,118224.6,199305.0,APB,no_hyp,no_hyp,no_hyp,ok,ok,
2527,首邑上城,50181.1,84596.2,APB,no_hyp,no_hyp,no_hyp,ok,ok,
2528,滨河西里北区,72719.1,122582.9,APB,no_hyp,no_hyp,no_hyp,ok,ok,
2529,中建·国际港,80046.4,134938.9,APB,no_hyp,no_hyp,no_hyp,ok,ok,
2530,兴盛街189号院,80232.4,135236.1,APB,no_hyp,no_hyp,no_hyp,ok,ok,
2531,首开康乃馨城,146072.0,246191.3,APB,no_hyp,no_hyp,no_hyp,ok,ok,
2532,东亚·马赛公馆,140408.3,236622.2,APB,no_hyp,no_hyp,no_hyp,ok,ok,
2533,阳光·丽景北区,21211.2,35976.4,APB,no_hyp,no_hyp,no_hyp,ok,ok,
2534,阳光·丽景南区,51026.9,86541.6,APB,no_hyp,no_hyp,no_hyp,ok,ok,
2535,柳浪家园北里,75162.3,127729.4,APB,no_hyp,no_hyp,no_hyp,ok,ok,
2536,柳浪家园南里,108565.6,184481.1,APB,no_hyp,no_hyp,no_hyp,ok,ok,
2537,圆明园西路51号院,23897.7,40586.8,APB,no_hyp,no_hyp,no_hyp,ok,ok,
2538,万科大都会滨江,12481.0,21143.5,APB,no_hyp,no_hyp,no_hyp,ok,ok,
2539,如意社区吉祥园小区,39504.6,66897.3,APB,no_hyp,no_hyp,no_hyp,ok,ok,
2540,如意园,73950.4,125226.8,APB,no_hyp,no_hyp,no_hyp,ok,ok,
2541,天桥湾,49245.5,83391.6,APB,no_hyp,no_hyp,no_hyp,ok,ok,
2542,摩卡空间,17230.8,29175.2,APB,no_hyp,no_hyp,no_hyp,ok,ok,
2543,中仓小区,121748.4,206130.9,APB,no_hyp,no_hyp,no_hyp,ok,ok,
2544,北京ONE,22567.8,38211.7,APB,no_hyp,no_hyp,no_hyp,ok,ok,
2545,中山街小区,4872.1,8249.1,APB,no_hyp,no_hyp,no_hyp,ok,ok,
2546,金帅府家园,44551.9,75429.7,APB,no_hyp,no_hyp,no_hyp,ok,ok,
2547,富力·金禧花园,45920.5,77742.1,APB,no_hyp,no_hyp,no_hyp,ok,ok,
2548,帅府园一期,112239.1,190018.3,APB,no_hyp,no_hyp,no_hyp,ok,ok,
2549,中山大街小区,28509.8,48269.1,APB,no_hyp,no_hyp,no_hyp,ok,ok,
2550,新华西街145号院,62432.7,105712.9,APB,no_hyp,no_hyp,no_hyp,ok,ok,
2551,通惠苑,10069.4,17050.4,APB,no_hyp,no_hyp,no_hyp,ok,ok,
2552,新华西街131号院,25837.2,43747.6,APB,no_hyp,no_hyp,no_hyp,ok,ok,
2553,北光小区,22993.8,38935.0,APB,no_hyp,no_hyp,no_hyp,ok,ok,
2554,潞河名苑南区,26297.4,44520.7,APB,no_hyp,no_hyp,no_hyp,ok,ok,
2555,潞河名苑北区,6632.2,11228.5,APB,no_hyp,no_hyp,no_hyp,ok,ok,
2556,新华南路34号院,84339.1,142794.1,APB,no_hyp,no_hyp,no_hyp,ok,ok,
2557,新街下坡30号院,20871.0,35335.5,APB,no_hyp,no_hyp,no_hyp,ok,ok,
2558,西营前街小区,94157.0,159389.6,APB,no_hyp,no_hyp,no_hyp,ok,ok,
2559,皓月苑,52096.1,88185.7,APB,no_hyp,no_hyp,no_hyp,ok,ok,
2560,梨园小镇,17699.8,29952.0,APB,no_hyp,no_hyp,no_hyp,ok,ok,
2561,北杨洼小区西区,48566.0,82190.4,APB,no_hyp,no_hyp,no_hyp,ok,ok,
2562,葛布店东里,45193.5,76486.3,APB,no_hyp,no_hyp,no_hyp,ok,ok,
2563,艺苑西街7号院,17320.2,29315.1,APB,no_hyp,no_hyp,no_hyp,ok,ok,
2564,通州区税务局宿舍,9132.3,15456.7,APB,no_hyp,no_hyp,no_hyp,ok,ok,
2565,艺苑西里,31247.6,52889.7,APB,no_hyp,no_hyp,no_hyp,ok,ok,
2566,艺苑小区东里,43744.1,74041.0,APB,no_hyp,no_hyp,no_hyp,ok,ok,
2567,阳光好东东,38118.6,64518.6,APB,no_hyp,no_hyp,no_hyp,ok,ok,
2568,玉桥北里,150851.7,255323.1,APB,no_hyp,no_hyp,no_hyp,ok,ok,
2569,乔庄西区,119290.5,201907.4,APB,no_hyp,no_hyp,no_hyp,ok,ok,
2570,乔庄北区,75955.6,128569.5,APB,no_hyp,no_hyp,no_hyp,ok,ok,
2571,乔庄东区,27323.7,46251.0,APB,no_hyp,no_hyp,no_hyp,ok,ok,
2572,博客园,49060.7,83046.9,APB,no_hyp,no_hyp,no_hyp,ok,ok,
2573,运乔嘉园,79739.2,134964.1,APB,no_hyp,no_hyp,no_hyp,ok,ok,
2574,乔庄东区2号院,44202.3,74815.6,APB,no_hyp,no_hyp,no_hyp,ok,ok,
2575,乔庄东区1号院,14329.0,24252.5,APB,no_hyp,no_hyp,no_hyp,ok,ok,
2576,合生·滨江帝景一期,53990.9,91373.1,APB,no_hyp,no_hyp,no_hyp,ok,ok,
2577,合生·滨江帝景2期,83521.3,141339.8,APB,no_hyp,no_hyp,no_hyp,ok,ok,
2578,玉桥东里南,77303.0,130810.4,APB,no_hyp,no_hyp,no_hyp,ok,ok,
2579,幸福艺居三区,17457.1,29541.7,APB,no_hyp,no_hyp,no_hyp,ok,ok,
2580,源泉苑小区,36470.5,61716.0,APB,no_hyp,no_hyp,no_hyp,ok,ok,
2581,幸福艺居,84990.9,143830.1,APB,no_hyp,no_hyp,no_hyp,ok,ok,
2582,京艺天朗雅园,17215.5,29135.0,APB,no_hyp,no_hyp,no_hyp,ok,ok,
2583,美然·百度城,41734.4,70630.4,APB,no_hyp,no_hyp,no_hyp,ok,ok,
2584,京艺天朗,30809.1,52141.4,APB,no_hyp,no_hyp,no_hyp,ok,ok,
2585,玉桥南里小区,140267.0,237382.9,APB,no_hyp,no_hyp,no_hyp,ok,ok,
2586,欣艺景园,22602.4,38252.4,APB,no_hyp,no_hyp,no_hyp,ok,ok,
2587,玉桥南里南区,101399.2,171592.0,APB,no_hyp,no_hyp,no_hyp,ok,ok,
2588,玉桥南里南区,12226.8,20690.0,APB,no_hyp,no_hyp,no_hyp,ok,ok,
2589,景馨家园,21075.7,35663.4,APB,no_hyp,no_hyp,no_hyp,ok,ok,
2590,金隅七零九零,101453.2,171654.2,APB,no_hyp,no_hyp,no_hyp,ok,ok,
2591,金隅通和园,72447.9,122559.3,APB,no_hyp,no_hyp,no_hyp,ok,ok,
2592,花石匠东区,42410.8,71743.0,APB,no_hyp,no_hyp,no_hyp,ok,ok,
2593,金隅·自由筑东区,22690.2,38385.4,APB,no_hyp,no_hyp,no_hyp,ok,ok,
2594,金隅花石匠二期东区,40195.2,67993.0,APB,no_hyp,no_hyp,no_hyp,ok,ok,
2595,金隅·花石匠二期西区,27381.6,46317.9,APB,no_hyp,no_hyp,no_hyp,ok,ok,
2596,华远·铭悦世家,30686.3,51904.9,APB,no_hyp,no_hyp,no_hyp,ok,ok,
2597,华远·铭悦,38384.8,64927.2,APB,no_hyp,no_hyp,no_hyp,ok,ok,
2598,华远铭悦园北区,40159.3,67928.6,APB,no_hyp,no_hyp,no_hyp,ok,ok,
2599,砖厂新村,40938.7,69242.9,APB,no_hyp,no_hyp,no_hyp,ok,ok,
2600,华远铭悦园南区,31906.5,53966.4,APB,no_hyp,no_hyp,no_hyp,ok,ok,
2601,土桥西区,83812.9,141748.2,APB,no_hyp,no_hyp,no_hyp,ok,ok,
2602,土桥东区,102479.8,173309.8,APB,no_hyp,no_hyp,no_hyp,ok,ok,
2603,太玉园东区,195549.8,330594.2,APB,no_hyp,no_hyp,no_hyp,ok,ok,
2604,太玉园二区,32111.3,54286.9,APB,no_hyp,no_hyp,no_hyp,ok,ok,
2605,太玉园西区,269862.1,456192.5,APB,no_hyp,no_hyp,no_hyp,ok,ok,
2606,新城乐居南区,45137.1,76328.9,APB,no_hyp,no_hyp,no_hyp,ok,ok,
2607,新城乐居北区,25205.2,42625.3,APB,no_hyp,no_hyp,no_hyp,ok,ok,
2608,高楼金第,119127.1,201454.8,APB,no_hyp,no_hyp,no_hyp,ok,ok,
2609,加州小镇C区,113400.2,191772.4,APB,no_hyp,no_hyp,no_hyp,ok,ok,
2610,加州小镇B区,113246.8,191528.7,APB,no_hyp,no_hyp,no_hyp,ok,ok,
2611,高丽园小区,106691.1,180441.0,APB,no_hyp,no_hyp,no_hyp,ok,ok,
2612,瑞都公园世家北区,77465.8,131014.4,APB,no_hyp,no_hyp,no_hyp,ok,ok,
2613,瑞都公园世家南区,68738.7,116245.2,APB,no_hyp,no_hyp,no_hyp,ok,ok,
2614,砖厂新家园,33988.9,57487.1,APB,no_hyp,no_hyp,no_hyp,ok,ok,
2615,群芳二园东区,44476.9,75216.0,APB,no_hyp,no_hyp,no_hyp,ok,ok,
2616,久居雅园,64420.8,108957.6,APB,no_hyp,no_hyp,no_hyp,ok,ok,
2617,群芳园小区,67157.9,113593.5,APB,no_hyp,no_hyp,no_hyp,ok,ok,
2618,K2·海棠湾,95095.8,160839.8,APB,no_hyp,no_hyp,no_hyp,ok,ok,
2619,群芳二园西区,33507.2,56668.8,APB,no_hyp,no_hyp,no_hyp,ok,ok,
2620,大马庄新园,46230.7,78181.0,APB,no_hyp,no_hyp,no_hyp,ok,ok,
2621,群芳四园,36725.6,62108.8,APB,no_hyp,no_hyp,no_hyp,ok,ok,
2622,桃花岛,102036.5,172569.2,APB,no_hyp,no_hyp,no_hyp,ok,ok,
2623,天地美墅,410831.8,694910.7,APB,no_hyp,no_hyp,no_hyp,ok,ok,
2624,小稿村东区,70434.0,119137.9,APB,no_hyp,no_hyp,no_hyp,ok,ok,
2625,阿尔法社区B区,59521.6,100673.8,APB,no_hyp,no_hyp,no_hyp,ok,ok,
2626,阿尔法社区C区,59551.5,100724.6,APB,no_hyp,no_hyp,no_hyp,ok,ok,
2627,阿尔法社区D区,45725.0,77343.1,APB,no_hyp,no_hyp,no_hyp,ok,ok,
2628,通大家园,179654.9,303878.1,APB,no_hyp,no_hyp,no_hyp,ok,ok,
2629,小稿村西区,29426.4,49770.8,APB,no_hyp,no_hyp,no_hyp,ok,ok,
2630,中泽雅园,59466.6,100586.8,APB,no_hyp,no_hyp,no_hyp,ok,ok,
2631,大方居,223460.7,378016.8,APB,no_hyp,no_hyp,no_hyp,ok,ok,
2632,龙湖花盛香醍,122283.6,206861.1,APB,no_hyp,no_hyp,no_hyp,ok,ok,
2633,半壁店新村,53111.4,89851.3,APB,no_hyp,no_hyp,no_hyp,ok,ok,
2634,世爵源墅,129906.8,219767.3,APB,no_hyp,no_hyp,no_hyp,ok,ok,
2635,通景园,51870.3,87752.0,APB,no_hyp,no_hyp,no_hyp,ok,ok,
2636,万盛北里梧桐苑小区,118546.5,200545.0,APB,no_hyp,no_hyp,no_hyp,ok,ok,
2637,海通·梧桐苑,135149.7,228617.9,APB,no_hyp,no_hyp,no_hyp,ok,ok,
2638,龙鼎园,106093.3,179485.0,APB,no_hyp,no_hyp,no_hyp,ok,ok,
2639,晟世嘉园,57619.6,97484.9,APB,no_hyp,no_hyp,no_hyp,ok,ok,
2640,京洲园,15407.4,26067.8,APB,no_hyp,no_hyp,no_hyp,ok,ok,
2641,怡然世家,71493.4,120958.2,APB,no_hyp,no_hyp,no_hyp,ok,ok,
2642,靓景明居,148974.0,252068.2,APB,no_hyp,no_hyp,no_hyp,ok,ok,
2643,半壁店村西小区,10264.2,17367.1,APB,no_hyp,no_hyp,no_hyp,ok,ok,
2644,李老新村,78694.5,133180.3,APB,no_hyp,no_hyp,no_hyp,ok,ok,
2645,新华联家园南区,241483.9,408673.9,APB,no_hyp,no_hyp,no_hyp,ok,ok,
2646,怡乐园一区北机家属区,63623.2,107676.7,APB,no_hyp,no_hyp,no_hyp,ok,ok,
2647,新华联锦园,151681.7,256779.7,APB,no_hyp,no_hyp,no_hyp,ok,ok,
2648,华兴园,70925.0,120078.5,APB,no_hyp,no_hyp,no_hyp,ok,ok,
2649,杨庄小区,144262.7,244209.2,APB,no_hyp,no_hyp,no_hyp,ok,ok,
2650,鑫苑小区,20514.1,34725.4,APB,no_hyp,no_hyp,no_hyp,ok,ok,
2651,复兴里小区,47527.4,80455.2,APB,no_hyp,no_hyp,no_hyp,ok,ok,
2652,翠屏北里西区,182678.0,309152.3,APB,no_hyp,no_hyp,no_hyp,ok,ok,
2653,北苑南路38号院,40285.2,68189.0,APB,no_hyp,no_hyp,no_hyp,ok,ok,
2654,北苑南路小区,19544.8,33082.0,APB,no_hyp,no_hyp,no_hyp,ok,ok,
2655,金源泉,60176.0,101853.4,APB,no_hyp,no_hyp,no_hyp,ok,ok,
2656,达富苑小区,90798.3,153681.1,APB,no_hyp,no_hyp,no_hyp,ok,ok,
2657,果园233号院,20877.9,35339.4,APB,no_hyp,no_hyp,no_hyp,ok,ok,
2658,果园西小区,35617.1,60286.2,APB,no_hyp,no_hyp,no_hyp,ok,ok,
2659,新城东里西区,79544.3,134652.2,APB,no_hyp,no_hyp,no_hyp,ok,ok,
2660,万方家园锦园,15874.8,26876.6,APB,no_hyp,no_hyp,no_hyp,ok,ok,
2661,万方家园悦园,11303.2,19136.7,APB,no_hyp,no_hyp,no_hyp,ok,ok,
2662,万方家园怡园,8859.4,14998.9,APB,no_hyp,no_hyp,no_hyp,ok,ok,
2663,通惠南路小区,24937.6,42219.6,APB,no_hyp,no_hyp,no_hyp,ok,ok,
2664,京贸国际公寓,55794.0,94465.1,APB,no_hyp,no_hyp,no_hyp,ok,ok,
2665,八里桥南院,61948.8,104881.4,APB,no_hyp,no_hyp,no_hyp,ok,ok,
2666,远洋·新悦,20429.5,34581.8,APB,no_hyp,no_hyp,no_hyp,ok,ok,
2667,远洋新悦五号院,13137.2,22237.8,APB,no_hyp,no_hyp,no_hyp,ok,ok,
2668,东1时区,97880.3,165692.5,APB,no_hyp,no_hyp,no_hyp,ok,ok,
2669,香草天空,89596.5,151609.0,APB,no_hyp,no_hyp,no_hyp,ok,ok,
2670,双桥五号井小区-东区,34354.1,58135.3,APB,no_hyp,no_hyp,no_hyp,ok,ok,
2671,华美·橡树岭,19655.1,33261.0,APB,no_hyp,no_hyp,no_hyp,ok,ok,
2672,双桥六号井北区,80164.7,135667.1,APB,no_hyp,no_hyp,no_hyp,ok,ok,
2673,双桥温泉东里,55931.8,94651.7,APB,no_hyp,no_hyp,no_hyp,ok,ok,
2674,双桥温泉北里小区,14529.7,24590.7,APB,no_hyp,no_hyp,no_hyp,ok,ok,
2675,燕保·双桥家园,38332.2,64871.2,APB,no_hyp,no_hyp,no_hyp,ok,ok,
2676,竹木厂小区,88352.0,149614.2,APB,no_hyp,no_hyp,no_hyp,ok,ok,
2677,西马庄,349835.3,592431.8,APB,no_hyp,no_hyp,no_hyp,ok,ok,
2678,西富河园,94016.5,159286.0,APB,no_hyp,no_hyp,no_hyp,ok,ok,
2679,房地远洋悦山水,77870.0,131981.4,APB,no_hyp,no_hyp,no_hyp,ok,ok,
2680,西潞苑小区,252430.4,427779.8,APB,no_hyp,no_hyp,no_hyp,ok,ok,
2681,枫露皇苑,201538.0,341513.4,APB,no_hyp,no_hyp,no_hyp,ok,ok,
2682,潞苑嘉园,159225.4,269808.1,APB,no_hyp,no_hyp,no_hyp,ok,ok,
2683,龙湖颐和原著,110092.5,186898.0,APB,no_hyp,no_hyp,no_hyp,ok,ok,
2684,世嘉丽晶,47180.3,79678.4,APB,no_hyp,no_hyp,no_hyp,ok,ok,
2685,泛海世家,141665.7,240107.3,APB,no_hyp,no_hyp,no_hyp,ok,ok,
2686,大红门锦苑A区,133450.7,225374.8,APB,no_hyp,no_hyp,no_hyp,ok,ok,
2687,大红门锦苑B区,44790.6,75642.1,APB,no_hyp,no_hyp,no_hyp,ok,ok,
2688,大红门锦苑-C区,35783.5,60427.3,APB,no_hyp,no_hyp,no_hyp,ok,ok,
2689,龙城花园五期,38118.0,64873.8,APB,no_hyp,no_hyp,no_hyp,ok,ok,
2690,,34033.0,57924.3,APB,no_hyp,no_hyp,no_hyp,ok,ok,
2691,,93635.5,159381.9,APB,no_hyp,no_hyp,no_hyp,ok,ok,
2692,龙城花园,486833.6,828576.7,APB,no_hyp,no_hyp,no_hyp,ok,ok,
2693,稻田回迁楼北区,75435.5,127306.0,APB,no_hyp,no_hyp,no_hyp,ok,ok,
2694,稻田一路1号院,146327.2,246971.3,APB,no_hyp,no_hyp,no_hyp,ok,ok,
2695,天丰苑小区B区,61593.4,103963.6,APB,no_hyp,no_hyp,no_hyp,ok,ok,
2696,金域缇香,87357.9,147455.1,APB,no_hyp,no_hyp,no_hyp,ok,ok,
2697,中粮·京西祥云,97947.5,165334.6,APB,no_hyp,no_hyp,no_hyp,ok,ok,
2698,靠山居·艺墅,176036.8,297183.9,APB,no_hyp,no_hyp,no_hyp,ok,ok,
2699,长龙苑小区,82789.3,139775.2,APB,no_hyp,no_hyp,no_hyp,ok,ok,
2700,大宁山庄,434724.1,734036.7,APB,no_hyp,no_hyp,no_hyp,ok,ok,
2701,温庄子家园,13798.2,23296.4,APB,no_hyp,no_hyp,no_hyp,ok,ok,
2702,长龙家园,36221.0,61150.7,APB,no_hyp,no_hyp,no_hyp,ok,ok,
2703,高佃三村小区,34937.1,58982.8,APB,no_hyp,no_hyp,no_hyp,ok,ok,
2704,长龙苑-南区,22405.4,37824.4,APB,no_hyp,no_hyp,no_hyp,ok,ok,
2705,碧岸澜庭,73434.2,123947.4,APB,no_hyp,no_hyp,no_hyp,ok,ok,
2706,独义村回迁房,17320.1,29227.8,APB,no_hyp,no_hyp,no_hyp,ok,ok,
2707,高佃一村回迁楼,8805.3,14858.6,APB,no_hyp,no_hyp,no_hyp,ok,ok,
2708,稻田回迁楼南区,53184.0,89741.1,APB,no_hyp,no_hyp,no_hyp,ok,ok,
2709,高四回迁楼,19634.6,33129.9,APB,no_hyp,no_hyp,no_hyp,ok,ok,
2710,宜居园,68223.0,115080.7,APB,no_hyp,no_hyp,no_hyp,ok,ok,
2711,光和作用,84563.5,142643.7,APB,no_hyp,no_hyp,no_hyp,ok,ok,
2712,天泰新景家园,116250.6,196082.8,APB,no_hyp,no_hyp,no_hyp,ok,ok,
2713,首开熙悦山澜庭,107937.2,181992.5,APB,no_hyp,no_hyp,no_hyp,ok,ok,
2714,中粮万科·长阳半岛东区,76229.0,128519.9,APB,no_hyp,no_hyp,no_hyp,ok,ok,
2715,馨然嘉园一区,37211.1,62733.4,APB,no_hyp,no_hyp,no_hyp,ok,ok,
2716,馨然嘉园二区,39446.5,66501.5,APB,no_hyp,no_hyp,no_hyp,ok,ok,
2717,,230654.7,395902.3,APB,no_hyp,no_hyp,no_hyp,ok,ok,
2718,,764428.0,1311447.3,APB,no_hyp,no_hyp,no_hyp,ok,ok,
2719,,171155.1,293377.4,APB,no_hyp,no_hyp,no_hyp,ok,ok,
2720,,825575.2,1420220.8,APB,no_hyp,no_hyp,no_hyp,ok,ok,
2721,,2807647.5,4825819.0,APB,no_hyp,no_hyp,no_hyp,ok,ok,
2722,文化大院,22587.5,38414.4,APB,no_hyp,no_hyp,no_hyp,ok,ok,
2723,马坊新城综合服务中心,20261.8,34461.8,APB,no_hyp,no_hyp,no_hyp,ok,ok,
2724,惠民小区,18896.4,32141.1,APB,no_hyp,no_hyp,no_hyp,ok,ok,
2725,首城汇景湾北区,56728.0,96483.0,APB,no_hyp,no_hyp,no_hyp,ok,ok,
2726,首城汇景湾南区,19467.7,33109.3,APB,no_hyp,no_hyp,no_hyp,ok,ok,
2727,首城汇景湾西区,50981.7,86704.5,APB,no_hyp,no_hyp,no_hyp,ok,ok,
2728,首城汇景湾东区,97620.0,166038.5,APB,no_hyp,no_hyp,no_hyp,ok,ok,
2729,新华联慧谷,81176.7,138085.2,APB,no_hyp,no_hyp,no_hyp,ok,ok,
2730,新农家园二区,52881.8,89953.3,APB,no_hyp,no_hyp,no_hyp,ok,ok,
2731,新农家园一区,43624.2,74204.8,APB,no_hyp,no_hyp,no_hyp,ok,ok,
2732,新农家园南区,26199.2,44562.5,APB,no_hyp,no_hyp,no_hyp,ok,ok,
2733,,21449.1,36478.5,APB,no_hyp,no_hyp,no_hyp,ok,ok,
2734,碧桂园九龙湾,310756.8,521078.1,APB,no_hyp,no_hyp,no_hyp,ok,ok,
2735,大营旅游村,356638.4,603681.2,APB,no_hyp,no_hyp,no_hyp,ok,ok,
2736,怀北庄安置房,15448.5,26539.0,APB,no_hyp,no_hyp,no_hyp,ok,ok,
2737,国奥乡邻雅居,140452.0,240247.9,APB,no_hyp,no_hyp,no_hyp,ok,ok,
2738,领秀翡翠华庭,31985.7,54799.8,APB,no_hyp,no_hyp,no_hyp,ok,ok,
2739,礼贤家园110地块,60659.1,101696.3,APB,no_hyp,no_hyp,no_hyp,ok,ok,
2740,北京新机场安置房项目,61419.2,102964.2,APB,no_hyp,no_hyp,no_hyp,ok,ok,
2741,礼贤家园111地块,33113.9,55517.1,APB,no_hyp,no_hyp,no_hyp,ok,ok,
2742,康营家园29区,69355.1,117862.2,APB,no_hyp,no_hyp,no_hyp,ok,ok,
2743,首开华润城,96312.6,162667.6,APB,no_hyp,no_hyp,no_hyp,ok,ok,
2744,首开华润花香四季,93577.3,158047.8,APB,no_hyp,no_hyp,no_hyp,ok,ok,
2745,新怡家园,75652.7,128060.7,APB,no_hyp,no_hyp,no_hyp,ok,ok,
2746,信达路17号院(旭辉26街区北区),68961.5,117508.0,APB,no_hyp,no_hyp,no_hyp,ok,ok,
2747,信达路16号院（旭辉26街区南区）,41851.3,71307.7,APB,no_hyp,no_hyp,no_hyp,ok,ok,
2748,万科翡翠四季一期,24415.7,41233.4,APB,no_hyp,no_hyp,no_hyp,ok,ok,
2749,润千秋佳苑,61234.9,104064.7,APB,no_hyp,no_hyp,no_hyp,ok,ok,
2750,周庄家园三期C区,67219.4,113656.7,APB,no_hyp,no_hyp,no_hyp,ok,ok,
2751,周庄家园三期B区,98314.1,166234.4,APB,no_hyp,no_hyp,no_hyp,ok,ok,
2752,周庄家园三期A区,117898.0,199366.8,APB,no_hyp,no_hyp,no_hyp,ok,ok,
2753,雁栖路6号院,9103.2,15619.1,APB,no_hyp,no_hyp,no_hyp,ok,ok,
2754,巩华家园南一村,82211.6,140161.1,APB,no_hyp,no_hyp,no_hyp,ok,ok,
2755,尚湖世家东区,183978.9,313634.7,APB,no_hyp,no_hyp,no_hyp,ok,ok,
2756,中海尚湖世家,181006.8,308574.4,APB,no_hyp,no_hyp,no_hyp,ok,ok,
2757,,145171.1,245412.9,APB,no_hyp,no_hyp,no_hyp,ok,ok,
2758,金桥花园,95335.1,160685.8,APB,no_hyp,no_hyp,no_hyp,ok,ok,
2759,兴华嘉园,217379.2,366431.0,APB,no_hyp,no_hyp,no_hyp,ok,ok,
2760,远洋天著春秋,89290.0,151344.3,APB,no_hyp,no_hyp,no_hyp,ok,ok,
2761,珠江帝景E区,26651.6,45100.6,APB,no_hyp,no_hyp,no_hyp,ok,ok,
2762,珠江帝景B区,141539.1,239532.7,APB,no_hyp,no_hyp,no_hyp,ok,ok,
2763,珠江帝景C区,69606.2,117797.4,APB,no_hyp,no_hyp,no_hyp,ok,ok,
2764,珠江帝景D区,19191.2,32476.0,APB,no_hyp,no_hyp,no_hyp,ok,ok,
2765,百万佳苑竹园,10730.7,18179.8,APB,no_hyp,no_hyp,no_hyp,ok,ok,
2766,百万佳苑竹园,8625.8,14613.2,APB,no_hyp,no_hyp,no_hyp,ok,ok,
2767,,26569.6,45018.6,APB,no_hyp,no_hyp,no_hyp,ok,ok,
2768,西直门内大街237号院,4338.3,7352.8,APB,no_hyp,no_hyp,no_hyp,ok,ok,
2769,琨御府,181556.7,307646.5,APB,no_hyp,no_hyp,no_hyp,ok,ok,
2770,永定府,21294.8,36014.9,APB,no_hyp,no_hyp,no_hyp,ok,ok,
2771,望坛新苑,205514.1,347576.3,APB,no_hyp,no_hyp,no_hyp,ok,ok,
2772,,330516.0,553972.3,APB,no_hyp,no_hyp,no_hyp,ok,ok,
2773,,408266.4,683589.8,APB,no_hyp,no_hyp,no_hyp,ok,ok,
2774,,267297.7,447572.3,APB,no_hyp,no_hyp,no_hyp,ok,ok,
2775,,971379.3,1625995.1,APB,no_hyp,no_hyp,no_hyp,ok,ok,
2776,,330650.7,554895.4,APB,no_hyp,no_hyp,no_hyp,ok,ok,
2777,,319345.1,535628.5,APB,no_hyp,no_hyp,no_hyp,ok,ok,
2778,,264431.2,443642.0,APB,no_hyp,no_hyp,no_hyp,ok,ok,
2779,丽水佳园,646503.3,1085273.8,APB,no_hyp,no_hyp,no_hyp,ok,ok,
2780,龙湖艳澜新宸东区,32161.0,54848.8,APB,no_hyp,no_hyp,no_hyp,ok,ok,
2781,立城苑小区,42781.9,72744.2,APB,no_hyp,no_hyp,no_hyp,ok,ok,
2782,,313642.6,525426.7,APB,no_hyp,no_hyp,no_hyp,ok,ok,
2783,,556454.9,932161.2,APB,no_hyp,no_hyp,no_hyp,ok,ok,
2784,首钢地质勘查院,44937.5,76135.1,APB,no_hyp,no_hyp,no_hyp,ok,ok,
2785,民安小区,72295.2,122538.5,APB,no_hyp,no_hyp,no_hyp,ok,ok,
2786,,47261.3,80104.2,APB,no_hyp,no_hyp,no_hyp,ok,ok,
2787,胡家园,101280.2,171671.1,APB,no_hyp,no_hyp,no_hyp,ok,ok,
2788,,95209.2,161395.7,APB,no_hyp,no_hyp,no_hyp,ok,ok,
2789,,56337.5,95482.1,APB,no_hyp,no_hyp,no_hyp,ok,ok,
2790,,139178.6,235868.3,APB,no_hyp,no_hyp,no_hyp,ok,ok,
2791,,45012.3,76284.8,APB,no_hyp,no_hyp,no_hyp,ok,ok,
2792,,72152.4,122283.5,APB,no_hyp,no_hyp,no_hyp,ok,ok,
2793,,48429.5,82077.7,APB,no_hyp,no_hyp,no_hyp,ok,ok,
2794,,113373.4,192119.5,APB,no_hyp,no_hyp,no_hyp,ok,ok,
2795,,115852.4,196319.1,APB,no_hyp,no_hyp,no_hyp,ok,ok,
2796,海晟·名苑南区,55689.6,94377.1,APB,no_hyp,no_hyp,no_hyp,ok,ok,
2797,北航社区1区,50808.0,86223.2,APB,no_hyp,no_hyp,no_hyp,ok,ok,
2798,北院平房区,8893.8,15092.6,APB,no_hyp,no_hyp,no_hyp,ok,ok,
2799,北航社区2区,43389.0,73629.5,APB,no_hyp,no_hyp,no_hyp,ok,ok,
2800,西院平房区,22567.2,38293.9,APB,no_hyp,no_hyp,no_hyp,ok,ok,
2801,北航社区3区,37764.6,64081.9,APB,no_hyp,no_hyp,no_hyp,ok,ok,
2802,北航社区4区,67153.2,113944.1,APB,no_hyp,no_hyp,no_hyp,ok,ok,
2803,丽景嘉苑小区,166758.3,281967.3,APB,no_hyp,no_hyp,no_hyp,ok,ok,
2804,扬州水乡,441548.2,746433.5,APB,no_hyp,no_hyp,no_hyp,ok,ok,
2805,曹园逸家,58495.2,98907.1,APB,no_hyp,no_hyp,no_hyp,ok,ok,
2806,永丰里E区,35475.1,59986.0,APB,no_hyp,no_hyp,no_hyp,ok,ok,
2807,北京环球度假区启梦苑,144203.7,243820.1,APB,no_hyp,no_hyp,no_hyp,ok,ok,
2808,驸马庄回迁楼,25667.8,43992.5,APB,no_hyp,no_hyp,no_hyp,ok,ok,
2809,京粮·悦谷新城家园,55786.6,95535.4,APB,no_hyp,no_hyp,no_hyp,ok,ok,
2810,星悦雅园,44848.0,76820.0,APB,no_hyp,no_hyp,no_hyp,ok,ok,
2811,臻品园4号院,33222.2,56927.1,APB,no_hyp,no_hyp,no_hyp,ok,ok,
2812,国瑞熙墅,46180.3,78670.4,APB,no_hyp,no_hyp,no_hyp,ok,ok,
2813,巩华家园北二村,45583.9,77723.0,APB,no_hyp,no_hyp,no_hyp,ok,ok,
2814,巩华家园西二村,56530.5,96385.1,APB,no_hyp,no_hyp,no_hyp,ok,ok,
2815,巩华家园东一村,78304.8,133506.2,APB,no_hyp,no_hyp,no_hyp,ok,ok,
2816,顺沙路19号院二区,49163.2,83818.9,APB,no_hyp,no_hyp,no_hyp,ok,ok,
2817,顺沙路19号院一区,55589.7,94781.3,APB,no_hyp,no_hyp,no_hyp,ok,ok,
2818,顺沙路19号院三区,60058.5,102398.1,APB,no_hyp,no_hyp,no_hyp,ok,ok,
2819,顺沙路19号院四区,40633.6,69275.4,APB,no_hyp,no_hyp,no_hyp,ok,ok,
2820,渤海新村,17303.1,29708.9,APB,no_hyp,no_hyp,no_hyp,ok,ok,
2821,富力湾,300675.0,512812.4,APB,no_hyp,no_hyp,no_hyp,ok,ok,
2822,北重西厂,57122.0,96679.8,APB,no_hyp,no_hyp,no_hyp,ok,ok,
2823,重聚园,83852.9,141926.4,APB,no_hyp,no_hyp,no_hyp,ok,ok,
2824,重兴园,78805.7,133374.7,APB,no_hyp,no_hyp,no_hyp,ok,ok,
2825,京汉旭城家园,149502.6,253014.2,APB,no_hyp,no_hyp,no_hyp,ok,ok,
2826,京汉旭城家园,23737.7,40172.2,APB,no_hyp,no_hyp,no_hyp,ok,ok,
2827,聚兴园,54946.9,92996.4,APB,no_hyp,no_hyp,no_hyp,ok,ok,
2828,天和景园,22493.7,38071.6,APB,no_hyp,no_hyp,no_hyp,ok,ok,
2829,六合园南区,36466.3,61728.4,APB,no_hyp,no_hyp,no_hyp,ok,ok,
2830,六合园东区,73458.6,124348.5,APB,no_hyp,no_hyp,no_hyp,ok,ok,
2831,依翠园小区,96560.5,163466.1,APB,no_hyp,no_hyp,no_hyp,ok,ok,
2832,六场宿舍,28309.1,47926.9,APB,no_hyp,no_hyp,no_hyp,ok,ok,
2833,八场宿舍,7092.9,12008.3,APB,no_hyp,no_hyp,no_hyp,ok,ok,
2834,依翠园小区东区,24603.6,41651.6,APB,no_hyp,no_hyp,no_hyp,ok,ok,
2835,京韵梨园,12458.0,21090.6,APB,no_hyp,no_hyp,no_hyp,ok,ok,
2836,双锦园小区,20827.0,35258.6,APB,no_hyp,no_hyp,no_hyp,ok,ok,
2837,久筑社区,18553.2,31410.2,APB,no_hyp,no_hyp,no_hyp,ok,ok,
2838,紫御国际,15278.3,25866.1,APB,no_hyp,no_hyp,no_hyp,ok,ok,
2839,永乐西区,260781.8,441481.8,APB,no_hyp,no_hyp,no_hyp,ok,ok,
2840,五芳园,119003.4,201445.1,APB,no_hyp,no_hyp,no_hyp,ok,ok,
2841,永乐东区,423869.4,717555.8,APB,no_hyp,no_hyp,no_hyp,ok,ok,
2842,诗景长安西区,6907.1,11692.5,APB,no_hyp,no_hyp,no_hyp,ok,ok,
2843,六合园,27244.9,46120.3,APB,no_hyp,no_hyp,no_hyp,ok,ok,
2844,诗景长安东区,5954.6,10080.1,APB,no_hyp,no_hyp,no_hyp,ok,ok,
2845,衙府业园,43624.0,73827.1,APB,no_hyp,no_hyp,no_hyp,ok,ok,
2846,恒大城五区,85724.5,146269.8,APB,no_hyp,no_hyp,no_hyp,ok,ok,
2847,恒大城幸福家园七区,65224.6,111291.0,APB,no_hyp,no_hyp,no_hyp,ok,ok,
2848,恒大城南区,55756.1,95127.8,APB,no_hyp,no_hyp,no_hyp,ok,ok,
2849,北街家园一区,111875.3,190849.2,APB,no_hyp,no_hyp,no_hyp,ok,ok,
2850,北京玫瑰园,546923.5,932905.8,APB,no_hyp,no_hyp,no_hyp,ok,ok,
2851,北街家园七区,48361.9,82498.2,APB,no_hyp,no_hyp,no_hyp,ok,ok,
2852,北街家园六区,122289.9,208587.4,APB,no_hyp,no_hyp,no_hyp,ok,ok,
2853,康宁居,33572.7,56791.2,APB,no_hyp,no_hyp,no_hyp,ok,ok,
2854,西山湖文苑,36096.3,60949.7,APB,no_hyp,no_hyp,no_hyp,ok,ok,
2855,西山湖嘉苑,97183.3,164096.3,APB,no_hyp,no_hyp,no_hyp,ok,ok,
2856,蔡家洼新村,152399.7,261590.3,APB,no_hyp,no_hyp,no_hyp,ok,ok,
2857,华润希望小镇,122307.4,210362.6,APB,no_hyp,no_hyp,no_hyp,ok,ok,
2858,北山小区,9997.7,17248.7,APB,no_hyp,no_hyp,no_hyp,ok,ok,
2859,七里渠家园,123187.2,209802.8,APB,no_hyp,no_hyp,no_hyp,ok,ok,
2860,金泉家园,84396.4,143304.5,APB,no_hyp,no_hyp,no_hyp,ok,ok,
2861,荣尊堡国际俱乐部公寓,37312.8,63364.0,APB,no_hyp,no_hyp,no_hyp,ok,ok,
2862,华悦国际公寓,25927.1,44027.2,APB,no_hyp,no_hyp,no_hyp,ok,ok,
2863,襄颖园,120448.9,203665.1,APB,no_hyp,no_hyp,no_hyp,ok,ok,
2864,潮白河孔雀城伯顿庄园,184857.6,312615.4,APB,no_hyp,no_hyp,no_hyp,ok,ok,
2865,潮白河孔雀城英国宫四期春晓园,67277.9,113779.0,APB,no_hyp,no_hyp,no_hyp,ok,ok,
2866,华远·静林湾,76931.1,130920.4,APB,no_hyp,no_hyp,no_hyp,ok,ok,
2867,龙兴园西区,147057.5,250227.3,APB,no_hyp,no_hyp,no_hyp,ok,ok,
2868,二拨子新村东区,94224.4,160328.4,APB,no_hyp,no_hyp,no_hyp,ok,ok,
2869,二拨子新村西区,45374.4,77209.0,APB,no_hyp,no_hyp,no_hyp,ok,ok,
2870,育新嘉园,18159.5,30876.5,APB,no_hyp,no_hyp,no_hyp,ok,ok,
2871,北清国际公寓,51187.8,87163.3,APB,no_hyp,no_hyp,no_hyp,ok,ok,
2872,生命科学园青年公寓,9110.8,15511.8,APB,no_hyp,no_hyp,no_hyp,ok,ok,
2873,欧陆经典（万兴苑）,8233.9,13976.9,APB,no_hyp,no_hyp,no_hyp,ok,ok,
2874,凯利特青年公寓,30961.3,53137.7,APB,no_hyp,no_hyp,no_hyp,ok,ok,
2875,后城街居民院,40861.4,70025.9,APB,no_hyp,no_hyp,no_hyp,ok,ok,
2876,府前东街一号院,12899.6,22106.0,APB,no_hyp,no_hyp,no_hyp,ok,ok,
2877,青春路六院,38667.9,66270.3,APB,no_hyp,no_hyp,no_hyp,ok,ok,
2878,慧友开发,5240.2,8981.2,APB,no_hyp,no_hyp,no_hyp,ok,ok,
2879,青春路九院,27931.7,47872.6,APB,no_hyp,no_hyp,no_hyp,ok,ok,
2880,天韵家园,32475.9,55660.3,APB,no_hyp,no_hyp,no_hyp,ok,ok,
2881,青春路小区,11846.0,20302.7,APB,no_hyp,no_hyp,no_hyp,ok,ok,
2882,博望苑物业二区,18445.0,31612.8,APB,no_hyp,no_hyp,no_hyp,ok,ok,
2883,东园小区,15137.1,25943.7,APB,no_hyp,no_hyp,no_hyp,ok,ok,
2884,钓鱼台小区,22176.7,38008.3,APB,no_hyp,no_hyp,no_hyp,ok,ok,
2885,果品小区,18604.9,31886.6,APB,no_hyp,no_hyp,no_hyp,ok,ok,
2886,瓷园公寓,11870.3,20344.5,APB,no_hyp,no_hyp,no_hyp,ok,ok,
2887,金台园,56934.4,97582.0,APB,no_hyp,no_hyp,no_hyp,ok,ok,
2888,金台园二区,18476.4,31668.0,APB,no_hyp,no_hyp,no_hyp,ok,ok,
2889,慧友小区,4921.2,8434.6,APB,no_hyp,no_hyp,no_hyp,ok,ok,
2890,迎宾北路12号院,21217.7,36368.9,APB,no_hyp,no_hyp,no_hyp,ok,ok,
2891,滨湖小区,52935.6,90737.1,APB,no_hyp,no_hyp,no_hyp,ok,ok,
2892,东园,13697.6,23477.9,APB,no_hyp,no_hyp,no_hyp,ok,ok,
2893,滨湖南街,8074.2,13839.4,APB,no_hyp,no_hyp,no_hyp,ok,ok,
2894,,8471.8,14522.4,APB,no_hyp,no_hyp,no_hyp,ok,ok,
2895,梅苑花园,19506.9,33444.2,APB,no_hyp,no_hyp,no_hyp,ok,ok,
2896,红螺家园,22184.1,38055.7,APB,no_hyp,no_hyp,no_hyp,ok,ok,
2897,红螺璟园归燕乐居,67553.7,115891.8,APB,no_hyp,no_hyp,no_hyp,ok,ok,
2898,怀柔莱茵庄园别墅,3352.2,5751.7,APB,no_hyp,no_hyp,no_hyp,ok,ok,
2899,红螺湖别墅,171371.3,294049.9,APB,no_hyp,no_hyp,no_hyp,ok,ok,
2900,雁栖林语,42497.5,72912.8,APB,no_hyp,no_hyp,no_hyp,ok,ok,
2901,湖光山舍,98182.3,168501.4,APB,no_hyp,no_hyp,no_hyp,ok,ok,
2902,怀柔北火车站二区,38900.6,66859.1,APB,no_hyp,no_hyp,no_hyp,ok,ok,
2903,金隅瑞和园,56307.1,95376.4,APB,no_hyp,no_hyp,no_hyp,ok,ok,
2904,,58080.3,98380.4,APB,no_hyp,no_hyp,no_hyp,ok,ok,
2905,,68320.3,115728.0,APB,no_hyp,no_hyp,no_hyp,ok,ok,
2906,老山西街7号院,8418.4,14256.9,APB,no_hyp,no_hyp,no_hyp,ok,ok,
2907,融景城西区,116393.8,196998.2,APB,no_hyp,no_hyp,no_hyp,ok,ok,
2908,融景城东区,62802.6,106298.3,APB,no_hyp,no_hyp,no_hyp,ok,ok,
2909,燕保·京原家园,54846.8,92841.1,APB,no_hyp,no_hyp,no_hyp,ok,ok,
2910,拾景名苑,50367.4,85268.4,APB,no_hyp,no_hyp,no_hyp,ok,ok,
2911,复兴路40号社区,108260.1,183294.5,APB,no_hyp,no_hyp,no_hyp,ok,ok,
2912,金隅汇景苑二区,60775.3,103052.2,APB,no_hyp,no_hyp,no_hyp,ok,ok,
2913,金隅汇景苑三区,35753.2,60619.6,APB,no_hyp,no_hyp,no_hyp,ok,ok,
2914,金隅汇景苑四区,25677.2,43536.6,APB,no_hyp,no_hyp,no_hyp,ok,ok,
2915,金隅汇景苑一区,5192.8,8805.4,APB,no_hyp,no_hyp,no_hyp,ok,ok,
2916,幸福东园,20925.4,35868.8,APB,no_hyp,no_hyp,no_hyp,ok,ok,
2917,栖美园公寓,23334.9,40045.1,APB,no_hyp,no_hyp,no_hyp,ok,ok,
2918,百旺家苑,242272.3,411670.0,APB,no_hyp,no_hyp,no_hyp,ok,ok,
2919,7号楼;学生宿舍7号楼,526.5,891.7,APB,no_hyp,no_hyp,no_hyp,ok,ok,
2920,2号楼;学生宿舍2号楼,841.3,1424.8,APB,no_hyp,no_hyp,no_hyp,ok,ok,
2921,燕莎后小区,55185.4,93579.8,APB,no_hyp,no_hyp,no_hyp,ok,ok,
2922,车公庄西路45号院,16099.6,27280.1,APB,no_hyp,no_hyp,no_hyp,ok,ok,
2923,,86.1,145.7,APB,no_hyp,no_hyp,no_hyp,ok,ok,
2924,,102.1,172.7,APB,no_hyp,no_hyp,no_hyp,ok,ok,
2925,,75.3,127.5,APB,no_hyp,no_hyp,no_hyp,ok,ok,
2926,,144.7,244.7,APB,no_hyp,no_hyp,no_hyp,ok,ok,
2927,,327571.7,566739.3,APB,no_hyp,no_hyp,no_hyp,ok,ok,
2928,,422.0,725.8,APB,no_hyp,no_hyp,no_hyp,ok,ok,
2929,,629.8,1083.4,APB,no_hyp,no_hyp,no_hyp,ok,ok,
2930,,1036.4,1782.7,APB,no_hyp,no_hyp,no_hyp,ok,ok,
2931,,2824.9,4859.1,APB,no_hyp,no_hyp,no_hyp,ok,ok,
2932,,3048.1,5243.1,APB,no_hyp,no_hyp,no_hyp,ok,ok,
2933,,397.5,683.7,APB,no_hyp,no_hyp,no_hyp,ok,ok,
2934,,368.5,633.8,APB,no_hyp,no_hyp,no_hyp,ok,ok,
2935,,344.9,593.4,APB,no_hyp,no_hyp,no_hyp,ok,ok,
2936,,243.5,418.8,APB,no_hyp,no_hyp,no_hyp,ok,ok,
2937,,525.9,904.6,APB,no_hyp,no_hyp,no_hyp,ok,ok,
2938,,15181.8,26114.4,APB,no_hyp,no_hyp,no_hyp,ok,ok,
2939,,497.5,855.8,APB,no_hyp,no_hyp,no_hyp,ok,ok,
2940,,1578.6,2715.3,APB,no_hyp,no_hyp,no_hyp,ok,ok,
2941,,990.2,1703.2,APB,no_hyp,no_hyp,no_hyp,ok,ok,
2942,,373.8,643.0,APB,no_hyp,no_hyp,no_hyp,ok,ok,
2943,,354.4,609.6,APB,no_hyp,no_hyp,no_hyp,ok,ok,
2944,,284.3,489.0,APB,no_hyp,no_hyp,no_hyp,ok,ok,
2945,,227.3,391.0,APB,no_hyp,no_hyp,no_hyp,ok,ok,
2946,,535.6,921.3,APB,no_hyp,no_hyp,no_hyp,ok,ok,
2947,,359.9,619.1,APB,no_hyp,no_hyp,no_hyp,ok,ok,
2948,,409.7,704.8,APB,no_hyp,no_hyp,no_hyp,ok,ok,
2949,,403.6,694.3,APB,no_hyp,no_hyp,no_hyp,ok,ok,
2950,,493.7,849.2,APB,no_hyp,no_hyp,no_hyp,ok,ok,
2951,,542.3,932.8,APB,no_hyp,no_hyp,no_hyp,ok,ok,
2952,,1943.5,3343.2,APB,no_hyp,no_hyp,no_hyp,ok,ok,
2953,萌宠,776.5,1335.9,APB,no_hyp,no_hyp,no_hyp,ok,ok,
2954,,212.1,364.9,APB,no_hyp,no_hyp,no_hyp,ok,ok,
2955,山水四合院,253333.6,435817.4,APB,no_hyp,no_hyp,no_hyp,ok,ok,
2956,富力惠兰美居,262543.9,445010.4,APB,no_hyp,no_hyp,no_hyp,ok,ok,
2957,白家村,16475.5,28344.6,APB,no_hyp,no_hyp,no_hyp,ok,ok,
2958,,423115.9,726628.6,APB,no_hyp,no_hyp,no_hyp,ok,ok,
2959,,332576.3,571194.6,APB,no_hyp,no_hyp,no_hyp,ok,ok,
2960,朗清园一区,119305.4,201926.9,APB,no_hyp,no_hyp,no_hyp,ok,ok,
2961,朗清园二区,199192.6,337113.6,APB,no_hyp,no_hyp,no_hyp,ok,ok,
2962,朗清园三区,270680.9,458066.8,APB,no_hyp,no_hyp,no_hyp,ok,ok,
2963,朗芳园八区,33288.1,56328.7,APB,no_hyp,no_hyp,no_hyp,ok,ok,
2964,铭悦雅园,22720.0,38428.0,APB,no_hyp,no_hyp,no_hyp,ok,ok,
2965,后北营家园二区,77538.0,131310.7,APB,no_hyp,no_hyp,no_hyp,ok,ok,
2966,后北营家园一区,134440.0,227665.0,APB,no_hyp,no_hyp,no_hyp,ok,ok,
2967,紫运中路28号院,39847.6,67456.0,APB,no_hyp,no_hyp,no_hyp,ok,ok,
2968,紫运南里二区,56559.1,95757.2,APB,no_hyp,no_hyp,no_hyp,ok,ok,
2969,建设者之家,32635.7,55261.6,APB,no_hyp,no_hyp,no_hyp,ok,ok,
2970,兴隆家园南区,66311.0,112288.0,APB,no_hyp,no_hyp,no_hyp,ok,ok,
2971,中蓝大学生公寓,10918.7,18489.7,APB,no_hyp,no_hyp,no_hyp,ok,ok,
2972,河防口村,376294.8,647087.5,APB,no_hyp,no_hyp,no_hyp,ok,ok,
2973,,41601.6,71455.5,APB,no_hyp,no_hyp,no_hyp,ok,ok,
2974,国际人才公寓,40012.5,68106.9,APB,no_hyp,no_hyp,no_hyp,ok,ok,
2975,E_ZIKOO智慧谷国际人才公寓,32100.1,54640.8,APB,no_hyp,no_hyp,no_hyp,ok,ok,
2976,荷塘月舍,31068.5,52778.2,APB,no_hyp,no_hyp,no_hyp,ok,ok,
2977,天秀花园安和园,92891.1,157798.7,APB,no_hyp,no_hyp,no_hyp,ok,ok,
2978,西山庭院,122823.5,208635.5,APB,no_hyp,no_hyp,no_hyp,ok,ok,
2979,北京大学肖家河教工住宅三区,75618.1,128442.3,APB,no_hyp,no_hyp,no_hyp,ok,ok,
2980,裕褀隆园,23595.6,40076.4,APB,no_hyp,no_hyp,no_hyp,ok,ok,
2981,大有北里,190272.0,323185.9,APB,no_hyp,no_hyp,no_hyp,ok,ok,
2982,正黄旗西区,45612.6,77481.4,APB,no_hyp,no_hyp,no_hyp,ok,ok,
2983,北京大学肖家河教工住宅二区,50558.9,85883.0,APB,no_hyp,no_hyp,no_hyp,ok,ok,
2984,正黄旗东区,81418.7,138312.3,APB,no_hyp,no_hyp,no_hyp,ok,ok,
2985,农科社区,24372.7,41406.0,APB,no_hyp,no_hyp,no_hyp,ok,ok,
2986,广泰小区西区,97382.3,165459.0,APB,no_hyp,no_hyp,no_hyp,ok,ok,
2987,臻园,98045.1,166551.5,APB,no_hyp,no_hyp,no_hyp,ok,ok,
2988,望京金茂府,46408.8,78836.0,APB,no_hyp,no_hyp,no_hyp,ok,ok,
2989,北纬40度西区,61658.9,104749.8,APB,no_hyp,no_hyp,no_hyp,ok,ok,
2990,北纬40度东区,52268.2,88801.2,APB,no_hyp,no_hyp,no_hyp,ok,ok,
2991,北京北苑,18561.4,31527.0,APB,no_hyp,no_hyp,no_hyp,ok,ok,
2992,,47727.2,81978.7,APB,no_hyp,no_hyp,no_hyp,ok,ok,
2993,香山新园B区,95612.2,162145.3,APB,no_hyp,no_hyp,no_hyp,ok,ok,
2994,香山新园A区,78585.0,133270.0,APB,no_hyp,no_hyp,no_hyp,ok,ok,
2995,桃花溪路4号院,47281.5,79994.8,APB,no_hyp,no_hyp,no_hyp,ok,ok,
2996,,27965.6,48650.7,APB,no_hyp,no_hyp,no_hyp,ok,ok,
2997,远洋源山春秋二期,35896.8,60842.9,APB,no_hyp,no_hyp,no_hyp,ok,ok,
2998,远洋天著春秋晓山西区,17000.7,28812.3,APB,no_hyp,no_hyp,no_hyp,ok,ok,
2999,远洋天著春秋晓山东区,18562.3,31459.8,APB,no_hyp,no_hyp,no_hyp,ok,ok,
3000,北河沿一号院,30563.3,51800.8,APB,no_hyp,no_hyp,no_hyp,ok,ok,
3001,远洋新天地一期,37244.6,63055.3,APB,no_hyp,no_hyp,no_hyp,ok,ok,
3002,西长安壹号南区,37614.6,63681.2,APB,no_hyp,no_hyp,no_hyp,ok,ok,
3003,远洋·自然,85519.6,144521.9,APB,no_hyp,no_hyp,no_hyp,ok,ok,
3004,景蓝家园,22519.7,38054.8,APB,no_hyp,no_hyp,no_hyp,ok,ok,
3005,,171525.2,288937.3,APB,no_hyp,no_hyp,no_hyp,ok,ok,
3006,,76208.0,130968.3,APB,no_hyp,no_hyp,no_hyp,ok,ok,
3007,,273079.5,460262.0,APB,no_hyp,no_hyp,no_hyp,ok,ok,
3008,大耕垡,309671.7,521816.0,APB,no_hyp,no_hyp,no_hyp,ok,ok,
3009,,224861.0,378977.3,APB,no_hyp,no_hyp,no_hyp,ok,ok,
3010,雁栖国际人才社区,53154.8,91173.5,APB,no_hyp,no_hyp,no_hyp,ok,ok,
3011,北京城建·府前龙樾,115424.7,197810.8,APB,no_hyp,no_hyp,no_hyp,ok,ok,
3012,精图小区-南区,21534.2,36426.7,APB,no_hyp,no_hyp,no_hyp,ok,ok,
3013,太师府度假别墅,25612.9,44178.0,APB,no_hyp,no_hyp,no_hyp,ok,ok,
3014,永安小区,16398.5,28282.3,APB,no_hyp,no_hyp,no_hyp,ok,ok,
3015,永安家园,26588.9,45866.9,APB,no_hyp,no_hyp,no_hyp,ok,ok,
3016,白龙潭新村,45807.8,78928.5,APB,no_hyp,no_hyp,no_hyp,ok,ok,
3017,,39769.0,68526.5,APB,no_hyp,no_hyp,no_hyp,ok,ok,
3018,羊欣路2号院,23863.4,40266.7,APB,no_hyp,no_hyp,no_hyp,ok,ok,
3019,颂善园,108115.3,181842.6,APB,no_hyp,no_hyp,no_hyp,ok,ok,
3020,,65831.6,111191.2,APB,no_hyp,no_hyp,no_hyp,ok,ok,
3021,绿城沁园,99579.8,168314.8,APB,no_hyp,no_hyp,no_hyp,ok,ok,
3022,海棠公社,149469.9,252817.8,APB,no_hyp,no_hyp,no_hyp,ok,ok,
3023,,210267.7,356222.8,APB,no_hyp,no_hyp,no_hyp,ok,ok,
3024,,382979.0,641808.1,APB,no_hyp,no_hyp,no_hyp,ok,ok,
3025,东洲家园,84650.5,143910.5,APB,no_hyp,no_hyp,no_hyp,ok,ok,
3026,马泉营壹号院,75239.0,127910.2,APB,no_hyp,no_hyp,no_hyp,ok,ok,
3027,香榆园,114194.0,194134.0,APB,no_hyp,no_hyp,no_hyp,ok,ok,
3028,瑞榆西园,64238.4,109199.2,APB,no_hyp,no_hyp,no_hyp,ok,ok,
3029,懋源·璟玺,94011.7,159828.2,APB,no_hyp,no_hyp,no_hyp,ok,ok,
3030,瑞悦府,76984.9,130873.0,APB,no_hyp,no_hyp,no_hyp,ok,ok,
3031,首创远洋·禧瑞春秋,119293.2,202833.6,APB,no_hyp,no_hyp,no_hyp,ok,ok,
3032,龙湖·景粼原著,125356.0,213156.8,APB,no_hyp,no_hyp,no_hyp,ok,ok,
3033,龙湖双珑原著中央墅,86393.6,146919.2,APB,no_hyp,no_hyp,no_hyp,ok,ok,
3034,泰禾北京院子,90572.2,154024.3,APB,no_hyp,no_hyp,no_hyp,ok,ok,
3035,天瑞宸章,70503.4,119892.0,APB,no_hyp,no_hyp,no_hyp,ok,ok,
3036,中粮瑞府,80487.1,136846.8,APB,no_hyp,no_hyp,no_hyp,ok,ok,
3037,首开琅樾,44115.7,75012.2,APB,no_hyp,no_hyp,no_hyp,ok,ok,
3038,奶东村,240417.3,408682.7,APB,no_hyp,no_hyp,no_hyp,ok,ok,
3039,文化新村,244547.7,418641.2,APB,no_hyp,no_hyp,no_hyp,ok,ok,
3040,满井东队村社区,152982.8,260838.7,APB,no_hyp,no_hyp,no_hyp,ok,ok,
3041,东方航空倒班宿舍,28112.7,47080.4,APB,no_hyp,no_hyp,no_hyp,ok,ok,
3042,大兴南航公寓,51575.8,86375.9,APB,no_hyp,no_hyp,no_hyp,ok,ok,
3043,中海城圣朝菲,85875.1,145114.6,APB,no_hyp,no_hyp,no_hyp,ok,ok,
3044,瑞海家园二区,155479.6,262335.8,APB,no_hyp,no_hyp,no_hyp,ok,ok,
3045,月桂庄园,136726.0,230692.2,APB,no_hyp,no_hyp,no_hyp,ok,ok,
3046,世嘉博苑,65069.7,109807.3,APB,no_hyp,no_hyp,no_hyp,ok,ok,
3047,兴海家园日苑,187363.0,316186.1,APB,no_hyp,no_hyp,no_hyp,ok,ok,
3048,宏盛家园西区,20647.2,34846.2,APB,no_hyp,no_hyp,no_hyp,ok,ok,
3049,宏大南园,21830.1,36842.4,APB,no_hyp,no_hyp,no_hyp,ok,ok,
3050,兴海家园月苑,80841.0,136427.7,APB,no_hyp,no_hyp,no_hyp,ok,ok,
3051,兴海家园星苑,82541.8,139290.8,APB,no_hyp,no_hyp,no_hyp,ok,ok,
3052,宏盛家园东区,75249.8,126998.6,APB,no_hyp,no_hyp,no_hyp,ok,ok,
3053,北京新机场生活保障基地首期人才公租房,34088.3,57078.1,APB,no_hyp,no_hyp,no_hyp,ok,ok,
3054,北京新机场生活保障基地首期人才公租房,30224.6,50608.7,APB,no_hyp,no_hyp,no_hyp,ok,ok,
3055,北京新机场生活保障基地首期人才公租房,26764.7,44813.4,APB,no_hyp,no_hyp,no_hyp,ok,ok,
3056,北京新机场生活保障基地首期人才公租房,30798.5,51567.4,APB,no_hyp,no_hyp,no_hyp,ok,ok,
3057,运潮馨苑,53991.8,91127.8,APB,no_hyp,no_hyp,no_hyp,ok,ok,
3058,西集逸山水,96377.4,162753.7,APB,no_hyp,no_hyp,no_hyp,ok,ok,
3059,东惠家园,307161.1,518267.3,APB,no_hyp,no_hyp,no_hyp,ok,ok,
3060,燕保·台湖家园东区,127683.0,215565.3,APB,no_hyp,no_hyp,no_hyp,ok,ok,
3061,K2十里春风,256912.0,431135.6,APB,no_hyp,no_hyp,no_hyp,ok,ok,
3062,阳光新城,67386.8,113965.0,APB,no_hyp,no_hyp,no_hyp,ok,ok,
3063,首开·缇香郡,45626.3,76837.6,APB,no_hyp,no_hyp,no_hyp,ok,ok,
3064,于家务安置小区西区,74760.9,125900.8,APB,no_hyp,no_hyp,no_hyp,ok,ok,
3065,于家务安置小区东区,20557.4,34618.6,APB,no_hyp,no_hyp,no_hyp,ok,ok,
3066,于家务西里,59641.5,100444.9,APB,no_hyp,no_hyp,no_hyp,ok,ok,
3067,新月里,49441.7,83254.9,APB,no_hyp,no_hyp,no_hyp,ok,ok,
3068,首开·缇香郡,74310.6,125130.9,APB,no_hyp,no_hyp,no_hyp,ok,ok,
3069,紫峰·九院城,81336.4,136828.1,APB,no_hyp,no_hyp,no_hyp,ok,ok,
3070,永济东里二区,60341.5,101514.5,APB,no_hyp,no_hyp,no_hyp,ok,ok,
3071,紫辉院,19333.7,32523.9,APB,no_hyp,no_hyp,no_hyp,ok,ok,
3072,永济西里二区,27884.5,46911.0,APB,no_hyp,no_hyp,no_hyp,ok,ok,
3073,水长城老北京四合院,92171.2,158323.9,APB,no_hyp,no_hyp,no_hyp,ok,ok,
3074,百草园社区,89779.9,152584.0,APB,no_hyp,no_hyp,no_hyp,ok,ok,
3075,辛力庄村,172839.0,295560.5,APB,no_hyp,no_hyp,no_hyp,ok,ok,
3076,,84381.9,144180.3,APB,no_hyp,no_hyp,no_hyp,ok,ok,
3077,,27477.0,46938.3,APB,no_hyp,no_hyp,no_hyp,ok,ok,
3078,,18849.8,32200.5,APB,no_hyp,no_hyp,no_hyp,ok,ok,
3079,水关新村,546474.6,933522.3,APB,no_hyp,no_hyp,no_hyp,ok,ok,
3080,,16891.8,28852.9,APB,no_hyp,no_hyp,no_hyp,ok,ok,
3081,龙山华府,121999.3,208337.0,APB,no_hyp,no_hyp,no_hyp,ok,ok,
3082,,58815.2,100435.5,APB,no_hyp,no_hyp,no_hyp,ok,ok,
3083,百泉花园,86028.7,146935.1,APB,no_hyp,no_hyp,no_hyp,ok,ok,
3084,,173627.9,296535.4,APB,no_hyp,no_hyp,no_hyp,ok,ok,
3085,,64458.9,110095.3,APB,no_hyp,no_hyp,no_hyp,ok,ok,
3086,新悦家园,98333.5,167983.5,APB,no_hyp,no_hyp,no_hyp,ok,ok,
3087,,125502.2,214416.2,APB,no_hyp,no_hyp,no_hyp,ok,ok,
3088,,51234.5,87553.6,APB,no_hyp,no_hyp,no_hyp,ok,ok,
3089,,3555.6,6075.5,APB,no_hyp,no_hyp,no_hyp,ok,ok,
3090,,40911.7,69907.0,APB,no_hyp,no_hyp,no_hyp,ok,ok,
3091,,10672.6,18236.5,APB,no_hyp,no_hyp,no_hyp,ok,ok,
3092,,9119.5,15583.3,APB,no_hyp,no_hyp,no_hyp,ok,ok,
3093,,84271.6,144010.6,APB,no_hyp,no_hyp,no_hyp,ok,ok,
3094,,182596.2,311981.8,APB,no_hyp,no_hyp,no_hyp,ok,ok,
3095,,14929.3,25509.3,APB,no_hyp,no_hyp,no_hyp,ok,ok,
3096,,11070.1,18915.4,APB,no_hyp,no_hyp,no_hyp,ok,ok,
3097,,24028.6,41065.7,APB,no_hyp,no_hyp,no_hyp,ok,ok,
3098,科荟雅园,39895.7,68435.6,APB,no_hyp,no_hyp,no_hyp,ok,ok,
3099,顺鑫·山语溪,83017.8,141859.9,APB,no_hyp,no_hyp,no_hyp,ok,ok,
3100,顺鑫·颐和天璟,64068.1,109466.9,APB,no_hyp,no_hyp,no_hyp,ok,ok,
3101,福金苑,21244.6,35739.2,APB,no_hyp,no_hyp,no_hyp,ok,ok,
3102,城建广悦居,42767.7,72067.0,APB,no_hyp,no_hyp,no_hyp,ok,ok,
3103,世茂维拉,113424.9,191140.9,APB,no_hyp,no_hyp,no_hyp,ok,ok,
3104,燕保阜盛家园北区,26679.3,44923.1,APB,no_hyp,no_hyp,no_hyp,ok,ok,
3105,燕保·阜盛家园,82132.6,138288.6,APB,no_hyp,no_hyp,no_hyp,ok,ok,
3106,东沿村,112335.0,189252.2,APB,no_hyp,no_hyp,no_hyp,ok,ok,
3107,提香草堂,732646.4,1232391.6,APB,no_hyp,no_hyp,no_hyp,ok,ok,
3108,盛景创业园小区T03,13387.5,22770.8,APB,no_hyp,no_hyp,no_hyp,ok,ok,
3109,胜景新苑,94758.3,159949.9,APB,no_hyp,no_hyp,no_hyp,ok,ok,
3110,V7荷塘月色,124204.7,208306.5,APB,no_hyp,no_hyp,no_hyp,ok,ok,
3111,西乡苑,158559.1,265922.3,APB,no_hyp,no_hyp,no_hyp,ok,ok,
3112,长沟大街西里,16227.0,27217.1,APB,no_hyp,no_hyp,no_hyp,ok,ok,
3113,长海御墅,103929.9,174332.4,APB,no_hyp,no_hyp,no_hyp,ok,ok,
3114,水墨轩,94446.4,158517.7,APB,no_hyp,no_hyp,no_hyp,ok,ok,
3115,,122427.2,205253.4,APB,no_hyp,no_hyp,no_hyp,ok,ok,
3116,马安新村,25649.4,43132.5,APB,no_hyp,no_hyp,no_hyp,ok,ok,
3117,涧头村,403401.1,689787.2,APB,no_hyp,no_hyp,no_hyp,ok,ok,
3118,,419149.4,716247.8,APB,no_hyp,no_hyp,no_hyp,ok,ok,
3119,,92584.2,158239.1,APB,no_hyp,no_hyp,no_hyp,ok,ok,
3120,,124410.3,212627.8,APB,no_hyp,no_hyp,no_hyp,ok,ok,
3121,,56977.3,97386.7,APB,no_hyp,no_hyp,no_hyp,ok,ok,
3122,秋实家园,31530.9,53887.1,APB,no_hyp,no_hyp,no_hyp,ok,ok,
3123,紫竹院小区,21940.0,37188.2,APB,no_hyp,no_hyp,no_hyp,ok,ok,
3124,虎峪村,547537.6,936859.9,APB,no_hyp,no_hyp,no_hyp,ok,ok,
3125,,10749.5,18387.5,APB,no_hyp,no_hyp,no_hyp,ok,ok,
3126,,15940.9,27267.4,APB,no_hyp,no_hyp,no_hyp,ok,ok,
3127,,57518.4,98406.6,APB,no_hyp,no_hyp,no_hyp,ok,ok,
3128,太平庄村,247450.1,423300.8,APB,no_hyp,no_hyp,no_hyp,ok,ok,
3129,,357976.4,612618.5,APB,no_hyp,no_hyp,no_hyp,ok,ok,
3130,,586910.8,1004242.6,APB,no_hyp,no_hyp,no_hyp,ok,ok,
3131,,157297.3,269119.3,APB,no_hyp,no_hyp,no_hyp,ok,ok,
3132,,39679.9,67870.1,APB,no_hyp,no_hyp,no_hyp,ok,ok,
3133,,181382.4,310340.6,APB,no_hyp,no_hyp,no_hyp,ok,ok,
3134,西山口村,356177.3,609186.4,APB,no_hyp,no_hyp,no_hyp,ok,ok,
3135,,104599.8,179130.5,APB,no_hyp,no_hyp,no_hyp,ok,ok,
3136,,308944.6,528416.9,APB,no_hyp,no_hyp,no_hyp,ok,ok,
3137,,150108.5,256721.0,APB,no_hyp,no_hyp,no_hyp,ok,ok,
3138,,168478.8,288239.0,APB,no_hyp,no_hyp,no_hyp,ok,ok,
3139,,207356.2,354617.5,APB,no_hyp,no_hyp,no_hyp,ok,ok,
3140,,118538.0,202663.7,APB,no_hyp,no_hyp,no_hyp,ok,ok,
3141,,89014.1,152075.9,APB,no_hyp,no_hyp,no_hyp,ok,ok,
3142,,16790.8,28687.9,APB,no_hyp,no_hyp,no_hyp,ok,ok,
3143,,18828.8,32168.6,APB,no_hyp,no_hyp,no_hyp,ok,ok,
3144,,20196.1,34507.8,APB,no_hyp,no_hyp,no_hyp,ok,ok,
3145,,11825.7,20205.5,APB,no_hyp,no_hyp,no_hyp,ok,ok,
3146,,52342.2,89439.5,APB,no_hyp,no_hyp,no_hyp,ok,ok,
3147,燕保大学城家园西区,39184.5,65990.0,APB,no_hyp,no_hyp,no_hyp,ok,ok,
3148,燕保大学城家园东区,28156.5,47418.1,APB,no_hyp,no_hyp,no_hyp,ok,ok,
3149,长阳家园C区,27321.1,46056.1,APB,no_hyp,no_hyp,no_hyp,ok,ok,
3150,长阳家园B区,23353.5,39369.4,APB,no_hyp,no_hyp,no_hyp,ok,ok,
3151,长阳家园A区,18984.3,32000.6,APB,no_hyp,no_hyp,no_hyp,ok,ok,
3152,翠林漫步北区,72558.7,122339.0,APB,no_hyp,no_hyp,no_hyp,ok,ok,
3153,翠林漫步南区,10262.8,17302.8,APB,no_hyp,no_hyp,no_hyp,ok,ok,
3154,北京太阳城,463250.9,789954.4,APB,no_hyp,no_hyp,no_hyp,ok,ok,
3155,,102584.2,174891.0,APB,no_hyp,no_hyp,no_hyp,ok,ok,
3156,,106042.4,180773.1,APB,no_hyp,no_hyp,no_hyp,ok,ok,
3157,三水青清庄园,164484.5,280399.9,APB,no_hyp,no_hyp,no_hyp,ok,ok,
3158,中海丽春湖墅西区,61797.5,105350.1,APB,no_hyp,no_hyp,no_hyp,ok,ok,
3159,,240832.2,410624.0,APB,no_hyp,no_hyp,no_hyp,ok,ok,
3160,翠明新城,24329.5,41487.3,APB,no_hyp,no_hyp,no_hyp,ok,ok,
3161,,10844.0,18491.4,APB,no_hyp,no_hyp,no_hyp,ok,ok,
3162,于辛新村,26416.5,45044.1,APB,no_hyp,no_hyp,no_hyp,ok,ok,
3163,绿城雅居,57187.7,97525.6,APB,no_hyp,no_hyp,no_hyp,ok,ok,
3164,,246693.3,420692.3,APB,no_hyp,no_hyp,no_hyp,ok,ok,
3165,辛力屯新村北区,59675.7,101761.3,APB,no_hyp,no_hyp,no_hyp,ok,ok,
3166,于辛家园,18056.6,30786.1,APB,no_hyp,no_hyp,no_hyp,ok,ok,
3167,,12153.3,20720.4,APB,no_hyp,no_hyp,no_hyp,ok,ok,
3168,丽春湖院子,114450.4,195116.7,APB,no_hyp,no_hyp,no_hyp,ok,ok,
3169,,90982.7,155108.7,APB,no_hyp,no_hyp,no_hyp,ok,ok,
3170,,321461.3,548074.0,APB,no_hyp,no_hyp,no_hyp,ok,ok,
3171,绿城阳光,84072.3,143369.1,APB,no_hyp,no_hyp,no_hyp,ok,ok,
3172,上东新居,43323.2,73875.8,APB,no_hyp,no_hyp,no_hyp,ok,ok,
3173,,15565.7,26542.2,APB,no_hyp,no_hyp,no_hyp,ok,ok,
3174,绿城·雅苑,20918.7,35669.6,APB,no_hyp,no_hyp,no_hyp,ok,ok,
3175,,180807.7,308235.5,APB,no_hyp,no_hyp,no_hyp,ok,ok,
3176,半壁店村,104570.4,178244.3,APB,no_hyp,no_hyp,no_hyp,ok,ok,
3177,,318670.5,543122.3,APB,no_hyp,no_hyp,no_hyp,ok,ok,
3178,东沙各庄村,509646.9,868477.9,APB,no_hyp,no_hyp,no_hyp,ok,ok,
3179,,115969.7,197603.0,APB,no_hyp,no_hyp,no_hyp,ok,ok,
3180,,40589.5,69179.5,APB,no_hyp,no_hyp,no_hyp,ok,ok,
3181,,90477.5,154211.6,APB,no_hyp,no_hyp,no_hyp,ok,ok,
3182,,42514.4,72457.0,APB,no_hyp,no_hyp,no_hyp,ok,ok,
3183,,27370.2,46649.7,APB,no_hyp,no_hyp,no_hyp,ok,ok,
3184,,97904.3,166873.8,APB,no_hyp,no_hyp,no_hyp,ok,ok,
3185,,64083.5,109234.3,APB,no_hyp,no_hyp,no_hyp,ok,ok,
3186,,33173.5,56558.7,APB,no_hyp,no_hyp,no_hyp,ok,ok,
3187,,118468.0,201991.9,APB,no_hyp,no_hyp,no_hyp,ok,ok,
3188,,45682.5,77886.5,APB,no_hyp,no_hyp,no_hyp,ok,ok,
3189,张家场小区,51755.9,87241.8,APB,no_hyp,no_hyp,no_hyp,ok,ok,
3190,兴昌佳苑,120847.0,206388.3,APB,no_hyp,no_hyp,no_hyp,ok,ok,
3191,,24692.5,42172.1,APB,no_hyp,no_hyp,no_hyp,ok,ok,
3192,泰禾拾景园,44665.9,76288.3,APB,no_hyp,no_hyp,no_hyp,ok,ok,
3193,中国铁建青秀尚城,99240.3,169505.2,APB,no_hyp,no_hyp,no_hyp,ok,ok,
3194,路劲世界城,106029.4,181097.5,APB,no_hyp,no_hyp,no_hyp,ok,ok,
3195,企业墅,46097.0,78720.1,APB,no_hyp,no_hyp,no_hyp,ok,ok,
3196,融创长滩壹号,82875.9,141520.2,APB,no_hyp,no_hyp,no_hyp,ok,ok,
3197,北郡嘉源,66595.0,113718.9,APB,no_hyp,no_hyp,no_hyp,ok,ok,
3198,金科·廊桥水岸东区,59784.7,102080.9,APB,no_hyp,no_hyp,no_hyp,ok,ok,
3199,金科·廊桥水岸西区,88347.5,150850.2,APB,no_hyp,no_hyp,no_hyp,ok,ok,
3200,,17231.0,29420.2,APB,no_hyp,no_hyp,no_hyp,ok,ok,
3201,,454244.1,775446.3,APB,no_hyp,no_hyp,no_hyp,ok,ok,
3202,,26199.6,44725.9,APB,no_hyp,no_hyp,no_hyp,ok,ok,
3203,,738541.5,1260606.5,APB,no_hyp,no_hyp,no_hyp,ok,ok,
3204,,206047.4,351971.8,APB,no_hyp,no_hyp,no_hyp,ok,ok,
3205,,14318.9,24461.1,APB,no_hyp,no_hyp,no_hyp,ok,ok,
3206,,17237.2,29446.4,APB,no_hyp,no_hyp,no_hyp,ok,ok,
3207,,32226.0,55053.0,APB,no_hyp,no_hyp,no_hyp,ok,ok,
3208,,24832.9,42422.5,APB,no_hyp,no_hyp,no_hyp,ok,ok,
3209,,47111.1,80479.5,APB,no_hyp,no_hyp,no_hyp,ok,ok,
3210,,318855.3,545057.4,APB,no_hyp,no_hyp,no_hyp,ok,ok,
3211,,245433.0,419548.0,APB,no_hyp,no_hyp,no_hyp,ok,ok,
3212,,244461.6,417826.5,APB,no_hyp,no_hyp,no_hyp,ok,ok,
3213,,187598.5,320602.4,APB,no_hyp,no_hyp,no_hyp,ok,ok,
3214,,192030.4,328232.4,APB,no_hyp,no_hyp,no_hyp,ok,ok,
3215,,56061.1,95817.3,APB,no_hyp,no_hyp,no_hyp,ok,ok,
3216,,78753.0,134598.3,APB,no_hyp,no_hyp,no_hyp,ok,ok,
3217,,59803.0,102201.3,APB,no_hyp,no_hyp,no_hyp,ok,ok,
3218,,53898.1,92109.1,APB,no_hyp,no_hyp,no_hyp,ok,ok,
3219,松园社区,80245.2,137135.2,APB,no_hyp,no_hyp,no_hyp,ok,ok,
3220,,14917.0,25494.8,APB,no_hyp,no_hyp,no_hyp,ok,ok,
3221,东羊庄新村,46897.4,78998.4,APB,no_hyp,no_hyp,no_hyp,ok,ok,
3222,东羊庄回迁楼,50077.9,84356.1,APB,no_hyp,no_hyp,no_hyp,ok,ok,
3223,,44506.6,76017.5,APB,no_hyp,no_hyp,no_hyp,ok,ok,
3224,,1029990.4,1760673.2,APB,no_hyp,no_hyp,no_hyp,ok,ok,
3225,,193036.0,329919.4,APB,no_hyp,no_hyp,no_hyp,ok,ok,
3226,,106474.6,181951.2,APB,no_hyp,no_hyp,no_hyp,ok,ok,
3227,,88353.9,150970.8,APB,no_hyp,no_hyp,no_hyp,ok,ok,
3228,,47159.5,80581.7,APB,no_hyp,no_hyp,no_hyp,ok,ok,
3229,,13846.3,23659.7,APB,no_hyp,no_hyp,no_hyp,ok,ok,
3230,,2649.1,4526.4,APB,no_hyp,no_hyp,no_hyp,ok,ok,
3231,,73379.8,125379.1,APB,no_hyp,no_hyp,no_hyp,ok,ok,
3232,,161803.8,276492.5,APB,no_hyp,no_hyp,no_hyp,ok,ok,
3233,,129006.0,220372.1,APB,no_hyp,no_hyp,no_hyp,ok,ok,
3234,,219562.9,375016.5,APB,no_hyp,no_hyp,no_hyp,ok,ok,
3235,,51497.0,87965.5,APB,no_hyp,no_hyp,no_hyp,ok,ok,
3236,,82327.1,140612.6,APB,no_hyp,no_hyp,no_hyp,ok,ok,
3237,,57850.8,98764.3,APB,no_hyp,no_hyp,no_hyp,ok,ok,
3238,,68326.0,116655.4,APB,no_hyp,no_hyp,no_hyp,ok,ok,
3239,,32778.4,56000.2,APB,no_hyp,no_hyp,no_hyp,ok,ok,
3240,,8092.3,13825.5,APB,no_hyp,no_hyp,no_hyp,ok,ok,
3241,,9467.7,16175.0,APB,no_hyp,no_hyp,no_hyp,ok,ok,
3242,,148922.1,254428.9,APB,no_hyp,no_hyp,no_hyp,ok,ok,
3243,,15404.2,26319.9,APB,no_hyp,no_hyp,no_hyp,ok,ok,
3244,计量科学院家属院,28753.2,48771.0,APB,no_hyp,no_hyp,no_hyp,ok,ok,
3245,,17115.7,29030.9,APB,no_hyp,no_hyp,no_hyp,ok,ok,
3246,,56091.6,95136.4,APB,no_hyp,no_hyp,no_hyp,ok,ok,
3247,,103731.8,175925.8,APB,no_hyp,no_hyp,no_hyp,ok,ok,
3248,,66492.4,112758.9,APB,no_hyp,no_hyp,no_hyp,ok,ok,
3249,,19055.6,32578.8,APB,no_hyp,no_hyp,no_hyp,ok,ok,
3250,,12409.6,21213.4,APB,no_hyp,no_hyp,no_hyp,ok,ok,
3251,,151118.7,257992.9,APB,no_hyp,no_hyp,no_hyp,ok,ok,
3252,,461068.8,787098.8,APB,no_hyp,no_hyp,no_hyp,ok,ok,
3253,正商明苑,54565.0,92145.8,APB,no_hyp,no_hyp,no_hyp,ok,ok,
3254,南庭新苑北区,170116.1,287198.3,APB,no_hyp,no_hyp,no_hyp,ok,ok,
3255,南庭新苑-南区,125079.4,211144.4,APB,no_hyp,no_hyp,no_hyp,ok,ok,
3256,万泉盛景园,123147.8,208206.5,APB,no_hyp,no_hyp,no_hyp,ok,ok,
3257,世茂·西山龙胤,256745.6,437178.1,APB,no_hyp,no_hyp,no_hyp,ok,ok,
3258,,440306.5,751047.1,APB,no_hyp,no_hyp,no_hyp,ok,ok,
3259,万寿寺甲3号院,67852.1,115029.6,APB,no_hyp,no_hyp,no_hyp,ok,ok,
3260,南口镇南厂住宅区,365526.5,625046.9,APB,no_hyp,no_hyp,no_hyp,ok,ok,
3261,伊舍小镇北区,67375.8,115095.7,APB,no_hyp,no_hyp,no_hyp,ok,ok,
3262,伊舍小镇南区,90210.6,154090.2,APB,no_hyp,no_hyp,no_hyp,ok,ok,
3263,奤夿屯新区,248103.1,423754.2,APB,no_hyp,no_hyp,no_hyp,ok,ok,
3264,北小营村,466597.5,796461.5,APB,no_hyp,no_hyp,no_hyp,ok,ok,
3265,,13487.2,23024.4,APB,no_hyp,no_hyp,no_hyp,ok,ok,
3266,辛店村,380162.4,649341.3,APB,no_hyp,no_hyp,no_hyp,ok,ok,
3267,兴隆小区,13336.4,22798.8,APB,no_hyp,no_hyp,no_hyp,ok,ok,
3268,丰景高苑,16519.6,28242.4,APB,no_hyp,no_hyp,no_hyp,ok,ok,
3269,南口小区,19591.6,33491.6,APB,no_hyp,no_hyp,no_hyp,ok,ok,
3270,玻璃公司社区,83513.7,142769.8,APB,no_hyp,no_hyp,no_hyp,ok,ok,
3271,东升小区,6417.6,10971.8,APB,no_hyp,no_hyp,no_hyp,ok,ok,
3272,鸟鱼家园,7447.2,12732.3,APB,no_hyp,no_hyp,no_hyp,ok,ok,
3273,水厂路小区,20073.8,34312.7,APB,no_hyp,no_hyp,no_hyp,ok,ok,
3274,龙湖滟澜新宸西区,128207.4,218648.6,APB,no_hyp,no_hyp,no_hyp,ok,ok,
3275,,65318.8,111698.9,APB,no_hyp,no_hyp,no_hyp,ok,ok,
3276,,27167.3,46452.9,APB,no_hyp,no_hyp,no_hyp,ok,ok,
3277,,42454.9,72607.6,APB,no_hyp,no_hyp,no_hyp,ok,ok,
3278,,337634.3,577473.4,APB,no_hyp,no_hyp,no_hyp,ok,ok,
3279,,24938.5,42641.3,APB,no_hyp,no_hyp,no_hyp,ok,ok,
3280,,68201.5,116626.7,APB,no_hyp,no_hyp,no_hyp,ok,ok,
3281,,9626.6,16462.3,APB,no_hyp,no_hyp,no_hyp,ok,ok,
3282,,72863.4,124614.4,APB,no_hyp,no_hyp,no_hyp,ok,ok,
3283,,28647.7,48970.1,APB,no_hyp,no_hyp,no_hyp,ok,ok,
3284,,105286.4,179955.2,APB,no_hyp,no_hyp,no_hyp,ok,ok,
3285,,47675.7,81490.7,APB,no_hyp,no_hyp,no_hyp,ok,ok,
3286,,48287.1,82528.5,APB,no_hyp,no_hyp,no_hyp,ok,ok,
3287,,35772.9,61146.2,APB,no_hyp,no_hyp,no_hyp,ok,ok,
3288,玉龙佳苑,17418.0,29772.5,APB,no_hyp,no_hyp,no_hyp,ok,ok,
3289,华安小区,20091.6,34340.7,APB,no_hyp,no_hyp,no_hyp,ok,ok,
3290,,38813.8,66349.8,APB,no_hyp,no_hyp,no_hyp,ok,ok,
3291,,14099.6,24099.8,APB,no_hyp,no_hyp,no_hyp,ok,ok,
3292,,15516.9,26521.8,APB,no_hyp,no_hyp,no_hyp,ok,ok,
3293,双清路18号院 半导体研究所家属区,11509.3,19544.7,APB,no_hyp,no_hyp,no_hyp,ok,ok,
3294,,166407.1,280474.5,APB,no_hyp,no_hyp,no_hyp,ok,ok,
3295,,149651.1,252204.4,APB,no_hyp,no_hyp,no_hyp,ok,ok,
3296,,280295.6,478160.1,APB,no_hyp,no_hyp,no_hyp,ok,ok,
3297,,134940.8,230199.5,APB,no_hyp,no_hyp,no_hyp,ok,ok,
3298,,256976.7,438396.2,APB,no_hyp,no_hyp,no_hyp,ok,ok,
3299,香江别墅,521974.4,890604.4,APB,no_hyp,no_hyp,no_hyp,ok,ok,
3300,四家庄村,318870.9,544045.6,APB,no_hyp,no_hyp,no_hyp,ok,ok,
3301,土城村,303279.7,517323.0,APB,no_hyp,no_hyp,no_hyp,ok,ok,
3302,李庄,290238.2,495902.2,APB,no_hyp,no_hyp,no_hyp,ok,ok,
3303,,325700.2,556727.9,APB,no_hyp,no_hyp,no_hyp,ok,ok,
3304,,24550.3,41973.8,APB,no_hyp,no_hyp,no_hyp,ok,ok,
3305,,26539.8,45378.5,APB,no_hyp,no_hyp,no_hyp,ok,ok,
3306,,173103.5,295677.4,APB,no_hyp,no_hyp,no_hyp,ok,ok,
3307,,158023.1,269457.6,APB,no_hyp,no_hyp,no_hyp,ok,ok,
3308,,630401.3,1075016.2,APB,no_hyp,no_hyp,no_hyp,ok,ok,
3309,,321505.5,548069.5,APB,no_hyp,no_hyp,no_hyp,ok,ok,
3310,,685107.2,1166847.3,APB,no_hyp,no_hyp,no_hyp,ok,ok,
3311,,471880.5,803816.3,APB,no_hyp,no_hyp,no_hyp,ok,ok,
3312,,243019.3,413947.5,APB,no_hyp,no_hyp,no_hyp,ok,ok,
3313,,120393.3,205117.6,APB,no_hyp,no_hyp,no_hyp,ok,ok,
3314,,11795.9,20096.3,APB,no_hyp,no_hyp,no_hyp,ok,ok,
3315,,215358.1,366925.6,APB,no_hyp,no_hyp,no_hyp,ok,ok,
3316,,52343.0,89190.1,APB,no_hyp,no_hyp,no_hyp,ok,ok,
3317,,291553.8,496944.5,APB,no_hyp,no_hyp,no_hyp,ok,ok,
3318,,347071.2,591706.3,APB,no_hyp,no_hyp,no_hyp,ok,ok,
3319,,709399.0,1209238.4,APB,no_hyp,no_hyp,no_hyp,ok,ok,
3320,碧春园小区,31824.5,54260.6,APB,no_hyp,no_hyp,no_hyp,ok,ok,
3321,3号楼;学生宿舍3号楼,924.2,1565.3,APB,no_hyp,no_hyp,no_hyp,ok,ok,
3322,招商·都会二期,101482.6,173352.1,APB,no_hyp,no_hyp,no_hyp,ok,ok,
3323,招商·都会湾一期,150805.3,257622.7,APB,no_hyp,no_hyp,no_hyp,ok,ok,
3324,景昌南街3号院,59918.9,102375.0,APB,no_hyp,no_hyp,no_hyp,ok,ok,
3325,国惠村二期,48551.5,82948.2,APB,no_hyp,no_hyp,no_hyp,ok,ok,
3326,,234061.6,399867.6,APB,no_hyp,no_hyp,no_hyp,ok,ok,
3327,宜山居,207433.4,354322.1,APB,no_hyp,no_hyp,no_hyp,ok,ok,
3328,,34442.6,58833.1,APB,no_hyp,no_hyp,no_hyp,ok,ok,
3329,,33861.6,57840.0,APB,no_hyp,no_hyp,no_hyp,ok,ok,
3330,,159061.3,271660.0,APB,no_hyp,no_hyp,no_hyp,ok,ok,
3331,,573704.4,979872.8,APB,no_hyp,no_hyp,no_hyp,ok,ok,
3332,畅金园四合院,68384.8,116782.2,APB,no_hyp,no_hyp,no_hyp,ok,ok,
3333,,167506.5,286071.5,APB,no_hyp,no_hyp,no_hyp,ok,ok,
3334,,236438.7,403692.9,APB,no_hyp,no_hyp,no_hyp,ok,ok,
3335,,144864.1,247342.7,APB,no_hyp,no_hyp,no_hyp,ok,ok,
3336,,88716.4,151483.1,APB,no_hyp,no_hyp,no_hyp,ok,ok,
3337,,413206.2,705445.8,APB,no_hyp,no_hyp,no_hyp,ok,ok,
3338,,4075.4,6966.8,APB,no_hyp,no_hyp,no_hyp,ok,ok,
3339,,631047.6,1077501.5,APB,no_hyp,no_hyp,no_hyp,ok,ok,
3340,,333079.0,568690.6,APB,no_hyp,no_hyp,no_hyp,ok,ok,
3341,,484282.4,826910.2,APB,no_hyp,no_hyp,no_hyp,ok,ok,
3342,,14913.0,25466.7,APB,no_hyp,no_hyp,no_hyp,ok,ok,
3343,,109174.6,186587.5,APB,no_hyp,no_hyp,no_hyp,ok,ok,
3344,,80492.3,137572.8,APB,no_hyp,no_hyp,no_hyp,ok,ok,
3345,绿海家园,121772.8,208064.9,APB,no_hyp,no_hyp,no_hyp,ok,ok,
3346,,142903.7,244202.0,APB,no_hyp,no_hyp,no_hyp,ok,ok,
3347,,30846.5,52736.5,APB,no_hyp,no_hyp,no_hyp,ok,ok,
3348,校工宿舍,5507.0,9392.8,APB,no_hyp,no_hyp,no_hyp,ok,ok,
3349,马坊村检测场小区,19880.8,33978.9,APB,no_hyp,no_hyp,no_hyp,ok,ok,
3350,,59865.2,102822.9,APB,no_hyp,no_hyp,no_hyp,ok,ok,
3351,梧桐苑小区,70339.7,120802.2,APB,no_hyp,no_hyp,no_hyp,ok,ok,
3352,久润花园东区,102572.2,176154.8,APB,no_hyp,no_hyp,no_hyp,ok,ok,
3353,御东园,32607.2,55993.6,APB,no_hyp,no_hyp,no_hyp,ok,ok,
3354,宾阳北里,207678.2,356614.2,APB,no_hyp,no_hyp,no_hyp,ok,ok,
3355,沿湖小区北区,152736.6,262268.6,APB,no_hyp,no_hyp,no_hyp,ok,ok,
3356,滨河园,112527.9,193230.0,APB,no_hyp,no_hyp,no_hyp,ok,ok,
3357,银河花园,64342.4,110497.9,APB,no_hyp,no_hyp,no_hyp,ok,ok,
3358,彩虹园,78611.8,135010.1,APB,no_hyp,no_hyp,no_hyp,ok,ok,
3359,,48022.6,82470.2,APB,no_hyp,no_hyp,no_hyp,ok,ok,
3360,鸿泽园,27960.0,48016.2,APB,no_hyp,no_hyp,no_hyp,ok,ok,
3361,云秀花园南区,182041.2,312653.5,APB,no_hyp,no_hyp,no_hyp,ok,ok,
3362,云秀花园北区,75015.6,128853.1,APB,no_hyp,no_hyp,no_hyp,ok,ok,
3363,云北小区,35773.3,61451.6,APB,no_hyp,no_hyp,no_hyp,ok,ok,
3364,,6789.7,11664.2,APB,no_hyp,no_hyp,no_hyp,ok,ok,
3365,,33556.7,57649.4,APB,no_hyp,no_hyp,no_hyp,ok,ok,
3366,,177955.0,305748.3,APB,no_hyp,no_hyp,no_hyp,ok,ok,
3367,,12078.5,20753.5,APB,no_hyp,no_hyp,no_hyp,ok,ok,
3368,,93418.7,160459.7,APB,no_hyp,no_hyp,no_hyp,ok,ok,
3369,,511932.7,879313.1,APB,no_hyp,no_hyp,no_hyp,ok,ok,
3370,檀府家园,27870.7,47857.8,APB,no_hyp,no_hyp,no_hyp,ok,ok,
3371,石桥小区,35808.5,61486.2,APB,no_hyp,no_hyp,no_hyp,ok,ok,
3372,石桥西区,111625.3,191665.7,APB,no_hyp,no_hyp,no_hyp,ok,ok,
3373,行宫南区,146735.8,251922.6,APB,no_hyp,no_hyp,no_hyp,ok,ok,
3374,美好家园,15153.0,25712.5,APB,no_hyp,no_hyp,no_hyp,ok,ok,
3375,燕保百安家园,106707.1,180571.5,APB,no_hyp,no_hyp,no_hyp,ok,ok,
3376,召里家园,49805.9,84365.6,APB,no_hyp,no_hyp,no_hyp,ok,ok,
3377,榆垡小学,38940.5,65194.4,APB,no_hyp,no_hyp,no_hyp,ok,ok,
3378,,16100.4,27292.7,APB,no_hyp,no_hyp,no_hyp,ok,ok,
3379,左家庄北里（北区）,17922.1,30391.2,APB,no_hyp,no_hyp,no_hyp,ok,ok,
3380,静淑苑,99625.3,169169.3,APB,no_hyp,no_hyp,no_hyp,ok,ok,
3381,首开·中晟馨苑1号院,69971.4,119367.9,APB,no_hyp,no_hyp,no_hyp,ok,ok,
3382,首开·中晟馨苑3号院,54206.5,92474.5,APB,no_hyp,no_hyp,no_hyp,ok,ok,
3383,首开·中晟馨苑4号院,59988.2,102331.2,APB,no_hyp,no_hyp,no_hyp,ok,ok,
3384,首开·中晟馨苑2号院,62097.1,105928.2,APB,no_hyp,no_hyp,no_hyp,ok,ok,
3385,国誉府,98866.4,168669.0,APB,no_hyp,no_hyp,no_hyp,ok,ok,
3386,橡树珑湾,34742.4,59272.2,APB,no_hyp,no_hyp,no_hyp,ok,ok,
3387,水映兰庭,54562.7,93086.0,APB,no_hyp,no_hyp,no_hyp,ok,ok,
3388,恒大上和府,170471.4,290802.2,APB,no_hyp,no_hyp,no_hyp,ok,ok,
3389,会展誉景,144271.9,245508.7,APB,no_hyp,no_hyp,no_hyp,ok,ok,
3390,畅顺园,33977.8,57774.8,APB,no_hyp,no_hyp,no_hyp,ok,ok,
3391,国测8号A区,43122.7,73330.2,APB,no_hyp,no_hyp,no_hyp,ok,ok,
3392,国测8号B区,58224.3,99006.4,APB,no_hyp,no_hyp,no_hyp,ok,ok,
3393,澜西园三区,155981.2,265675.6,APB,no_hyp,no_hyp,no_hyp,ok,ok,
3394,澜西园二区,168882.5,287648.4,APB,no_hyp,no_hyp,no_hyp,ok,ok,
3395,澜西园四区,133308.1,227078.8,APB,no_hyp,no_hyp,no_hyp,ok,ok,
3396,梅香街10号院,65531.3,111627.1,APB,no_hyp,no_hyp,no_hyp,ok,ok,
3397,中海国际公馆,84538.5,144004.4,APB,no_hyp,no_hyp,no_hyp,ok,ok,
3398,中海·国际公馆北区,36741.2,62589.5,APB,no_hyp,no_hyp,no_hyp,ok,ok,
3399,中海·国际城,57122.9,97311.5,APB,no_hyp,no_hyp,no_hyp,ok,ok,
3400,望泉西里一区,66647.0,113558.6,APB,no_hyp,no_hyp,no_hyp,ok,ok,
3401,首开·北京苏活,103356.1,175857.5,APB,no_hyp,no_hyp,no_hyp,ok,ok,
3402,樱花园六区,47770.2,81178.3,APB,no_hyp,no_hyp,no_hyp,ok,ok,
3403,樱花园公寓,31259.7,53118.8,APB,no_hyp,no_hyp,no_hyp,ok,ok,
3404,樱花园三区,124099.4,210865.9,APB,no_hyp,no_hyp,no_hyp,ok,ok,
3405,樱花园二区,87205.5,148165.3,APB,no_hyp,no_hyp,no_hyp,ok,ok,
3406,樱花园一区,124288.8,211168.2,APB,no_hyp,no_hyp,no_hyp,ok,ok,
3407,,22413.6,38005.6,APB,no_hyp,no_hyp,no_hyp,ok,ok,
3408,左家庄北里西区（左家庄二居民区）,33219.0,56325.8,APB,no_hyp,no_hyp,no_hyp,ok,ok,
3409,左家庄北里南区,31849.4,54004.1,APB,no_hyp,no_hyp,no_hyp,ok,ok,
3410,香河园中里,21186.4,35921.9,APB,no_hyp,no_hyp,no_hyp,ok,ok,
3411,力鸿花园,50368.3,85406.7,APB,no_hyp,no_hyp,no_hyp,ok,ok,
3412,左家庄北里东区,12975.9,22002.7,APB,no_hyp,no_hyp,no_hyp,ok,ok,
3413,瑞福苑,16027.2,27176.7,APB,no_hyp,no_hyp,no_hyp,ok,ok,
3414,隆福家园静安里小区南区,32282.4,54742.6,APB,no_hyp,no_hyp,no_hyp,ok,ok,
3415,隆福家园静安里小区中区,29944.4,50778.7,APB,no_hyp,no_hyp,no_hyp,ok,ok,
3416,隆福家园小区,19641.2,33308.0,APB,no_hyp,no_hyp,no_hyp,ok,ok,
3417,隆福家园静安里小区北区,18763.3,31818.3,APB,no_hyp,no_hyp,no_hyp,ok,ok,
3418,静安东里,19369.4,32845.5,APB,no_hyp,no_hyp,no_hyp,ok,ok,
3419,国际友谊花园,20099.5,34081.6,APB,no_hyp,no_hyp,no_hyp,ok,ok,
3420,左家庄六区,13434.9,22779.9,APB,no_hyp,no_hyp,no_hyp,ok,ok,
3421,,7513.6,12740.7,APB,no_hyp,no_hyp,no_hyp,ok,ok,
3422,左家庄南里小区,46230.8,78385.0,APB,no_hyp,no_hyp,no_hyp,ok,ok,
3423,润民柳芳居,11206.3,18999.9,APB,no_hyp,no_hyp,no_hyp,ok,ok,
3424,左家庄东里,65575.3,111186.2,APB,no_hyp,no_hyp,no_hyp,ok,ok,
3425,静安苑,21342.1,36184.7,APB,no_hyp,no_hyp,no_hyp,ok,ok,
3426,,74186.4,125773.0,APB,no_hyp,no_hyp,no_hyp,ok,ok,
3427,当代MOMA,117392.2,199019.8,APB,no_hyp,no_hyp,no_hyp,ok,ok,
3428,柳芳南里社区,99780.9,169175.3,APB,no_hyp,no_hyp,no_hyp,ok,ok,
3429,柳芳北里社区,44847.4,76041.6,APB,no_hyp,no_hyp,no_hyp,ok,ok,
3430,柳芳北里社区东区,79224.1,134334.5,APB,no_hyp,no_hyp,no_hyp,ok,ok,
3431,浩鸿园静园,42000.5,71219.5,APB,no_hyp,no_hyp,no_hyp,ok,ok,
3432,东土城路一号院,7384.8,12522.4,APB,no_hyp,no_hyp,no_hyp,ok,ok,
3433,兴源轩,5917.0,10033.3,APB,no_hyp,no_hyp,no_hyp,ok,ok,
3434,东土城路7号院,19068.6,32332.1,APB,no_hyp,no_hyp,no_hyp,ok,ok,
3435,和平街十三区-南区,5092.6,8636.2,APB,no_hyp,no_hyp,no_hyp,ok,ok,
3436,和平街十四区-东区,8052.6,13655.9,APB,no_hyp,no_hyp,no_hyp,ok,ok,
3437,锦鸿阁,8424.6,14287.1,APB,no_hyp,no_hyp,no_hyp,ok,ok,
3438,城建三家属院,13901.1,23575.2,APB,no_hyp,no_hyp,no_hyp,ok,ok,
3439,,85328.8,144702.9,APB,no_hyp,no_hyp,no_hyp,ok,ok,
3440,,10198.1,17294.2,APB,no_hyp,no_hyp,no_hyp,ok,ok,
3441,松苑,30686.8,52040.1,APB,no_hyp,no_hyp,no_hyp,ok,ok,
3442,,81860.8,138837.4,APB,no_hyp,no_hyp,no_hyp,ok,ok,
3443,光熙门北里,90968.7,154291.4,APB,no_hyp,no_hyp,no_hyp,ok,ok,
3444,西坝河西里社区,125620.6,213066.2,APB,no_hyp,no_hyp,no_hyp,ok,ok,
3445,西坝河中里,123100.5,208774.7,APB,no_hyp,no_hyp,no_hyp,ok,ok,
3446,润佳大厦,15017.0,25466.9,APB,no_hyp,no_hyp,no_hyp,ok,ok,
3447,西坝河东里小区,251549.0,426655.1,APB,no_hyp,no_hyp,no_hyp,ok,ok,
3448,曙光里曙四小区,132442.3,224632.8,APB,no_hyp,no_hyp,no_hyp,ok,ok,
3449,时间国际,37550.2,63683.0,APB,no_hyp,no_hyp,no_hyp,ok,ok,
3450,曙光西里,40586.3,68830.5,APB,no_hyp,no_hyp,no_hyp,ok,ok,
3451,凤凰城,140450.2,238193.4,APB,no_hyp,no_hyp,no_hyp,ok,ok,
3452,尚家楼-48号院,19166.2,32507.3,APB,no_hyp,no_hyp,no_hyp,ok,ok,
3453,水星园,52247.8,88630.5,APB,no_hyp,no_hyp,no_hyp,ok,ok,
3454,顺景园,45040.4,76408.4,APB,no_hyp,no_hyp,no_hyp,ok,ok,
3455,,51395.5,87186.5,APB,no_hyp,no_hyp,no_hyp,ok,ok,
3456,新新公寓,17986.1,30733.5,APB,no_hyp,no_hyp,no_hyp,ok,ok,
3457,马坊村,488851.8,833699.8,APB,no_hyp,no_hyp,no_hyp,ok,ok,
3458,冠华苑·紫薇园,47614.3,81120.3,APB,no_hyp,no_hyp,no_hyp,ok,ok,
3459,冠华苑·海棠园,40073.9,68270.3,APB,no_hyp,no_hyp,no_hyp,ok,ok,
3460,冠华苑·棠棣园,64931.4,110616.3,APB,no_hyp,no_hyp,no_hyp,ok,ok,
3461,国家铁道试验中心职工住宅,75691.3,128470.4,APB,no_hyp,no_hyp,no_hyp,ok,ok,
3462,动感花园,45437.3,77180.8,APB,no_hyp,no_hyp,no_hyp,ok,ok,
3463,美欣家园,13862.8,23562.8,APB,no_hyp,no_hyp,no_hyp,ok,ok,
3464,,21515.6,36497.4,APB,no_hyp,no_hyp,no_hyp,ok,ok,
3465,,21979.0,37291.8,APB,no_hyp,no_hyp,no_hyp,ok,ok,
3466,,9612.2,16311.2,APB,no_hyp,no_hyp,no_hyp,ok,ok,
3467,,45557.5,77304.8,APB,no_hyp,no_hyp,no_hyp,ok,ok,
3468,,21796.5,36986.4,APB,no_hyp,no_hyp,no_hyp,ok,ok,
3469,,23863.5,40493.8,APB,no_hyp,no_hyp,no_hyp,ok,ok,
3470,,45427.5,77091.8,APB,no_hyp,no_hyp,no_hyp,ok,ok,
3471,光大名筑园,48776.4,82793.5,APB,no_hyp,no_hyp,no_hyp,ok,ok,
3472,干杨树甲-16号院,62158.7,105502.3,APB,no_hyp,no_hyp,no_hyp,ok,ok,
3473,北四环东路115号院,15163.4,25736.9,APB,no_hyp,no_hyp,no_hyp,ok,ok,
3474,盛和家园,11292.7,19168.4,APB,no_hyp,no_hyp,no_hyp,ok,ok,
3475,安慧东里-18号院,6372.1,10815.8,APB,no_hyp,no_hyp,no_hyp,ok,ok,
3476,安慧东里,23585.0,40030.5,APB,no_hyp,no_hyp,no_hyp,ok,ok,
3477,安慧东里1号院,15313.4,25993.2,APB,no_hyp,no_hyp,no_hyp,ok,ok,
3478,育慧里二区,32926.2,55888.9,APB,no_hyp,no_hyp,no_hyp,ok,ok,
3479,育慧里社区二区,39422.1,66915.5,APB,no_hyp,no_hyp,no_hyp,ok,ok,
3480,育慧里社区一区,15040.0,25527.2,APB,no_hyp,no_hyp,no_hyp,ok,ok,
3481,波庞宫,23114.2,39232.3,APB,no_hyp,no_hyp,no_hyp,ok,ok,
3482,世纪村东区,69641.4,118217.7,APB,no_hyp,no_hyp,no_hyp,ok,ok,
3483,世纪村西区,33801.7,57378.7,APB,no_hyp,no_hyp,no_hyp,ok,ok,
3484,世纪村三区,20590.3,34953.1,APB,no_hyp,no_hyp,no_hyp,ok,ok,
3485,保利·香槟花园,22957.1,38970.9,APB,no_hyp,no_hyp,no_hyp,ok,ok,
3486,阳明国际公寓,5281.5,8965.5,APB,no_hyp,no_hyp,no_hyp,ok,ok,
3487,阳明广场,3788.2,6430.5,APB,no_hyp,no_hyp,no_hyp,ok,ok,
3488,安苑北里,92842.6,157558.8,APB,no_hyp,no_hyp,no_hyp,ok,ok,
3489,供电局大学学生公寓,5033.2,8541.1,APB,no_hyp,no_hyp,no_hyp,ok,ok,
3490,山水莲逸,48634.7,82531.4,APB,no_hyp,no_hyp,no_hyp,ok,ok,
3491,惠新苑,41869.7,71056.3,APB,no_hyp,no_hyp,no_hyp,ok,ok,
3492,惠新西街5号院,12739.1,21619.9,APB,no_hyp,no_hyp,no_hyp,ok,ok,
3493,专利局家属院(安徽大厦西),20534.0,34849.3,APB,no_hyp,no_hyp,no_hyp,ok,ok,
3494,安苑东里-三区,29177.9,49517.2,APB,no_hyp,no_hyp,no_hyp,ok,ok,
3495,,8653.2,14668.5,APB,no_hyp,no_hyp,no_hyp,ok,ok,
3496,,9489.9,16094.4,APB,no_hyp,no_hyp,no_hyp,ok,ok,
3497,璟秀欣苑,23412.6,39537.5,APB,no_hyp,no_hyp,no_hyp,ok,ok,
3498,万科翡翠四季二期,27524.7,46483.9,APB,no_hyp,no_hyp,no_hyp,ok,ok,
3499,首开万科城市之光,46019.8,77715.3,APB,no_hyp,no_hyp,no_hyp,ok,ok,
3500,银河湾,39445.1,66609.3,APB,no_hyp,no_hyp,no_hyp,ok,ok,
3501,台湖银河湾公租房10号院,13314.2,22483.0,APB,no_hyp,no_hyp,no_hyp,ok,ok,
3502,台湖银河湾公租房14号院,31542.2,53264.0,APB,no_hyp,no_hyp,no_hyp,ok,ok,
3503,泰禾1号公馆,21995.0,37141.8,APB,no_hyp,no_hyp,no_hyp,ok,ok,
3504,泰禾1号院,49562.0,83691.5,APB,no_hyp,no_hyp,no_hyp,ok,ok,
3505,次渠北里,120163.0,202877.2,APB,no_hyp,no_hyp,no_hyp,ok,ok,
3506,台湖次渠北里三区,75005.5,126622.0,APB,no_hyp,no_hyp,no_hyp,ok,ok,
3507,府东苑,162946.2,275091.5,APB,no_hyp,no_hyp,no_hyp,ok,ok,
3508,次渠北里东区,32091.2,54180.0,APB,no_hyp,no_hyp,no_hyp,ok,ok,
3509,华馨园小区,58173.2,98204.7,APB,no_hyp,no_hyp,no_hyp,ok,ok,
3510,怡芳园小区,25771.2,43503.2,APB,no_hyp,no_hyp,no_hyp,ok,ok,
3511,京华园,12667.0,21382.6,APB,no_hyp,no_hyp,no_hyp,ok,ok,
3512,玉江佳园,142589.5,240689.6,APB,no_hyp,no_hyp,no_hyp,ok,ok,
3513,次渠锦园北区,46850.2,79075.8,APB,no_hyp,no_hyp,no_hyp,ok,ok,
3514,次渠南里八区,25604.4,43216.8,APB,no_hyp,no_hyp,no_hyp,ok,ok,
3515,次渠南里十区,27188.2,45888.7,APB,no_hyp,no_hyp,no_hyp,ok,ok,
3516,次渠锦园南区,28524.0,48141.3,APB,no_hyp,no_hyp,no_hyp,ok,ok,
3517,次渠南里九区,20792.0,35094.5,APB,no_hyp,no_hyp,no_hyp,ok,ok,
3518,次渠南里七区,56935.1,96102.8,APB,no_hyp,no_hyp,no_hyp,ok,ok,
3519,次渠南里六区,25059.6,42300.5,APB,no_hyp,no_hyp,no_hyp,ok,ok,
3520,敬园小区,32964.1,55645.0,APB,no_hyp,no_hyp,no_hyp,ok,ok,
3521,台湖次渠北里五区,22176.5,37436.7,APB,no_hyp,no_hyp,no_hyp,ok,ok,
3522,次渠南里十一区,63407.8,107032.3,APB,no_hyp,no_hyp,no_hyp,ok,ok,
3523,次渠嘉园东里七区,35168.9,59356.5,APB,no_hyp,no_hyp,no_hyp,ok,ok,
3524,次渠嘉园东里六区,21177.6,35741.5,APB,no_hyp,no_hyp,no_hyp,ok,ok,
3525,次渠嘉园五区,17200.7,29030.7,APB,no_hyp,no_hyp,no_hyp,ok,ok,
3526,次渠嘉园八区,21666.6,36569.4,APB,no_hyp,no_hyp,no_hyp,ok,ok,
3527,次渠嘉园东里三区,7031.3,11866.4,APB,no_hyp,no_hyp,no_hyp,ok,ok,
3528,次渠嘉园东里二区,34436.6,58114.7,APB,no_hyp,no_hyp,no_hyp,ok,ok,
3529,次渠嘉园一区,30188.6,50947.4,APB,no_hyp,no_hyp,no_hyp,ok,ok,
3530,次渠嘉园东里四区,30932.7,52205.1,APB,no_hyp,no_hyp,no_hyp,ok,ok,
3531,亦城文园,31488.4,53143.4,APB,no_hyp,no_hyp,no_hyp,ok,ok,
3532,亦城科创家园,112862.8,190477.6,APB,no_hyp,no_hyp,no_hyp,ok,ok,
3533,亦城景园,95343.7,160893.7,APB,no_hyp,no_hyp,no_hyp,ok,ok,
3534,永丰里C区,51620.2,87285.9,APB,no_hyp,no_hyp,no_hyp,ok,ok,
3535,永丰里B区,43778.9,74023.0,APB,no_hyp,no_hyp,no_hyp,ok,ok,
3536,永丰里A区,51997.0,87922.9,APB,no_hyp,no_hyp,no_hyp,ok,ok,
3537,台湖西区,77029.6,130145.5,APB,no_hyp,no_hyp,no_hyp,ok,ok,
3538,台湖东区,81046.1,136932.9,APB,no_hyp,no_hyp,no_hyp,ok,ok,
3539,湖光家园,56391.6,95269.2,APB,no_hyp,no_hyp,no_hyp,ok,ok,
3540,八达岭阿尔卡迪亚二期,128769.3,220909.5,APB,no_hyp,no_hyp,no_hyp,ok,ok,
3541,中关村北二条甲1号院,10026.4,17017.6,APB,no_hyp,no_hyp,no_hyp,ok,ok,
3542,御汤山,479839.9,819090.6,APB,no_hyp,no_hyp,no_hyp,ok,ok,
3543,金科·帕提欧,100845.9,172130.0,APB,no_hyp,no_hyp,no_hyp,ok,ok,
3544,龙脉温泉度假村,116868.9,199473.3,APB,no_hyp,no_hyp,no_hyp,ok,ok,
3545,富来宫温泉公寓,28882.6,49299.6,APB,no_hyp,no_hyp,no_hyp,ok,ok,
3546,,107320.7,183162.0,APB,no_hyp,no_hyp,no_hyp,ok,ok,
3547,,27669.3,47220.5,APB,no_hyp,no_hyp,no_hyp,ok,ok,
3548,,21222.7,36218.2,APB,no_hyp,no_hyp,no_hyp,ok,ok,
3549,,121458.9,207260.3,APB,no_hyp,no_hyp,no_hyp,ok,ok,
3550,,22359.9,38155.6,APB,no_hyp,no_hyp,no_hyp,ok,ok,
3551,,18106.9,30898.3,APB,no_hyp,no_hyp,no_hyp,ok,ok,
3552,,198119.0,338073.0,APB,no_hyp,no_hyp,no_hyp,ok,ok,
3553,御汤山熙园,977549.3,1668535.4,APB,no_hyp,no_hyp,no_hyp,ok,ok,
3554,,354461.5,604796.7,APB,no_hyp,no_hyp,no_hyp,ok,ok,
3555,,405325.4,691339.1,APB,no_hyp,no_hyp,no_hyp,ok,ok,
3556,,173498.6,296072.4,APB,no_hyp,no_hyp,no_hyp,ok,ok,
3557,,195111.6,332981.3,APB,no_hyp,no_hyp,no_hyp,ok,ok,
3558,,25738.0,43920.3,APB,no_hyp,no_hyp,no_hyp,ok,ok,
3559,,396025.6,675733.5,APB,no_hyp,no_hyp,no_hyp,ok,ok,
3560,,111312.6,189944.8,APB,no_hyp,no_hyp,no_hyp,ok,ok,
3561,,70304.5,119949.0,APB,no_hyp,no_hyp,no_hyp,ok,ok,
3562,,412037.6,703070.1,APB,no_hyp,no_hyp,no_hyp,ok,ok,
3563,,46131.9,78712.9,APB,no_hyp,no_hyp,no_hyp,ok,ok,
3564,,130990.1,223513.9,APB,no_hyp,no_hyp,no_hyp,ok,ok,
3565,,78213.6,133491.6,APB,no_hyp,no_hyp,no_hyp,ok,ok,
3566,,2167087.4,3698111.2,APB,no_hyp,no_hyp,no_hyp,ok,ok,
3567,,37640.5,64236.0,APB,no_hyp,no_hyp,no_hyp,ok,ok,
3568,,17267.5,29469.0,APB,no_hyp,no_hyp,no_hyp,ok,ok,
3569,加州水郡东区,393317.0,663264.5,APB,no_hyp,no_hyp,no_hyp,ok,ok,
3570,加州水郡西区,682868.3,1151562.4,APB,no_hyp,no_hyp,no_hyp,ok,ok,
3571,天资华府,96085.4,162012.6,APB,no_hyp,no_hyp,no_hyp,ok,ok,
3572,碧桂园温泉三期,132371.7,223188.9,APB,no_hyp,no_hyp,no_hyp,ok,ok,
3573,碧桂园温泉A区,69261.3,116774.5,APB,no_hyp,no_hyp,no_hyp,ok,ok,
3574,天资·璟庭,66001.8,111284.9,APB,no_hyp,no_hyp,no_hyp,ok,ok,
3575,碧桂园温泉二区,64167.1,108182.0,APB,no_hyp,no_hyp,no_hyp,ok,ok,
3576,原香小镇东区,104262.1,175764.0,APB,no_hyp,no_hyp,no_hyp,ok,ok,
3577,原香小镇西区,45924.0,77420.4,APB,no_hyp,no_hyp,no_hyp,ok,ok,
3578,绿地花都苑,84673.7,142732.5,APB,no_hyp,no_hyp,no_hyp,ok,ok,
3579,绿地新都会,115181.1,194167.1,APB,no_hyp,no_hyp,no_hyp,ok,ok,
3580,明源北里,44369.1,74782.2,APB,no_hyp,no_hyp,no_hyp,ok,ok,
3581,明源南里,40034.5,67472.7,APB,no_hyp,no_hyp,no_hyp,ok,ok,
3582,高教园区北部回迁区,120357.7,202822.1,APB,no_hyp,no_hyp,no_hyp,ok,ok,
3583,龙华苑,77767.5,131101.0,APB,no_hyp,no_hyp,no_hyp,ok,ok,
3584,吴店东里,21288.5,35883.5,APB,no_hyp,no_hyp,no_hyp,ok,ok,
3585,吴店西里,43230.3,72867.4,APB,no_hyp,no_hyp,no_hyp,ok,ok,
3586,行宫园,254420.7,428822.8,APB,no_hyp,no_hyp,no_hyp,ok,ok,
3587,首创伊林郡,132725.6,223731.1,APB,no_hyp,no_hyp,no_hyp,ok,ok,
3588,首创伊林郡,107969.0,182003.8,APB,no_hyp,no_hyp,no_hyp,ok,ok,
3589,蚕种场小区,46067.6,77648.5,APB,no_hyp,no_hyp,no_hyp,ok,ok,
3590,政通路2号院,13976.3,23554.9,APB,no_hyp,no_hyp,no_hyp,ok,ok,
3591,康盛园,134662.0,227047.7,APB,no_hyp,no_hyp,no_hyp,ok,ok,
3592,北坞嘉园西里,134975.9,229012.9,APB,no_hyp,no_hyp,no_hyp,ok,ok,
3593,北坞嘉园北里,128985.6,218859.7,APB,no_hyp,no_hyp,no_hyp,ok,ok,
3594,北坞嘉园南里,170824.5,289829.8,APB,no_hyp,no_hyp,no_hyp,ok,ok,
3595,香山甲第,6679.7,11331.4,APB,no_hyp,no_hyp,no_hyp,ok,ok,
3596,颐香锦苑,67955.9,115277.4,APB,no_hyp,no_hyp,no_hyp,ok,ok,
3597,京泉馨苑东里,114914.7,194936.7,APB,no_hyp,no_hyp,no_hyp,ok,ok,
3598,御墅临枫锦园,79443.6,134764.8,APB,no_hyp,no_hyp,no_hyp,ok,ok,
3599,玉树临枫锦园一区,55992.2,94974.2,APB,no_hyp,no_hyp,no_hyp,ok,ok,
3600,永泰·自在香山,200003.1,339323.1,APB,no_hyp,no_hyp,no_hyp,ok,ok,
3601,瀚河园,30447.2,51653.7,APB,no_hyp,no_hyp,no_hyp,ok,ok,
3602,香山清琴麓院,151648.0,257244.2,APB,no_hyp,no_hyp,no_hyp,ok,ok,
3603,闵航路16号院,23527.8,39909.1,APB,no_hyp,no_hyp,no_hyp,ok,ok,
3604,闵航路18号院,16363.9,27755.9,APB,no_hyp,no_hyp,no_hyp,ok,ok,
3605,闵航路19号院,14332.5,24312.3,APB,no_hyp,no_hyp,no_hyp,ok,ok,
3606,闵航路21号院,9919.4,16826.1,APB,no_hyp,no_hyp,no_hyp,ok,ok,
3607,闵庄路甲18号院,19147.8,32479.8,APB,no_hyp,no_hyp,no_hyp,ok,ok,
3608,天香颐北里,129191.0,219131.5,APB,no_hyp,no_hyp,no_hyp,ok,ok,
3609,天香颐中里东区,41301.6,70047.4,APB,no_hyp,no_hyp,no_hyp,ok,ok,
3610,天香颐南里,13737.7,23298.0,APB,no_hyp,no_hyp,no_hyp,ok,ok,
3611,干休所九号院,56501.6,95817.7,APB,no_hyp,no_hyp,no_hyp,ok,ok,
3612,闵庄南路8号院,31219.6,52941.3,APB,no_hyp,no_hyp,no_hyp,ok,ok,
3613,临枫嘉园北里,78336.1,132846.0,APB,no_hyp,no_hyp,no_hyp,ok,ok,
3614,海香园,44072.9,74744.7,APB,no_hyp,no_hyp,no_hyp,ok,ok,
3615,京泉馨苑,126017.1,213734.6,APB,no_hyp,no_hyp,no_hyp,ok,ok,
3616,颐和金茂府,28443.1,48231.2,APB,no_hyp,no_hyp,no_hyp,ok,ok,
3617,檀香山,152520.6,258594.0,APB,no_hyp,no_hyp,no_hyp,ok,ok,
3618,香山四季,89331.7,151459.9,APB,no_hyp,no_hyp,no_hyp,ok,ok,
3619,德顺园,78698.7,133432.0,APB,no_hyp,no_hyp,no_hyp,ok,ok,
3620,中坞新村,77603.3,131670.8,APB,no_hyp,no_hyp,no_hyp,ok,ok,
3621,北科建·翡翠华府,58859.0,100958.4,APB,no_hyp,no_hyp,no_hyp,ok,ok,
3622,乐园庄村,120861.7,207291.1,APB,no_hyp,no_hyp,no_hyp,ok,ok,
3623,惠和新苑,101350.2,171952.0,APB,no_hyp,no_hyp,no_hyp,ok,ok,
3624,河北小区,41403.1,70234.4,APB,no_hyp,no_hyp,no_hyp,ok,ok,
3625,,95822.9,162883.1,APB,no_hyp,no_hyp,no_hyp,ok,ok,
3626,,79537.2,134743.1,APB,no_hyp,no_hyp,no_hyp,ok,ok,
3627,柳青园,61265.6,103794.2,APB,no_hyp,no_hyp,no_hyp,ok,ok,
3628,槐满园,54414.2,92191.5,APB,no_hyp,no_hyp,no_hyp,ok,ok,
3629,枫景园,56043.4,94951.9,APB,no_hyp,no_hyp,no_hyp,ok,ok,
3630,,18053.0,30586.0,APB,no_hyp,no_hyp,no_hyp,ok,ok,
3631,,39775.3,67386.0,APB,no_hyp,no_hyp,no_hyp,ok,ok,
3632,梧桐园,52244.0,88510.1,APB,no_hyp,no_hyp,no_hyp,ok,ok,
3633,,59714.9,101162.3,APB,no_hyp,no_hyp,no_hyp,ok,ok,
3634,,36688.3,62156.5,APB,no_hyp,no_hyp,no_hyp,ok,ok,
3635,,5686.0,9633.7,APB,no_hyp,no_hyp,no_hyp,ok,ok,
3636,,16963.2,28741.8,APB,no_hyp,no_hyp,no_hyp,ok,ok,
3637,,7787.2,13194.4,APB,no_hyp,no_hyp,no_hyp,ok,ok,
3638,,8062.9,13661.2,APB,no_hyp,no_hyp,no_hyp,ok,ok,
3639,,8264.2,14003.1,APB,no_hyp,no_hyp,no_hyp,ok,ok,
3640,,37772.2,64005.0,APB,no_hyp,no_hyp,no_hyp,ok,ok,
3641,,40640.9,68862.8,APB,no_hyp,no_hyp,no_hyp,ok,ok,
3642,,13967.8,23667.0,APB,no_hyp,no_hyp,no_hyp,ok,ok,
3643,,6041.5,10236.5,APB,no_hyp,no_hyp,no_hyp,ok,ok,
3644,,12243.2,20743.8,APB,no_hyp,no_hyp,no_hyp,ok,ok,
3645,,25958.3,43985.5,APB,no_hyp,no_hyp,no_hyp,ok,ok,
3646,首钢模式口中里小区,86756.1,146999.2,APB,no_hyp,no_hyp,no_hyp,ok,ok,
3647,,34228.1,57998.3,APB,no_hyp,no_hyp,no_hyp,ok,ok,
3648,,6149.5,10420.1,APB,no_hyp,no_hyp,no_hyp,ok,ok,
3649,,10515.7,17815.3,APB,no_hyp,no_hyp,no_hyp,ok,ok,
3650,金铸阳光苑小区,84528.3,143198.3,APB,no_hyp,no_hyp,no_hyp,ok,ok,
3651,首钢铸造一区,15261.2,25853.5,APB,no_hyp,no_hyp,no_hyp,ok,ok,
3652,铸造村一区,18156.7,30759.9,APB,no_hyp,no_hyp,no_hyp,ok,ok,
3653,,35358.6,59918.9,APB,no_hyp,no_hyp,no_hyp,ok,ok,
3654,,9832.8,16662.8,APB,no_hyp,no_hyp,no_hyp,ok,ok,
3655,,5346.8,9061.0,APB,no_hyp,no_hyp,no_hyp,ok,ok,
3656,,423184.6,733233.2,APB,no_hyp,no_hyp,no_hyp,ok,ok,
3657,,528013.3,914933.3,APB,no_hyp,no_hyp,no_hyp,ok,ok,
3658,,4148.1,7186.2,APB,no_hyp,no_hyp,no_hyp,ok,ok,
3659,,22026.7,38163.2,APB,no_hyp,no_hyp,no_hyp,ok,ok,
3660,,226742.2,392823.5,APB,no_hyp,no_hyp,no_hyp,ok,ok,
3661,沁园,24298.3,41156.9,APB,no_hyp,no_hyp,no_hyp,ok,ok,
3662,,327809.3,556845.2,APB,no_hyp,no_hyp,no_hyp,ok,ok,
3663,,162488.8,275888.0,APB,no_hyp,no_hyp,no_hyp,ok,ok,
3664,,314195.1,533560.5,APB,no_hyp,no_hyp,no_hyp,ok,ok,
3665,首开·香溪郡南区,116209.0,197343.6,APB,no_hyp,no_hyp,no_hyp,ok,ok,
3666,,663126.0,1125911.8,APB,no_hyp,no_hyp,no_hyp,ok,ok,
3667,,25932.9,44303.7,APB,no_hyp,no_hyp,no_hyp,ok,ok,
3668,,36172.2,61797.4,APB,no_hyp,no_hyp,no_hyp,ok,ok,
3669,,23388.6,39958.2,APB,no_hyp,no_hyp,no_hyp,ok,ok,
3670,,41904.5,71595.1,APB,no_hyp,no_hyp,no_hyp,ok,ok,
3671,,76568.1,130821.4,APB,no_hyp,no_hyp,no_hyp,ok,ok,
3672,,35178.5,60089.4,APB,no_hyp,no_hyp,no_hyp,ok,ok,
3673,和义西里四区,50315.2,84960.7,APB,no_hyp,no_hyp,no_hyp,ok,ok,
3674,和义西里三区,85547.8,144460.9,APB,no_hyp,no_hyp,no_hyp,ok,ok,
3675,和义西里二区,41449.2,69993.8,APB,no_hyp,no_hyp,no_hyp,ok,ok,
3676,和义西里二区,15526.5,26219.5,APB,no_hyp,no_hyp,no_hyp,ok,ok,
3677,和义西里二区,24099.0,40697.0,APB,no_hyp,no_hyp,no_hyp,ok,ok,
3678,长丰园三区,96246.7,162361.1,APB,no_hyp,no_hyp,no_hyp,ok,ok,
3679,,36114.6,60925.3,APB,no_hyp,no_hyp,no_hyp,ok,ok,
3680,长丰园二区,22232.7,37507.9,APB,no_hyp,no_hyp,no_hyp,ok,ok,
3681,长丰园一区,83593.0,141032.4,APB,no_hyp,no_hyp,no_hyp,ok,ok,
3682,长丰园一区,23038.6,38869.3,APB,no_hyp,no_hyp,no_hyp,ok,ok,
3683,长丰园二号院,19661.7,33170.9,APB,no_hyp,no_hyp,no_hyp,ok,ok,
3684,明春西园,20528.0,34636.0,APB,no_hyp,no_hyp,no_hyp,ok,ok,
3685,春泽园,14316.1,24157.1,APB,no_hyp,no_hyp,no_hyp,ok,ok,
3686,明春东园,41170.6,69468.2,APB,no_hyp,no_hyp,no_hyp,ok,ok,
3687,羊坊花园,80354.2,135596.3,APB,no_hyp,no_hyp,no_hyp,ok,ok,
3688,高鑫家园,95447.4,161074.4,APB,no_hyp,no_hyp,no_hyp,ok,ok,
3689,燕保广安康润家园,271438.9,458119.9,APB,no_hyp,no_hyp,no_hyp,ok,ok,
3690,易美公寓,22719.7,38343.0,APB,no_hyp,no_hyp,no_hyp,ok,ok,
3691,中国中铁·诺德逸府,59812.3,100997.3,APB,no_hyp,no_hyp,no_hyp,ok,ok,
3692,诺德春风和院,61780.6,104320.8,APB,no_hyp,no_hyp,no_hyp,ok,ok,
3693,燕保·郭公庄家园北区,42049.2,71009.6,APB,no_hyp,no_hyp,no_hyp,ok,ok,
3694,郭公庄幸福家园东区,60339.8,101903.1,APB,no_hyp,no_hyp,no_hyp,ok,ok,
3695,郭公庄幸福家园西区,45282.5,76473.9,APB,no_hyp,no_hyp,no_hyp,ok,ok,
3696,亿城天筑,84133.3,142096.8,APB,no_hyp,no_hyp,no_hyp,ok,ok,
3697,白盆窑新村,40792.9,68899.4,APB,no_hyp,no_hyp,no_hyp,ok,ok,
3698,和义东里,337716.5,570275.4,APB,no_hyp,no_hyp,no_hyp,ok,ok,
3699,久敬佳园,178418.3,301327.3,APB,no_hyp,no_hyp,no_hyp,ok,ok,
3700,红星北里,135968.1,229558.8,APB,no_hyp,no_hyp,no_hyp,ok,ok,
3701,红星小区,71635.6,120935.6,APB,no_hyp,no_hyp,no_hyp,ok,ok,
3702,红星楼南区,45276.8,76433.8,APB,no_hyp,no_hyp,no_hyp,ok,ok,
3703,万源东里,87894.2,148370.8,APB,no_hyp,no_hyp,no_hyp,ok,ok,
3704,万源西里,201115.0,339475.0,APB,no_hyp,no_hyp,no_hyp,ok,ok,
3705,宏达爱心家园,112793.2,190387.4,APB,no_hyp,no_hyp,no_hyp,ok,ok,
3706,梅源里,167055.0,281948.1,APB,no_hyp,no_hyp,no_hyp,ok,ok,
3707,万源南里,318375.0,537337.0,APB,no_hyp,no_hyp,no_hyp,ok,ok,
3708,菊源北里,46515.2,78495.9,APB,no_hyp,no_hyp,no_hyp,ok,ok,
3709,润枫·锦尚,73806.2,124545.4,APB,no_hyp,no_hyp,no_hyp,ok,ok,
3710,康福园,6225.3,10505.6,APB,no_hyp,no_hyp,no_hyp,ok,ok,
3711,康乐园,12967.8,21884.6,APB,no_hyp,no_hyp,no_hyp,ok,ok,
3712,菊源里,72789.0,122820.4,APB,no_hyp,no_hyp,no_hyp,ok,ok,
3713,菊源南里,47989.0,80971.1,APB,no_hyp,no_hyp,no_hyp,ok,ok,
3714,有德家苑五号院,49680.3,83822.3,APB,no_hyp,no_hyp,no_hyp,ok,ok,
3715,有德家苑二号院,24270.6,40952.3,APB,no_hyp,no_hyp,no_hyp,ok,ok,
3716,首开保利熙悦林语,236895.1,399709.4,APB,no_hyp,no_hyp,no_hyp,ok,ok,
3717,上林苑,124302.1,209704.1,APB,no_hyp,no_hyp,no_hyp,ok,ok,
3718,德茂小区,113967.7,192264.5,APB,no_hyp,no_hyp,no_hyp,ok,ok,
3719,保利绿城和锦诚园南区,54820.9,92488.2,APB,no_hyp,no_hyp,no_hyp,ok,ok,
3720,德茂佳苑,49247.7,83071.8,APB,no_hyp,no_hyp,no_hyp,ok,ok,
3721,中铁华侨城·和园,100592.8,169680.5,APB,no_hyp,no_hyp,no_hyp,ok,ok,
3722,花语府,48226.1,81341.1,APB,no_hyp,no_hyp,no_hyp,ok,ok,
3723,兴盛锦苑,85456.2,144133.9,APB,no_hyp,no_hyp,no_hyp,ok,ok,
3724,蜜合茗苑,27089.0,45687.9,APB,no_hyp,no_hyp,no_hyp,ok,ok,
3725,,24517.5,41348.8,APB,no_hyp,no_hyp,no_hyp,ok,ok,
3726,,28969.0,48856.0,APB,no_hyp,no_hyp,no_hyp,ok,ok,
3727,,30356.7,51196.1,APB,no_hyp,no_hyp,no_hyp,ok,ok,
3728,北京城建·海樾公元,70189.5,118360.4,APB,no_hyp,no_hyp,no_hyp,ok,ok,
3729,瀛海府,49544.8,83541.2,APB,no_hyp,no_hyp,no_hyp,ok,ok,
3730,国瑞·瑞福园,82528.2,139150.2,APB,no_hyp,no_hyp,no_hyp,ok,ok,
3731,润棠·瀛海,84263.2,142027.1,APB,no_hyp,no_hyp,no_hyp,ok,ok,
3732,保利绿城和锦诚园北区,55802.3,94148.1,APB,no_hyp,no_hyp,no_hyp,ok,ok,
3733,集贤雅苑北区,32288.1,54505.8,APB,no_hyp,no_hyp,no_hyp,ok,ok,
3734,清和园,149724.7,252766.3,APB,no_hyp,no_hyp,no_hyp,ok,ok,
3735,云龙家园,109789.1,185356.7,APB,no_hyp,no_hyp,no_hyp,ok,ok,
3736,清欣园,156518.5,264246.5,APB,no_hyp,no_hyp,no_hyp,ok,ok,
3737,佳和园新区,45027.8,76018.0,APB,no_hyp,no_hyp,no_hyp,ok,ok,
3738,清逸西园,96334.0,162619.4,APB,no_hyp,no_hyp,no_hyp,ok,ok,
3739,清逸园东区,144610.0,244117.8,APB,no_hyp,no_hyp,no_hyp,ok,ok,
3740,美然绿色家园,100895.0,170311.4,APB,no_hyp,no_hyp,no_hyp,ok,ok,
3741,朗润园二期,27953.8,47191.8,APB,no_hyp,no_hyp,no_hyp,ok,ok,
3742,葛洲坝紫郡府北区,45097.0,76129.0,APB,no_hyp,no_hyp,no_hyp,ok,ok,
3743,葛洲坝紫郡府南区,38538.1,65052.7,APB,no_hyp,no_hyp,no_hyp,ok,ok,
3744,朗润园一期,33029.2,55758.0,APB,no_hyp,no_hyp,no_hyp,ok,ok,
3745,富力·盛悦居,72332.7,122112.5,APB,no_hyp,no_hyp,no_hyp,ok,ok,
3746,旧宫西里,8466.7,14293.7,APB,no_hyp,no_hyp,no_hyp,ok,ok,
3747,京能电建·洺悦湾,64576.6,109020.0,APB,no_hyp,no_hyp,no_hyp,ok,ok,
3748,公园懿府,104737.2,176741.3,APB,no_hyp,no_hyp,no_hyp,ok,ok,
3749,阳光星苑南区,39851.4,67249.7,APB,no_hyp,no_hyp,no_hyp,ok,ok,
3750,阳光星苑北区,121834.2,205610.1,APB,no_hyp,no_hyp,no_hyp,ok,ok,
3751,绿林苑,89559.3,151151.0,APB,no_hyp,no_hyp,no_hyp,ok,ok,
3752,同兴园,184937.5,312142.2,APB,no_hyp,no_hyp,no_hyp,ok,ok,
3753,西红门35号院,60887.2,102756.0,APB,no_hyp,no_hyp,no_hyp,ok,ok,
3754,林枫家园,29879.0,50421.7,APB,no_hyp,no_hyp,no_hyp,ok,ok,
3755,同华园,13856.7,23382.9,APB,no_hyp,no_hyp,no_hyp,ok,ok,
3756,红华住宅区,6616.8,11166.0,APB,no_hyp,no_hyp,no_hyp,ok,ok,
3757,福星花园,95843.7,161740.4,APB,no_hyp,no_hyp,no_hyp,ok,ok,
3758,鸿坤·理想城礼域府,178694.7,301569.6,APB,no_hyp,no_hyp,no_hyp,ok,ok,
3759,御槐园,151622.0,256030.9,APB,no_hyp,no_hyp,no_hyp,ok,ok,
3760,德鑫嘉园,157648.8,266226.9,APB,no_hyp,no_hyp,no_hyp,ok,ok,
3761,合顺家园,181389.2,306259.0,APB,no_hyp,no_hyp,no_hyp,ok,ok,
3762,诚苑中里,37257.3,62897.7,APB,no_hyp,no_hyp,no_hyp,ok,ok,
3763,诚苑南里,54532.5,92055.7,APB,no_hyp,no_hyp,no_hyp,ok,ok,
3764,飞腾家园,79129.3,133576.2,APB,no_hyp,no_hyp,no_hyp,ok,ok,
3765,西宏苑小区,56554.7,95462.3,APB,no_hyp,no_hyp,no_hyp,ok,ok,
3766,新宫家园南区,26546.1,44821.2,APB,no_hyp,no_hyp,no_hyp,ok,ok,
3767,翠海明苑,144615.7,244167.4,APB,no_hyp,no_hyp,no_hyp,ok,ok,
3768,天伦锦城,205127.1,346409.9,APB,no_hyp,no_hyp,no_hyp,ok,ok,
3769,银地家园C区,43335.3,73182.5,APB,no_hyp,no_hyp,no_hyp,ok,ok,
3770,银地家园B区,65733.8,111018.2,APB,no_hyp,no_hyp,no_hyp,ok,ok,
3771,银地家园A区,98061.5,165626.7,APB,no_hyp,no_hyp,no_hyp,ok,ok,
3772,风格与林苑西区,123420.7,208475.6,APB,no_hyp,no_hyp,no_hyp,ok,ok,
3773,风格与林苑东区,31950.1,53968.0,APB,no_hyp,no_hyp,no_hyp,ok,ok,
3774,宜兰园三区,50722.2,85684.4,APB,no_hyp,no_hyp,no_hyp,ok,ok,
3775,宜兰园二区,57569.6,97252.1,APB,no_hyp,no_hyp,no_hyp,ok,ok,
3776,宜兰园一区,56387.9,95255.7,APB,no_hyp,no_hyp,no_hyp,ok,ok,
3777,瑞海家园三区,95967.9,161910.7,APB,no_hyp,no_hyp,no_hyp,ok,ok,
3778,瑞海家园五区,138039.0,232888.4,APB,no_hyp,no_hyp,no_hyp,ok,ok,
3779,理想家园,113343.4,191223.0,APB,no_hyp,no_hyp,no_hyp,ok,ok,
3780,理想城八期,50323.6,84907.6,APB,no_hyp,no_hyp,no_hyp,ok,ok,
3781,鸿坤·曦望山,66081.7,111497.3,APB,no_hyp,no_hyp,no_hyp,ok,ok,
3782,鸿坤·林语墅,129082.8,217812.2,APB,no_hyp,no_hyp,no_hyp,ok,ok,
3783,鸿坤·理想城七期,16096.6,27160.6,APB,no_hyp,no_hyp,no_hyp,ok,ok,
3784,,285381.8,482614.5,APB,no_hyp,no_hyp,no_hyp,ok,ok,
3785,前营村,249801.6,422207.3,APB,no_hyp,no_hyp,no_hyp,ok,ok,
3786,,349930.4,591117.4,APB,no_hyp,no_hyp,no_hyp,ok,ok,
3787,,227256.1,383727.3,APB,no_hyp,no_hyp,no_hyp,ok,ok,
3788,,72532.4,122448.7,APB,no_hyp,no_hyp,no_hyp,ok,ok,
3789,,657726.6,1110171.4,APB,no_hyp,no_hyp,no_hyp,ok,ok,
3790,,290671.6,490560.4,APB,no_hyp,no_hyp,no_hyp,ok,ok,
3791,,114327.0,192962.8,APB,no_hyp,no_hyp,no_hyp,ok,ok,
3792,,27652.7,47134.8,APB,no_hyp,no_hyp,no_hyp,ok,ok,
3793,西山锦绣府（一期）,21951.8,37326.6,APB,no_hyp,no_hyp,no_hyp,ok,ok,
3794,西山锦绣府,120284.6,204510.7,APB,no_hyp,no_hyp,no_hyp,ok,ok,
3795,龙旺庄,263344.7,446174.9,APB,no_hyp,no_hyp,no_hyp,ok,ok,
3796,含章园B、E区,356713.4,604457.6,APB,no_hyp,no_hyp,no_hyp,ok,ok,
3797,含章园D区,196836.5,333502.8,APB,no_hyp,no_hyp,no_hyp,ok,ok,
3798,东潞苑西一区,37195.6,63034.6,APB,no_hyp,no_hyp,no_hyp,ok,ok,
3799,东潞苑,15033.8,25477.4,APB,no_hyp,no_hyp,no_hyp,ok,ok,
3800,尚东庭西区,40108.7,67974.3,APB,no_hyp,no_hyp,no_hyp,ok,ok,
3801,尚东庭东区,92642.9,157005.2,APB,no_hyp,no_hyp,no_hyp,ok,ok,
3802,含章园A区,296001.3,501606.0,APB,no_hyp,no_hyp,no_hyp,ok,ok,
3803,李庄佳苑南区,76602.0,129844.2,APB,no_hyp,no_hyp,no_hyp,ok,ok,
3804,李庄佳苑北区,63348.7,107388.7,APB,no_hyp,no_hyp,no_hyp,ok,ok,
3805,李庄佳苑,23530.9,39888.1,APB,no_hyp,no_hyp,no_hyp,ok,ok,
3806,禹洲·朗廷湾,57859.5,98068.5,APB,no_hyp,no_hyp,no_hyp,ok,ok,
3807,,25555.2,43332.1,APB,no_hyp,no_hyp,no_hyp,ok,ok,
3808,金泰丽富嘉园,86387.4,146475.2,APB,no_hyp,no_hyp,no_hyp,ok,ok,
3809,朝新嘉园东里七区,112556.8,190830.4,APB,no_hyp,no_hyp,no_hyp,ok,ok,
3810,朝新嘉园东里六区,83499.3,141566.7,APB,no_hyp,no_hyp,no_hyp,ok,ok,
3811,朝新嘉园东里五区,120750.9,204723.7,APB,no_hyp,no_hyp,no_hyp,ok,ok,
3812,金泽家园A区,93618.4,158735.7,APB,no_hyp,no_hyp,no_hyp,ok,ok,
3813,锦安家园,99136.4,168091.3,APB,no_hyp,no_hyp,no_hyp,ok,ok,
3814,东泽园,64908.4,110070.7,APB,no_hyp,no_hyp,no_hyp,ok,ok,
3815,金驹家园一区,82628.5,140128.9,APB,no_hyp,no_hyp,no_hyp,ok,ok,
3816,和悦园,105721.3,179301.9,APB,no_hyp,no_hyp,no_hyp,ok,ok,
3817,金泽家园C区,72867.1,123566.7,APB,no_hyp,no_hyp,no_hyp,ok,ok,
3818,金泽家园B区,67796.1,114960.0,APB,no_hyp,no_hyp,no_hyp,ok,ok,
3819,金驹家园F区,138207.8,234364.9,APB,no_hyp,no_hyp,no_hyp,ok,ok,
3820,华瀚福园D区,85017.0,144167.8,APB,no_hyp,no_hyp,no_hyp,ok,ok,
3821,华瀚福园A区,56811.2,96349.4,APB,no_hyp,no_hyp,no_hyp,ok,ok,
3822,华瀚福园B区,63016.8,106873.1,APB,no_hyp,no_hyp,no_hyp,ok,ok,
3823,华瀚福园C区,83690.5,141926.9,APB,no_hyp,no_hyp,no_hyp,ok,ok,
3824,首城·珑玺,31033.2,52638.8,APB,no_hyp,no_hyp,no_hyp,ok,ok,
3825,恒大江湾小区,41522.9,70434.3,APB,no_hyp,no_hyp,no_hyp,ok,ok,
3826,坝鑫家园,143791.2,243912.6,APB,no_hyp,no_hyp,no_hyp,ok,ok,
3827,保利首开天誉,41261.2,69984.0,APB,no_hyp,no_hyp,no_hyp,ok,ok,
3828,富兴首府,29609.6,50222.8,APB,no_hyp,no_hyp,no_hyp,ok,ok,
3829,首开·畅颐园,32022.4,54310.0,APB,no_hyp,no_hyp,no_hyp,ok,ok,
3830,北京城建·福润四季A区,83709.2,141948.0,APB,no_hyp,no_hyp,no_hyp,ok,ok,
3831,北京城建·福润四季B区,77145.4,130816.5,APB,no_hyp,no_hyp,no_hyp,ok,ok,
3832,,70906.5,120223.2,APB,no_hyp,no_hyp,no_hyp,ok,ok,
3833,佳世苑北区,70868.6,119349.4,APB,no_hyp,no_hyp,no_hyp,ok,ok,
3834,佳世苑南区,92929.9,156492.2,APB,no_hyp,no_hyp,no_hyp,ok,ok,
3835,益丰苑,61026.5,103239.7,APB,no_hyp,no_hyp,no_hyp,ok,ok,
3836,西局小区,17508.1,29619.1,APB,no_hyp,no_hyp,no_hyp,ok,ok,
3837,保利·百合花园,68338.3,115607.2,APB,no_hyp,no_hyp,no_hyp,ok,ok,
3838,西宸原著,31344.1,53019.3,APB,no_hyp,no_hyp,no_hyp,ok,ok,
3839,九龙仓·西城天铸,49074.4,83017.1,APB,no_hyp,no_hyp,no_hyp,ok,ok,
3840,嘉禾庄,35962.0,60722.8,APB,no_hyp,no_hyp,no_hyp,ok,ok,
3841,松林庄,81849.7,138215.0,APB,no_hyp,no_hyp,no_hyp,ok,ok,
3842,松林庄小区,8851.9,14949.0,APB,no_hyp,no_hyp,no_hyp,ok,ok,
3843,北京大学朗润园居住区,10209.2,17332.3,APB,no_hyp,no_hyp,no_hyp,ok,ok,
3844,盛嘉华苑,100605.4,169498.4,APB,no_hyp,no_hyp,no_hyp,ok,ok,
3845,新安里西区,50564.5,85199.4,APB,no_hyp,no_hyp,no_hyp,ok,ok,
3846,,23687.0,39909.5,APB,no_hyp,no_hyp,no_hyp,ok,ok,
3847,新安里东区,169980.1,286413.1,APB,no_hyp,no_hyp,no_hyp,ok,ok,
3848,,7646.5,12883.0,APB,no_hyp,no_hyp,no_hyp,ok,ok,
3849,沐新路2号,18975.0,31972.2,APB,no_hyp,no_hyp,no_hyp,ok,ok,
3850,,3257.6,5488.8,APB,no_hyp,no_hyp,no_hyp,ok,ok,
3851,团河苑小区,94391.4,159048.2,APB,no_hyp,no_hyp,no_hyp,ok,ok,
3852,,81814.8,137848.0,APB,no_hyp,no_hyp,no_hyp,ok,ok,
3853,首创美澜湾C区,33304.7,56111.4,APB,no_hyp,no_hyp,no_hyp,ok,ok,
3854,首创美澜湾D区,24966.0,42062.5,APB,no_hyp,no_hyp,no_hyp,ok,ok,
3855,首创美澜湾F区,66976.5,112835.4,APB,no_hyp,no_hyp,no_hyp,ok,ok,
3856,首创美澜湾E区,47014.5,79205.4,APB,no_hyp,no_hyp,no_hyp,ok,ok,
3857,时代龙和大道,62446.6,105212.6,APB,no_hyp,no_hyp,no_hyp,ok,ok,
3858,时代龙和大道,146009.9,245983.8,APB,no_hyp,no_hyp,no_hyp,ok,ok,
3859,富强东里,82053.5,138259.4,APB,no_hyp,no_hyp,no_hyp,ok,ok,
3860,富强东里,82053.5,138259.4,APB,no_hyp,no_hyp,no_hyp,ok,ok,
3861,新居里,162526.5,273858.3,APB,no_hyp,no_hyp,no_hyp,ok,ok,
3862,万科天地,195020.8,328349.4,APB,no_hyp,no_hyp,no_hyp,ok,ok,
3863,恒大未来城,55753.9,93875.8,APB,no_hyp,no_hyp,no_hyp,ok,ok,
3864,,83838.2,141204.1,APB,no_hyp,no_hyp,no_hyp,ok,ok,
3865,,24244.9,40835.1,APB,no_hyp,no_hyp,no_hyp,ok,ok,
3866,,24963.9,42228.2,APB,no_hyp,no_hyp,no_hyp,ok,ok,
3867,,29510.9,49927.9,APB,no_hyp,no_hyp,no_hyp,ok,ok,
3868,,205399.1,352465.4,APB,no_hyp,no_hyp,no_hyp,ok,ok,
3869,塞纳山谷,130716.7,223911.5,APB,no_hyp,no_hyp,no_hyp,ok,ok,
3870,,141580.6,242500.7,APB,no_hyp,no_hyp,no_hyp,ok,ok,
3871,,1165422.0,1995563.5,APB,no_hyp,no_hyp,no_hyp,ok,ok,
3872,自由筑,78215.8,132313.7,APB,no_hyp,no_hyp,no_hyp,ok,ok,
3873,,37095.7,64207.0,APB,no_hyp,no_hyp,no_hyp,ok,ok,
3874,,48123.9,83285.8,APB,no_hyp,no_hyp,no_hyp,ok,ok,
3875,,31199.2,54001.1,APB,no_hyp,no_hyp,no_hyp,ok,ok,
3876,,46126.3,79861.3,APB,no_hyp,no_hyp,no_hyp,ok,ok,
3877,,9344.0,16171.4,APB,no_hyp,no_hyp,no_hyp,ok,ok,
3878,,37817.3,65446.0,APB,no_hyp,no_hyp,no_hyp,ok,ok,
3879,,30675.3,53107.5,APB,no_hyp,no_hyp,no_hyp,ok,ok,
3880,,17374.1,30072.9,APB,no_hyp,no_hyp,no_hyp,ok,ok,
3881,,23610.4,40866.3,APB,no_hyp,no_hyp,no_hyp,ok,ok,
3882,,27020.4,46762.4,APB,no_hyp,no_hyp,no_hyp,ok,ok,
3883,,28538.7,49385.9,APB,no_hyp,no_hyp,no_hyp,ok,ok,
3884,,63783.4,110361.1,APB,no_hyp,no_hyp,no_hyp,ok,ok,
3885,,67566.5,116887.4,APB,no_hyp,no_hyp,no_hyp,ok,ok,
3886,,66907.7,115814.5,APB,no_hyp,no_hyp,no_hyp,ok,ok,
3887,,381986.7,653973.8,APB,no_hyp,no_hyp,no_hyp,ok,ok,
3888,,147999.1,253449.5,APB,no_hyp,no_hyp,no_hyp,ok,ok,
3889,,430105.4,736585.8,APB,no_hyp,no_hyp,no_hyp,ok,ok,
3890,,33999.5,58229.4,APB,no_hyp,no_hyp,no_hyp,ok,ok,
3891,怡海花园富润园,73300.6,123842.6,APB,no_hyp,no_hyp,no_hyp,ok,ok,
3892,,10882.6,18388.5,APB,no_hyp,no_hyp,no_hyp,ok,ok,
3893,怡海花园恒泰园,114944.7,194214.7,APB,no_hyp,no_hyp,no_hyp,ok,ok,
3894,怡海花园恒丰园,64869.5,109609.9,APB,no_hyp,no_hyp,no_hyp,ok,ok,
3895,怡海花园富泽园,33293.4,56250.7,APB,no_hyp,no_hyp,no_hyp,ok,ok,
3896,怡海花园富润园西区,27913.5,47159.4,APB,no_hyp,no_hyp,no_hyp,ok,ok,
3897,帝京花园,39135.3,66120.7,APB,no_hyp,no_hyp,no_hyp,ok,ok,
3898,创业者公寓,23538.4,39771.7,APB,no_hyp,no_hyp,no_hyp,ok,ok,
3899,阳光四季社区,17500.2,29568.9,APB,no_hyp,no_hyp,no_hyp,ok,ok,
3900,恒富中街6号院,17633.1,29793.0,APB,no_hyp,no_hyp,no_hyp,ok,ok,
3901,恒富花园1号院,23342.9,39442.6,APB,no_hyp,no_hyp,no_hyp,ok,ok,
3902,恒富花园2号院,6368.7,10761.2,APB,no_hyp,no_hyp,no_hyp,ok,ok,
3903,吉利双星公寓,12562.5,21226.7,APB,no_hyp,no_hyp,no_hyp,ok,ok,
3904,城市经典西区,14135.7,23883.8,APB,no_hyp,no_hyp,no_hyp,ok,ok,
3905,丰泽居,33337.5,56328.9,APB,no_hyp,no_hyp,no_hyp,ok,ok,
3906,怡锦园,42915.5,72509.4,APB,no_hyp,no_hyp,no_hyp,ok,ok,
3907,风和日丽,8018.2,13547.1,APB,no_hyp,no_hyp,no_hyp,ok,ok,
3908,保利佲悦大都汇,16202.8,27367.6,APB,no_hyp,no_hyp,no_hyp,ok,ok,
3909,中海九号公馆三区,105395.4,177981.0,APB,no_hyp,no_hyp,no_hyp,ok,ok,
3910,,17781.4,30026.9,APB,no_hyp,no_hyp,no_hyp,ok,ok,
3911,中海九号公馆二区,89650.1,151402.1,APB,no_hyp,no_hyp,no_hyp,ok,ok,
3912,富丰园,57905.7,97845.8,APB,no_hyp,no_hyp,no_hyp,ok,ok,
3913,泽信公馆,33876.4,57245.4,APB,no_hyp,no_hyp,no_hyp,ok,ok,
3914,看丹回迁楼,193506.7,326975.0,APB,no_hyp,no_hyp,no_hyp,ok,ok,
3915,南开西里小区,93263.3,157608.7,APB,no_hyp,no_hyp,no_hyp,ok,ok,
3916,新华街六里小区,49633.0,83879.4,APB,no_hyp,no_hyp,no_hyp,ok,ok,
3917,新华街五里,84008.0,141977.6,APB,no_hyp,no_hyp,no_hyp,ok,ok,
3918,,86451.4,146112.5,APB,no_hyp,no_hyp,no_hyp,ok,ok,
3919,建国街二里小区,10819.5,18287.1,APB,no_hyp,no_hyp,no_hyp,ok,ok,
3920,新华街三里小区,69821.6,118008.2,APB,no_hyp,no_hyp,no_hyp,ok,ok,
3921,韩庄子二里,58765.9,99300.9,APB,no_hyp,no_hyp,no_hyp,ok,ok,
3922,总部基地3区,31221.0,52736.0,APB,no_hyp,no_hyp,no_hyp,ok,ok,
3923,,4843.3,8180.8,APB,no_hyp,no_hyp,no_hyp,ok,ok,
3924,东王庄小区,177096.2,300661.2,APB,no_hyp,no_hyp,no_hyp,ok,ok,
3925,西局西路69号院,60169.6,101787.7,APB,no_hyp,no_hyp,no_hyp,ok,ok,
3926,东大街东里社区,46266.2,78241.8,APB,no_hyp,no_hyp,no_hyp,ok,ok,
3927,西局玉园南区,53764.0,90930.0,APB,no_hyp,no_hyp,no_hyp,ok,ok,
3928,,62914.5,106411.6,APB,no_hyp,no_hyp,no_hyp,ok,ok,
3929,,65283.7,112152.2,APB,no_hyp,no_hyp,no_hyp,ok,ok,
3930,,103611.0,177997.2,APB,no_hyp,no_hyp,no_hyp,ok,ok,
3931,黄花镇村,328840.6,564757.7,APB,no_hyp,no_hyp,no_hyp,ok,ok,
3932,,160698.6,275556.1,APB,no_hyp,no_hyp,no_hyp,ok,ok,
3933,平义分,357516.3,611809.4,APB,no_hyp,no_hyp,no_hyp,ok,ok,
3934,,109960.4,188295.4,APB,no_hyp,no_hyp,no_hyp,ok,ok,
3935,芸香雅苑,250271.9,420480.2,APB,no_hyp,no_hyp,no_hyp,ok,ok,
3936,农业职业学院家属楼,8471.5,14378.8,APB,no_hyp,no_hyp,no_hyp,ok,ok,
3937,北京科技大学学生公寓至善斋,20861.1,35575.2,APB,no_hyp,no_hyp,no_hyp,ok,ok,
3938,科信路66号院,57884.2,98704.4,APB,no_hyp,no_hyp,no_hyp,ok,ok,
3939,中海·汇智里,76972.0,131243.1,APB,no_hyp,no_hyp,no_hyp,ok,ok,
3940,,252197.1,430471.2,APB,no_hyp,no_hyp,no_hyp,ok,ok,
3941,金河嘉苑,125989.9,214903.3,APB,no_hyp,no_hyp,no_hyp,ok,ok,
3942,科华新城,196839.5,335629.6,APB,no_hyp,no_hyp,no_hyp,ok,ok,
3943,北京东站职工安置房,71047.1,120275.3,APB,no_hyp,no_hyp,no_hyp,ok,ok,
3944,原北京东站货场铁路职工住宅区,112075.9,189734.2,APB,no_hyp,no_hyp,no_hyp,ok,ok,
3945,,133547.2,225903.8,APB,no_hyp,no_hyp,no_hyp,ok,ok,
3946,康泽佳苑南区,118788.7,200309.1,APB,no_hyp,no_hyp,no_hyp,ok,ok,
3947,康泽佳苑北区,54368.4,91687.1,APB,no_hyp,no_hyp,no_hyp,ok,ok,
3948,裕隆新村,56305.6,95658.6,APB,no_hyp,no_hyp,no_hyp,ok,ok,
3949,,157672.4,266944.3,APB,no_hyp,no_hyp,no_hyp,ok,ok,
3950,首钢八角居民区,117635.8,199210.1,APB,no_hyp,no_hyp,no_hyp,ok,ok,
3951,,303317.0,519083.1,APB,no_hyp,no_hyp,no_hyp,ok,ok,
3952,,259472.6,444080.0,APB,no_hyp,no_hyp,no_hyp,ok,ok,
3953,,186319.6,318822.3,APB,no_hyp,no_hyp,no_hyp,ok,ok,
3954,,242152.3,414324.7,APB,no_hyp,no_hyp,no_hyp,ok,ok,
3955,,289056.2,494502.6,APB,no_hyp,no_hyp,no_hyp,ok,ok,
3956,,545566.2,933384.8,APB,no_hyp,no_hyp,no_hyp,ok,ok,
3957,,250726.3,429044.5,APB,no_hyp,no_hyp,no_hyp,ok,ok,
3958,,181134.6,309981.9,APB,no_hyp,no_hyp,no_hyp,ok,ok,
3959,,222798.9,381229.9,APB,no_hyp,no_hyp,no_hyp,ok,ok,
3960,,102501.7,175375.2,APB,no_hyp,no_hyp,no_hyp,ok,ok,
3961,,86317.7,147665.1,APB,no_hyp,no_hyp,no_hyp,ok,ok,
3962,,163410.2,279500.3,APB,no_hyp,no_hyp,no_hyp,ok,ok,
3963,,188936.6,323161.0,APB,no_hyp,no_hyp,no_hyp,ok,ok,
3964,,581311.5,995219.7,APB,no_hyp,no_hyp,no_hyp,ok,ok,
3965,,26844.2,45962.3,APB,no_hyp,no_hyp,no_hyp,ok,ok,
3966,茶坞铁路小区,109735.5,187852.9,APB,no_hyp,no_hyp,no_hyp,ok,ok,
3967,,713720.6,1221140.8,APB,no_hyp,no_hyp,no_hyp,ok,ok,
3968,,588390.5,1006291.1,APB,no_hyp,no_hyp,no_hyp,ok,ok,
3969,,226316.2,386986.1,APB,no_hyp,no_hyp,no_hyp,ok,ok,
3970,,31972.5,54197.6,APB,no_hyp,no_hyp,no_hyp,ok,ok,
3971,中仓路7号院,14779.3,25022.6,APB,no_hyp,no_hyp,no_hyp,ok,ok,
3972,,252172.6,434555.2,APB,no_hyp,no_hyp,no_hyp,ok,ok,
3973,,219018.2,377474.0,APB,no_hyp,no_hyp,no_hyp,ok,ok,
3974,,34858.1,60081.4,APB,no_hyp,no_hyp,no_hyp,ok,ok,
3975,,405429.1,698603.1,APB,no_hyp,no_hyp,no_hyp,ok,ok,
3976,,838157.3,1443889.1,APB,no_hyp,no_hyp,no_hyp,ok,ok,
3977,,44151.8,76046.9,APB,no_hyp,no_hyp,no_hyp,ok,ok,
3978,,66353.3,114236.3,APB,no_hyp,no_hyp,no_hyp,ok,ok,
3979,,11780.4,20179.0,APB,no_hyp,no_hyp,no_hyp,ok,ok,
3980,红螺雅园,22203.1,38106.4,APB,no_hyp,no_hyp,no_hyp,ok,ok,
3981,,224850.2,386716.8,APB,no_hyp,no_hyp,no_hyp,ok,ok,
3982,中环南路11号院,20342.0,34523.0,APB,no_hyp,no_hyp,no_hyp,ok,ok,
3983,圆都小区,15069.6,25496.5,APB,no_hyp,no_hyp,no_hyp,ok,ok,
3984,太平桥华源一里8号院,52205.7,88326.8,APB,no_hyp,no_hyp,no_hyp,ok,ok,
3985,太平桥西里,153894.8,260397.4,APB,no_hyp,no_hyp,no_hyp,ok,ok,
3986,威尔夏大道,86577.7,146481.0,APB,no_hyp,no_hyp,no_hyp,ok,ok,
3987,首科花园,111051.0,187869.1,APB,no_hyp,no_hyp,no_hyp,ok,ok,
3988,中新佳园二区,65057.6,110062.8,APB,no_hyp,no_hyp,no_hyp,ok,ok,
3989,马连道路13号院,7125.7,12055.8,APB,no_hyp,no_hyp,no_hyp,ok,ok,
3990,中新佳园一区,32923.2,55702.0,APB,no_hyp,no_hyp,no_hyp,ok,ok,
3991,信和嘉园,33054.4,55924.1,APB,no_hyp,no_hyp,no_hyp,ok,ok,
3992,太平里,58756.2,99414.4,APB,no_hyp,no_hyp,no_hyp,ok,ok,
3993,戎晖嘉园,39588.1,66974.7,APB,no_hyp,no_hyp,no_hyp,ok,ok,
3994,欧园北欧印象,24999.8,42291.3,APB,no_hyp,no_hyp,no_hyp,ok,ok,
3995,瑞莲家园,5918.4,10012.1,APB,no_hyp,no_hyp,no_hyp,ok,ok,
3996,马连道路甲18号院,7859.2,13295.3,APB,no_hyp,no_hyp,no_hyp,ok,ok,
3997,红莲路69号院,22855.4,38666.6,APB,no_hyp,no_hyp,no_hyp,ok,ok,
3998,茶马街六号院,20867.3,35303.1,APB,no_hyp,no_hyp,no_hyp,ok,ok,
3999,第三区·观邸,35040.3,59280.9,APB,no_hyp,no_hyp,no_hyp,ok,ok,
4000,红莲南里,53506.8,90523.0,APB,no_hyp,no_hyp,no_hyp,ok,ok,
4001,常青藤嘉园,29195.6,49394.7,APB,no_hyp,no_hyp,no_hyp,ok,ok,
4002,乐城,54943.0,92946.0,APB,no_hyp,no_hyp,no_hyp,ok,ok,
4003,京铁和园A区,6608.5,11179.5,APB,no_hyp,no_hyp,no_hyp,ok,ok,
4004,京铁和园,103267.8,174713.0,APB,no_hyp,no_hyp,no_hyp,ok,ok,
4005,车站西街十五号院社区,64689.1,109440.0,APB,no_hyp,no_hyp,no_hyp,ok,ok,
4006,广安小区,26237.4,44390.3,APB,no_hyp,no_hyp,no_hyp,ok,ok,
4007,车站西街9号院,12760.6,21589.4,APB,no_hyp,no_hyp,no_hyp,ok,ok,
4008,华源新第,59541.7,100732.3,APB,no_hyp,no_hyp,no_hyp,ok,ok,
4009,金唐小区,7750.2,13111.8,APB,no_hyp,no_hyp,no_hyp,ok,ok,
4010,六里桥家园,17927.0,30329.0,APB,no_hyp,no_hyp,no_hyp,ok,ok,
4011,丽新怡园,45296.7,76614.6,APB,no_hyp,no_hyp,no_hyp,ok,ok,
4012,亚林西居住区,198436.5,335492.1,APB,no_hyp,no_hyp,no_hyp,ok,ok,
4013,亚林西保障房,26398.0,44632.7,APB,no_hyp,no_hyp,no_hyp,ok,ok,
4014,亚林西西街,22399.9,37871.5,APB,no_hyp,no_hyp,no_hyp,ok,ok,
4015,亚林西小区,25100.4,42438.1,APB,no_hyp,no_hyp,no_hyp,ok,ok,
4016,佑安府,79689.0,134743.1,APB,no_hyp,no_hyp,no_hyp,ok,ok,
4017,中国玺,53129.7,89833.6,APB,no_hyp,no_hyp,no_hyp,ok,ok,
4018,中央国家机关公务员住宅小区,17539.7,29669.0,APB,no_hyp,no_hyp,no_hyp,ok,ok,
4019,宏大中园,17599.7,29704.2,APB,no_hyp,no_hyp,no_hyp,ok,ok,
4020,,1438.8,2437.3,APB,no_hyp,no_hyp,no_hyp,ok,ok,
4021,丽泽景园,122108.6,206496.6,APB,no_hyp,no_hyp,no_hyp,ok,ok,
4022,丰益花园西区,83337.1,140909.5,APB,no_hyp,no_hyp,no_hyp,ok,ok,
4023,周庄子家园,75694.4,127996.9,APB,no_hyp,no_hyp,no_hyp,ok,ok,
4024,一万米小区,22042.9,37141.0,APB,no_hyp,no_hyp,no_hyp,ok,ok,
4025,八角南路小区,146179.5,247523.8,APB,no_hyp,no_hyp,no_hyp,ok,ok,
4026,建设巷小区,30908.6,52079.6,APB,no_hyp,no_hyp,no_hyp,ok,ok,
4027,体育场路6号院,14535.6,24492.9,APB,no_hyp,no_hyp,no_hyp,ok,ok,
4028,北京电力建设公司良乡社区-南区,35955.0,60584.9,APB,no_hyp,no_hyp,no_hyp,ok,ok,
4029,华典家园,43660.8,73569.3,APB,no_hyp,no_hyp,no_hyp,ok,ok,
4030,八角北路特钢小区,64469.6,109189.9,APB,no_hyp,no_hyp,no_hyp,ok,ok,
4031,八角北路社区,163536.4,276962.9,APB,no_hyp,no_hyp,no_hyp,ok,ok,
4032,八角南里小区,109708.6,185771.0,APB,no_hyp,no_hyp,no_hyp,ok,ok,
4033,八角中里,137199.4,232339.1,APB,no_hyp,no_hyp,no_hyp,ok,ok,
4034,八角北里,203070.8,343919.8,APB,no_hyp,no_hyp,no_hyp,ok,ok,
4035,北京电力建设公司良乡社区-北区,6198.1,10444.4,APB,no_hyp,no_hyp,no_hyp,ok,ok,
4036,建华南里,3613.4,6089.0,APB,no_hyp,no_hyp,no_hyp,ok,ok,
4037,新建巷,27152.7,45750.5,APB,no_hyp,no_hyp,no_hyp,ok,ok,
4038,建华北里,59177.8,99724.7,APB,no_hyp,no_hyp,no_hyp,ok,ok,
4039,冀北电力有限公司培训中心小区,25497.1,42966.9,APB,no_hyp,no_hyp,no_hyp,ok,ok,
4040,,149093.4,250802.0,APB,no_hyp,no_hyp,no_hyp,ok,ok,
4041,军都苑小区,42214.8,72159.9,APB,no_hyp,no_hyp,no_hyp,ok,ok,
4042,花园巷小区,107660.4,181405.8,APB,no_hyp,no_hyp,no_hyp,ok,ok,
4043,四合巷小区,59110.8,99597.6,APB,no_hyp,no_hyp,no_hyp,ok,ok,
4044,昊天温泉家园-西区,33556.1,56529.9,APB,no_hyp,no_hyp,no_hyp,ok,ok,
4045,前营南小区,261121.3,444930.8,APB,no_hyp,no_hyp,no_hyp,ok,ok,
4046,夏和园小区,80030.3,136370.0,APB,no_hyp,no_hyp,no_hyp,ok,ok,
4047,夏兴园小区,128761.0,219424.0,APB,no_hyp,no_hyp,no_hyp,ok,ok,
4048,由山由谷17号院,31271.2,53267.8,APB,no_hyp,no_hyp,no_hyp,ok,ok,
4049,由山由谷19号院,19293.6,32865.5,APB,no_hyp,no_hyp,no_hyp,ok,ok,
4050,由山由谷12号院,35582.8,60616.5,APB,no_hyp,no_hyp,no_hyp,ok,ok,
4051,由山由谷13号院,39642.4,67531.5,APB,no_hyp,no_hyp,no_hyp,ok,ok,
4052,由山由谷9号院,22534.6,38390.3,APB,no_hyp,no_hyp,no_hyp,ok,ok,
4053,中弘由山由谷,39701.7,67640.5,APB,no_hyp,no_hyp,no_hyp,ok,ok,
4054,由山由谷5号院,41438.1,70598.3,APB,no_hyp,no_hyp,no_hyp,ok,ok,
4055,西院,20645.7,35052.5,APB,no_hyp,no_hyp,no_hyp,ok,ok,
4056,开阳里六区,118487.4,200369.5,APB,no_hyp,no_hyp,no_hyp,ok,ok,
4057,开阳里三区,31553.7,53360.4,APB,no_hyp,no_hyp,no_hyp,ok,ok,
4058,开阳里八区,39435.4,66688.7,APB,no_hyp,no_hyp,no_hyp,ok,ok,
4059,开阳里七区,40754.1,68922.4,APB,no_hyp,no_hyp,no_hyp,ok,ok,
4060,开阳里四区,25902.9,43807.8,APB,no_hyp,no_hyp,no_hyp,ok,ok,
4061,开阳里五区,22570.4,38170.3,APB,no_hyp,no_hyp,no_hyp,ok,ok,
4062,开阳里二区,36720.6,62100.5,APB,no_hyp,no_hyp,no_hyp,ok,ok,
4063,开阳里一区,41341.9,69918.7,APB,no_hyp,no_hyp,no_hyp,ok,ok,
4064,玉林东里一区,69264.2,117141.4,APB,no_hyp,no_hyp,no_hyp,ok,ok,
4065,玉林东里二区,51138.2,86482.2,APB,no_hyp,no_hyp,no_hyp,ok,ok,
4066,玉林东里三区,73793.9,124789.1,APB,no_hyp,no_hyp,no_hyp,ok,ok,
4067,玉林小区,74287.8,125634.5,APB,no_hyp,no_hyp,no_hyp,ok,ok,
4068,荣宁园,21682.7,36677.3,APB,no_hyp,no_hyp,no_hyp,ok,ok,
4069,建功北里一区,16550.1,28001.1,APB,no_hyp,no_hyp,no_hyp,ok,ok,
4070,建功北里二区,16445.2,27823.7,APB,no_hyp,no_hyp,no_hyp,ok,ok,
4071,滨河里,6431.3,10880.8,APB,no_hyp,no_hyp,no_hyp,ok,ok,
4072,建功北里四区,6958.6,11772.6,APB,no_hyp,no_hyp,no_hyp,ok,ok,
4073,建功北里三区,14404.4,24370.0,APB,no_hyp,no_hyp,no_hyp,ok,ok,
4074,建功北里五区,13003.9,21999.7,APB,no_hyp,no_hyp,no_hyp,ok,ok,
4075,燕归园,16159.6,27426.5,APB,no_hyp,no_hyp,no_hyp,ok,ok,
4076,水清木华园,41552.4,70526.9,APB,no_hyp,no_hyp,no_hyp,ok,ok,
4077,科馨社区,22892.8,38857.4,APB,no_hyp,no_hyp,no_hyp,ok,ok,
4078,芙蓉里小区,55485.0,94169.9,APB,no_hyp,no_hyp,no_hyp,ok,ok,
4079,芙蓉里东区,13500.1,22913.6,APB,no_hyp,no_hyp,no_hyp,ok,ok,
4080,黄亭子小区,19027.1,32279.1,APB,no_hyp,no_hyp,no_hyp,ok,ok,
4081,北影小区,98338.9,166827.1,APB,no_hyp,no_hyp,no_hyp,ok,ok,
4082,孙中山行馆,8389.4,14215.8,APB,no_hyp,no_hyp,no_hyp,ok,ok,
4083,中交富力*樾熙府,56363.7,97037.4,APB,no_hyp,no_hyp,no_hyp,ok,ok,
4084,新科祥园,70520.6,119667.5,APB,no_hyp,no_hyp,no_hyp,ok,ok,
4085,科春社区,112732.6,191298.6,APB,no_hyp,no_hyp,no_hyp,ok,ok,
4086,,55754.2,94607.9,APB,no_hyp,no_hyp,no_hyp,ok,ok,
4087,建清园北区,41955.6,71264.0,APB,no_hyp,no_hyp,no_hyp,ok,ok,
4088,,77448.2,132267.5,APB,no_hyp,no_hyp,no_hyp,ok,ok,
4089,,174000.5,297468.9,APB,no_hyp,no_hyp,no_hyp,ok,ok,
4090,,28862.1,49353.0,APB,no_hyp,no_hyp,no_hyp,ok,ok,
4091,,45685.8,78117.1,APB,no_hyp,no_hyp,no_hyp,ok,ok,
4092,,58471.6,99974.1,APB,no_hyp,no_hyp,no_hyp,ok,ok,
4093,,10425.0,17652.5,APB,no_hyp,no_hyp,no_hyp,ok,ok,
4094,,7559.3,12800.4,APB,no_hyp,no_hyp,no_hyp,ok,ok,
4095,,4761.5,8062.8,APB,no_hyp,no_hyp,no_hyp,ok,ok,
4096,,5683.7,9625.1,APB,no_hyp,no_hyp,no_hyp,ok,ok,
4097,,7056.3,11947.3,APB,no_hyp,no_hyp,no_hyp,ok,ok,
4098,,8283.0,14024.1,APB,no_hyp,no_hyp,no_hyp,ok,ok,
4099,,8452.9,14310.9,APB,no_hyp,no_hyp,no_hyp,ok,ok,
4100,,11373.4,19255.9,APB,no_hyp,no_hyp,no_hyp,ok,ok,
4101,,18798.7,31827.2,APB,no_hyp,no_hyp,no_hyp,ok,ok,
4102,,164673.2,281299.6,APB,no_hyp,no_hyp,no_hyp,ok,ok,
4103,,318469.1,543829.4,APB,no_hyp,no_hyp,no_hyp,ok,ok,
4104,,191101.6,326339.2,APB,no_hyp,no_hyp,no_hyp,ok,ok,
4105,,141851.1,243107.9,APB,no_hyp,no_hyp,no_hyp,ok,ok,
4106,,90088.5,154501.7,APB,no_hyp,no_hyp,no_hyp,ok,ok,
4107,,22507.7,38604.7,APB,no_hyp,no_hyp,no_hyp,ok,ok,
4108,,222899.0,374048.7,APB,no_hyp,no_hyp,no_hyp,ok,ok,
4109,,384721.6,645640.6,APB,no_hyp,no_hyp,no_hyp,ok,ok,
4110,,257421.1,432064.3,APB,no_hyp,no_hyp,no_hyp,ok,ok,
4111,,327938.9,550535.8,APB,no_hyp,no_hyp,no_hyp,ok,ok,
4112,,115128.4,193228.1,APB,no_hyp,no_hyp,no_hyp,ok,ok,
4113,,275499.8,462227.2,APB,no_hyp,no_hyp,no_hyp,ok,ok,
4114,,264850.2,444219.7,APB,no_hyp,no_hyp,no_hyp,ok,ok,
4115,,198748.8,333214.5,APB,no_hyp,no_hyp,no_hyp,ok,ok,
4116,,260432.6,436627.3,APB,no_hyp,no_hyp,no_hyp,ok,ok,
4117,,717449.6,1202836.2,APB,no_hyp,no_hyp,no_hyp,ok,ok,
4118,,54308.9,92772.5,APB,no_hyp,no_hyp,no_hyp,ok,ok,
4119,,43735.5,74708.3,APB,no_hyp,no_hyp,no_hyp,ok,ok,
4120,张营小区,80194.2,136996.1,APB,no_hyp,no_hyp,no_hyp,ok,ok,
4121,双营西路70号院,13200.5,22551.1,APB,no_hyp,no_hyp,no_hyp,ok,ok,
4122,伟业嘉园东里,109895.4,185140.0,APB,no_hyp,no_hyp,no_hyp,ok,ok,
4123,伟业嘉园,117593.6,198102.9,APB,no_hyp,no_hyp,no_hyp,ok,ok,
4124,伟业嘉园北里,24612.9,41466.7,APB,no_hyp,no_hyp,no_hyp,ok,ok,
4125,首开安盛家园,60221.2,101466.5,APB,no_hyp,no_hyp,no_hyp,ok,ok,
4126,韩建·观山源墅西区,52773.5,88918.2,APB,no_hyp,no_hyp,no_hyp,ok,ok,
4127,韩建·观山源墅东区,48829.7,82273.1,APB,no_hyp,no_hyp,no_hyp,ok,ok,
4128,京投万科新里程,46327.5,78048.8,APB,no_hyp,no_hyp,no_hyp,ok,ok,
4129,京投万科新里程-南区,35013.0,58986.6,APB,no_hyp,no_hyp,no_hyp,ok,ok,
4130,京投万科新里程二期,51373.2,86544.5,APB,no_hyp,no_hyp,no_hyp,ok,ok,
4131,水碾屯西里,34201.8,57622.9,APB,no_hyp,no_hyp,no_hyp,ok,ok,
4132,金地朗悦YOYO派,29215.9,49220.2,APB,no_hyp,no_hyp,no_hyp,ok,ok,
4133,水碾屯东里,35892.1,60470.3,APB,no_hyp,no_hyp,no_hyp,ok,ok,
4134,金地朗悦沁园,50967.6,85869.4,APB,no_hyp,no_hyp,no_hyp,ok,ok,
4135,金地朗悦悦园,41594.3,70074.1,APB,no_hyp,no_hyp,no_hyp,ok,ok,
4136,金地朗悦朗园,66710.9,112382.5,APB,no_hyp,no_hyp,no_hyp,ok,ok,
4137,金地朗悦润园,45193.7,76149.2,APB,no_hyp,no_hyp,no_hyp,ok,ok,
4138,国家粮食和物资储备局,104753.0,177432.3,APB,no_hyp,no_hyp,no_hyp,ok,ok,
4139,云梯胡同小区,6027.2,10207.0,APB,no_hyp,no_hyp,no_hyp,ok,ok,
4140,钟声社区,7579.9,12834.8,APB,no_hyp,no_hyp,no_hyp,ok,ok,
4141,,31991.9,54135.3,APB,no_hyp,no_hyp,no_hyp,ok,ok,
4142,,23709.6,40142.1,APB,no_hyp,no_hyp,no_hyp,ok,ok,
4143,,7874.5,13332.0,APB,no_hyp,no_hyp,no_hyp,ok,ok,
4144,,5614.2,9505.4,APB,no_hyp,no_hyp,no_hyp,ok,ok,
4145,,9193.0,15566.8,APB,no_hyp,no_hyp,no_hyp,ok,ok,
4146,,3121.8,5286.2,APB,no_hyp,no_hyp,no_hyp,ok,ok,
4147,,2610.6,4420.8,APB,no_hyp,no_hyp,no_hyp,ok,ok,
4148,,6950.4,11769.6,APB,no_hyp,no_hyp,no_hyp,ok,ok,
4149,,7428.0,12578.3,APB,no_hyp,no_hyp,no_hyp,ok,ok,
4150,,15160.3,25671.7,APB,no_hyp,no_hyp,no_hyp,ok,ok,
4151,,1783.4,3020.0,APB,no_hyp,no_hyp,no_hyp,ok,ok,
4152,,10784.5,18262.7,APB,no_hyp,no_hyp,no_hyp,ok,ok,
4153,,1903.0,3222.4,APB,no_hyp,no_hyp,no_hyp,ok,ok,
4154,,9751.6,16509.4,APB,no_hyp,no_hyp,no_hyp,ok,ok,
4155,,17288.8,29269.4,APB,no_hyp,no_hyp,no_hyp,ok,ok,
4156,,6586.8,11151.4,APB,no_hyp,no_hyp,no_hyp,ok,ok,
4157,,4831.4,8179.6,APB,no_hyp,no_hyp,no_hyp,ok,ok,
4158,,4327.8,7326.9,APB,no_hyp,no_hyp,no_hyp,ok,ok,
4159,,18112.7,30663.4,APB,no_hyp,no_hyp,no_hyp,ok,ok,
4160,,2355.9,3988.3,APB,no_hyp,no_hyp,no_hyp,ok,ok,
4161,,2729.9,4621.5,APB,no_hyp,no_hyp,no_hyp,ok,ok,
4162,,1471.2,2490.6,APB,no_hyp,no_hyp,no_hyp,ok,ok,
4163,,1795.4,3039.6,APB,no_hyp,no_hyp,no_hyp,ok,ok,
4164,,3276.5,5547.1,APB,no_hyp,no_hyp,no_hyp,ok,ok,
4165,,2966.2,5021.8,APB,no_hyp,no_hyp,no_hyp,ok,ok,
4166,,5563.5,9419.0,APB,no_hyp,no_hyp,no_hyp,ok,ok,
4167,西悦雅居,34994.2,58988.0,APB,no_hyp,no_hyp,no_hyp,ok,ok,
4168,紫云家园10号院,64650.0,108984.2,APB,no_hyp,no_hyp,no_hyp,ok,ok,
4169,中粮万科·长阳半岛南区,55206.2,93064.4,APB,no_hyp,no_hyp,no_hyp,ok,ok,
4170,紫云家园6号院,65215.1,109943.8,APB,no_hyp,no_hyp,no_hyp,ok,ok,
4171,长阳半岛,64085.9,108040.0,APB,no_hyp,no_hyp,no_hyp,ok,ok,
4172,,29865.4,51063.0,APB,no_hyp,no_hyp,no_hyp,ok,ok,
4173,,685636.5,1172243.6,APB,no_hyp,no_hyp,no_hyp,ok,ok,
4174,,12563.0,21479.7,APB,no_hyp,no_hyp,no_hyp,ok,ok,
4175,,968285.7,1655711.3,APB,no_hyp,no_hyp,no_hyp,ok,ok,
4176,复地西绒线26号,16700.5,28273.8,APB,no_hyp,no_hyp,no_hyp,ok,ok,
4177,未英胡同5号院,13730.8,23245.6,APB,no_hyp,no_hyp,no_hyp,ok,ok,
4178,,132012.9,225662.3,APB,no_hyp,no_hyp,no_hyp,ok,ok,
4179,,7589.6,12848.5,APB,no_hyp,no_hyp,no_hyp,ok,ok,
4180,,5924.9,10030.2,APB,no_hyp,no_hyp,no_hyp,ok,ok,
4181,,4559.6,7718.9,APB,no_hyp,no_hyp,no_hyp,ok,ok,
4182,景新家园,43446.1,73473.6,APB,no_hyp,no_hyp,no_hyp,ok,ok,
4183,碧桂园和世界一期,32112.6,54302.3,APB,no_hyp,no_hyp,no_hyp,ok,ok,
4184,枣营西里,35381.5,59977.6,APB,no_hyp,no_hyp,no_hyp,ok,ok,
4185,首钢古南居民区,57473.0,97319.6,APB,no_hyp,no_hyp,no_hyp,ok,ok,
4186,古城南路25号院,39266.1,66489.0,APB,no_hyp,no_hyp,no_hyp,ok,ok,
4187,古城南路,71522.7,121107.5,APB,no_hyp,no_hyp,no_hyp,ok,ok,
4188,古城路30号院,9021.8,15277.5,APB,no_hyp,no_hyp,no_hyp,ok,ok,
4189,古城路居民区西区,45111.6,76394.8,APB,no_hyp,no_hyp,no_hyp,ok,ok,
4190,古城小街五号院特钢小区,31846.2,53933.0,APB,no_hyp,no_hyp,no_hyp,ok,ok,
4191,首钢古城单身宿舍,23744.6,40211.6,APB,no_hyp,no_hyp,no_hyp,ok,ok,
4192,首钢古北居民区,78473.3,132904.5,APB,no_hyp,no_hyp,no_hyp,ok,ok,
4193,古城公园北小区,30043.3,50877.9,APB,no_hyp,no_hyp,no_hyp,ok,ok,
4194,公园北社区,8932.2,15125.9,APB,no_hyp,no_hyp,no_hyp,ok,ok,
4195,,742210.0,1266166.0,APB,no_hyp,no_hyp,no_hyp,ok,ok,
4196,,777081.9,1325999.7,APB,no_hyp,no_hyp,no_hyp,ok,ok,
4197,,220861.2,376686.0,APB,no_hyp,no_hyp,no_hyp,ok,ok,
4198,,122839.3,209464.6,APB,no_hyp,no_hyp,no_hyp,ok,ok,
4199,,180702.0,308066.0,APB,no_hyp,no_hyp,no_hyp,ok,ok,
4200,,179464.5,306444.6,APB,no_hyp,no_hyp,no_hyp,ok,ok,
4201,,164929.9,277422.9,APB,no_hyp,no_hyp,no_hyp,ok,ok,
4202,,27968.7,47904.3,APB,no_hyp,no_hyp,no_hyp,ok,ok,
4203,,20866.0,35709.6,APB,no_hyp,no_hyp,no_hyp,ok,ok,
4204,,25855.7,44243.8,APB,no_hyp,no_hyp,no_hyp,ok,ok,
4205,,8881.1,15196.7,APB,no_hyp,no_hyp,no_hyp,ok,ok,
4206,,47531.5,81328.5,APB,no_hyp,no_hyp,no_hyp,ok,ok,
4207,,18567.4,31767.7,APB,no_hyp,no_hyp,no_hyp,ok,ok,
4208,,18662.6,31929.5,APB,no_hyp,no_hyp,no_hyp,ok,ok,
4209,,45702.1,78192.5,APB,no_hyp,no_hyp,no_hyp,ok,ok,
4210,,28404.8,48602.1,APB,no_hyp,no_hyp,no_hyp,ok,ok,
4211,,51030.7,87324.4,APB,no_hyp,no_hyp,no_hyp,ok,ok,
4212,,46244.6,79137.7,APB,no_hyp,no_hyp,no_hyp,ok,ok,
4213,宝山福地,90431.9,156739.5,APB,no_hyp,no_hyp,no_hyp,ok,ok,
4214,,329460.5,560772.8,APB,no_hyp,no_hyp,no_hyp,ok,ok,
4215,逸城东苑,156411.4,265655.2,APB,no_hyp,no_hyp,no_hyp,ok,ok,
4216,,8731.6,14801.1,APB,no_hyp,no_hyp,no_hyp,ok,ok,
4217,,15561.2,26377.8,APB,no_hyp,no_hyp,no_hyp,ok,ok,
4218,,22442.5,38038.9,APB,no_hyp,no_hyp,no_hyp,ok,ok,
4219,,13375.9,22670.9,APB,no_hyp,no_hyp,no_hyp,ok,ok,
4220,,10978.6,18608.0,APB,no_hyp,no_hyp,no_hyp,ok,ok,
4221,,5171.8,8765.9,APB,no_hyp,no_hyp,no_hyp,ok,ok,
4222,,9285.6,15739.7,APB,no_hyp,no_hyp,no_hyp,ok,ok,
4223,,3021.0,5120.4,APB,no_hyp,no_hyp,no_hyp,ok,ok,
4224,,2194.7,3720.0,APB,no_hyp,no_hyp,no_hyp,ok,ok,
4225,,5686.6,9639.0,APB,no_hyp,no_hyp,no_hyp,ok,ok,
4226,,12527.3,21233.7,APB,no_hyp,no_hyp,no_hyp,ok,ok,
4227,,6176.7,10469.5,APB,no_hyp,no_hyp,no_hyp,ok,ok,
4228,,11955.0,20263.2,APB,no_hyp,no_hyp,no_hyp,ok,ok,
4229,,4314.5,7313.6,APB,no_hyp,no_hyp,no_hyp,ok,ok,
4230,,8661.1,14682.2,APB,no_hyp,no_hyp,no_hyp,ok,ok,
4231,,7077.4,11997.6,APB,no_hyp,no_hyp,no_hyp,ok,ok,
4232,,2074.3,3516.1,APB,no_hyp,no_hyp,no_hyp,ok,ok,
4233,,25574.2,43352.7,APB,no_hyp,no_hyp,no_hyp,ok,ok,
4234,,5338.8,9050.0,APB,no_hyp,no_hyp,no_hyp,ok,ok,
4235,,4316.1,7316.3,APB,no_hyp,no_hyp,no_hyp,ok,ok,
4236,,1042.9,1767.8,APB,no_hyp,no_hyp,no_hyp,ok,ok,
4237,,3769.1,6389.4,APB,no_hyp,no_hyp,no_hyp,ok,ok,
4238,,314.2,532.6,APB,no_hyp,no_hyp,no_hyp,ok,ok,
4239,,1437.6,2437.0,APB,no_hyp,no_hyp,no_hyp,ok,ok,
4240,,963.5,1633.3,APB,no_hyp,no_hyp,no_hyp,ok,ok,
4241,,2582.1,4376.9,APB,ok,no_hyp,no_hyp,ok,ok,
4242,,1401.0,2374.9,APB,no_hyp,no_hyp,no_hyp,ok,ok,
4243,,9033.6,15312.5,APB,no_hyp,no_hyp,no_hyp,ok,ok,
4244,,8661.6,14681.6,APB,no_hyp,no_hyp,no_hyp,ok,ok,
4245,,3095.3,5246.9,APB,no_hyp,no_hyp,no_hyp,ok,ok,
4246,,5819.3,9864.4,APB,no_hyp,no_hyp,no_hyp,ok,ok,
4247,,12038.4,20406.3,APB,no_hyp,no_hyp,no_hyp,ok,ok,
4248,,150.9,255.7,APB,no_hyp,no_hyp,no_hyp,ok,ok,
4249,,464.4,787.3,APB,no_hyp,no_hyp,no_hyp,ok,ok,
4250,,128.8,218.4,APB,no_hyp,no_hyp,no_hyp,ok,ok,
4251,,824.3,1397.4,APB,no_hyp,no_hyp,no_hyp,ok,ok,
4252,,6968.8,11813.2,APB,no_hyp,no_hyp,no_hyp,ok,ok,
4253,,1746.7,2961.0,APB,no_hyp,no_hyp,no_hyp,ok,ok,
4254,,2527.9,4285.3,APB,no_hyp,no_hyp,no_hyp,ok,ok,
4255,,1299.4,2202.7,APB,no_hyp,no_hyp,no_hyp,ok,ok,
4256,,3810.7,6459.5,APB,no_hyp,no_hyp,no_hyp,ok,ok,
4257,,1198.7,2031.9,APB,ok,no_hyp,no_hyp,ok,ok,
4258,,1358.7,2303.1,APB,ok,no_hyp,no_hyp,ok,ok,
4259,,16032.1,27175.4,APB,no_hyp,no_hyp,no_hyp,ok,ok,
4260,,16688.0,28286.4,APB,no_hyp,no_hyp,no_hyp,ok,ok,
4261,,16650.0,28222.2,APB,no_hyp,no_hyp,no_hyp,ok,ok,
4262,,7196.5,12198.6,APB,no_hyp,no_hyp,no_hyp,ok,ok,
4263,,22458.8,38067.6,APB,no_hyp,no_hyp,no_hyp,ok,ok,
4264,,2873.6,4870.6,APB,no_hyp,no_hyp,no_hyp,ok,ok,
4265,,3485.5,5907.6,APB,no_hyp,no_hyp,no_hyp,ok,ok,
4266,,560.0,949.1,APB,no_hyp,no_hyp,no_hyp,ok,ok,
4267,,122.8,208.1,APB,no_hyp,no_hyp,no_hyp,ok,ok,
4268,,9618.4,16303.0,APB,no_hyp,no_hyp,no_hyp,ok,ok,
4269,,14005.8,23738.8,APB,no_hyp,no_hyp,no_hyp,ok,ok,
4270,,2791.5,4731.5,APB,no_hyp,no_hyp,no_hyp,ok,ok,
4271,,10432.4,17681.8,APB,no_hyp,no_hyp,no_hyp,ok,ok,
4272,,500.3,848.0,APB,no_hyp,no_hyp,no_hyp,ok,ok,
4273,,7091.9,12021.9,APB,no_hyp,no_hyp,no_hyp,ok,ok,
4274,,6824.2,11568.1,APB,no_hyp,no_hyp,no_hyp,ok,ok,
4275,,8309.9,14086.2,APB,no_hyp,no_hyp,no_hyp,ok,ok,
4276,,1329.0,2252.8,APB,no_hyp,no_hyp,no_hyp,ok,ok,
4277,,3137.0,5317.6,APB,no_hyp,no_hyp,no_hyp,ok,ok,
4278,,13333.1,22600.9,APB,no_hyp,no_hyp,no_hyp,ok,ok,
4279,,5750.2,9746.8,APB,no_hyp,no_hyp,no_hyp,ok,ok,
4280,,11722.7,19870.0,APB,no_hyp,no_hyp,no_hyp,ok,ok,
4281,,3480.9,5900.0,APB,no_hyp,no_hyp,no_hyp,ok,ok,
4282,,8027.4,13606.0,APB,no_hyp,no_hyp,no_hyp,ok,ok,
4283,,1453.9,2464.2,APB,no_hyp,no_hyp,no_hyp,ok,ok,
4284,,158.1,268.0,APB,no_hyp,no_hyp,no_hyp,ok,ok,
4285,,8593.3,14563.8,APB,no_hyp,no_hyp,no_hyp,ok,ok,
4286,,652.3,1105.6,APB,no_hyp,no_hyp,no_hyp,ok,ok,
4287,,4324.8,7329.7,APB,no_hyp,no_hyp,no_hyp,ok,ok,
4288,,4601.7,7799.0,APB,no_hyp,no_hyp,no_hyp,ok,ok,
4289,绿苑小区,110030.2,186966.6,APB,no_hyp,no_hyp,no_hyp,ok,ok,
4290,广泰小区东区,9487.5,16120.9,APB,no_hyp,no_hyp,no_hyp,ok,ok,
4291,,132738.6,225529.1,APB,no_hyp,no_hyp,no_hyp,ok,ok,
4292,七彩华园,69072.9,117347.2,APB,no_hyp,no_hyp,no_hyp,ok,ok,
4293,,36687.6,62353.0,APB,no_hyp,no_hyp,no_hyp,ok,ok,
4294,万德嘉园,146812.3,249512.9,APB,no_hyp,no_hyp,no_hyp,ok,ok,
4295,,56842.2,96604.2,APB,no_hyp,no_hyp,no_hyp,ok,ok,
4296,金隅凤栖家园一区,35369.1,60131.6,APB,no_hyp,no_hyp,no_hyp,ok,ok,
4297,白各庄新村西区,100808.3,171692.8,APB,no_hyp,no_hyp,no_hyp,ok,ok,
4298,中建壹品·学府公馆,81029.7,137599.4,APB,no_hyp,no_hyp,no_hyp,ok,ok,
4299,竹溪园,58051.0,98594.3,APB,no_hyp,no_hyp,no_hyp,ok,ok,
4300,,33297.8,57047.9,APB,no_hyp,no_hyp,no_hyp,ok,ok,
4301,协和医院别墅区,9801.4,16598.6,APB,no_hyp,no_hyp,no_hyp,ok,ok,
4302,紫竹院路81号院,26284.9,44558.2,APB,no_hyp,no_hyp,no_hyp,ok,ok,
4303,车道沟10号院北区,39623.6,67175.6,APB,no_hyp,no_hyp,no_hyp,ok,ok,
4304,半壁街南路1号院,12402.8,21026.7,APB,no_hyp,no_hyp,no_hyp,ok,ok,
4305,中铁诺德阅墅,203583.6,346531.4,APB,no_hyp,no_hyp,no_hyp,ok,ok,
4306,满庭芳园,45027.3,76376.1,APB,no_hyp,no_hyp,no_hyp,ok,ok,
4307,欣葆家园,57259.6,96659.8,APB,no_hyp,no_hyp,no_hyp,ok,ok,
4308,大溪地,114912.6,193989.8,APB,no_hyp,no_hyp,no_hyp,ok,ok,
4309,景宜里小区,32949.7,55828.7,APB,no_hyp,no_hyp,no_hyp,ok,ok,
4310,望园东里,97518.2,164927.9,APB,no_hyp,no_hyp,no_hyp,ok,ok,
4311,望园西里,69244.5,117107.1,APB,no_hyp,no_hyp,no_hyp,ok,ok,
4312,西四环南路52号院,16008.4,27074.8,APB,no_hyp,no_hyp,no_hyp,ok,ok,
4313,望园西里北区,9280.1,15695.9,APB,no_hyp,no_hyp,no_hyp,ok,ok,
4314,路口东里,34138.4,57740.4,APB,no_hyp,no_hyp,no_hyp,ok,ok,
4315,海军小井润园二区,88999.7,150536.7,APB,no_hyp,no_hyp,no_hyp,ok,ok,
4316,小井润园一区,80185.8,135639.1,APB,no_hyp,no_hyp,no_hyp,ok,ok,
4317,小井润园南区,18737.6,31694.7,APB,no_hyp,no_hyp,no_hyp,ok,ok,
4318,保利欣苑,29950.5,50661.6,APB,no_hyp,no_hyp,no_hyp,ok,ok,
4319,胡桃园,34931.9,59085.5,APB,no_hyp,no_hyp,no_hyp,ok,ok,
4320,,18695.9,31626.4,APB,no_hyp,no_hyp,no_hyp,ok,ok,
4321,西局欣园南区,63729.1,107782.6,APB,no_hyp,no_hyp,no_hyp,ok,ok,
4322,西局欣园北区,43583.2,73714.0,APB,no_hyp,no_hyp,no_hyp,ok,ok,
4323,庄维多摩市小区,13624.7,23037.2,APB,no_hyp,no_hyp,no_hyp,ok,ok,
4324,花园村社区,50903.8,86250.8,APB,no_hyp,no_hyp,no_hyp,ok,ok,
4325,,193018.3,327031.2,APB,no_hyp,no_hyp,no_hyp,ok,ok,
4326,,77302.8,131145.6,APB,no_hyp,no_hyp,no_hyp,ok,ok,
4327,,30493.9,51731.2,APB,no_hyp,no_hyp,no_hyp,ok,ok,
4328,,20191.3,34254.2,APB,no_hyp,no_hyp,no_hyp,ok,ok,
4329,,21855.2,37077.8,APB,no_hyp,no_hyp,no_hyp,ok,ok,
4330,,159122.0,269603.1,APB,no_hyp,no_hyp,no_hyp,ok,ok,
4331,孛旺花园,167626.7,283474.2,APB,no_hyp,no_hyp,no_hyp,ok,ok,
4332,燕保·北焦家园,106040.4,179250.7,APB,no_hyp,no_hyp,no_hyp,ok,ok,
4333,,63774.6,109226.2,APB,no_hyp,no_hyp,no_hyp,ok,ok,
4334,亦庄金茂府,103753.3,174861.9,APB,no_hyp,no_hyp,no_hyp,ok,ok,
4335,亦庄·金茂悦北区,99778.1,168197.0,APB,no_hyp,no_hyp,no_hyp,ok,ok,
4336,亦城亦景,64363.3,108505.7,APB,no_hyp,no_hyp,no_hyp,ok,ok,
4337,金隅金麟府,42600.9,71802.5,APB,no_hyp,no_hyp,no_hyp,ok,ok,
4338,三槐家园,36220.4,61071.6,APB,no_hyp,no_hyp,no_hyp,ok,ok,
4339,瀛泰路六号院,17522.5,29544.7,APB,no_hyp,no_hyp,no_hyp,ok,ok,
4340,紫宸苑,19970.1,33671.6,APB,no_hyp,no_hyp,no_hyp,ok,ok,
4341,一合相,16527.7,27868.7,APB,no_hyp,no_hyp,no_hyp,ok,ok,
4342,融创公园壹号,73901.2,124409.7,APB,no_hyp,no_hyp,no_hyp,ok,ok,
4343,恒盛波尔多小镇南区,128076.7,215249.6,APB,no_hyp,no_hyp,no_hyp,ok,ok,
4344,恒盛小镇艺墅,83719.2,140704.9,APB,no_hyp,no_hyp,no_hyp,ok,ok,
4345,花园南里,88462.0,148696.0,APB,no_hyp,no_hyp,no_hyp,ok,ok,
4346,波尔多小镇北区,72202.7,121354.7,APB,no_hyp,no_hyp,no_hyp,ok,ok,
4347,兴创荣墅,157131.6,264170.2,APB,no_hyp,no_hyp,no_hyp,ok,ok,
4348,育新花园北里,156576.2,263243.5,APB,no_hyp,no_hyp,no_hyp,ok,ok,
4349,兴创荣墅二期,159763.8,268584.9,APB,no_hyp,no_hyp,no_hyp,ok,ok,
4350,当代采育满庭春MOMA,80845.2,135909.7,APB,no_hyp,no_hyp,no_hyp,ok,ok,
4351,北京城建·宽院·国誉府,68536.1,115186.3,APB,no_hyp,no_hyp,no_hyp,ok,ok,
4352,含英园五区·海棠雅居,21613.8,36600.6,APB,no_hyp,no_hyp,no_hyp,ok,ok,
4353,含英园二区·盛林听枫,29714.1,50317.8,APB,no_hyp,no_hyp,no_hyp,ok,ok,
4354,含英园一区·紫苑丁香,32077.3,54321.9,APB,no_hyp,no_hyp,no_hyp,ok,ok,
4355,含英园三区,23668.2,40083.1,APB,no_hyp,no_hyp,no_hyp,ok,ok,
4356,含英园四区·玉兰名堂,25342.4,42916.5,APB,no_hyp,no_hyp,no_hyp,ok,ok,
4357,含英园八区·樱木春园,21567.6,36522.5,APB,no_hyp,no_hyp,no_hyp,ok,ok,
4358,含英园七区,12778.5,21640.0,APB,no_hyp,no_hyp,no_hyp,ok,ok,
4359,含英园六区·暗香梅影,29816.5,50495.5,APB,no_hyp,no_hyp,no_hyp,ok,ok,
4360,含英园九区,16247.3,27515.2,APB,no_hyp,no_hyp,no_hyp,ok,ok,
4361,含英园十区,36917.8,62518.7,APB,no_hyp,no_hyp,no_hyp,ok,ok,
4362,含英园十一区,13361.0,22625.5,APB,no_hyp,no_hyp,no_hyp,ok,ok,
4363,中海首钢·长安云尚,36976.2,62584.8,APB,no_hyp,no_hyp,no_hyp,ok,ok,
4364,双新园,20164.4,34196.0,APB,no_hyp,no_hyp,no_hyp,ok,ok,
4365,公园都会,213961.9,364150.8,APB,no_hyp,no_hyp,no_hyp,ok,ok,
4366,龙湖·云河砚,127869.6,217609.7,APB,no_hyp,no_hyp,no_hyp,ok,ok,
4367,顺和花园-二区,64964.3,110568.7,APB,no_hyp,no_hyp,no_hyp,ok,ok,
4368,鼎顺嘉园,120742.2,205498.9,APB,no_hyp,no_hyp,no_hyp,ok,ok,
4369,顺和花园-一区,80868.4,137639.0,APB,no_hyp,no_hyp,no_hyp,ok,ok,
4370,环湖小镇东区,162648.1,274880.4,APB,no_hyp,no_hyp,no_hyp,ok,ok,
4371,,66012.3,111417.3,APB,no_hyp,no_hyp,no_hyp,ok,ok,
4372,中建国望府,36819.2,62269.5,APB,no_hyp,no_hyp,no_hyp,ok,ok,
4373,长辛店C地块安置房,68335.6,115571.5,APB,no_hyp,no_hyp,no_hyp,ok,ok,
4374,熙悦天寰,95181.6,160962.9,APB,no_hyp,no_hyp,no_hyp,ok,ok,
4375,长馨园,103343.0,174618.2,APB,no_hyp,no_hyp,no_hyp,ok,ok,
4376,京城雅苑,207058.2,349905.6,APB,no_hyp,no_hyp,no_hyp,ok,ok,
4377,星朗园,54011.8,91266.0,APB,no_hyp,no_hyp,no_hyp,ok,ok,
4378,中奥嘉园,86204.4,145671.2,APB,no_hyp,no_hyp,no_hyp,ok,ok,
4379,长兴路10号院,19593.6,33109.4,APB,no_hyp,no_hyp,no_hyp,ok,ok,
4380,中体奥林匹克花园三区,87093.2,147163.7,APB,no_hyp,no_hyp,no_hyp,ok,ok,
4381,中体奥林匹克花园一区,70606.4,119299.9,APB,no_hyp,no_hyp,no_hyp,ok,ok,
4382,中体奥林匹克花园2区,39756.6,67172.9,APB,no_hyp,no_hyp,no_hyp,ok,ok,
4383,中奥广场·首站,24194.4,40877.5,APB,no_hyp,no_hyp,no_hyp,ok,ok,
4384,珠光逸景家园,148401.3,250746.6,APB,no_hyp,no_hyp,no_hyp,ok,ok,
4385,海悦梧桐苑2号院,31587.9,53723.2,APB,no_hyp,no_hyp,no_hyp,ok,ok,
4386,海悦梧桐苑3号院,23963.3,40756.7,APB,no_hyp,no_hyp,no_hyp,ok,ok,
4387,玉泉阳光,45530.4,77100.3,APB,no_hyp,no_hyp,no_hyp,ok,ok,
4388,玉泉西路甲3号院,21529.3,36458.9,APB,no_hyp,no_hyp,no_hyp,ok,ok,
4389,三里河一区3号院,35309.6,59801.5,APB,no_hyp,no_hyp,no_hyp,ok,ok,
4390,,7448.3,12627.4,APB,no_hyp,no_hyp,no_hyp,ok,ok,
4391,未来金茂府,101824.3,173439.2,APB,no_hyp,no_hyp,no_hyp,ok,ok,
4392,回迁安置房,48703.6,82954.3,APB,no_hyp,no_hyp,no_hyp,ok,ok,
4393,三一员工小区,28204.9,48180.2,APB,no_hyp,no_hyp,no_hyp,ok,ok,
4394,吕营嘉园C区,76355.2,129040.0,APB,no_hyp,no_hyp,no_hyp,ok,ok,
4395,华润·北京天誉,40761.5,68905.2,APB,no_hyp,no_hyp,no_hyp,ok,ok,
4396,盛春坊,39384.7,66429.5,APB,no_hyp,no_hyp,no_hyp,ok,ok,
4397,,77644.1,132245.7,APB,no_hyp,no_hyp,no_hyp,ok,ok,
4398,,119408.9,203360.9,APB,no_hyp,no_hyp,no_hyp,ok,ok,
4399,阳光城檀悦,31374.6,53419.8,APB,no_hyp,no_hyp,no_hyp,ok,ok,
4400,绿茵花园别墅东区,347398.1,583240.7,APB,no_hyp,no_hyp,no_hyp,ok,ok,
4401,绿茵花园别墅西区,209359.3,351446.8,APB,no_hyp,no_hyp,no_hyp,ok,ok,
4402,,17477.0,29564.8,APB,no_hyp,no_hyp,no_hyp,ok,ok,
4403,利丰小区,11827.8,20092.4,APB,no_hyp,no_hyp,no_hyp,ok,ok,
4404,惠通新苑,94609.9,160657.0,APB,no_hyp,no_hyp,no_hyp,ok,ok,
4405,南广阳城,25609.5,43153.1,APB,no_hyp,no_hyp,no_hyp,ok,ok,
4406,金隅·糖+,83100.4,140018.1,APB,no_hyp,no_hyp,no_hyp,ok,ok,
4407,北京城建国誉府,48182.5,81185.4,APB,no_hyp,no_hyp,no_hyp,ok,ok,
4408,张家场周转房,59460.2,100218.1,APB,no_hyp,no_hyp,no_hyp,ok,ok,
4409,北京城建·西悦欣居,56915.8,95945.9,APB,no_hyp,no_hyp,no_hyp,ok,ok,
4410,徜徉嘉园南区,35807.2,60361.3,APB,no_hyp,no_hyp,no_hyp,ok,ok,
4411,中粮万科长阳半岛·祥云墅,25797.1,43485.6,APB,no_hyp,no_hyp,no_hyp,ok,ok,
4412,杨庄子小区一期,33933.9,57202.2,APB,no_hyp,no_hyp,no_hyp,ok,ok,
4413,馨然嘉园三区,54230.8,91419.8,APB,no_hyp,no_hyp,no_hyp,ok,ok,
4414,杨庄子小区,41189.3,69435.2,APB,no_hyp,no_hyp,no_hyp,ok,ok,
4415,北京城建·徜徉嘉园东区,16420.1,27682.6,APB,no_hyp,no_hyp,no_hyp,ok,ok,
4416,长阳半岛3号院,50227.2,84681.5,APB,no_hyp,no_hyp,no_hyp,ok,ok,
4417,中粮万科·长阳半岛西1区,61684.3,103998.0,APB,no_hyp,no_hyp,no_hyp,ok,ok,
4418,中粮万科·长阳半岛北二区,58133.4,98017.6,APB,no_hyp,no_hyp,no_hyp,ok,ok,
4419,长阳半岛1号院,27707.8,46718.8,APB,no_hyp,no_hyp,no_hyp,ok,ok,
4420,军留庄小区,32771.8,55255.1,APB,no_hyp,no_hyp,no_hyp,ok,ok,
4421,赛木小镇,251667.1,424456.7,APB,no_hyp,no_hyp,no_hyp,ok,ok,
4422,金鑫苑小区,137858.5,231811.4,APB,no_hyp,no_hyp,no_hyp,ok,ok,
4423,康乐园,20998.8,35308.3,APB,no_hyp,no_hyp,no_hyp,ok,ok,
4424,沁园·春景,75531.1,127018.0,APB,no_hyp,no_hyp,no_hyp,ok,ok,
4425,汇景嘉园,14113.2,23733.3,APB,no_hyp,no_hyp,no_hyp,ok,ok,
4426,北京城建琨廷南区,72959.2,122691.5,APB,no_hyp,no_hyp,no_hyp,ok,ok,
4427,北京城建·琨廷北区,111145.4,186920.5,APB,no_hyp,no_hyp,no_hyp,ok,ok,
4428,北京城建·琨廷漫缇,73065.1,122879.6,APB,no_hyp,no_hyp,no_hyp,ok,ok,
4429,沁慧园小区,38622.7,64951.7,APB,no_hyp,no_hyp,no_hyp,ok,ok,
4430,沁馥家园,59980.9,100873.9,APB,no_hyp,no_hyp,no_hyp,ok,ok,
4431,腾龙家园,378408.5,636658.3,APB,no_hyp,no_hyp,no_hyp,ok,ok,
4432,燕化星城健德三里,130455.3,219612.9,APB,no_hyp,no_hyp,no_hyp,ok,ok,
4433,燕化星城健德二里,142627.5,240113.8,APB,no_hyp,no_hyp,no_hyp,ok,ok,
4434,燕化星城健德一里,142949.1,240680.5,APB,no_hyp,no_hyp,no_hyp,ok,ok,
4435,燕化星城健德四里,211187.9,355556.3,APB,no_hyp,no_hyp,no_hyp,ok,ok,
4436,绿城·百合公寓北区,229701.9,386751.2,APB,no_hyp,no_hyp,no_hyp,ok,ok,
4437,天恒·乐活城北区,146215.0,246191.8,APB,no_hyp,no_hyp,no_hyp,ok,ok,
4438,天恒·乐活城南区,88848.9,149590.0,APB,no_hyp,no_hyp,no_hyp,ok,ok,
4439,绿城·百合公寓南区,321989.3,542082.7,APB,no_hyp,no_hyp,no_hyp,ok,ok,
4440,天恒乐墅,95753.9,161189.7,APB,no_hyp,no_hyp,no_hyp,ok,ok,
4441,紫欣苑小区,90255.1,151961.2,APB,no_hyp,no_hyp,no_hyp,ok,ok,
4442,天恒·京西悦府,82022.6,138108.1,APB,no_hyp,no_hyp,no_hyp,ok,ok,
4443,东亚·朗悦居,42949.0,72317.9,APB,no_hyp,no_hyp,no_hyp,ok,ok,
4444,星城北里,25260.6,42534.2,APB,no_hyp,no_hyp,no_hyp,ok,ok,
4445,友谊嘉园西里,70993.1,120831.7,APB,no_hyp,no_hyp,no_hyp,ok,ok,
4446,瑞泽家园,84808.0,144347.2,APB,no_hyp,no_hyp,no_hyp,ok,ok,
4447,中海甲三号院,79144.1,133738.8,APB,no_hyp,no_hyp,no_hyp,ok,ok,
4448,丰益花园东区,71641.9,121135.1,APB,no_hyp,no_hyp,no_hyp,ok,ok,
4449,万柳园小区,67605.0,114280.7,APB,no_hyp,no_hyp,no_hyp,ok,ok,
4450,万柳西园北区,33513.5,56654.9,APB,no_hyp,no_hyp,no_hyp,ok,ok,
4451,衙府泰园,47591.1,80536.1,APB,no_hyp,no_hyp,no_hyp,ok,ok,
4452,衙府居园,76001.8,128626.3,APB,no_hyp,no_hyp,no_hyp,ok,ok,
4453,中海云庭,15075.5,25513.6,APB,no_hyp,no_hyp,no_hyp,ok,ok,
4454,中海·长安源境,18174.9,30759.1,APB,no_hyp,no_hyp,no_hyp,ok,ok,
4455,中海首钢天玺,20830.6,35254.9,APB,no_hyp,no_hyp,no_hyp,ok,ok,
4456,中海金海汇,15388.9,26045.1,APB,no_hyp,no_hyp,no_hyp,ok,ok,
4457,华润·长安润璟,21304.9,36057.7,APB,no_hyp,no_hyp,no_hyp,ok,ok,
4458,金裕雅苑,14772.7,25002.2,APB,no_hyp,no_hyp,no_hyp,ok,ok,
4459,中海首钢长安云锦,22251.0,37662.2,APB,no_hyp,no_hyp,no_hyp,ok,ok,
4460,中海天钻,35229.0,59645.1,APB,no_hyp,no_hyp,no_hyp,ok,ok,
4461,长安和玺,31452.1,53250.9,APB,no_hyp,no_hyp,no_hyp,ok,ok,
4462,长安九里西区,24340.4,41207.7,APB,no_hyp,no_hyp,no_hyp,ok,ok,
4463,长安九里东区,25143.8,42567.8,APB,no_hyp,no_hyp,no_hyp,ok,ok,
4464,首创·紫悦台,75074.3,126428.7,APB,no_hyp,no_hyp,no_hyp,ok,ok,
4465,,40427.3,68817.7,APB,no_hyp,no_hyp,no_hyp,ok,ok,
4466,富燕新村四区,112899.2,190115.1,APB,no_hyp,no_hyp,no_hyp,ok,ok,
4467,富燕新村二区,102806.6,173119.3,APB,no_hyp,no_hyp,no_hyp,ok,ok,
4468,富燕新村三区,124612.2,209824.1,APB,no_hyp,no_hyp,no_hyp,ok,ok,
4469,富燕新村一区,214575.2,361338.2,APB,no_hyp,no_hyp,no_hyp,ok,ok,
4470,,38277.7,64449.2,APB,no_hyp,no_hyp,no_hyp,ok,ok,
4471,阳光城·京悦府,46155.7,77968.0,APB,no_hyp,no_hyp,no_hyp,ok,ok,
4472,北京壹号总部,100275.1,169354.2,APB,no_hyp,no_hyp,no_hyp,ok,ok,
4473,远洋天著·云廷,116249.5,196343.7,APB,no_hyp,no_hyp,no_hyp,ok,ok,
4474,远洋天著·澜湾,98193.1,165831.9,APB,no_hyp,no_hyp,no_hyp,ok,ok,
4475,世纪金色嘉园,22347.2,37796.2,APB,no_hyp,no_hyp,no_hyp,ok,ok,
4476,,42782.9,72385.6,APB,no_hyp,no_hyp,no_hyp,ok,ok,
4477,,35568.5,60179.2,APB,no_hyp,no_hyp,no_hyp,ok,ok,
4478,,33200.0,56171.7,APB,no_hyp,no_hyp,no_hyp,ok,ok,
4479,,24287.4,41094.7,APB,no_hyp,no_hyp,no_hyp,ok,ok,
4480,,29318.7,49602.8,APB,no_hyp,no_hyp,no_hyp,ok,ok,
4481,,69264.8,117655.5,APB,no_hyp,no_hyp,no_hyp,ok,ok,
4482,金鼎园（北方工业大学研究生宿舍区）,15898.5,26935.2,APB,no_hyp,no_hyp,no_hyp,ok,ok,
4483,芳源里,339048.8,572030.8,APB,no_hyp,no_hyp,no_hyp,ok,ok,
4484,潭柘柏逸,15821.6,26777.8,APB,no_hyp,no_hyp,no_hyp,ok,ok,
4485,领秀慧谷-D2区,27653.4,47085.8,APB,no_hyp,no_hyp,no_hyp,ok,ok,
4486,北京经开·汀塘家园,44444.5,75011.2,APB,no_hyp,no_hyp,no_hyp,ok,ok,
4487,台湖金茂悦,38793.3,65464.1,APB,no_hyp,no_hyp,no_hyp,ok,ok,
4488,通成家园,93328.6,157480.5,APB,no_hyp,no_hyp,no_hyp,ok,ok,
4489,通和家园,56597.5,95507.1,APB,no_hyp,no_hyp,no_hyp,ok,ok,
4490,科谷三街科泰公寓,22759.0,38397.9,APB,no_hyp,no_hyp,no_hyp,ok,ok,
4491,明月听兰,30940.0,52240.0,APB,no_hyp,no_hyp,no_hyp,ok,ok,
4492,金融街·金色漫香林六期,38041.3,64252.9,APB,no_hyp,no_hyp,no_hyp,ok,ok,
4493,金地悦风华,38393.9,64752.6,APB,no_hyp,no_hyp,no_hyp,ok,ok,
4494,望京园,79764.6,135403.2,APB,no_hyp,no_hyp,no_hyp,ok,ok,
4495,植物所家属院,59587.9,101132.5,APB,no_hyp,no_hyp,no_hyp,ok,ok,
4496,,31189.2,52931.7,APB,no_hyp,no_hyp,no_hyp,ok,ok,
4497,椿楸嘉园,140119.5,237460.6,APB,no_hyp,no_hyp,no_hyp,ok,ok,
4498,碧森里,73050.7,123782.8,APB,no_hyp,no_hyp,no_hyp,ok,ok,
4499,西山国际城,98441.5,166778.3,APB,no_hyp,no_hyp,no_hyp,ok,ok,
4500,碧桐园,50592.5,85720.6,APB,no_hyp,no_hyp,no_hyp,ok,ok,
4501,锦绣大地公寓,25655.6,43469.7,APB,no_hyp,no_hyp,no_hyp,ok,ok,
4502,军科院小区,55545.2,94115.5,APB,no_hyp,no_hyp,no_hyp,ok,ok,
4503,西黄新村南里,35881.4,60799.5,APB,no_hyp,no_hyp,no_hyp,ok,ok,
4504,雍景天成,62952.4,106677.7,APB,no_hyp,no_hyp,no_hyp,ok,ok,
4505,西黄新村北里,72914.2,123561.4,APB,no_hyp,no_hyp,no_hyp,ok,ok,
4506,叠翠庭苑二区,24145.5,40915.7,APB,no_hyp,no_hyp,no_hyp,ok,ok,
4507,叠翠庭苑一区,51827.2,87825.8,APB,no_hyp,no_hyp,no_hyp,ok,ok,
4508,冶建总院宿舍,51668.9,87626.8,APB,no_hyp,no_hyp,no_hyp,ok,ok,
4509,新汇园社区,27070.3,46268.3,APB,no_hyp,no_hyp,no_hyp,ok,ok,
4510,,16537.6,28276.9,APB,no_hyp,no_hyp,no_hyp,ok,ok,
4511,鼓楼西区,17699.9,30388.1,APB,no_hyp,no_hyp,no_hyp,ok,ok,
4512,,41562.0,70968.9,APB,no_hyp,no_hyp,no_hyp,ok,ok,
4513,禾丰村,340908.1,582453.5,APB,no_hyp,no_hyp,no_hyp,ok,ok,
4514,天瑞嘉园,269929.1,454088.8,APB,no_hyp,no_hyp,no_hyp,ok,ok,
4515,易郡,325968.7,554957.3,APB,no_hyp,no_hyp,no_hyp,ok,ok,
4516,前进花园一区,90627.8,154486.4,APB,no_hyp,no_hyp,no_hyp,ok,ok,
4517,当代北辰悦MOMA,41864.9,71363.1,APB,no_hyp,no_hyp,no_hyp,ok,ok,
4518,前进花园·玉兰苑,108515.3,184965.5,APB,no_hyp,no_hyp,no_hyp,ok,ok,
4519,石门苑,310728.5,529581.1,APB,no_hyp,no_hyp,no_hyp,ok,ok,
4520,前进花园·牡丹苑,101420.9,172860.7,APB,no_hyp,no_hyp,no_hyp,ok,ok,
4521,宏城花园,89048.9,151764.6,APB,no_hyp,no_hyp,no_hyp,ok,ok,
4522,北潞冠家园,138116.9,232741.1,APB,no_hyp,no_hyp,no_hyp,ok,ok,
4523,政通路西里,81545.6,137432.8,APB,no_hyp,no_hyp,no_hyp,ok,ok,
4524,隆曦园,124577.8,209972.7,APB,no_hyp,no_hyp,no_hyp,ok,ok,
4525,文水家园,21495.4,36224.3,APB,no_hyp,no_hyp,no_hyp,ok,ok,
4526,胜茂傲山,20989.8,35372.4,APB,no_hyp,no_hyp,no_hyp,ok,ok,
4527,圣晖花园,251032.8,423111.5,APB,no_hyp,no_hyp,no_hyp,ok,ok,
4528,桃园,100053.3,168652.1,APB,no_hyp,no_hyp,no_hyp,ok,ok,
4529,北潞芳家园,159489.4,268738.2,APB,no_hyp,no_hyp,no_hyp,ok,ok,
4530,北潞春家园,131958.4,222332.2,APB,no_hyp,no_hyp,no_hyp,ok,ok,
4531,北潞华家园,115754.2,195044.4,APB,no_hyp,no_hyp,no_hyp,ok,ok,
4532,北潞馨家园,105028.4,176960.8,APB,no_hyp,no_hyp,no_hyp,ok,ok,
4533,蓝爵公馆,29542.0,49770.0,APB,no_hyp,no_hyp,no_hyp,ok,ok,
4534,太平庄东里北区,77578.5,130698.8,APB,no_hyp,no_hyp,no_hyp,ok,ok,
4535,太平庄东里南区,45813.2,77176.7,APB,no_hyp,no_hyp,no_hyp,ok,ok,
4536,月华新村,22643.6,38143.3,APB,no_hyp,no_hyp,no_hyp,ok,ok,
4537,西路南里小区,38778.6,65322.7,APB,no_hyp,no_hyp,no_hyp,ok,ok,
4538,建鑫园二里,80883.2,136239.8,APB,no_hyp,no_hyp,no_hyp,ok,ok,
4539,苏庄二里,13406.7,22582.2,APB,no_hyp,no_hyp,no_hyp,ok,ok,
4540,苏园小区西区,51424.0,86618.7,APB,no_hyp,no_hyp,no_hyp,ok,ok,
4541,苏庄一里小区,56288.7,94812.7,APB,no_hyp,no_hyp,no_hyp,ok,ok,
4542,蓝光星华·海悦城,66587.1,112156.0,APB,no_hyp,no_hyp,no_hyp,ok,ok,
4543,西兰岛,26861.8,45241.1,APB,no_hyp,no_hyp,no_hyp,ok,ok,
4544,建鑫园三里,62812.4,105794.3,APB,no_hyp,no_hyp,no_hyp,ok,ok,
4545,兴家小区,18763.5,31601.8,APB,no_hyp,no_hyp,no_hyp,ok,ok,
4546,苏庄东街10号院,16715.2,28153.0,APB,no_hyp,no_hyp,no_hyp,ok,ok,
4547,小浮坨新村,51713.9,88797.5,APB,no_hyp,no_hyp,no_hyp,ok,ok,
4548,岔道新村,74343.7,127659.0,APB,no_hyp,no_hyp,no_hyp,ok,ok,
4549,白河堡,31143.3,53783.3,APB,no_hyp,no_hyp,no_hyp,ok,ok,
4550,龙聚山庄中区,97416.9,167956.4,APB,no_hyp,no_hyp,no_hyp,ok,ok,
4551,龙聚山庄北区,177561.3,306149.3,APB,no_hyp,no_hyp,no_hyp,ok,ok,
4552,龙聚山庄二期,56773.6,97881.6,APB,no_hyp,no_hyp,no_hyp,ok,ok,
4553,龙聚山庄东南区,80561.9,138888.1,APB,no_hyp,no_hyp,no_hyp,ok,ok,
4554,辉煌国际花园一区,177769.9,305976.1,APB,no_hyp,no_hyp,no_hyp,ok,ok,
4555,北京夏都湾,124763.3,215123.9,APB,no_hyp,no_hyp,no_hyp,ok,ok,
4556,龙海苑,12224.4,21080.6,APB,no_hyp,no_hyp,no_hyp,ok,ok,
4557,龙城馨苑,12540.2,21633.4,APB,no_hyp,no_hyp,no_hyp,ok,ok,
4558,,50711.3,87451.7,APB,no_hyp,no_hyp,no_hyp,ok,ok,
4559,城建万科城幸福街区,83580.7,143943.3,APB,no_hyp,no_hyp,no_hyp,ok,ok,
4560,沈馨佳苑,27789.7,47865.9,APB,no_hyp,no_hyp,no_hyp,ok,ok,
4561,东王化营村二区,35481.8,61111.0,APB,no_hyp,no_hyp,no_hyp,ok,ok,
4562,大榆树住宅小区,7953.1,13675.7,APB,no_hyp,no_hyp,no_hyp,ok,ok,
4563,簸箕营小区,47911.7,82339.2,APB,no_hyp,no_hyp,no_hyp,ok,ok,
4564,新海苑,63121.3,107009.9,APB,no_hyp,no_hyp,no_hyp,ok,ok,
4565,驸马庄,13614.4,23335.9,APB,no_hyp,no_hyp,no_hyp,ok,ok,
4566,万博苑,33796.0,57163.4,APB,no_hyp,no_hyp,no_hyp,ok,ok,
4567,双泉堡125号院,23019.1,39097.5,APB,no_hyp,no_hyp,no_hyp,ok,ok,
4568,双泉嘉苑,82022.4,139298.9,APB,no_hyp,no_hyp,no_hyp,ok,ok,
4569,九章别墅,241995.4,411118.5,APB,no_hyp,no_hyp,no_hyp,ok,ok,
4570,金盏嘉园E区,137452.7,233407.6,APB,no_hyp,no_hyp,no_hyp,ok,ok,
4571,天恒水岸壹号,66294.7,111622.2,APB,no_hyp,no_hyp,no_hyp,ok,ok,
4572,绿湾星苑小区,19748.5,33252.7,APB,no_hyp,no_hyp,no_hyp,ok,ok,
4573,恒大滨河左岸南区,49691.2,83668.6,APB,no_hyp,no_hyp,no_hyp,ok,ok,
4574,恒大滨河左岸北区,21191.8,35684.7,APB,no_hyp,no_hyp,no_hyp,ok,ok,
4575,常舜嘉苑,21063.8,35469.2,APB,no_hyp,no_hyp,no_hyp,ok,ok,
4576,韩建·瑞雪春堂,220151.8,370717.8,APB,no_hyp,no_hyp,no_hyp,ok,ok,
4577,瑞雪春堂一里,36984.8,62285.4,APB,no_hyp,no_hyp,no_hyp,ok,ok,
4578,鸿顺园西区,163074.9,274635.9,APB,no_hyp,no_hyp,no_hyp,ok,ok,
4579,北京经贸职业学院公寓区,33401.4,56251.1,APB,no_hyp,no_hyp,no_hyp,ok,ok,
4580,紫汇家园,89447.8,150629.6,APB,no_hyp,no_hyp,no_hyp,ok,ok,
4581,昊天嘉园,28563.0,48107.0,APB,no_hyp,no_hyp,no_hyp,ok,ok,
4582,玉竹园一里,24498.6,41261.5,APB,no_hyp,no_hyp,no_hyp,ok,ok,
4583,玉竹园,105560.3,177797.6,APB,no_hyp,no_hyp,no_hyp,ok,ok,
4584,玉竹东路小区,36387.3,61289.4,APB,no_hyp,no_hyp,no_hyp,ok,ok,
4585,阳光邑上,106193.9,178883.1,APB,no_hyp,no_hyp,no_hyp,ok,ok,
4586,富禧良嘉园,25978.1,43768.0,APB,no_hyp,no_hyp,no_hyp,ok,ok,
4587,梅花庄,40751.2,68667.3,APB,no_hyp,no_hyp,no_hyp,ok,ok,
4588,京师园,93396.8,158643.5,APB,no_hyp,no_hyp,no_hyp,ok,ok,
4589,澳景花庭,34308.4,58274.9,APB,no_hyp,no_hyp,no_hyp,ok,ok,
4590,融域嘉园,51385.4,87283.7,APB,no_hyp,no_hyp,no_hyp,ok,ok,
4591,冠城南园,25085.0,42554.5,APB,no_hyp,no_hyp,no_hyp,ok,ok,
4592,冠城北园,62109.9,105369.1,APB,no_hyp,no_hyp,no_hyp,ok,ok,
4593,月季园,23989.0,40695.7,APB,no_hyp,no_hyp,no_hyp,ok,ok,
4594,红联南村,12372.1,20974.1,APB,no_hyp,no_hyp,no_hyp,ok,ok,
4595,北岗东路2号院,79963.6,135668.9,APB,no_hyp,no_hyp,no_hyp,ok,ok,
4596,北岗东路1号院,32486.9,55118.7,APB,no_hyp,no_hyp,no_hyp,ok,ok,
4597,瑞澜名苑,26235.7,44084.1,APB,no_hyp,no_hyp,no_hyp,ok,ok,
4598,瑞佳名苑,89219.2,149920.0,APB,no_hyp,no_hyp,no_hyp,ok,ok,
4599,首开·龙湖天璞,29771.6,50498.6,APB,no_hyp,no_hyp,no_hyp,ok,ok,
4600,红松园北里2号院,34041.0,57738.3,APB,no_hyp,no_hyp,no_hyp,ok,ok,
4601,利锦府尚,41209.2,69896.2,APB,no_hyp,no_hyp,no_hyp,ok,ok,
4602,高杨树北里,33308.9,56467.7,APB,no_hyp,no_hyp,no_hyp,ok,ok,
4603,泓鑫家园,77751.9,131807.7,APB,no_hyp,no_hyp,no_hyp,ok,ok,
4604,高杨树南里,10037.6,17015.6,APB,no_hyp,no_hyp,no_hyp,ok,ok,
4605,富北嘉园,10995.8,18640.3,APB,no_hyp,no_hyp,no_hyp,ok,ok,
4606,富东嘉园,65254.2,110612.4,APB,no_hyp,no_hyp,no_hyp,ok,ok,
4607,塔园外交公寓,62757.1,106373.6,APB,no_hyp,no_hyp,no_hyp,ok,ok,
4608,新源西里东街小区,28596.5,48475.5,APB,no_hyp,no_hyp,no_hyp,ok,ok,
4609,胡家园东区,26155.1,44334.6,APB,no_hyp,no_hyp,no_hyp,ok,ok,
4610,东直门外小街8号院,4834.3,8194.1,APB,no_hyp,no_hyp,no_hyp,ok,ok,
4611,梵悦·万国府,15924.6,26991.1,APB,no_hyp,no_hyp,no_hyp,ok,ok,
4612,亮马桥路9号院,15290.2,25928.9,APB,no_hyp,no_hyp,no_hyp,ok,ok,
4613,酒仙桥十二街坊,44434.8,75352.8,APB,no_hyp,no_hyp,no_hyp,ok,ok,
4614,酒仙桥八街坊,30351.8,51471.9,APB,no_hyp,no_hyp,no_hyp,ok,ok,
4615,佳美公寓,5686.9,9644.8,APB,no_hyp,no_hyp,no_hyp,ok,ok,
4616,酒仙桥三街坊,47347.7,80299.8,APB,no_hyp,no_hyp,no_hyp,ok,ok,
4617,酒仙桥南路4号院,4358.1,7391.2,APB,no_hyp,no_hyp,no_hyp,ok,ok,
4618,滨河1号,61429.1,104203.7,APB,no_hyp,no_hyp,no_hyp,ok,ok,
4619,将府家园北里,38976.6,66126.0,APB,no_hyp,no_hyp,no_hyp,ok,ok,
4620,丽都壹号,93569.4,158760.6,APB,no_hyp,no_hyp,no_hyp,ok,ok,
4621,将府家园,58628.5,99468.6,APB,no_hyp,no_hyp,no_hyp,ok,ok,
4622,丽都水岸B区,14305.3,24265.2,APB,no_hyp,no_hyp,no_hyp,ok,ok,
4623,芳园南里,17477.7,29647.5,APB,no_hyp,no_hyp,no_hyp,ok,ok,
4624,飘HOME小区,13366.1,22673.1,APB,no_hyp,no_hyp,no_hyp,ok,ok,
4625,上东8号,18485.8,31357.6,APB,no_hyp,no_hyp,no_hyp,ok,ok,
4626,芳园南里西区,28037.9,47560.5,APB,no_hyp,no_hyp,no_hyp,ok,ok,
4627,芳园里西区,18539.6,31450.4,APB,no_hyp,no_hyp,no_hyp,ok,ok,
4628,晶都国际,18111.4,30718.6,APB,no_hyp,no_hyp,no_hyp,ok,ok,
4629,酒仙桥一街坊,26690.1,45268.1,APB,no_hyp,no_hyp,no_hyp,ok,ok,
4630,酒仙桥六街坊,69511.5,117893.7,APB,no_hyp,no_hyp,no_hyp,ok,ok,
4631,酒仙桥十街坊,66162.2,112207.5,APB,no_hyp,no_hyp,no_hyp,ok,ok,
4632,酒仙桥七街坊,58931.3,99944.2,APB,no_hyp,no_hyp,no_hyp,ok,ok,
4633,芳城园二区,40778.2,68965.2,APB,no_hyp,no_hyp,no_hyp,ok,ok,
4634,芳城园一区,146191.1,247257.1,APB,no_hyp,no_hyp,no_hyp,ok,ok,
4635,芳城园三区,109100.3,184512.5,APB,no_hyp,no_hyp,no_hyp,ok,ok,
4636,,175453.7,298213.9,APB,no_hyp,no_hyp,no_hyp,ok,ok,
4637,北清橡树湾,64862.4,110436.5,APB,no_hyp,no_hyp,no_hyp,ok,ok,
4638,海鶄落西区安置房,64439.6,109733.2,APB,no_hyp,no_hyp,no_hyp,ok,ok,
4639,TBD住总万科天地8号院,16257.2,27684.8,APB,no_hyp,no_hyp,no_hyp,ok,ok,
4640,恒大名都,45091.0,76615.7,APB,no_hyp,no_hyp,no_hyp,ok,ok,
4641,戎辉苑,23530.1,39978.9,APB,no_hyp,no_hyp,no_hyp,ok,ok,
4642,亚奥万和四季,17732.8,30128.3,APB,no_hyp,no_hyp,no_hyp,ok,ok,
4643,城市绿洲家园,12851.1,21833.3,APB,no_hyp,no_hyp,no_hyp,ok,ok,
4644,安通苑,11418.5,19399.2,APB,no_hyp,no_hyp,no_hyp,ok,ok,
4645,安雅苑,8119.0,13793.5,APB,no_hyp,no_hyp,no_hyp,ok,ok,
4646,华瀚国际,36504.3,61757.5,APB,no_hyp,no_hyp,no_hyp,ok,ok,
4647,呼家楼南社区,80739.1,136750.7,APB,no_hyp,no_hyp,no_hyp,ok,ok,
4648,首创·禧瑞都,28282.4,47903.7,APB,no_hyp,no_hyp,no_hyp,ok,ok,
4649,呼家楼北里,73297.0,124156.7,APB,no_hyp,no_hyp,no_hyp,ok,ok,
4650,呼家楼西里,5831.5,9877.4,APB,no_hyp,no_hyp,no_hyp,ok,ok,
4651,瑞平家园1号院,55576.7,94442.1,APB,no_hyp,no_hyp,no_hyp,ok,ok,
4652,燕保马泉营家园,84650.2,143847.9,APB,no_hyp,no_hyp,no_hyp,ok,ok,
4653,瑞平家园D区,48852.7,83016.7,APB,no_hyp,no_hyp,no_hyp,ok,ok,
4654,善各庄周转房,53065.3,90167.2,APB,no_hyp,no_hyp,no_hyp,ok,ok,
4655,宏昌竣公寓,12760.7,21681.7,APB,no_hyp,no_hyp,no_hyp,ok,ok,
4656,香江北岸白领家园,32193.5,54710.6,APB,no_hyp,no_hyp,no_hyp,ok,ok,
4657,天泰苑新村,36443.3,61727.2,APB,no_hyp,no_hyp,no_hyp,ok,ok,
4658,三间房西里,28302.8,47936.6,APB,no_hyp,no_hyp,no_hyp,ok,ok,
4659,福盈家园4号院,7624.0,12913.7,APB,no_hyp,no_hyp,no_hyp,ok,ok,
4660,福盈家园3号院,13873.9,23500.0,APB,no_hyp,no_hyp,no_hyp,ok,ok,
4661,福盈家园2号院,18579.7,31472.1,APB,no_hyp,no_hyp,no_hyp,ok,ok,
4662,福盈家园1号院,19521.6,33067.7,APB,no_hyp,no_hyp,no_hyp,ok,ok,
4663,定福景园,26910.6,45583.8,APB,no_hyp,no_hyp,no_hyp,ok,ok,
4664,天泰定福苑,20022.6,33914.8,APB,no_hyp,no_hyp,no_hyp,ok,ok,
4665,定福庄北里2号院,63851.5,108149.7,APB,no_hyp,no_hyp,no_hyp,ok,ok,
4666,定福庄北里1号院,97543.7,165213.1,APB,no_hyp,no_hyp,no_hyp,ok,ok,
4667,甘露家园,76942.8,130318.9,APB,no_hyp,no_hyp,no_hyp,ok,ok,
4668,甘露晴苑,20387.4,34528.7,APB,no_hyp,no_hyp,no_hyp,ok,ok,
4669,丽景馨居,19880.3,33669.2,APB,no_hyp,no_hyp,no_hyp,ok,ok,
4670,宝成雅园,27440.1,46475.9,APB,no_hyp,no_hyp,no_hyp,ok,ok,
4671,天鹅湾南区,62464.4,105802.6,APB,no_hyp,no_hyp,no_hyp,ok,ok,
4672,超级蜂巢,53339.7,90293.4,APB,no_hyp,no_hyp,no_hyp,ok,ok,
4673,官悦欣园A区,32510.9,55000.7,APB,no_hyp,no_hyp,no_hyp,ok,ok,
4674,双惠苑六号院,21093.8,35712.2,APB,no_hyp,no_hyp,no_hyp,ok,ok,
4675,双惠苑五号院,17534.3,29686.1,APB,no_hyp,no_hyp,no_hyp,ok,ok,
4676,双惠苑一号院,57654.2,97615.3,APB,no_hyp,no_hyp,no_hyp,ok,ok,
4677,双惠苑四号院,42125.8,71324.8,APB,no_hyp,no_hyp,no_hyp,ok,ok,
4678,双桥铁路小区南一区,28905.9,48934.6,APB,no_hyp,no_hyp,no_hyp,ok,ok,
4679,,97705.3,167613.7,APB,no_hyp,no_hyp,no_hyp,ok,ok,
4680,,170179.6,292148.7,APB,no_hyp,no_hyp,no_hyp,ok,ok,
4681,,104552.9,179482.4,APB,no_hyp,no_hyp,no_hyp,ok,ok,
4682,,45263.4,77697.2,APB,no_hyp,no_hyp,no_hyp,ok,ok,
4683,,20890.6,35319.4,APB,no_hyp,no_hyp,no_hyp,ok,ok,
4684,,154533.3,263979.8,APB,no_hyp,no_hyp,no_hyp,ok,ok,
4685,北京香颂二期,50585.0,85860.8,APB,no_hyp,no_hyp,no_hyp,ok,ok,
4686,中广·宜景湾,21767.6,36944.3,APB,no_hyp,no_hyp,no_hyp,ok,ok,
4687,安新路6号院,22071.7,37444.9,APB,no_hyp,no_hyp,no_hyp,ok,ok,
4688,金兴苑,12580.8,21276.7,APB,no_hyp,no_hyp,no_hyp,ok,ok,
4689,金泰城·Mini,3436.6,5812.1,APB,no_hyp,no_hyp,no_hyp,ok,ok,
4690,首开住总熙悦安郡,58747.9,99267.9,APB,no_hyp,no_hyp,no_hyp,ok,ok,
4691,宏大家园,10710.6,18099.6,APB,no_hyp,no_hyp,no_hyp,ok,ok,
4692,中海城香克林,62818.5,106153.4,APB,no_hyp,no_hyp,no_hyp,ok,ok,
4693,龙爪树南里甲4号院,39762.7,67197.5,APB,no_hyp,no_hyp,no_hyp,ok,ok,
4694,小红门路65号院,10453.1,17666.0,APB,no_hyp,no_hyp,no_hyp,ok,ok,
4695,钟富家园,135506.0,229057.6,APB,no_hyp,no_hyp,no_hyp,ok,ok,
4696,张仪村4号院,43120.1,72963.3,APB,no_hyp,no_hyp,no_hyp,ok,ok,
4697,丰台区小屯路15号院,36596.0,61928.3,APB,no_hyp,no_hyp,no_hyp,ok,ok,
4698,金通阳光苑,135107.2,228569.9,APB,no_hyp,no_hyp,no_hyp,ok,ok,
4699,青年楼社区,18977.1,32109.3,APB,no_hyp,no_hyp,no_hyp,ok,ok,
4700,万科紫苑D区,53638.2,90707.8,APB,no_hyp,no_hyp,no_hyp,ok,ok,
4701,万科假日风景B区,41702.0,70526.3,APB,no_hyp,no_hyp,no_hyp,ok,ok,
4702,万科中粮·假日风景,90382.1,152854.0,APB,no_hyp,no_hyp,no_hyp,ok,ok,
4703,万恒家园,75382.6,127480.7,APB,no_hyp,no_hyp,no_hyp,ok,ok,
4704,建邦枫景,89422.5,151235.5,APB,no_hyp,no_hyp,no_hyp,ok,ok,
4705,小屯路108号院,61131.9,103395.8,APB,no_hyp,no_hyp,no_hyp,ok,ok,
4706,万绿园,51580.2,87257.1,APB,no_hyp,no_hyp,no_hyp,ok,ok,
4707,珠江·峰景,156116.1,264118.4,APB,no_hyp,no_hyp,no_hyp,ok,ok,
4708,民岳家园,101162.5,171151.2,APB,no_hyp,no_hyp,no_hyp,ok,ok,
4709,梅市口路10号院,11301.0,19119.1,APB,no_hyp,no_hyp,no_hyp,ok,ok,
4710,梅市口路甲10号院,15146.1,25623.3,APB,no_hyp,no_hyp,no_hyp,ok,ok,
4711,梅市口路甲12号院,19296.8,32645.1,APB,no_hyp,no_hyp,no_hyp,ok,ok,
4712,彩虹嘉园北区,92801.8,156929.7,APB,no_hyp,no_hyp,no_hyp,ok,ok,
4713,新兴家园,27234.7,46050.8,APB,no_hyp,no_hyp,no_hyp,ok,ok,
4714,程庄北里,119375.6,201812.7,APB,no_hyp,no_hyp,no_hyp,ok,ok,
4715,程庄子68号院,10619.2,17952.6,APB,no_hyp,no_hyp,no_hyp,ok,ok,
4716,五里店南里,230567.1,389791.3,APB,no_hyp,no_hyp,no_hyp,ok,ok,
4717,三〇四颐园,60258.2,101865.3,APB,no_hyp,no_hyp,no_hyp,ok,ok,
4718,五里店小区,14602.7,24689.7,APB,no_hyp,no_hyp,no_hyp,ok,ok,
4719,丰泰家园,22402.4,37868.7,APB,no_hyp,no_hyp,no_hyp,ok,ok,
4720,丰西西区铁路小区西区,38390.0,64873.4,APB,no_hyp,no_hyp,no_hyp,ok,ok,
4721,丰西北里,35340.3,59717.2,APB,no_hyp,no_hyp,no_hyp,ok,ok,
4722,丰西北里新小区,13980.6,23624.6,APB,no_hyp,no_hyp,no_hyp,ok,ok,
4723,丰西北里甲7号院,4786.1,8087.4,APB,no_hyp,no_hyp,no_hyp,ok,ok,
4724,丰西北里新楼,14059.7,23757.1,APB,no_hyp,no_hyp,no_hyp,ok,ok,
4725,看丹路4号院,16693.9,28210.5,APB,no_hyp,no_hyp,no_hyp,ok,ok,
4726,富丰路8号院,12907.1,21808.4,APB,no_hyp,no_hyp,no_hyp,ok,ok,
4727,保温段住宅小区,28436.8,48046.1,APB,no_hyp,no_hyp,no_hyp,ok,ok,
4728,东海仪园,14246.1,24098.2,APB,no_hyp,no_hyp,no_hyp,ok,ok,
4729,丰仪家园,81794.6,138360.2,APB,no_hyp,no_hyp,no_hyp,ok,ok,
4730,丰仪雅园,32714.3,55344.2,APB,no_hyp,no_hyp,no_hyp,ok,ok,
4731,大牛坊社区1期,66306.4,112849.6,APB,no_hyp,no_hyp,no_hyp,ok,ok,
4732,,4346.0,7396.8,APB,no_hyp,no_hyp,no_hyp,ok,ok,
4733,山水蓝维,130792.4,222303.2,APB,no_hyp,no_hyp,no_hyp,ok,ok,
4734,朝来绿色家园来春园,75938.0,129061.2,APB,no_hyp,no_hyp,no_hyp,ok,ok,
4735,,25796.4,43733.4,APB,no_hyp,no_hyp,no_hyp,ok,ok,
4736,,23091.5,39147.8,APB,no_hyp,no_hyp,no_hyp,ok,ok,
4737,京铁家园,170252.2,288162.5,APB,no_hyp,no_hyp,no_hyp,ok,ok,
4738,,18331.4,31254.3,APB,no_hyp,no_hyp,no_hyp,ok,ok,
4739,金谷园,84597.0,144228.3,APB,no_hyp,no_hyp,no_hyp,ok,ok,
4740,和平家园,28135.6,47984.3,APB,no_hyp,no_hyp,no_hyp,ok,ok,
4741,兴谷园,112572.3,191994.0,APB,no_hyp,no_hyp,no_hyp,ok,ok,
4742,龙泉苑,178191.8,303634.6,APB,no_hyp,no_hyp,no_hyp,ok,ok,
4743,石景苑,225166.4,383708.1,APB,no_hyp,no_hyp,no_hyp,ok,ok,
4744,望泉家园银泉苑,13784.4,23487.0,APB,no_hyp,no_hyp,no_hyp,ok,ok,
4745,中冶蓝城,82254.8,138469.1,APB,no_hyp,no_hyp,no_hyp,ok,ok,
4746,马各庄新村,51200.5,86193.7,APB,no_hyp,no_hyp,no_hyp,ok,ok,
4747,朱各庄安置房,97156.4,163567.6,APB,no_hyp,no_hyp,no_hyp,ok,ok,
4748,府东里社区,17452.2,29378.3,APB,no_hyp,no_hyp,no_hyp,ok,ok,
4749,原香漫谷三区,33597.6,56568.5,APB,no_hyp,no_hyp,no_hyp,ok,ok,
4750,原香漫谷一区,28653.8,48244.8,APB,no_hyp,no_hyp,no_hyp,ok,ok,
4751,原香漫谷二区,43013.1,72425.3,APB,no_hyp,no_hyp,no_hyp,ok,ok,
4752,原香漫谷四区,47626.0,80192.6,APB,no_hyp,no_hyp,no_hyp,ok,ok,
4753,丁家洼村安置房,81630.5,137458.0,APB,no_hyp,no_hyp,no_hyp,ok,ok,
4754,,63324.1,107074.8,APB,no_hyp,no_hyp,no_hyp,ok,ok,
4755,,18434.0,31170.3,APB,no_hyp,no_hyp,no_hyp,ok,ok,
4756,,10841.9,18334.6,APB,no_hyp,no_hyp,no_hyp,ok,ok,
4757,,57881.1,99294.0,APB,no_hyp,no_hyp,no_hyp,ok,ok,
4758,南园小区,23363.2,40076.6,APB,no_hyp,no_hyp,no_hyp,ok,ok,
4759,北庄南里,67073.1,112934.8,APB,no_hyp,no_hyp,no_hyp,ok,ok,
4760,中国铁建原香嘉苑,100993.0,170052.3,APB,no_hyp,no_hyp,no_hyp,ok,ok,
4761,洪顺家园,39082.7,65787.1,APB,no_hyp,no_hyp,no_hyp,ok,ok,
4762,山水家园,30609.1,51519.9,APB,no_hyp,no_hyp,no_hyp,ok,ok,
4763,洪福家园,19106.4,32159.2,APB,no_hyp,no_hyp,no_hyp,ok,ok,
4764,龙门新区A4小区,33223.3,56313.3,APB,no_hyp,no_hyp,no_hyp,ok,ok,
4765,龙门西三区B9南区,41943.1,71093.1,APB,no_hyp,no_hyp,no_hyp,ok,ok,
4766,龙门新区A5小区,14443.3,24480.4,APB,no_hyp,no_hyp,no_hyp,ok,ok,
4767,龙门新区A6小区,34989.4,59303.1,APB,no_hyp,no_hyp,no_hyp,ok,ok,
4768,龙门新区A7小区,29265.5,49602.7,APB,no_hyp,no_hyp,no_hyp,ok,ok,
4769,龙门新区A3小区,14579.6,24712.4,APB,no_hyp,no_hyp,no_hyp,ok,ok,
4770,龙门新区A2小区,21376.2,36233.7,APB,no_hyp,no_hyp,no_hyp,ok,ok,
4771,龙门新区A1小区,10279.8,17424.9,APB,no_hyp,no_hyp,no_hyp,ok,ok,
4772,龙门新区A10小区,39810.8,67472.1,APB,no_hyp,no_hyp,no_hyp,ok,ok,
4773,新东山,5607.9,9504.3,APB,no_hyp,no_hyp,no_hyp,ok,ok,
4774,龙门新区A5小区,18288.4,30997.5,APB,no_hyp,no_hyp,no_hyp,ok,ok,
4775,龙门新区A8小区,7255.1,12296.0,APB,no_hyp,no_hyp,no_hyp,ok,ok,
4776,矿建街社区,12793.6,21682.1,APB,no_hyp,no_hyp,no_hyp,ok,ok,
4777,龙苑,21297.1,36092.9,APB,no_hyp,no_hyp,no_hyp,ok,ok,
4778,惠民家园3区,18166.1,30786.3,APB,no_hyp,no_hyp,no_hyp,ok,ok,
4779,金泰丽湾悦栖山,62228.8,105457.6,APB,no_hyp,no_hyp,no_hyp,ok,ok,
4780,惠民家园二区,60961.6,103314.1,APB,no_hyp,no_hyp,no_hyp,ok,ok,
4781,龙山家园二区,25637.8,43445.9,APB,no_hyp,no_hyp,no_hyp,ok,ok,
4782,龙山家园三区,17382.7,29456.8,APB,no_hyp,no_hyp,no_hyp,ok,ok,
4783,龙山家园一区,58362.5,98898.3,APB,no_hyp,no_hyp,no_hyp,ok,ok,
4784,龙山家园五区,28804.8,48811.3,APB,no_hyp,no_hyp,no_hyp,ok,ok,
4785,西山楼,36937.6,62599.0,APB,no_hyp,no_hyp,no_hyp,ok,ok,
4786,安康小区,23961.1,40597.6,APB,no_hyp,no_hyp,no_hyp,ok,ok,
4787,华怡家园,17075.6,28931.7,APB,no_hyp,no_hyp,no_hyp,ok,ok,
4788,龙门西三区B9北区,18957.6,32135.0,APB,no_hyp,no_hyp,no_hyp,ok,ok,
4789,龙门新区B1小区,27614.6,46810.8,APB,no_hyp,no_hyp,no_hyp,ok,ok,
4790,龙门新区B4小区,36289.6,61513.0,APB,no_hyp,no_hyp,no_hyp,ok,ok,
4791,龙门新区二区,48076.3,81494.2,APB,no_hyp,no_hyp,no_hyp,ok,ok,
4792,城子西七棵树90号院,11833.0,20058.4,APB,no_hyp,no_hyp,no_hyp,ok,ok,
4793,龙门新区B3小区,32709.9,55448.3,APB,no_hyp,no_hyp,no_hyp,ok,ok,
4794,龙门新区B2小区,28351.8,48061.4,APB,no_hyp,no_hyp,no_hyp,ok,ok,
4795,惠民家园,44247.2,74995.8,APB,no_hyp,no_hyp,no_hyp,ok,ok,
4796,龙山家园四区,50180.7,85037.5,APB,no_hyp,no_hyp,no_hyp,ok,ok,
4797,新桥花园6号院,29319.4,49684.0,APB,no_hyp,no_hyp,no_hyp,ok,ok,
4798,中门寺南坡小区,188860.8,319998.2,APB,no_hyp,no_hyp,no_hyp,ok,ok,
4799,中门花园社区,76519.0,129651.7,APB,no_hyp,no_hyp,no_hyp,ok,ok,
4800,中门家园社区,47218.4,80002.2,APB,no_hyp,no_hyp,no_hyp,ok,ok,
4801,西山艺境,357457.4,605622.0,APB,no_hyp,no_hyp,no_hyp,ok,ok,
4802,高家园东街1号院,52433.6,88836.3,APB,no_hyp,no_hyp,no_hyp,ok,ok,
4803,高家园新区,64035.2,108501.6,APB,no_hyp,no_hyp,no_hyp,ok,ok,
4804,大峪南路小区,43915.6,74414.9,APB,no_hyp,no_hyp,no_hyp,ok,ok,
4805,峪园小区,123820.2,209800.9,APB,no_hyp,no_hyp,no_hyp,ok,ok,
4806,永新小区,32904.4,55748.0,APB,no_hyp,no_hyp,no_hyp,ok,ok,
4807,月季园一区,107098.6,181449.6,APB,no_hyp,no_hyp,no_hyp,ok,ok,
4808,月季园东里,30468.4,51623.4,APB,no_hyp,no_hyp,no_hyp,ok,ok,
4809,倚山嘉园,50951.6,86324.3,APB,no_hyp,no_hyp,no_hyp,ok,ok,
4810,滨河居住区绮霞苑,47055.5,79734.5,APB,no_hyp,no_hyp,no_hyp,ok,ok,
4811,滨河居住区临镜苑,67621.4,114583.6,APB,no_hyp,no_hyp,no_hyp,ok,ok,
4812,大方家胡同,25407.7,43035.4,APB,no_hyp,no_hyp,no_hyp,ok,ok,
4813,芳嘉园胡同,43869.9,74308.2,APB,no_hyp,no_hyp,no_hyp,ok,ok,
4814,丰体南路8号院,37096.8,62733.6,APB,no_hyp,no_hyp,no_hyp,ok,ok,
4815,鸿业兴园二区,93267.2,157604.4,APB,no_hyp,no_hyp,no_hyp,ok,ok,
4816,林业局家属院,6834.7,11549.9,APB,no_hyp,no_hyp,no_hyp,ok,ok,
4817,鸿业兴园一区,83623.8,141299.1,APB,no_hyp,no_hyp,no_hyp,ok,ok,
4818,刘孟家园,46801.5,79084.8,APB,no_hyp,no_hyp,no_hyp,ok,ok,
4819,西洼地,92611.4,156350.6,APB,no_hyp,no_hyp,no_hyp,ok,ok,
4820,欢乐谷公寓一号院,13434.8,22718.9,APB,no_hyp,no_hyp,no_hyp,ok,ok,
4821,首开·熙悦尚郡,73847.8,125095.7,APB,no_hyp,no_hyp,no_hyp,ok,ok,
4822,金隅汇星苑,56026.6,94902.9,APB,no_hyp,no_hyp,no_hyp,ok,ok,
4823,金隅泰和园,88240.0,149464.5,APB,no_hyp,no_hyp,no_hyp,ok,ok,
4824,富华家园,42755.1,72424.5,APB,no_hyp,no_hyp,no_hyp,ok,ok,
4825,朝阳雅筑,33665.3,57028.2,APB,no_hyp,no_hyp,no_hyp,ok,ok,
4826,天鹅湾北区,63145.3,106962.4,APB,no_hyp,no_hyp,no_hyp,ok,ok,
4827,恋日绿岛,83549.5,141135.2,APB,no_hyp,no_hyp,no_hyp,ok,ok,
4828,鸿博家园六区,29872.8,50461.8,APB,no_hyp,no_hyp,no_hyp,ok,ok,
4829,燕归宁馨园,22971.1,38803.5,APB,no_hyp,no_hyp,no_hyp,ok,ok,
4830,江南山水,94321.7,159331.3,APB,no_hyp,no_hyp,no_hyp,ok,ok,
4831,鸿博家园二期B区,55498.1,93752.1,APB,no_hyp,no_hyp,no_hyp,ok,ok,
4832,鸿博家园二期C区,95977.1,162142.7,APB,no_hyp,no_hyp,no_hyp,ok,ok,
4833,鸿博家园一期A区,85810.6,144968.1,APB,no_hyp,no_hyp,no_hyp,ok,ok,
4834,鸿博家园一期A区,87644.8,148067.3,APB,no_hyp,no_hyp,no_hyp,ok,ok,
4835,鸿博家园1期C区,76867.4,129860.5,APB,no_hyp,no_hyp,no_hyp,ok,ok,
4836,鸿博家园二期A区,73305.5,123827.6,APB,no_hyp,no_hyp,no_hyp,ok,ok,
4837,中南湾,59522.0,100418.5,APB,no_hyp,no_hyp,no_hyp,ok,ok,
4838,明悦湾B区,26308.9,44386.8,APB,no_hyp,no_hyp,no_hyp,ok,ok,
4839,明悦湾,23516.3,39676.5,APB,no_hyp,no_hyp,no_hyp,ok,ok,
4840,燕保芳信园,58425.4,98998.6,APB,no_hyp,no_hyp,no_hyp,ok,ok,
4841,六合新村北区,57054.8,96689.5,APB,no_hyp,no_hyp,no_hyp,ok,ok,
4842,六合新村南区,38588.7,65390.0,APB,no_hyp,no_hyp,no_hyp,ok,ok,
4843,展思门7号院,16869.1,28752.5,APB,no_hyp,no_hyp,no_hyp,ok,ok,
4844,工体西里小区,7269.1,12315.1,APB,no_hyp,no_hyp,no_hyp,ok,ok,
4845,春雪四季公寓,28640.8,48253.7,APB,no_hyp,no_hyp,no_hyp,ok,ok,
4846,金业大街46号院,25045.8,42185.1,APB,no_hyp,no_hyp,no_hyp,ok,ok,
4847,亦嘉·麒麟赋,38528.2,64935.8,APB,no_hyp,no_hyp,no_hyp,ok,ok,
4848,,291243.5,489220.0,APB,no_hyp,no_hyp,no_hyp,ok,ok,
4849,,573891.9,963571.6,APB,no_hyp,no_hyp,no_hyp,ok,ok,
4850,,165003.7,276956.6,APB,no_hyp,no_hyp,no_hyp,ok,ok,
4851,,319346.9,535940.3,APB,no_hyp,no_hyp,no_hyp,ok,ok,
4852,,227385.5,381901.0,APB,no_hyp,no_hyp,no_hyp,ok,ok,
4853,,128713.8,216191.7,APB,no_hyp,no_hyp,no_hyp,ok,ok,
4854,,706945.9,1186435.2,APB,no_hyp,no_hyp,no_hyp,ok,ok,
4855,,55576.1,93266.4,APB,no_hyp,no_hyp,no_hyp,ok,ok,
4856,,361234.5,605962.5,APB,no_hyp,no_hyp,no_hyp,ok,ok,
4857,,249126.7,417833.7,APB,no_hyp,no_hyp,no_hyp,ok,ok,
4858,朱家垡村,137996.8,233257.6,APB,no_hyp,no_hyp,no_hyp,ok,ok,
4859,,37054.1,62694.8,APB,no_hyp,no_hyp,no_hyp,ok,ok,
4860,双树村,201994.8,341754.2,APB,no_hyp,no_hyp,no_hyp,ok,ok,
4861,博裕雅苑,172458.4,293738.3,APB,no_hyp,no_hyp,no_hyp,ok,ok,
4862,马头庄新苑,88793.6,151236.2,APB,no_hyp,no_hyp,no_hyp,ok,ok,
4863,公园十七区,89799.0,152935.1,APB,no_hyp,no_hyp,no_hyp,ok,ok,
4864,建邦·顺颐府,58326.4,99333.2,APB,no_hyp,no_hyp,no_hyp,ok,ok,
4865,中建十里湖光,116385.8,198214.5,APB,no_hyp,no_hyp,no_hyp,ok,ok,
4866,祥云赋,36900.1,62844.8,APB,no_hyp,no_hyp,no_hyp,ok,ok,
4867,祥云赋,47964.5,81686.6,APB,no_hyp,no_hyp,no_hyp,ok,ok,
4868,永利家园,76980.1,131475.7,APB,no_hyp,no_hyp,no_hyp,ok,ok,
4869,,398902.2,683030.9,APB,no_hyp,no_hyp,no_hyp,ok,ok,
4870,,92862.5,158960.4,APB,no_hyp,no_hyp,no_hyp,ok,ok,
4871,,90099.4,152574.9,APB,no_hyp,no_hyp,no_hyp,ok,ok,
4872,永善里小区,31180.1,52704.1,APB,no_hyp,no_hyp,no_hyp,ok,ok,
4873,新华街八里小区,17283.6,29208.6,APB,no_hyp,no_hyp,no_hyp,ok,ok,
4874,新华街二里,16315.8,27574.7,APB,no_hyp,no_hyp,no_hyp,ok,ok,
4875,新华街一里小区,31414.7,53095.4,APB,no_hyp,no_hyp,no_hyp,ok,ok,
4876,西幸福街小区,11990.2,20268.8,APB,no_hyp,no_hyp,no_hyp,ok,ok,
4877,东安街头条1号院,28899.7,48851.5,APB,no_hyp,no_hyp,no_hyp,ok,ok,
4878,西安街甲-2号院,8178.6,13824.6,APB,no_hyp,no_hyp,no_hyp,ok,ok,
4879,福顺里小区,32435.7,54823.6,APB,no_hyp,no_hyp,no_hyp,ok,ok,
4880,彩虹家园-南区,60561.3,102374.8,APB,no_hyp,no_hyp,no_hyp,ok,ok,
4881,永善社区,14621.1,24715.3,APB,no_hyp,no_hyp,no_hyp,ok,ok,
4882,南开地住宅小区,10990.8,18573.6,APB,no_hyp,no_hyp,no_hyp,ok,ok,
4883,看丹路10号院,6187.0,10455.1,APB,no_hyp,no_hyp,no_hyp,ok,ok,
4884,看丹路8号院,10077.5,17029.6,APB,no_hyp,no_hyp,no_hyp,ok,ok,
4885,玉带河西街1号,982.3,1662.9,APB,no_hyp,no_hyp,no_hyp,ok,ok,
4886,花园北路35号院,42065.6,71381.6,APB,no_hyp,no_hyp,no_hyp,ok,ok,
4887,花园东路3号院,5646.8,9582.8,APB,no_hyp,no_hyp,no_hyp,ok,ok,
4888,,33238.9,56028.3,APB,no_hyp,no_hyp,no_hyp,ok,ok,
4889,华英园,21534.4,36364.6,APB,no_hyp,no_hyp,no_hyp,ok,ok,
4890,中海·御景春天,9534.7,16101.4,APB,no_hyp,no_hyp,no_hyp,ok,ok,
4891,东四块玉南街4号院,39141.7,66221.5,APB,no_hyp,no_hyp,no_hyp,ok,ok,
4892,顶秀金瑞家园,32692.7,55246.8,APB,no_hyp,no_hyp,no_hyp,ok,ok,
4893,顶秀金颐家园,35395.5,59816.8,APB,no_hyp,no_hyp,no_hyp,ok,ok,
4894,金港·国际,97816.3,165577.6,APB,no_hyp,no_hyp,no_hyp,ok,ok,
4895,京旺家园九区,52878.1,89800.7,APB,no_hyp,no_hyp,no_hyp,ok,ok,
4896,龙樾合玺,44938.0,76301.0,APB,no_hyp,no_hyp,no_hyp,ok,ok,
4897,和光悦府,52623.1,89353.8,APB,no_hyp,no_hyp,no_hyp,ok,ok,
4898,红廷别墅,144060.7,244586.6,APB,no_hyp,no_hyp,no_hyp,ok,ok,
4899,绿洲家园,137416.3,232255.7,APB,no_hyp,no_hyp,no_hyp,ok,ok,
4900,老君堂北内宿舍,58649.0,99128.9,APB,no_hyp,no_hyp,no_hyp,ok,ok,
4901,世豪花园,37795.2,63876.3,APB,no_hyp,no_hyp,no_hyp,ok,ok,
4902,君堂好园,15799.3,26702.0,APB,no_hyp,no_hyp,no_hyp,ok,ok,
4903,世豪花园别墅,7515.7,12702.0,APB,no_hyp,no_hyp,no_hyp,ok,ok,
4904,华海苑,14372.7,24290.7,APB,no_hyp,no_hyp,no_hyp,ok,ok,
4905,捷强花园,9499.1,16053.5,APB,no_hyp,no_hyp,no_hyp,ok,ok,
4906,,46628.3,78802.5,APB,no_hyp,no_hyp,no_hyp,ok,ok,
4907,保利·罗兰香谷,74305.2,126586.3,APB,no_hyp,no_hyp,no_hyp,ok,ok,
4908,保利·芳园,46571.6,79344.7,APB,no_hyp,no_hyp,no_hyp,ok,ok,
4909,保利紫荆香谷北区,28294.1,48204.1,APB,no_hyp,no_hyp,no_hyp,ok,ok,
4910,保利罗兰香谷二期,27836.7,47425.8,APB,no_hyp,no_hyp,no_hyp,ok,ok,
4911,保利紫荆香谷南区,28768.1,49008.7,APB,no_hyp,no_hyp,no_hyp,ok,ok,
4912,彩虹城五区,10218.5,17267.0,APB,no_hyp,no_hyp,no_hyp,ok,ok,
4913,彩虹城四区,56978.5,96284.0,APB,no_hyp,no_hyp,no_hyp,ok,ok,
4914,彩虹城三区,39761.2,67188.4,APB,no_hyp,no_hyp,no_hyp,ok,ok,
4915,彩虹城二区,38688.1,65374.6,APB,no_hyp,no_hyp,no_hyp,ok,ok,
4916,彩虹城一区,41505.0,70137.5,APB,no_hyp,no_hyp,no_hyp,ok,ok,
4917,世华水岸西区,23973.5,40509.0,APB,no_hyp,no_hyp,no_hyp,ok,ok,
4918,世华水岸东区,12863.5,21735.9,APB,no_hyp,no_hyp,no_hyp,ok,ok,
4919,定福家园北里,44649.2,75642.7,APB,no_hyp,no_hyp,no_hyp,ok,ok,
4920,保利首开和锦薇棠,19424.3,32907.8,APB,no_hyp,no_hyp,no_hyp,ok,ok,
4921,三元嘉业玺悦朝阳（在建）,21136.8,35807.4,APB,no_hyp,no_hyp,no_hyp,ok,ok,
4922,保利建工和光煦境（在建）,23575.7,39939.2,APB,no_hyp,no_hyp,no_hyp,ok,ok,
4923,首开龙湖熙悦宸著,58628.6,98945.9,APB,no_hyp,no_hyp,no_hyp,ok,ok,
4924,新城熙红印,50059.2,84483.8,APB,no_hyp,no_hyp,no_hyp,ok,ok,
4925,鑫湖家园A区,68679.9,115926.8,APB,no_hyp,no_hyp,no_hyp,ok,ok,
4926,鑫湖家园B区,114058.1,192508.7,APB,no_hyp,no_hyp,no_hyp,ok,ok,
4927,鑫湖家园C区,57135.4,96428.9,APB,no_hyp,no_hyp,no_hyp,ok,ok,
4928,亿城燕西华府,621819.3,1049506.5,APB,no_hyp,no_hyp,no_hyp,ok,ok,
4929,万科翡翠西湖云庐一期,78569.6,132628.5,APB,no_hyp,no_hyp,no_hyp,ok,ok,
4930,万科翡翠西湖云庐二期,133676.5,225653.9,APB,no_hyp,no_hyp,no_hyp,ok,ok,
4931,劲松七区,87824.8,148588.7,APB,no_hyp,no_hyp,no_hyp,ok,ok,
4932,劲松四区,39636.8,67066.7,APB,no_hyp,no_hyp,no_hyp,ok,ok,
4933,观音景园西区,65853.7,111438.3,APB,no_hyp,no_hyp,no_hyp,ok,ok,
4934,观音景园,117623.1,199042.5,APB,no_hyp,no_hyp,no_hyp,ok,ok,
4935,观音景园东区,51769.3,87604.1,APB,no_hyp,no_hyp,no_hyp,ok,ok,
4936,镇岗南里,126622.1,213796.4,APB,no_hyp,no_hyp,no_hyp,ok,ok,
4937,农光里一区,67190.1,113679.0,APB,no_hyp,no_hyp,no_hyp,ok,ok,
4938,劲松一区,62661.9,106030.5,APB,no_hyp,no_hyp,no_hyp,ok,ok,
4939,北大街社区,45773.6,77393.7,APB,no_hyp,no_hyp,no_hyp,ok,ok,
4940,北大地二里,33488.4,56617.0,APB,no_hyp,no_hyp,no_hyp,ok,ok,
4941,东幸福街社区,9821.2,16602.5,APB,no_hyp,no_hyp,no_hyp,ok,ok,
4942,,8922.4,15081.0,APB,no_hyp,no_hyp,no_hyp,ok,ok,
4943,华萃西山二期,64836.9,109703.8,APB,no_hyp,no_hyp,no_hyp,ok,ok,
4944,华萃西山三期,44815.1,75824.2,APB,no_hyp,no_hyp,no_hyp,ok,ok,
4945,华萃西山一期,35982.1,60883.1,APB,no_hyp,no_hyp,no_hyp,ok,ok,
4946,中海海棠苑,52337.0,88641.3,APB,no_hyp,no_hyp,no_hyp,ok,ok,
4947,中海槿花苑,48732.5,82532.6,APB,no_hyp,no_hyp,no_hyp,ok,ok,
4948,中海丁香苑,33612.1,56925.4,APB,no_hyp,no_hyp,no_hyp,ok,ok,
4949,中海樱花苑,31449.2,53265.2,APB,no_hyp,no_hyp,no_hyp,ok,ok,
4950,中海栌韵苑,34648.7,58684.1,APB,no_hyp,no_hyp,no_hyp,ok,ok,
4951,中海枫香苑,35629.3,60345.0,APB,no_hyp,no_hyp,no_hyp,ok,ok,
4952,中海寰宇天下景山府,51585.1,87372.6,APB,no_hyp,no_hyp,no_hyp,ok,ok,
4953,中海桃李苑,28850.1,48861.4,APB,no_hyp,no_hyp,no_hyp,ok,ok,
4954,中海梅花苑,24099.6,40814.2,APB,no_hyp,no_hyp,no_hyp,ok,ok,
4955,中海寰宇天下景山府,58492.4,99079.1,APB,no_hyp,no_hyp,no_hyp,ok,ok,
4956,中海寰宇天下御山府,73801.1,125010.7,APB,no_hyp,no_hyp,no_hyp,ok,ok,
4957,中海金鑫阁,27945.9,47321.6,APB,no_hyp,no_hyp,no_hyp,ok,ok,
4958,地铁古城家园,15279.8,25879.9,APB,no_hyp,no_hyp,no_hyp,ok,ok,
4959,璟公院,39503.2,66910.3,APB,no_hyp,no_hyp,no_hyp,ok,ok,
4960,璟公阁,43203.6,73174.8,APB,no_hyp,no_hyp,no_hyp,ok,ok,
4961,阜石路93号院,69477.1,117717.2,APB,no_hyp,no_hyp,no_hyp,ok,ok,
4962,绿谷雅园,99618.1,168773.6,APB,no_hyp,no_hyp,no_hyp,ok,ok,
4963,宝山馨苑,127740.3,216415.4,APB,no_hyp,no_hyp,no_hyp,ok,ok,
4964,宝山馨苑北区,114699.7,194339.3,APB,no_hyp,no_hyp,no_hyp,ok,ok,
4965,昆仑域,84706.5,143223.0,APB,no_hyp,no_hyp,no_hyp,ok,ok,
4966,中交卓越·北清云际-南区,40806.4,69442.3,APB,no_hyp,no_hyp,no_hyp,ok,ok,
4967,中交卓越·北清云际-北区,39474.3,67185.7,APB,no_hyp,no_hyp,no_hyp,ok,ok,
4968,东大街西里,29304.0,49551.6,APB,no_hyp,no_hyp,no_hyp,ok,ok,
4969,西山湖,28859.6,48726.3,APB,no_hyp,no_hyp,no_hyp,ok,ok,
4970,京能龙湖熙上,27661.8,46816.4,APB,no_hyp,no_hyp,no_hyp,ok,ok,
4971,金隅·昆泰云筑三期,31429.9,53119.0,APB,no_hyp,no_hyp,no_hyp,ok,ok,
4972,西小马庄园,45206.7,76487.0,APB,no_hyp,no_hyp,no_hyp,ok,ok,
4973,龙湖·蔚澜香醍,68664.5,116185.9,APB,no_hyp,no_hyp,no_hyp,ok,ok,
4974,翠屏南里,49498.0,83750.9,APB,no_hyp,no_hyp,no_hyp,ok,ok,
4975,禧瑞学府一期,65181.8,110465.2,APB,no_hyp,no_hyp,no_hyp,ok,ok,
4976,梧桐湾,53170.7,89865.5,APB,no_hyp,no_hyp,no_hyp,ok,ok,
4977,首开·璞瑅墅,193355.8,323672.8,APB,no_hyp,no_hyp,no_hyp,ok,ok,
4978,山水名院,28171.3,48460.4,APB,no_hyp,no_hyp,no_hyp,ok,ok,
4979,熙悦云上,37612.9,63459.4,APB,no_hyp,no_hyp,no_hyp,ok,ok,
4980,,543344.9,914540.4,APB,no_hyp,no_hyp,no_hyp,ok,ok,
4981,,365646.6,615418.7,APB,no_hyp,no_hyp,no_hyp,ok,ok,
4982,,473724.5,797733.9,APB,no_hyp,no_hyp,no_hyp,ok,ok,
4983,,295728.7,498405.0,APB,no_hyp,no_hyp,no_hyp,ok,ok,
4984,,248476.1,419133.3,APB,no_hyp,no_hyp,no_hyp,ok,ok,
4985,,287205.0,480305.6,APB,no_hyp,no_hyp,no_hyp,ok,ok,
4986,,868019.9,1452392.6,APB,no_hyp,no_hyp,no_hyp,ok,ok,
4987,,625182.9,1046435.1,APB,no_hyp,no_hyp,no_hyp,ok,ok,
4988,,595870.7,997633.8,APB,no_hyp,no_hyp,no_hyp,ok,ok,
4989,,253966.9,425491.5,APB,no_hyp,no_hyp,no_hyp,ok,ok,
4990,,217290.0,364071.9,APB,no_hyp,no_hyp,no_hyp,ok,ok,
4991,,94910.9,159037.6,APB,no_hyp,no_hyp,no_hyp,ok,ok,
4992,,184107.7,308508.0,APB,no_hyp,no_hyp,no_hyp,ok,ok,
4993,,427573.0,716610.4,APB,no_hyp,no_hyp,no_hyp,ok,ok,
4994,,308313.3,516479.2,APB,no_hyp,no_hyp,no_hyp,ok,ok,
4995,,66931.9,112219.2,APB,no_hyp,no_hyp,no_hyp,ok,ok,
4996,,486558.7,816093.9,APB,no_hyp,no_hyp,no_hyp,ok,ok,
4997,,111167.7,186237.3,APB,no_hyp,no_hyp,no_hyp,ok,ok,
4998,,128644.5,215467.0,APB,no_hyp,no_hyp,no_hyp,ok,ok,
4999,,177348.5,297432.9,APB,no_hyp,no_hyp,no_hyp,ok,ok,
5000,,443821.7,744550.3,APB,no_hyp,no_hyp,no_hyp,ok,ok,
5001,,895972.9,1503359.3,APB,no_hyp,no_hyp,no_hyp,ok,ok,
5002,,123952.9,208104.6,APB,no_hyp,no_hyp,no_hyp,ok,ok,
5003,,143465.1,240921.3,APB,no_hyp,no_hyp,no_hyp,ok,ok,
5004,,392058.5,658311.6,APB,no_hyp,no_hyp,no_hyp,ok,ok,
5005,,128551.0,215785.1,APB,no_hyp,no_hyp,no_hyp,ok,ok,
5006,,408481.9,686116.5,APB,no_hyp,no_hyp,no_hyp,ok,ok,
5007,,371424.3,623902.9,APB,no_hyp,no_hyp,no_hyp,ok,ok,
5008,,392490.3,659301.8,APB,no_hyp,no_hyp,no_hyp,ok,ok,
5009,,433728.1,728740.2,APB,no_hyp,no_hyp,no_hyp,ok,ok,
5010,航天星汉小区,209848.4,352628.9,APB,no_hyp,no_hyp,no_hyp,ok,ok,
5011,,693216.3,1165201.5,APB,no_hyp,no_hyp,no_hyp,ok,ok,
5012,,137096.6,230478.2,APB,no_hyp,no_hyp,no_hyp,ok,ok,
5013,,247877.4,415850.3,APB,no_hyp,no_hyp,no_hyp,ok,ok,
5014,,321073.9,538659.2,APB,no_hyp,no_hyp,no_hyp,ok,ok,
5015,,320320.5,538225.2,APB,no_hyp,no_hyp,no_hyp,ok,ok,
5016,,841817.5,1414902.5,APB,no_hyp,no_hyp,no_hyp,ok,ok,
5017,,46951.1,78922.1,APB,no_hyp,no_hyp,no_hyp,ok,ok,
5018,,97837.9,164389.3,APB,no_hyp,no_hyp,no_hyp,ok,ok,
5019,,389099.6,654425.6,APB,no_hyp,no_hyp,no_hyp,ok,ok,
5020,,606862.3,1020548.1,APB,no_hyp,no_hyp,no_hyp,ok,ok,
5021,,440246.0,738803.3,APB,no_hyp,no_hyp,no_hyp,ok,ok,
5022,,343465.8,576578.6,APB,no_hyp,no_hyp,no_hyp,ok,ok,
5023,,426305.0,717576.6,APB,no_hyp,no_hyp,no_hyp,ok,ok,
5024,,1257356.5,2117388.4,APB,no_hyp,no_hyp,no_hyp,ok,ok,
5025,,516432.7,870035.9,APB,no_hyp,no_hyp,no_hyp,ok,ok,
5026,,253801.0,427607.0,APB,no_hyp,no_hyp,no_hyp,ok,ok,
5027,,92501.9,155581.4,APB,no_hyp,no_hyp,no_hyp,ok,ok,
5028,,19093.3,32118.1,APB,no_hyp,no_hyp,no_hyp,ok,ok,
5029,,120346.2,202313.7,APB,no_hyp,no_hyp,no_hyp,ok,ok,
5030,,483834.5,812166.0,APB,no_hyp,no_hyp,no_hyp,ok,ok,
5031,,398197.5,669263.5,APB,no_hyp,no_hyp,no_hyp,ok,ok,
5032,,73383.4,123334.8,APB,no_hyp,no_hyp,no_hyp,ok,ok,
5033,,529059.2,889485.1,APB,no_hyp,no_hyp,no_hyp,ok,ok,
5034,,366155.6,615292.7,APB,no_hyp,no_hyp,no_hyp,ok,ok,
5035,,246994.9,413745.7,APB,no_hyp,no_hyp,no_hyp,ok,ok,
5036,,134652.0,225550.6,APB,no_hyp,no_hyp,no_hyp,ok,ok,
5037,,151191.1,253297.9,APB,no_hyp,no_hyp,no_hyp,ok,ok,
5038,慧谷金色家园1期,37647.7,63920.5,APB,no_hyp,no_hyp,no_hyp,ok,ok,
5039,慧谷金色家园2期,31506.3,53495.2,APB,no_hyp,no_hyp,no_hyp,ok,ok,
5040,南湖佳苑,19409.4,32956.7,APB,no_hyp,no_hyp,no_hyp,ok,ok,
5041,南湖中园一区,32794.3,55682.5,APB,no_hyp,no_hyp,no_hyp,ok,ok,
5042,望兴居,31894.1,54151.4,APB,no_hyp,no_hyp,no_hyp,ok,ok,
5043,慧谷阳光,85335.2,144893.8,APB,no_hyp,no_hyp,no_hyp,ok,ok,
5044,融科·橄榄城1期,49033.8,83245.1,APB,no_hyp,no_hyp,no_hyp,ok,ok,
5045,,48763.5,81748.7,APB,no_hyp,no_hyp,no_hyp,ok,ok,
5046,,416472.5,700871.5,APB,no_hyp,no_hyp,no_hyp,ok,ok,
5047,,461667.3,776878.6,APB,no_hyp,no_hyp,no_hyp,ok,ok,
5048,,303786.6,510462.6,APB,no_hyp,no_hyp,no_hyp,ok,ok,
5049,,497970.2,837136.5,APB,no_hyp,no_hyp,no_hyp,ok,ok,
5050,,250837.7,421697.5,APB,no_hyp,no_hyp,no_hyp,ok,ok,
5051,,271709.0,456320.3,APB,no_hyp,no_hyp,no_hyp,ok,ok,
5052,,223103.3,374602.0,APB,no_hyp,no_hyp,no_hyp,ok,ok,
5053,,146385.6,245792.1,APB,no_hyp,no_hyp,no_hyp,ok,ok,
5054,,353092.1,592378.0,APB,no_hyp,no_hyp,no_hyp,ok,ok,
5055,,220590.7,370084.9,APB,no_hyp,no_hyp,no_hyp,ok,ok,
5056,,171259.4,287129.2,APB,no_hyp,no_hyp,no_hyp,ok,ok,
5057,,143109.9,240133.4,APB,no_hyp,no_hyp,no_hyp,ok,ok,
5058,,83376.6,139921.8,APB,no_hyp,no_hyp,no_hyp,ok,ok,
5059,,162082.0,272046.9,APB,no_hyp,no_hyp,no_hyp,ok,ok,
5060,,381127.6,639791.1,APB,no_hyp,no_hyp,no_hyp,ok,ok,
5061,,545247.1,915052.2,APB,no_hyp,no_hyp,no_hyp,ok,ok,
5062,,281922.9,473038.2,APB,no_hyp,no_hyp,no_hyp,ok,ok,
5063,,205377.2,344513.2,APB,no_hyp,no_hyp,no_hyp,ok,ok,
5064,,224337.7,376358.1,APB,no_hyp,no_hyp,no_hyp,ok,ok,
5065,,84034.8,140996.2,APB,no_hyp,no_hyp,no_hyp,ok,ok,
5066,,301264.6,505437.4,APB,no_hyp,no_hyp,no_hyp,ok,ok,
5067,,460077.1,771577.5,APB,no_hyp,no_hyp,no_hyp,ok,ok,
5068,,335172.4,562130.9,APB,no_hyp,no_hyp,no_hyp,ok,ok,
5069,,640514.9,1074739.3,APB,no_hyp,no_hyp,no_hyp,ok,ok,
5070,,166270.9,279142.4,APB,no_hyp,no_hyp,no_hyp,ok,ok,
5071,,185139.3,310869.7,APB,no_hyp,no_hyp,no_hyp,ok,ok,
5072,,575175.4,965611.4,APB,no_hyp,no_hyp,no_hyp,ok,ok,
5073,,536734.9,901097.7,APB,no_hyp,no_hyp,no_hyp,ok,ok,
5074,,122821.2,206220.4,APB,no_hyp,no_hyp,no_hyp,ok,ok,
5075,兴华东里,108338.2,182529.4,APB,no_hyp,no_hyp,no_hyp,ok,ok,
5076,黄村西里,10444.7,17596.9,APB,no_hyp,no_hyp,no_hyp,ok,ok,
5077,黄村西里北区,39491.9,66532.3,APB,no_hyp,no_hyp,no_hyp,ok,ok,
5078,中国铁建山语澜廷,78811.0,132933.2,APB,no_hyp,no_hyp,no_hyp,ok,ok,
5079,青秀街6号院,68042.1,114757.8,APB,no_hyp,no_hyp,no_hyp,ok,ok,
5080,豆各庄小区,38170.0,64370.9,APB,no_hyp,no_hyp,no_hyp,ok,ok,
5081,,103454.6,174461.8,APB,no_hyp,no_hyp,no_hyp,ok,ok,
5082,宜青街2号院,146362.6,246866.0,APB,no_hyp,no_hyp,no_hyp,ok,ok,
5083,,83770.6,141289.6,APB,no_hyp,no_hyp,no_hyp,ok,ok,
5084,清水绿洲嘉园,105554.2,178183.1,APB,no_hyp,no_hyp,no_hyp,ok,ok,
5085,,297098.1,499118.0,APB,no_hyp,no_hyp,no_hyp,ok,ok,
5086,,159232.5,267463.5,APB,no_hyp,no_hyp,no_hyp,ok,ok,
5087,,217466.3,364633.2,APB,no_hyp,no_hyp,no_hyp,ok,ok,
5088,丽新嘉园西区,34188.8,57832.1,APB,no_hyp,no_hyp,no_hyp,ok,ok,
5089,丽新嘉园东区,26927.1,45548.7,APB,no_hyp,no_hyp,no_hyp,ok,ok,
5090,丽新嘉园北区,15913.8,26919.9,APB,no_hyp,no_hyp,no_hyp,ok,ok,
5091,丽新嘉园南区,36869.2,62363.5,APB,no_hyp,no_hyp,no_hyp,ok,ok,
5092,,25286.4,42803.3,APB,no_hyp,no_hyp,no_hyp,ok,ok,
5093,,283080.0,475629.8,APB,no_hyp,no_hyp,no_hyp,ok,ok,
5094,,510019.4,857096.4,APB,no_hyp,no_hyp,no_hyp,ok,ok,
5095,,235311.6,394629.7,APB,no_hyp,no_hyp,no_hyp,ok,ok,
5096,,336936.5,564965.5,APB,no_hyp,no_hyp,no_hyp,ok,ok,
5097,,49609.1,83180.3,APB,no_hyp,no_hyp,no_hyp,ok,ok,
5098,,311660.1,522558.1,APB,no_hyp,no_hyp,no_hyp,ok,ok,
5099,,1339703.0,2245035.8,APB,no_hyp,no_hyp,no_hyp,ok,ok,
5100,,158038.5,264762.3,APB,no_hyp,no_hyp,no_hyp,ok,ok,
5101,,106631.0,178459.6,APB,no_hyp,no_hyp,no_hyp,ok,ok,
5102,,1501800.3,2528126.6,APB,no_hyp,no_hyp,no_hyp,ok,ok,
5103,,704319.3,1187159.9,APB,no_hyp,no_hyp,no_hyp,ok,ok,
5104,,360107.0,607405.2,APB,no_hyp,no_hyp,no_hyp,ok,ok,
5105,,146073.7,246488.0,APB,no_hyp,no_hyp,no_hyp,ok,ok,
5106,,81036.2,136780.4,APB,no_hyp,no_hyp,no_hyp,ok,ok,
5107,迈豪时代,8291.4,14055.5,APB,no_hyp,no_hyp,no_hyp,ok,ok,
5108,西直门北大街43号院,31543.3,53471.3,APB,no_hyp,no_hyp,no_hyp,ok,ok,
5109,铁路小区,33217.7,56309.7,APB,no_hyp,no_hyp,no_hyp,ok,ok,
5110,长河湾,112426.4,190565.8,APB,no_hyp,no_hyp,no_hyp,ok,ok,
5111,人济山庄,36915.0,62568.2,APB,no_hyp,no_hyp,no_hyp,ok,ok,
5112,,21764.7,36892.8,APB,no_hyp,no_hyp,no_hyp,ok,ok,
5113,绿洲家园,104719.3,177088.0,APB,no_hyp,no_hyp,no_hyp,ok,ok,
5114,丰泽家园,63743.8,107790.9,APB,no_hyp,no_hyp,no_hyp,ok,ok,
5115,造甲街南里,28087.0,47465.9,APB,no_hyp,no_hyp,no_hyp,ok,ok,
5116,西山荟景嘉园,38737.6,65666.5,APB,no_hyp,no_hyp,no_hyp,ok,ok,
5117,西山芳苑,29847.7,50596.6,APB,no_hyp,no_hyp,no_hyp,ok,ok,
5118,海特花园-东区,43913.9,74411.4,APB,no_hyp,no_hyp,no_hyp,ok,ok,
5119,金铸阳光苑,83259.6,141056.6,APB,no_hyp,no_hyp,no_hyp,ok,ok,
5120,,615697.8,1032085.2,APB,no_hyp,no_hyp,no_hyp,ok,ok,
5121,,242909.4,407277.4,APB,no_hyp,no_hyp,no_hyp,ok,ok,
5122,,97780.8,163909.1,APB,no_hyp,no_hyp,no_hyp,ok,ok,
5123,,398053.1,665556.5,APB,no_hyp,no_hyp,no_hyp,ok,ok,
5124,,136299.3,227860.0,APB,no_hyp,no_hyp,no_hyp,ok,ok,
5125,,98181.9,164119.9,APB,no_hyp,no_hyp,no_hyp,ok,ok,
5126,,379751.7,634887.2,APB,no_hyp,no_hyp,no_hyp,ok,ok,
5127,,291917.2,487992.1,APB,no_hyp,no_hyp,no_hyp,ok,ok,
5128,,243536.4,407322.1,APB,no_hyp,no_hyp,no_hyp,ok,ok,
5129,,233555.9,391417.0,APB,no_hyp,no_hyp,no_hyp,ok,ok,
5130,,153858.7,257904.8,APB,no_hyp,no_hyp,no_hyp,ok,ok,
5131,,105908.5,177096.3,APB,no_hyp,no_hyp,no_hyp,ok,ok,
5132,,288765.4,482938.4,APB,no_hyp,no_hyp,no_hyp,ok,ok,
5133,,281353.1,470794.1,APB,no_hyp,no_hyp,no_hyp,ok,ok,
5134,,524275.0,881091.9,APB,no_hyp,no_hyp,no_hyp,ok,ok,
5135,,131225.6,220528.2,APB,no_hyp,no_hyp,no_hyp,ok,ok,
5136,,274577.2,461410.0,APB,no_hyp,no_hyp,no_hyp,ok,ok,
5137,,771991.1,1296723.4,APB,no_hyp,no_hyp,no_hyp,ok,ok,
5138,,225105.2,377991.1,APB,no_hyp,no_hyp,no_hyp,ok,ok,
5139,,207183.7,347954.3,APB,no_hyp,no_hyp,no_hyp,ok,ok,
5140,,439098.9,737418.5,APB,no_hyp,no_hyp,no_hyp,ok,ok,
5141,,287020.2,482248.6,APB,no_hyp,no_hyp,no_hyp,ok,ok,
5142,,162801.0,273714.2,APB,no_hyp,no_hyp,no_hyp,ok,ok,
5143,,283570.4,476791.2,APB,no_hyp,no_hyp,no_hyp,ok,ok,
5144,,232774.9,391394.8,APB,no_hyp,no_hyp,no_hyp,ok,ok,
5145,,477484.9,802792.7,APB,no_hyp,no_hyp,no_hyp,ok,ok,
5146,,490159.6,824317.9,APB,no_hyp,no_hyp,no_hyp,ok,ok,
5147,,73727.4,125129.8,APB,no_hyp,no_hyp,no_hyp,ok,ok,
5148,,141516.6,240139.6,APB,no_hyp,no_hyp,no_hyp,ok,ok,
5149,,237808.9,402570.0,APB,no_hyp,no_hyp,no_hyp,ok,ok,
5150,,138925.4,235164.6,APB,no_hyp,no_hyp,no_hyp,ok,ok,
5151,,53563.2,90695.7,APB,no_hyp,no_hyp,no_hyp,ok,ok,
5152,,119713.3,203067.5,APB,no_hyp,no_hyp,no_hyp,ok,ok,
5153,,54789.8,92942.7,APB,no_hyp,no_hyp,no_hyp,ok,ok,
5154,,85150.2,144452.8,APB,no_hyp,no_hyp,no_hyp,ok,ok,
5155,,105551.2,179054.7,APB,no_hyp,no_hyp,no_hyp,ok,ok,
5156,,139941.0,237414.7,APB,no_hyp,no_hyp,no_hyp,ok,ok,
5157,,13668.6,23189.0,APB,no_hyp,no_hyp,no_hyp,ok,ok,
5158,,42014.8,71287.4,APB,no_hyp,no_hyp,no_hyp,ok,ok,
5159,,12140.1,20597.3,APB,no_hyp,no_hyp,no_hyp,ok,ok,
5160,,37196.2,62368.5,APB,no_hyp,no_hyp,no_hyp,ok,ok,
5161,,204718.5,343269.1,APB,no_hyp,no_hyp,no_hyp,ok,ok,
5162,,96867.3,162426.9,APB,no_hyp,no_hyp,no_hyp,ok,ok,
5163,,412555.3,691964.5,APB,no_hyp,no_hyp,no_hyp,ok,ok,
5164,,211939.0,355513.0,APB,no_hyp,no_hyp,no_hyp,ok,ok,
5165,,60746.1,101934.3,APB,no_hyp,no_hyp,no_hyp,ok,ok,
5166,,95884.8,160910.2,APB,no_hyp,no_hyp,no_hyp,ok,ok,
5167,,579069.5,972162.7,APB,no_hyp,no_hyp,no_hyp,ok,ok,
5168,,126045.2,211618.0,APB,no_hyp,no_hyp,no_hyp,ok,ok,
5169,,38808.5,65160.2,APB,no_hyp,no_hyp,no_hyp,ok,ok,
5170,,77517.2,130159.0,APB,no_hyp,no_hyp,no_hyp,ok,ok,
5171,,241037.4,404762.0,APB,no_hyp,no_hyp,no_hyp,ok,ok,
5172,,237113.8,398180.4,APB,no_hyp,no_hyp,no_hyp,ok,ok,
5173,,454723.7,764144.9,APB,no_hyp,no_hyp,no_hyp,ok,ok,
5174,,87775.0,147533.5,APB,no_hyp,no_hyp,no_hyp,ok,ok,
5175,,263166.3,442599.2,APB,no_hyp,no_hyp,no_hyp,ok,ok,
5176,,76733.3,129045.3,APB,no_hyp,no_hyp,no_hyp,ok,ok,
5177,,68114.3,114403.4,APB,no_hyp,no_hyp,no_hyp,ok,ok,
5178,,125835.6,211346.9,APB,no_hyp,no_hyp,no_hyp,ok,ok,
5179,,132218.4,222045.0,APB,no_hyp,no_hyp,no_hyp,ok,ok,
5180,翡翠山晓,137254.4,232709.6,APB,no_hyp,no_hyp,no_hyp,ok,ok,
5181,远洋·五里春秋,137722.5,233520.1,APB,no_hyp,no_hyp,no_hyp,ok,ok,
5182,自主城,43866.5,74120.0,APB,no_hyp,no_hyp,no_hyp,ok,ok,
5183,双桥六号井南区,16420.3,27787.4,APB,no_hyp,no_hyp,no_hyp,ok,ok,
5184,东方东路小区,4424.7,13847.2,EOB,ok,no_hyp,no_hyp,ok,ok,
5185,,102746.1,172099.0,APB,no_hyp,no_hyp,no_hyp,ok,ok,
5186,,73091.4,122381.7,APB,no_hyp,no_hyp,no_hyp,ok,ok,
5187,新安南里,28789.5,48700.3,APB,no_hyp,no_hyp,no_hyp,ok,ok,
5188,右安西里,35688.9,60369.4,APB,no_hyp,no_hyp,no_hyp,ok,ok,
5189,朗琴园,68652.0,116172.1,APB,no_hyp,no_hyp,no_hyp,ok,ok,
5190,三不老,9877.6,16740.4,APB,no_hyp,no_hyp,no_hyp,ok,ok,
5191,玉桃园二区北院,16564.5,28076.2,APB,no_hyp,no_hyp,no_hyp,ok,ok,
5192,,15842.2,26555.9,APB,no_hyp,no_hyp,no_hyp,ok,ok,
5193,,30048.3,50366.6,APB,no_hyp,no_hyp,no_hyp,ok,ok,
5194,万科·北河沿甲77号,5261.0,8913.1,APB,no_hyp,no_hyp,no_hyp,ok,ok,
5195,草桥恋日嘉园小区,49050.2,82900.3,APB,no_hyp,no_hyp,no_hyp,ok,ok,
5196,草桥欣园3区,125594.5,212258.7,APB,no_hyp,no_hyp,no_hyp,ok,ok,
5197,草桥欣园小区二区-北区,33489.4,56606.7,APB,no_hyp,no_hyp,no_hyp,ok,ok,
5198,草桥欣园18号院,35698.4,60334.1,APB,no_hyp,no_hyp,no_hyp,ok,ok,
5199,南珠苑,28182.7,47637.8,APB,no_hyp,no_hyp,no_hyp,ok,ok,
5200,玉安园小区,21959.1,37117.7,APB,no_hyp,no_hyp,no_hyp,ok,ok,
5201,草桥物业小区,5270.1,8908.3,APB,no_hyp,no_hyp,no_hyp,ok,ok,
5202,,233397.1,392935.3,APB,no_hyp,no_hyp,no_hyp,ok,ok,
5203,,207352.1,349058.4,APB,no_hyp,no_hyp,no_hyp,ok,ok,
5204,,83493.7,140100.4,APB,no_hyp,no_hyp,no_hyp,ok,ok,
5205,,868206.0,1457611.3,APB,no_hyp,no_hyp,no_hyp,ok,ok,
5206,,190898.6,320596.5,APB,no_hyp,no_hyp,no_hyp,ok,ok,
5207,,679627.2,1141503.5,APB,no_hyp,no_hyp,no_hyp,ok,ok,
5208,,71938.1,120867.7,APB,no_hyp,no_hyp,no_hyp,ok,ok,
5209,,286309.0,481103.7,APB,no_hyp,no_hyp,no_hyp,ok,ok,
5210,,278654.4,468367.3,APB,no_hyp,no_hyp,no_hyp,ok,ok,
5211,,174881.9,293936.0,APB,no_hyp,no_hyp,no_hyp,ok,ok,
5212,,247190.3,415372.1,APB,no_hyp,no_hyp,no_hyp,ok,ok,
5213,,135895.3,228313.7,APB,no_hyp,no_hyp,no_hyp,ok,ok,
5214,,86945.0,146138.6,APB,no_hyp,no_hyp,no_hyp,ok,ok,
5215,,742477.6,1248344.6,APB,no_hyp,no_hyp,no_hyp,ok,ok,
5216,,796334.6,1339355.0,APB,no_hyp,no_hyp,no_hyp,ok,ok,
5217,,206397.2,347248.1,APB,no_hyp,no_hyp,no_hyp,ok,ok,
5218,,461798.6,777282.6,APB,no_hyp,no_hyp,no_hyp,ok,ok,
5219,,64139.4,107585.9,APB,no_hyp,no_hyp,no_hyp,ok,ok,
5220,,48948.3,82210.2,APB,no_hyp,no_hyp,no_hyp,ok,ok,
5221,福地家园,58979.4,101286.7,APB,no_hyp,no_hyp,no_hyp,ok,ok,
5222,福月家园,64971.3,111568.2,APB,no_hyp,no_hyp,no_hyp,ok,ok,
5223,,261778.8,440680.2,APB,no_hyp,no_hyp,no_hyp,ok,ok,
5224,,371985.6,624996.7,APB,no_hyp,no_hyp,no_hyp,ok,ok,
5225,,12812.0,21589.4,APB,no_hyp,no_hyp,no_hyp,ok,ok,
5226,延庆冬奥村,121755.7,209930.7,APB,no_hyp,no_hyp,no_hyp,ok,ok,
5227,草场地,248358.3,421638.4,APB,no_hyp,no_hyp,no_hyp,ok,ok,
5228,洋桥71号院,20457.8,34583.9,APB,no_hyp,no_hyp,no_hyp,ok,ok,
5229,杏林园,18835.1,31837.8,APB,no_hyp,no_hyp,no_hyp,ok,ok,
5230,怡然家园-南区,76970.3,130076.7,APB,no_hyp,no_hyp,no_hyp,ok,ok,
5231,怡然家园-北区,43240.4,73077.3,APB,no_hyp,no_hyp,no_hyp,ok,ok,
5232,西马小区,60040.3,101463.6,APB,no_hyp,no_hyp,no_hyp,ok,ok,
5233,绿荫西区,125582.8,211806.1,APB,no_hyp,no_hyp,no_hyp,ok,ok,
5234,绿茵小区,44407.5,74899.5,APB,no_hyp,no_hyp,no_hyp,ok,ok,
5235,绿荫别墅区,34909.4,58880.9,APB,no_hyp,no_hyp,no_hyp,ok,ok,
5236,雅荷春天,30990.0,52271.3,APB,no_hyp,no_hyp,no_hyp,ok,ok,
5237,万驰家园,49018.2,82686.3,APB,no_hyp,no_hyp,no_hyp,ok,ok,
5238,,566041.5,949346.8,APB,no_hyp,no_hyp,no_hyp,ok,ok,
5239,,25590.6,42917.9,APB,no_hyp,no_hyp,no_hyp,ok,ok,
5240,,531545.5,891609.6,APB,no_hyp,no_hyp,no_hyp,ok,ok,
5241,,193639.4,324890.9,APB,no_hyp,no_hyp,no_hyp,ok,ok,
5242,,149975.8,251600.9,APB,no_hyp,no_hyp,no_hyp,ok,ok,
5243,,31503.7,52849.8,APB,no_hyp,no_hyp,no_hyp,ok,ok,
5244,,210757.4,353692.0,APB,no_hyp,no_hyp,no_hyp,ok,ok,
5245,,373794.5,627310.3,APB,no_hyp,no_hyp,no_hyp,ok,ok,
5246,,532073.6,893428.8,APB,no_hyp,no_hyp,no_hyp,ok,ok,
5247,,246433.4,413835.1,APB,no_hyp,no_hyp,no_hyp,ok,ok,
5248,,243704.3,409254.5,APB,no_hyp,no_hyp,no_hyp,ok,ok,
5249,,319722.1,536936.3,APB,no_hyp,no_hyp,no_hyp,ok,ok,
5250,,367068.9,616328.8,APB,no_hyp,no_hyp,no_hyp,ok,ok,
5251,,140404.5,235805.8,APB,no_hyp,no_hyp,no_hyp,ok,ok,
5252,,470732.5,790675.0,APB,no_hyp,no_hyp,no_hyp,ok,ok,
5253,,175991.4,295531.1,APB,no_hyp,no_hyp,no_hyp,ok,ok,
5254,,42245.8,70945.7,APB,no_hyp,no_hyp,no_hyp,ok,ok,
5255,,60432.4,101462.6,APB,no_hyp,no_hyp,no_hyp,ok,ok,
5256,,34942.4,58669.8,APB,no_hyp,no_hyp,no_hyp,ok,ok,
5257,,124314.2,208694.8,APB,no_hyp,no_hyp,no_hyp,ok,ok,
5258,,364299.3,611429.5,APB,no_hyp,no_hyp,no_hyp,ok,ok,
5259,,348304.0,584583.3,APB,no_hyp,no_hyp,no_hyp,ok,ok,
5260,,820077.8,1376588.5,APB,no_hyp,no_hyp,no_hyp,ok,ok,
5261,,1108795.9,1862778.7,APB,no_hyp,no_hyp,no_hyp,ok,ok,
5262,,311370.5,523171.6,APB,no_hyp,no_hyp,no_hyp,ok,ok,
5263,,224056.2,376583.5,APB,no_hyp,no_hyp,no_hyp,ok,ok,
5264,,342858.5,576341.0,APB,no_hyp,no_hyp,no_hyp,ok,ok,
5265,,257484.4,432916.4,APB,no_hyp,no_hyp,no_hyp,ok,ok,
5266,,356513.2,599439.0,APB,no_hyp,no_hyp,no_hyp,ok,ok,
5267,,409327.1,688283.4,APB,no_hyp,no_hyp,no_hyp,ok,ok,
5268,,173381.8,291537.0,APB,no_hyp,no_hyp,no_hyp,ok,ok,
5269,,301764.7,507428.9,APB,no_hyp,no_hyp,no_hyp,ok,ok,
5270,,480829.9,808745.0,APB,no_hyp,no_hyp,no_hyp,ok,ok,
5271,,35564.2,59823.9,APB,no_hyp,no_hyp,no_hyp,ok,ok,
5272,,120227.6,202255.8,APB,no_hyp,no_hyp,no_hyp,ok,ok,
5273,,49351.3,83024.7,APB,no_hyp,no_hyp,no_hyp,ok,ok,
5274,,313759.1,527754.8,APB,no_hyp,no_hyp,no_hyp,ok,ok,
5275,,301737.2,507603.1,APB,no_hyp,no_hyp,no_hyp,ok,ok,
5276,,1302026.4,2190907.0,APB,no_hyp,no_hyp,no_hyp,ok,ok,
5277,,53135.6,89419.9,APB,no_hyp,no_hyp,no_hyp,ok,ok,
5278,,30832.3,51889.5,APB,no_hyp,no_hyp,no_hyp,ok,ok,
5279,,294055.5,494432.7,APB,no_hyp,no_hyp,no_hyp,ok,ok,
5280,,481209.4,808914.2,APB,no_hyp,no_hyp,no_hyp,ok,ok,
5281,,27368.4,46001.2,APB,no_hyp,no_hyp,no_hyp,ok,ok,
5282,,546076.0,916378.0,APB,no_hyp,no_hyp,no_hyp,ok,ok,
5283,,271515.5,455528.3,APB,no_hyp,no_hyp,no_hyp,ok,ok,
5284,,551712.7,925377.8,APB,no_hyp,no_hyp,no_hyp,ok,ok,
5285,永旺家园一区,45653.4,77650.4,APB,no_hyp,no_hyp,no_hyp,ok,ok,
5286,阳光假日别墅·天和苑,160772.9,275711.7,APB,no_hyp,no_hyp,no_hyp,ok,ok,
5287,阳光假日别墅·天运苑,144463.1,247744.0,APB,no_hyp,no_hyp,no_hyp,ok,ok,
5288,阳光假日别墅·天时苑,58295.0,99982.4,APB,no_hyp,no_hyp,no_hyp,ok,ok,
5289,阳光假日别墅·天赐苑,58558.1,100454.5,APB,no_hyp,no_hyp,no_hyp,ok,ok,
5290,,18992.4,32578.7,APB,no_hyp,no_hyp,no_hyp,ok,ok,
5291,,32824.0,56308.0,APB,no_hyp,no_hyp,no_hyp,ok,ok,
5292,万香苑,68874.3,118181.4,APB,no_hyp,no_hyp,no_hyp,ok,ok,
5293,石佛寺新村,41406.5,71050.7,APB,no_hyp,no_hyp,no_hyp,ok,ok,
5294,营城子小区,34238.4,58748.7,APB,no_hyp,no_hyp,no_hyp,ok,ok,
5295,,96854.0,166191.4,APB,no_hyp,no_hyp,no_hyp,ok,ok,
5296,八达岭小区,13079.7,22443.9,APB,no_hyp,no_hyp,no_hyp,ok,ok,
5297,岔道小区,48331.8,82930.8,APB,no_hyp,no_hyp,no_hyp,ok,ok,
5298,,42481.3,72896.0,APB,no_hyp,no_hyp,no_hyp,ok,ok,
5299,,75925.6,130292.5,APB,no_hyp,no_hyp,no_hyp,ok,ok,
5300,,113915.7,195492.6,APB,no_hyp,no_hyp,no_hyp,ok,ok,
5301,北京大学肖家河教工住宅四区,36567.1,62108.6,APB,no_hyp,no_hyp,no_hyp,ok,ok,
5302,,91607.3,154689.9,APB,no_hyp,no_hyp,no_hyp,ok,ok,
5303,,260634.9,440150.8,APB,no_hyp,no_hyp,no_hyp,ok,ok,
5304,,38199.1,64751.1,APB,no_hyp,no_hyp,no_hyp,ok,ok,
5305,大西洋新城F区,105045.7,178304.6,APB,no_hyp,no_hyp,no_hyp,ok,ok,
5306,花家地小区,156030.4,264774.7,APB,no_hyp,no_hyp,no_hyp,ok,ok,
5307,,120210.5,203969.7,APB,no_hyp,no_hyp,no_hyp,ok,ok,
5308,,38993.5,66158.7,APB,no_hyp,no_hyp,no_hyp,ok,ok,
5309,,19885.3,33741.3,APB,no_hyp,no_hyp,no_hyp,ok,ok,
5310,,17371.3,29475.7,APB,no_hyp,no_hyp,no_hyp,ok,ok,
5311,,23377.8,39666.2,APB,no_hyp,no_hyp,no_hyp,ok,ok,
5312,双新园,37143.9,62986.3,APB,no_hyp,no_hyp,no_hyp,ok,ok,
5313,双新村棚户区改造项目,109868.1,186321.8,APB,no_hyp,no_hyp,no_hyp,ok,ok,
5314,棚户区改造安置区,47626.8,80820.8,APB,no_hyp,no_hyp,no_hyp,ok,ok,
5315,,165267.8,280334.0,APB,no_hyp,no_hyp,no_hyp,ok,ok,
5316,,82064.2,139244.0,APB,no_hyp,no_hyp,no_hyp,ok,ok,
5317,,67172.1,113980.6,APB,no_hyp,no_hyp,no_hyp,ok,ok,
5318,厢白旗,392600.9,666498.2,APB,no_hyp,no_hyp,no_hyp,ok,ok,
5319,,56634.8,96039.9,APB,no_hyp,no_hyp,no_hyp,ok,ok,
5320,绿城·西府海棠2期,57736.7,97924.1,APB,no_hyp,no_hyp,no_hyp,ok,ok,
5321,,18697.1,31720.8,APB,no_hyp,no_hyp,no_hyp,ok,ok,
5322,,108487.8,184801.6,APB,no_hyp,no_hyp,no_hyp,ok,ok,
5323,御园,135084.3,229334.5,APB,no_hyp,no_hyp,no_hyp,ok,ok,
5324,坚果国际人才社区,61399.6,104380.3,APB,no_hyp,no_hyp,no_hyp,ok,ok,
5325,世华龙樾,32030.7,54452.2,APB,no_hyp,no_hyp,no_hyp,ok,ok,
5326,世华龙樾-四期,79707.6,135494.1,APB,no_hyp,no_hyp,no_hyp,ok,ok,
5327,,49318.2,83357.2,APB,no_hyp,no_hyp,no_hyp,ok,ok,
5328,,952.2,1636.6,APB,no_hyp,no_hyp,no_hyp,ok,ok,
5329,,151499.5,260363.3,APB,no_hyp,no_hyp,no_hyp,ok,ok,
5330,,977905.2,1681599.6,APB,no_hyp,no_hyp,no_hyp,ok,ok,
5331,,112323.0,192822.6,APB,no_hyp,no_hyp,no_hyp,ok,ok,
5332,,722371.6,1240601.9,APB,no_hyp,no_hyp,no_hyp,ok,ok,
5333,,528288.8,907319.8,APB,no_hyp,no_hyp,no_hyp,ok,ok,
5334,,422195.4,724997.6,APB,no_hyp,no_hyp,no_hyp,ok,ok,
5335,,155441.1,266870.2,APB,no_hyp,no_hyp,no_hyp,ok,ok,
5336,,498422.4,856006.8,APB,no_hyp,no_hyp,no_hyp,ok,ok,
5337,,450053.9,773878.0,APB,no_hyp,no_hyp,no_hyp,ok,ok,
5338,,80654.0,138402.9,APB,no_hyp,no_hyp,no_hyp,ok,ok,
5339,,104109.5,178627.9,APB,no_hyp,no_hyp,no_hyp,ok,ok,
5340,,162318.2,278572.4,APB,no_hyp,no_hyp,no_hyp,ok,ok,
5341,,335649.0,575981.1,APB,no_hyp,no_hyp,no_hyp,ok,ok,
5342,,32582.1,55905.1,APB,no_hyp,no_hyp,no_hyp,ok,ok,
5343,,653867.4,1121347.4,APB,no_hyp,no_hyp,no_hyp,ok,ok,
5344,,635777.5,1090494.6,APB,no_hyp,no_hyp,no_hyp,ok,ok,
5345,,219605.4,376793.2,APB,no_hyp,no_hyp,no_hyp,ok,ok,
5346,,14078.7,23926.9,APB,no_hyp,no_hyp,no_hyp,ok,ok,
5347,,4066.1,6909.7,APB,no_hyp,no_hyp,no_hyp,ok,ok,
5348,,24404.0,41470.8,APB,no_hyp,no_hyp,no_hyp,ok,ok,
5349,,205774.6,353206.5,APB,no_hyp,no_hyp,no_hyp,ok,ok,
5350,小关北里43号院,71715.0,121687.1,APB,no_hyp,no_hyp,no_hyp,ok,ok,
5351,,62127.9,104830.2,APB,no_hyp,no_hyp,no_hyp,ok,ok,
5352,新于庄园,65207.6,111147.4,APB,no_hyp,no_hyp,no_hyp,ok,ok,
5353,新世界·丽樽,209328.9,356800.1,APB,no_hyp,no_hyp,no_hyp,ok,ok,
5354,春晖园·随园,114872.9,195784.8,APB,no_hyp,no_hyp,no_hyp,ok,ok,
5355,观承别墅,137447.8,234214.7,APB,no_hyp,no_hyp,no_hyp,ok,ok,
5356,拉斐特城堡别墅区,62829.6,107082.8,APB,no_hyp,no_hyp,no_hyp,ok,ok,
5357,羊各庄,37810.4,64428.3,APB,no_hyp,no_hyp,no_hyp,ok,ok,
5358,沙峪口,277044.6,474050.4,APB,no_hyp,no_hyp,no_hyp,ok,ok,
5359,凯德麓语,280809.7,480130.1,APB,no_hyp,no_hyp,no_hyp,ok,ok,
5360,,1436340.4,2456185.6,APB,no_hyp,no_hyp,no_hyp,ok,ok,
5361,恒川公寓,5921.1,10044.8,APB,no_hyp,no_hyp,no_hyp,ok,ok,
5362,,531522.6,904957.9,APB,no_hyp,no_hyp,no_hyp,ok,ok,
5363,,66369.7,112169.0,APB,no_hyp,no_hyp,no_hyp,ok,ok,
5364,,10402.8,17580.9,APB,no_hyp,no_hyp,no_hyp,ok,ok,
5365,,18413.2,31147.1,APB,no_hyp,no_hyp,no_hyp,ok,ok,
5366,,22650.8,38848.6,APB,no_hyp,no_hyp,no_hyp,ok,ok,
5367,,50025.8,85798.2,APB,no_hyp,no_hyp,no_hyp,ok,ok,
5368,,31114.3,53361.3,APB,no_hyp,no_hyp,no_hyp,ok,ok,
5369,,46625.8,79962.9,APB,no_hyp,no_hyp,no_hyp,ok,ok,
5370,红螺东路19号院家属区,29215.4,50121.6,APB,no_hyp,no_hyp,no_hyp,ok,ok,
5371,东总小区,46208.5,78198.9,APB,no_hyp,no_hyp,no_hyp,ok,ok,
5372,,262409.0,448594.3,APB,no_hyp,no_hyp,no_hyp,ok,ok,
5373,,10120.2,17368.1,APB,no_hyp,no_hyp,no_hyp,ok,ok,
5374,,55367.0,94040.6,APB,no_hyp,no_hyp,no_hyp,ok,ok,
5375,,4042.5,6864.5,APB,no_hyp,no_hyp,no_hyp,ok,ok,
5376,,52255.4,88715.2,APB,no_hyp,no_hyp,no_hyp,ok,ok,
5377,,9726.7,16506.5,APB,no_hyp,no_hyp,no_hyp,ok,ok,
5378,,80515.6,136638.4,APB,no_hyp,no_hyp,no_hyp,ok,ok,
5379,,36869.1,62559.4,APB,no_hyp,no_hyp,no_hyp,ok,ok,
5380,,117124.0,198678.6,APB,no_hyp,no_hyp,no_hyp,ok,ok,
5381,东楼社区,46550.3,79029.0,APB,no_hyp,no_hyp,no_hyp,ok,ok,
5382,驸裕路4号院,33573.9,57546.3,APB,no_hyp,no_hyp,no_hyp,ok,ok,
5383,,224513.8,385821.1,APB,no_hyp,no_hyp,no_hyp,ok,ok,
5384,,189713.1,324968.2,APB,no_hyp,no_hyp,no_hyp,ok,ok,
5385,,157536.4,269698.4,APB,no_hyp,no_hyp,no_hyp,ok,ok,
5386,,53890.6,92288.5,APB,no_hyp,no_hyp,no_hyp,ok,ok,
5387,,166231.5,284666.0,APB,no_hyp,no_hyp,no_hyp,ok,ok,
5388,,408284.6,698968.8,APB,no_hyp,no_hyp,no_hyp,ok,ok,
5389,,261852.4,448408.3,APB,no_hyp,no_hyp,no_hyp,ok,ok,
5390,,730079.6,1250088.7,APB,no_hyp,no_hyp,no_hyp,ok,ok,
5391,,50269.0,86118.2,APB,no_hyp,no_hyp,no_hyp,ok,ok,
5392,,67978.6,116460.5,APB,no_hyp,no_hyp,no_hyp,ok,ok,
5393,,290497.8,497888.7,APB,no_hyp,no_hyp,no_hyp,ok,ok,
5394,,401361.0,687739.8,APB,no_hyp,no_hyp,no_hyp,ok,ok,
5395,,105621.4,180905.8,APB,no_hyp,no_hyp,no_hyp,ok,ok,
5396,,42712.1,73126.0,APB,no_hyp,no_hyp,no_hyp,ok,ok,
5397,,147820.3,252919.6,APB,no_hyp,no_hyp,no_hyp,ok,ok,
5398,,478221.2,818219.2,APB,no_hyp,no_hyp,no_hyp,ok,ok,
5399,,39082.7,66850.3,APB,no_hyp,no_hyp,no_hyp,ok,ok,
5400,,98019.2,167628.9,APB,no_hyp,no_hyp,no_hyp,ok,ok,
5401,,501034.8,856854.0,APB,no_hyp,no_hyp,no_hyp,ok,ok,
5402,,88531.8,151450.3,APB,no_hyp,no_hyp,no_hyp,ok,ok,
5403,,446137.9,763337.9,APB,no_hyp,no_hyp,no_hyp,ok,ok,
5404,,252434.8,431905.4,APB,no_hyp,no_hyp,no_hyp,ok,ok,
5405,,212703.1,363830.4,APB,no_hyp,no_hyp,no_hyp,ok,ok,
5406,,911749.5,1558850.3,APB,no_hyp,no_hyp,no_hyp,ok,ok,
5407,,911845.9,1559408.0,APB,no_hyp,no_hyp,no_hyp,ok,ok,
5408,,356223.6,609061.0,APB,no_hyp,no_hyp,no_hyp,ok,ok,
5409,,1279688.3,2187560.9,APB,no_hyp,no_hyp,no_hyp,ok,ok,
5410,,115156.6,196828.6,APB,no_hyp,no_hyp,no_hyp,ok,ok,
5411,,234691.3,401230.1,APB,no_hyp,no_hyp,no_hyp,ok,ok,
5412,,474802.8,811415.4,APB,no_hyp,no_hyp,no_hyp,ok,ok,
5413,,207827.8,355184.8,APB,no_hyp,no_hyp,no_hyp,ok,ok,
5414,,435902.5,744887.2,APB,no_hyp,no_hyp,no_hyp,ok,ok,
5415,,180044.8,307622.5,APB,no_hyp,no_hyp,no_hyp,ok,ok,
5416,,495855.9,847236.1,APB,no_hyp,no_hyp,no_hyp,ok,ok,
5417,,363059.6,620146.6,APB,no_hyp,no_hyp,no_hyp,ok,ok,
5418,水色时光花园北区,319650.4,546045.0,APB,no_hyp,no_hyp,no_hyp,ok,ok,
5419,水色时光花园南区,62003.0,105907.8,APB,no_hyp,no_hyp,no_hyp,ok,ok,
5420,,519479.6,887154.8,APB,no_hyp,no_hyp,no_hyp,ok,ok,
5421,,486901.2,831332.3,APB,no_hyp,no_hyp,no_hyp,ok,ok,
5422,,1324475.3,2261645.3,APB,no_hyp,no_hyp,no_hyp,ok,ok,
5423,,487082.5,831909.6,APB,no_hyp,no_hyp,no_hyp,ok,ok,
5424,,691322.2,1180946.1,APB,no_hyp,no_hyp,no_hyp,ok,ok,
5425,,420442.4,718167.0,APB,no_hyp,no_hyp,no_hyp,ok,ok,
5426,,105106.5,179541.9,APB,no_hyp,no_hyp,no_hyp,ok,ok,
5427,,516042.8,867110.1,APB,no_hyp,no_hyp,no_hyp,ok,ok,
5428,,586126.9,985678.3,APB,no_hyp,no_hyp,no_hyp,ok,ok,
5429,,254816.0,428687.3,APB,no_hyp,no_hyp,no_hyp,ok,ok,
5430,,331494.3,557789.6,APB,no_hyp,no_hyp,no_hyp,ok,ok,
5431,,101206.3,170281.0,APB,no_hyp,no_hyp,no_hyp,ok,ok,
5432,,82040.2,138108.5,APB,no_hyp,no_hyp,no_hyp,ok,ok,
5433,,74636.4,127021.2,APB,no_hyp,no_hyp,no_hyp,ok,ok,
5434,,12839.4,21850.7,APB,no_hyp,no_hyp,no_hyp,ok,ok,
5435,,15442.8,26281.4,APB,no_hyp,no_hyp,no_hyp,ok,ok,
5436,,262480.4,446655.4,APB,no_hyp,no_hyp,no_hyp,ok,ok,
5437,,79015.2,134446.6,APB,no_hyp,no_hyp,no_hyp,ok,ok,
5438,,12291.1,20898.9,APB,no_hyp,no_hyp,no_hyp,ok,ok,
5439,,164868.7,280685.8,APB,no_hyp,no_hyp,no_hyp,ok,ok,
5440,,354512.8,596316.6,APB,no_hyp,no_hyp,no_hyp,ok,ok,
5441,,547134.2,919819.8,APB,no_hyp,no_hyp,no_hyp,ok,ok,
5442,,22202.4,37326.2,APB,no_hyp,no_hyp,no_hyp,ok,ok,
5443,,347047.5,583841.3,APB,no_hyp,no_hyp,no_hyp,ok,ok,
5444,,172244.9,289824.9,APB,no_hyp,no_hyp,no_hyp,ok,ok,
5445,,265050.1,446044.1,APB,no_hyp,no_hyp,no_hyp,ok,ok,
5446,,489646.6,824185.3,APB,no_hyp,no_hyp,no_hyp,ok,ok,
5447,,120895.5,203534.6,APB,no_hyp,no_hyp,no_hyp,ok,ok,
5448,,209488.6,352754.2,APB,no_hyp,no_hyp,no_hyp,ok,ok,
5449,,629737.5,1060498.3,APB,no_hyp,no_hyp,no_hyp,ok,ok,
5450,,100052.9,170898.9,APB,no_hyp,no_hyp,no_hyp,ok,ok,
5451,,268707.0,451392.5,APB,no_hyp,no_hyp,no_hyp,ok,ok,
5452,,64214.2,107834.4,APB,no_hyp,no_hyp,no_hyp,ok,ok,
5453,,70745.4,118663.5,APB,no_hyp,no_hyp,no_hyp,ok,ok,
5454,,64183.3,107678.5,APB,no_hyp,no_hyp,no_hyp,ok,ok,
5455,树村路甲1号院,24631.8,41847.2,APB,no_hyp,no_hyp,no_hyp,ok,ok,
5456,,285819.4,479441.9,APB,no_hyp,no_hyp,no_hyp,ok,ok,
5457,,110621.9,185523.4,APB,no_hyp,no_hyp,no_hyp,ok,ok,
5458,水泥厂小区,316370.8,530840.4,APB,no_hyp,no_hyp,no_hyp,ok,ok,
5459,,116622.8,195581.5,APB,no_hyp,no_hyp,no_hyp,ok,ok,
5460,首开琅樾,61499.9,104565.3,APB,no_hyp,no_hyp,no_hyp,ok,ok,
5461,,801212.3,1346446.0,APB,no_hyp,no_hyp,no_hyp,ok,ok,
5462,,91489.5,153768.0,APB,no_hyp,no_hyp,no_hyp,ok,ok,
5463,,183087.7,307692.7,APB,no_hyp,no_hyp,no_hyp,ok,ok,
5464,,197210.0,331278.8,APB,no_hyp,no_hyp,no_hyp,ok,ok,
5465,旭辉城,71686.2,120579.6,APB,no_hyp,no_hyp,no_hyp,ok,ok,
5466,,154046.9,259092.5,APB,no_hyp,no_hyp,no_hyp,ok,ok,
5467,良景佳苑,129544.6,217937.8,APB,no_hyp,no_hyp,no_hyp,ok,ok,
5468,,339646.4,571738.3,APB,no_hyp,no_hyp,no_hyp,ok,ok,
5469,,263259.7,443152.4,APB,no_hyp,no_hyp,no_hyp,ok,ok,
5470,,210214.6,353877.2,APB,no_hyp,no_hyp,no_hyp,ok,ok,
5471,,36091.4,60735.2,APB,no_hyp,no_hyp,no_hyp,ok,ok,
5472,,110978.6,186737.1,APB,no_hyp,no_hyp,no_hyp,ok,ok,
5473,智怡嘉园二期,75908.6,127599.9,APB,no_hyp,no_hyp,no_hyp,ok,ok,
5474,智怡嘉园一里,60787.0,102179.3,APB,no_hyp,no_hyp,no_hyp,ok,ok,
5475,,305340.9,513831.0,APB,no_hyp,no_hyp,no_hyp,ok,ok,
5476,,47651.3,80196.3,APB,no_hyp,no_hyp,no_hyp,ok,ok,
5477,,360280.5,606425.7,APB,no_hyp,no_hyp,no_hyp,ok,ok,
5478,,120292.5,202465.7,APB,no_hyp,no_hyp,no_hyp,ok,ok,
5479,,229118.3,386848.2,APB,no_hyp,no_hyp,no_hyp,ok,ok,
5480,芳菲路88号院,119974.0,202738.2,APB,no_hyp,no_hyp,no_hyp,ok,ok,
5481,和平街十五区2号院,9915.6,16818.6,APB,no_hyp,no_hyp,no_hyp,ok,ok,
5482,,813130.7,1371768.6,APB,no_hyp,no_hyp,no_hyp,ok,ok,
5483,,64890.4,109494.0,APB,no_hyp,no_hyp,no_hyp,ok,ok,
5484,,188675.0,318109.6,APB,no_hyp,no_hyp,no_hyp,ok,ok,
5485,南开西里甲12号院,6926.7,11706.2,APB,no_hyp,no_hyp,no_hyp,ok,ok,
5486,林泉南街2号院,38068.6,64511.8,APB,no_hyp,no_hyp,no_hyp,ok,ok,
5487,,37433.5,63435.4,APB,no_hyp,no_hyp,no_hyp,ok,ok,
5488,,71457.9,120880.6,APB,no_hyp,no_hyp,no_hyp,ok,ok,
5489,,17700.7,29945.1,APB,no_hyp,no_hyp,no_hyp,ok,ok,
5490,,7445.6,12595.5,APB,no_hyp,no_hyp,no_hyp,ok,ok,
5491,,8902.6,15058.6,APB,no_hyp,no_hyp,no_hyp,ok,ok,
5492,,34341.8,58090.1,APB,no_hyp,no_hyp,no_hyp,ok,ok,
5493,,185826.4,314358.4,APB,no_hyp,no_hyp,no_hyp,ok,ok,
5494,,111374.6,190174.2,APB,no_hyp,no_hyp,no_hyp,ok,ok,
5495,,88701.1,151444.5,APB,no_hyp,no_hyp,no_hyp,ok,ok,
5496,,110962.7,189442.9,APB,no_hyp,no_hyp,no_hyp,ok,ok,
5497,,332005.7,566733.5,APB,no_hyp,no_hyp,no_hyp,ok,ok,
5498,,252076.8,430221.4,APB,no_hyp,no_hyp,no_hyp,ok,ok,
5499,,331229.5,565520.6,APB,no_hyp,no_hyp,no_hyp,ok,ok,
5500,,377147.9,643926.1,APB,no_hyp,no_hyp,no_hyp,ok,ok,
5501,,204268.8,348714.5,APB,no_hyp,no_hyp,no_hyp,ok,ok,
5502,,52147.9,89026.9,APB,no_hyp,no_hyp,no_hyp,ok,ok,
5503,,37546.4,64098.2,APB,no_hyp,no_hyp,no_hyp,ok,ok,
5504,,27363.7,46716.9,APB,no_hyp,no_hyp,no_hyp,ok,ok,
5505,,175440.9,299632.8,APB,no_hyp,no_hyp,no_hyp,ok,ok,
5506,,24446.7,41754.0,APB,no_hyp,no_hyp,no_hyp,ok,ok,
5507,,802093.7,1370668.5,APB,no_hyp,no_hyp,no_hyp,ok,ok,
5508,,150632.1,257407.2,APB,no_hyp,no_hyp,no_hyp,ok,ok,
5509,,427100.5,729841.3,APB,no_hyp,no_hyp,no_hyp,ok,ok,
5510,,440568.9,752428.5,APB,no_hyp,no_hyp,no_hyp,ok,ok,
5511,,495996.8,847125.2,APB,no_hyp,no_hyp,no_hyp,ok,ok,
5512,,302531.4,517114.8,APB,no_hyp,no_hyp,no_hyp,ok,ok,
5513,,41194.6,70406.3,APB,no_hyp,no_hyp,no_hyp,ok,ok,
5514,,212210.8,362625.4,APB,no_hyp,no_hyp,no_hyp,ok,ok,
5515,,94385.1,161280.8,APB,no_hyp,no_hyp,no_hyp,ok,ok,
5516,,106217.5,181668.4,APB,no_hyp,no_hyp,no_hyp,ok,ok,
5517,,300758.3,514783.9,APB,no_hyp,no_hyp,no_hyp,ok,ok,
5518,,309891.4,530549.9,APB,no_hyp,no_hyp,no_hyp,ok,ok,
5519,,205429.3,351818.9,APB,no_hyp,no_hyp,no_hyp,ok,ok,
5520,,276923.5,474314.1,APB,no_hyp,no_hyp,no_hyp,ok,ok,
5521,,305216.3,522967.0,APB,no_hyp,no_hyp,no_hyp,ok,ok,
5522,,382924.4,656263.1,APB,no_hyp,no_hyp,no_hyp,ok,ok,
5523,,267802.7,459039.1,APB,no_hyp,no_hyp,no_hyp,ok,ok,
5524,,145367.0,249440.9,APB,no_hyp,no_hyp,no_hyp,ok,ok,
5525,,344713.9,591289.8,APB,no_hyp,no_hyp,no_hyp,ok,ok,
5526,,955482.8,1638982.0,APB,no_hyp,no_hyp,no_hyp,ok,ok,
5527,,61623.3,105722.7,APB,no_hyp,no_hyp,no_hyp,ok,ok,
5528,,32864.8,56382.2,APB,no_hyp,no_hyp,no_hyp,ok,ok,
5529,,288673.8,495396.3,APB,no_hyp,no_hyp,no_hyp,ok,ok,
5530,,223903.3,384298.7,APB,no_hyp,no_hyp,no_hyp,ok,ok,
5531,,100431.7,172391.0,APB,no_hyp,no_hyp,no_hyp,ok,ok,
5532,,422141.9,724304.6,APB,no_hyp,no_hyp,no_hyp,ok,ok,
5533,,224018.9,384192.6,APB,no_hyp,no_hyp,no_hyp,ok,ok,
5534,,237209.9,406736.6,APB,no_hyp,no_hyp,no_hyp,ok,ok,
5535,,274603.6,470274.4,APB,no_hyp,no_hyp,no_hyp,ok,ok,
5536,,249138.6,426628.7,APB,no_hyp,no_hyp,no_hyp,ok,ok,
5537,,551835.6,944935.5,APB,no_hyp,no_hyp,no_hyp,ok,ok,
5538,,20145.6,34498.7,APB,no_hyp,no_hyp,no_hyp,ok,ok,
5539,,40066.3,68641.1,APB,no_hyp,no_hyp,no_hyp,ok,ok,
5540,,36868.3,63086.1,APB,no_hyp,no_hyp,no_hyp,ok,ok,
5541,,41255.3,70588.1,APB,no_hyp,no_hyp,no_hyp,ok,ok,
5542,,87529.8,149743.0,APB,no_hyp,no_hyp,no_hyp,ok,ok,
5543,,66643.2,114003.7,APB,no_hyp,no_hyp,no_hyp,ok,ok,
5544,,71808.0,122833.1,APB,no_hyp,no_hyp,no_hyp,ok,ok,
5545,,346872.0,593219.8,APB,no_hyp,no_hyp,no_hyp,ok,ok,
5546,,144010.8,246279.2,APB,no_hyp,no_hyp,no_hyp,ok,ok,
5547,,313772.5,536503.5,APB,no_hyp,no_hyp,no_hyp,ok,ok,
5548,,201128.4,343912.8,APB,no_hyp,no_hyp,no_hyp,ok,ok,
5549,,228486.1,390579.8,APB,no_hyp,no_hyp,no_hyp,ok,ok,
5550,,289195.9,494140.1,APB,no_hyp,no_hyp,no_hyp,ok,ok,
5551,,337833.5,577130.9,APB,no_hyp,no_hyp,no_hyp,ok,ok,
5552,,412736.6,705104.8,APB,no_hyp,no_hyp,no_hyp,ok,ok,
5553,,360793.4,617321.9,APB,no_hyp,no_hyp,no_hyp,ok,ok,
5554,,1071119.9,1831849.2,APB,no_hyp,no_hyp,no_hyp,ok,ok,
5555,,235443.2,402825.0,APB,no_hyp,no_hyp,no_hyp,ok,ok,
5556,,57842.2,98955.2,APB,no_hyp,no_hyp,no_hyp,ok,ok,
5557,,30289.7,51822.3,APB,no_hyp,no_hyp,no_hyp,ok,ok,
5558,,440328.4,753586.7,APB,no_hyp,no_hyp,no_hyp,ok,ok,
5559,,884072.1,1513203.1,APB,no_hyp,no_hyp,no_hyp,ok,ok,
5560,,396591.4,677015.1,APB,no_hyp,no_hyp,no_hyp,ok,ok,
5561,,311517.2,531737.0,APB,no_hyp,no_hyp,no_hyp,ok,ok,
5562,,367420.2,627097.8,APB,no_hyp,no_hyp,no_hyp,ok,ok,
5563,,158587.0,270685.4,APB,no_hyp,no_hyp,no_hyp,ok,ok,
5564,,371343.8,633695.9,APB,no_hyp,no_hyp,no_hyp,ok,ok,
5565,,287846.0,491151.5,APB,no_hyp,no_hyp,no_hyp,ok,ok,
5566,,131581.0,224499.2,APB,no_hyp,no_hyp,no_hyp,ok,ok,
5567,,279262.0,476464.8,APB,no_hyp,no_hyp,no_hyp,ok,ok,
5568,,511607.4,873495.9,APB,no_hyp,no_hyp,no_hyp,ok,ok,
5569,,174493.2,298681.0,APB,no_hyp,no_hyp,no_hyp,ok,ok,
5570,,322224.5,551322.5,APB,no_hyp,no_hyp,no_hyp,ok,ok,
5571,,36309.3,62120.1,APB,no_hyp,no_hyp,no_hyp,ok,ok,
5572,,191843.6,328266.0,APB,no_hyp,no_hyp,no_hyp,ok,ok,
5573,,240847.5,406684.7,APB,no_hyp,no_hyp,no_hyp,ok,ok,
5574,,106718.4,179024.2,APB,no_hyp,no_hyp,no_hyp,ok,ok,
5575,,417776.1,701119.0,APB,no_hyp,no_hyp,no_hyp,ok,ok,
5576,,1698333.9,2851833.0,APB,no_hyp,no_hyp,no_hyp,ok,ok,
5577,,674595.7,1133130.1,APB,no_hyp,no_hyp,no_hyp,ok,ok,
5578,,1127085.9,1893947.8,APB,no_hyp,no_hyp,no_hyp,ok,ok,
5579,,149089.4,250606.4,APB,no_hyp,no_hyp,no_hyp,ok,ok,
5580,,481583.3,809542.3,APB,no_hyp,no_hyp,no_hyp,ok,ok,
5581,,307320.1,516783.7,APB,no_hyp,no_hyp,no_hyp,ok,ok,
5582,,280810.6,472477.9,APB,no_hyp,no_hyp,no_hyp,ok,ok,
5583,,727322.4,1222941.2,APB,no_hyp,no_hyp,no_hyp,ok,ok,
5584,,49252.4,82813.1,APB,no_hyp,no_hyp,no_hyp,ok,ok,
5585,,529396.4,890359.6,APB,no_hyp,no_hyp,no_hyp,ok,ok,
5586,,343598.6,577972.4,APB,no_hyp,no_hyp,no_hyp,ok,ok,
5587,,165832.9,278878.9,APB,no_hyp,no_hyp,no_hyp,ok,ok,
5588,,82188.6,138219.8,APB,no_hyp,no_hyp,no_hyp,ok,ok,
5589,,32810.1,55112.7,APB,no_hyp,no_hyp,no_hyp,ok,ok,
5590,,25549.3,42916.2,APB,no_hyp,no_hyp,no_hyp,ok,ok,
5591,,14213.7,23874.4,APB,no_hyp,no_hyp,no_hyp,ok,ok,
5592,,366628.5,616251.7,APB,no_hyp,no_hyp,no_hyp,ok,ok,
5593,,82172.4,138114.3,APB,no_hyp,no_hyp,no_hyp,ok,ok,
5594,,42759.2,71879.7,APB,no_hyp,no_hyp,no_hyp,ok,ok,
5595,,15248.9,25635.4,APB,no_hyp,no_hyp,no_hyp,ok,ok,
5596,,72860.3,122477.3,APB,no_hyp,no_hyp,no_hyp,ok,ok,
5597,,42775.1,71898.1,APB,no_hyp,no_hyp,no_hyp,ok,ok,
5598,,113224.5,190313.8,APB,no_hyp,no_hyp,no_hyp,ok,ok,
5599,,222491.6,373936.9,APB,no_hyp,no_hyp,no_hyp,ok,ok,
5600,金隅国际,50476.4,85662.2,APB,no_hyp,no_hyp,no_hyp,ok,ok,
5601,南湖西里,120385.9,204344.3,APB,no_hyp,no_hyp,no_hyp,ok,ok,
5602,花家地西里,163231.0,277054.0,APB,no_hyp,no_hyp,no_hyp,ok,ok,
5603,,230809.7,387888.9,APB,no_hyp,no_hyp,no_hyp,ok,ok,
5604,,23433.6,39387.2,APB,no_hyp,no_hyp,no_hyp,ok,ok,
5605,,17565.5,29523.6,APB,no_hyp,no_hyp,no_hyp,ok,ok,
5606,,708759.5,1190014.8,APB,no_hyp,no_hyp,no_hyp,ok,ok,
5607,,235454.5,395313.2,APB,no_hyp,no_hyp,no_hyp,ok,ok,
5608,,163877.3,275157.0,APB,no_hyp,no_hyp,no_hyp,ok,ok,
5609,,736475.0,1236301.5,APB,no_hyp,no_hyp,no_hyp,ok,ok,
5610,,478728.1,803737.9,APB,no_hyp,no_hyp,no_hyp,ok,ok,
5611,,164802.5,276657.9,APB,no_hyp,no_hyp,no_hyp,ok,ok,
5612,,235798.8,395745.7,APB,no_hyp,no_hyp,no_hyp,ok,ok,
5613,,186630.7,313188.2,APB,no_hyp,no_hyp,no_hyp,ok,ok,
5614,,241960.3,405985.0,APB,no_hyp,no_hyp,no_hyp,ok,ok,
5615,,648263.3,1087423.5,APB,no_hyp,no_hyp,no_hyp,ok,ok,
5616,,35759.3,59995.2,APB,no_hyp,no_hyp,no_hyp,ok,ok,
5617,,297924.1,499798.4,APB,no_hyp,no_hyp,no_hyp,ok,ok,
5618,,177196.3,297208.6,APB,no_hyp,no_hyp,no_hyp,ok,ok,
5619,,450301.0,756764.9,APB,no_hyp,no_hyp,no_hyp,ok,ok,
5620,,784256.9,1318317.7,APB,no_hyp,no_hyp,no_hyp,ok,ok,
5621,,996576.6,1672525.4,APB,no_hyp,no_hyp,no_hyp,ok,ok,
5622,,409939.9,688416.9,APB,no_hyp,no_hyp,no_hyp,ok,ok,
5623,,134971.7,226611.2,APB,no_hyp,no_hyp,no_hyp,ok,ok,
5624,,559598.2,939851.0,APB,no_hyp,no_hyp,no_hyp,ok,ok,
5625,,57807.7,97076.3,APB,no_hyp,no_hyp,no_hyp,ok,ok,
5626,,623099.5,1046896.0,APB,no_hyp,no_hyp,no_hyp,ok,ok,
5627,,211927.2,355986.5,APB,no_hyp,no_hyp,no_hyp,ok,ok,
5628,,192650.4,323610.5,APB,no_hyp,no_hyp,no_hyp,ok,ok,
5629,,446504.0,750214.4,APB,no_hyp,no_hyp,no_hyp,ok,ok,
5630,,70808.9,119000.5,APB,no_hyp,no_hyp,no_hyp,ok,ok,
5631,,572623.2,961852.5,APB,no_hyp,no_hyp,no_hyp,ok,ok,
5632,绿茵小镇,48741.9,81905.0,APB,no_hyp,no_hyp,no_hyp,ok,ok,
5633,奥龙嘉苑,39759.8,66807.1,APB,no_hyp,no_hyp,no_hyp,ok,ok,
5634,,184774.7,310473.4,APB,no_hyp,no_hyp,no_hyp,ok,ok,
5635,,251532.0,422945.4,APB,no_hyp,no_hyp,no_hyp,ok,ok,
5636,,161841.4,272192.9,APB,no_hyp,no_hyp,no_hyp,ok,ok,
5637,,713870.0,1200685.7,APB,no_hyp,no_hyp,no_hyp,ok,ok,
5638,万科七橡墅,124976.2,210246.1,APB,no_hyp,no_hyp,no_hyp,ok,ok,
5639,明德街2号院,113347.9,190673.1,APB,no_hyp,no_hyp,no_hyp,ok,ok,
5640,天恒摩墅,31427.6,52864.8,APB,no_hyp,no_hyp,no_hyp,ok,ok,
5641,天恒乐学景苑,23433.9,39416.7,APB,no_hyp,no_hyp,no_hyp,ok,ok,
5642,,384657.3,646983.7,APB,no_hyp,no_hyp,no_hyp,ok,ok,
5643,,128773.4,216633.0,APB,no_hyp,no_hyp,no_hyp,ok,ok,
5644,,195112.0,327479.4,APB,no_hyp,no_hyp,no_hyp,ok,ok,
5645,,77102.0,129509.0,APB,no_hyp,no_hyp,no_hyp,ok,ok,
5646,,110291.2,185430.6,APB,no_hyp,no_hyp,no_hyp,ok,ok,
5647,,792730.6,1332935.7,APB,no_hyp,no_hyp,no_hyp,ok,ok,
5648,鑫山矿社区,43128.7,72535.6,APB,no_hyp,no_hyp,no_hyp,ok,ok,
5649,,614443.3,1033731.1,APB,no_hyp,no_hyp,no_hyp,ok,ok,
5650,,65024.8,109404.8,APB,no_hyp,no_hyp,no_hyp,ok,ok,
5651,,36934.7,62148.1,APB,no_hyp,no_hyp,no_hyp,ok,ok,
5652,,273168.4,459826.7,APB,no_hyp,no_hyp,no_hyp,ok,ok,
5653,,23706.2,39907.0,APB,no_hyp,no_hyp,no_hyp,ok,ok,
5654,,29257.8,49254.2,APB,no_hyp,no_hyp,no_hyp,ok,ok,
5655,,38653.8,65069.6,APB,no_hyp,no_hyp,no_hyp,ok,ok,
5656,顺成嘉苑,195410.1,328964.6,APB,no_hyp,no_hyp,no_hyp,ok,ok,
5657,,453022.7,760960.8,APB,no_hyp,no_hyp,no_hyp,ok,ok,
5658,,419977.4,704789.2,APB,no_hyp,no_hyp,no_hyp,ok,ok,
5659,,255613.7,429769.9,APB,no_hyp,no_hyp,no_hyp,ok,ok,
5660,,324412.2,544054.9,APB,no_hyp,no_hyp,no_hyp,ok,ok,
5661,,328777.9,551159.6,APB,no_hyp,no_hyp,no_hyp,ok,ok,
5662,,281916.7,472543.0,APB,no_hyp,no_hyp,no_hyp,ok,ok,
5663,,482465.4,808979.2,APB,no_hyp,no_hyp,no_hyp,ok,ok,
5664,,400901.1,672260.2,APB,no_hyp,no_hyp,no_hyp,ok,ok,
5665,,200150.9,336069.5,APB,no_hyp,no_hyp,no_hyp,ok,ok,
5666,,11419.4,19173.3,APB,no_hyp,no_hyp,no_hyp,ok,ok,
5667,,55691.9,93481.5,APB,no_hyp,no_hyp,no_hyp,ok,ok,
5668,,11056.0,18558.5,APB,no_hyp,no_hyp,no_hyp,ok,ok,
5669,,16571.4,27815.8,APB,no_hyp,no_hyp,no_hyp,ok,ok,
5670,,112587.5,189000.8,APB,no_hyp,no_hyp,no_hyp,ok,ok,
5671,,59852.3,100387.0,APB,no_hyp,no_hyp,no_hyp,ok,ok,
5672,,382015.2,640831.4,APB,no_hyp,no_hyp,no_hyp,ok,ok,
5673,,838433.8,1405515.8,APB,no_hyp,no_hyp,no_hyp,ok,ok,
5674,,112672.5,188707.1,APB,no_hyp,no_hyp,no_hyp,ok,ok,
5675,,443946.6,743615.3,APB,no_hyp,no_hyp,no_hyp,ok,ok,
5676,,432893.1,725016.9,APB,no_hyp,no_hyp,no_hyp,ok,ok,
5677,,675464.7,1131569.9,APB,no_hyp,no_hyp,no_hyp,ok,ok,
5678,,735186.8,1231853.1,APB,no_hyp,no_hyp,no_hyp,ok,ok,
5679,,526676.8,882630.3,APB,no_hyp,no_hyp,no_hyp,ok,ok,
5680,,74956.6,125647.3,APB,no_hyp,no_hyp,no_hyp,ok,ok,
5681,,48766.3,81670.6,APB,no_hyp,no_hyp,no_hyp,ok,ok,
5682,,97861.2,163878.6,APB,no_hyp,no_hyp,no_hyp,ok,ok,
5683,,41939.6,70240.9,APB,no_hyp,no_hyp,no_hyp,ok,ok,
5684,,382495.1,641193.8,APB,no_hyp,no_hyp,no_hyp,ok,ok,
5685,,301135.5,505046.7,APB,no_hyp,no_hyp,no_hyp,ok,ok,
5686,,14425.8,24194.9,APB,no_hyp,no_hyp,no_hyp,ok,ok,
5687,,224299.2,376295.6,APB,no_hyp,no_hyp,no_hyp,ok,ok,
5688,,45869.0,76951.1,APB,no_hyp,no_hyp,no_hyp,ok,ok,
5689,,75559.7,126780.0,APB,no_hyp,no_hyp,no_hyp,ok,ok,
5690,,67849.4,113856.8,APB,no_hyp,no_hyp,no_hyp,ok,ok,
5691,,49257.8,82676.6,APB,no_hyp,no_hyp,no_hyp,ok,ok,
5692,,14286.9,23980.4,APB,no_hyp,no_hyp,no_hyp,ok,ok,
5693,,1082355.0,1814966.5,APB,no_hyp,no_hyp,no_hyp,ok,ok,
5694,,322860.5,541380.7,APB,no_hyp,no_hyp,no_hyp,ok,ok,
5695,,171584.5,287819.6,APB,no_hyp,no_hyp,no_hyp,ok,ok,
5696,,197242.3,330850.5,APB,no_hyp,no_hyp,no_hyp,ok,ok,
5697,,235613.1,395464.5,APB,no_hyp,no_hyp,no_hyp,ok,ok,
5698,,158984.2,266734.1,APB,no_hyp,no_hyp,no_hyp,ok,ok,
5699,,374663.3,628383.1,APB,no_hyp,no_hyp,no_hyp,ok,ok,
5700,,125699.3,210860.1,APB,no_hyp,no_hyp,no_hyp,ok,ok,
5701,,217433.9,364806.5,APB,no_hyp,no_hyp,no_hyp,ok,ok,
5702,青年公寓,138424.4,232587.9,APB,no_hyp,no_hyp,no_hyp,ok,ok,
5703,,42635.4,71640.1,APB,no_hyp,no_hyp,no_hyp,ok,ok,
5704,,79045.3,132576.0,APB,no_hyp,no_hyp,no_hyp,ok,ok,
5705,,61302.6,102835.2,APB,no_hyp,no_hyp,no_hyp,ok,ok,
5706,,100747.1,169571.1,APB,no_hyp,no_hyp,no_hyp,ok,ok,
5707,,398079.0,670119.7,APB,no_hyp,no_hyp,no_hyp,ok,ok,
5708,,402774.3,677990.3,APB,no_hyp,no_hyp,no_hyp,ok,ok,
5709,,182107.8,306517.4,APB,no_hyp,no_hyp,no_hyp,ok,ok,
5710,,89790.2,151110.6,APB,no_hyp,no_hyp,no_hyp,ok,ok,
5711,,198933.7,334781.8,APB,no_hyp,no_hyp,no_hyp,ok,ok,
5712,,108392.2,182385.0,APB,no_hyp,no_hyp,no_hyp,ok,ok,
5713,,90853.4,152744.9,APB,no_hyp,no_hyp,no_hyp,ok,ok,
5714,,103531.9,174079.2,APB,no_hyp,no_hyp,no_hyp,ok,ok,
5715,,178549.4,300212.1,APB,no_hyp,no_hyp,no_hyp,ok,ok,
5716,,226502.6,380777.4,APB,no_hyp,no_hyp,no_hyp,ok,ok,
5717,,606544.0,1020148.2,APB,no_hyp,no_hyp,no_hyp,ok,ok,
5718,,80602.5,135615.6,APB,no_hyp,no_hyp,no_hyp,ok,ok,
5719,,490252.6,824918.9,APB,no_hyp,no_hyp,no_hyp,ok,ok,
5720,,723253.3,1217076.4,APB,no_hyp,no_hyp,no_hyp,ok,ok,
5721,,537631.4,904785.3,APB,no_hyp,no_hyp,no_hyp,ok,ok,
5722,,249523.7,419880.8,APB,no_hyp,no_hyp,no_hyp,ok,ok,
5723,,229346.5,385891.9,APB,no_hyp,no_hyp,no_hyp,ok,ok,
5724,,218987.1,368451.5,APB,no_hyp,no_hyp,no_hyp,ok,ok,
5725,,114196.2,192039.4,APB,no_hyp,no_hyp,no_hyp,ok,ok,
5726,,73000.5,122726.3,APB,no_hyp,no_hyp,no_hyp,ok,ok,
5727,,253253.9,425630.8,APB,no_hyp,no_hyp,no_hyp,ok,ok,
5728,,1070298.0,1798627.7,APB,no_hyp,no_hyp,no_hyp,ok,ok,
5729,,199767.0,335767.4,APB,no_hyp,no_hyp,no_hyp,ok,ok,
5730,,239859.7,402989.2,APB,no_hyp,no_hyp,no_hyp,ok,ok,
5731,,52311.0,87879.0,APB,no_hyp,no_hyp,no_hyp,ok,ok,
5732,,144816.7,243280.8,APB,no_hyp,no_hyp,no_hyp,ok,ok,
5733,,402356.8,676025.3,APB,no_hyp,no_hyp,no_hyp,ok,ok,
5734,,184968.1,310843.8,APB,no_hyp,no_hyp,no_hyp,ok,ok,
5735,,340185.9,571753.9,APB,no_hyp,no_hyp,no_hyp,ok,ok,
5736,,200155.9,336452.7,APB,no_hyp,no_hyp,no_hyp,ok,ok,
5737,,43554.1,73215.7,APB,no_hyp,no_hyp,no_hyp,ok,ok,
5738,,100833.6,169508.7,APB,no_hyp,no_hyp,no_hyp,ok,ok,
5739,,114230.0,192105.7,APB,no_hyp,no_hyp,no_hyp,ok,ok,
5740,,162521.2,273384.0,APB,no_hyp,no_hyp,no_hyp,ok,ok,
5741,,58884.7,99063.5,APB,no_hyp,no_hyp,no_hyp,ok,ok,
5742,,232915.9,391939.4,APB,no_hyp,no_hyp,no_hyp,ok,ok,
5743,,236420.0,398002.3,APB,no_hyp,no_hyp,no_hyp,ok,ok,
5744,,290385.5,488562.6,APB,no_hyp,no_hyp,no_hyp,ok,ok,
5745,,384500.3,646856.2,APB,no_hyp,no_hyp,no_hyp,ok,ok,
5746,,296704.8,499072.5,APB,no_hyp,no_hyp,no_hyp,ok,ok,
5747,,256059.5,430631.4,APB,no_hyp,no_hyp,no_hyp,ok,ok,
5748,,57026.8,95893.9,APB,no_hyp,no_hyp,no_hyp,ok,ok,
5749,,397082.7,667642.5,APB,no_hyp,no_hyp,no_hyp,ok,ok,
5750,,152275.0,256012.3,APB,no_hyp,no_hyp,no_hyp,ok,ok,
5751,,212105.0,356166.2,APB,no_hyp,no_hyp,no_hyp,ok,ok,
5752,,301362.6,505984.7,APB,no_hyp,no_hyp,no_hyp,ok,ok,
5753,,112467.8,188861.7,APB,no_hyp,no_hyp,no_hyp,ok,ok,
5754,,133390.5,224001.3,APB,no_hyp,no_hyp,no_hyp,ok,ok,
5755,,219751.1,368471.7,APB,no_hyp,no_hyp,no_hyp,ok,ok,
5756,,36651.0,61618.5,APB,no_hyp,no_hyp,no_hyp,ok,ok,
5757,灵山风景区游客服务中心（装修中）,71817.2,122071.7,APB,no_hyp,no_hyp,no_hyp,ok,ok,
5758,,50155.2,84558.7,APB,no_hyp,no_hyp,no_hyp,ok,ok,
5759,,6892.2,11620.7,APB,no_hyp,no_hyp,no_hyp,ok,ok,
5760,,9944.9,16878.3,APB,no_hyp,no_hyp,no_hyp,ok,ok,
5761,,21408.0,36404.2,APB,no_hyp,no_hyp,no_hyp,ok,ok,
5762,,4427.0,7529.2,APB,no_hyp,no_hyp,no_hyp,ok,ok,
5763,,391438.0,666721.2,APB,no_hyp,no_hyp,no_hyp,ok,ok,
5764,,64083.8,109123.5,APB,no_hyp,no_hyp,no_hyp,ok,ok,
5765,,254838.6,434187.0,APB,no_hyp,no_hyp,no_hyp,ok,ok,
5766,,424924.5,724153.7,APB,no_hyp,no_hyp,no_hyp,ok,ok,
5767,颐西庄园,313275.2,532280.2,APB,no_hyp,no_hyp,no_hyp,ok,ok,
5768,,492946.1,826380.5,APB,no_hyp,no_hyp,no_hyp,ok,ok,
5769,,62921.8,105469.4,APB,no_hyp,no_hyp,no_hyp,ok,ok,
5770,,278374.6,466639.6,APB,no_hyp,no_hyp,no_hyp,ok,ok,
5771,,28002.0,46944.7,APB,no_hyp,no_hyp,no_hyp,ok,ok,
5772,,577882.3,968942.6,APB,no_hyp,no_hyp,no_hyp,ok,ok,
5773,,471293.0,789882.8,APB,no_hyp,no_hyp,no_hyp,ok,ok,
5774,,372681.9,624721.8,APB,no_hyp,no_hyp,no_hyp,ok,ok,
5775,,81215.7,136074.1,APB,no_hyp,no_hyp,no_hyp,ok,ok,
5776,,263826.5,442506.6,APB,no_hyp,no_hyp,no_hyp,ok,ok,
5777,,795865.5,1334665.8,APB,no_hyp,no_hyp,no_hyp,ok,ok,
5778,,78140.4,131473.6,APB,no_hyp,no_hyp,no_hyp,ok,ok,
5779,,181498.8,305232.5,APB,no_hyp,no_hyp,no_hyp,ok,ok,
5780,,268648.2,461752.6,APB,no_hyp,no_hyp,no_hyp,ok,ok,
5781,,415141.5,713701.4,APB,no_hyp,no_hyp,no_hyp,ok,ok,
5782,,114170.0,196404.7,APB,no_hyp,no_hyp,no_hyp,ok,ok,
5783,,58379.8,100425.4,APB,no_hyp,no_hyp,no_hyp,ok,ok,
5784,,40189.9,69129.6,APB,no_hyp,no_hyp,no_hyp,ok,ok,
5785,,84370.4,145193.2,APB,no_hyp,no_hyp,no_hyp,ok,ok,
5786,,94027.2,161824.0,APB,no_hyp,no_hyp,no_hyp,ok,ok,
5787,,126623.5,217910.2,APB,no_hyp,no_hyp,no_hyp,ok,ok,
5788,,66995.9,115282.1,APB,no_hyp,no_hyp,no_hyp,ok,ok,
5789,,146423.3,251898.6,APB,no_hyp,no_hyp,no_hyp,ok,ok,
5790,,310514.3,534272.6,APB,no_hyp,no_hyp,no_hyp,ok,ok,
5791,,8096.8,13925.1,APB,no_hyp,no_hyp,no_hyp,ok,ok,
5792,,48160.6,82830.3,APB,no_hyp,no_hyp,no_hyp,ok,ok,
5793,,69525.7,119555.1,APB,no_hyp,no_hyp,no_hyp,ok,ok,
5794,,22877.4,39344.7,APB,no_hyp,no_hyp,no_hyp,ok,ok,
5795,,19081.1,32819.2,APB,no_hyp,no_hyp,no_hyp,ok,ok,
5796,,5793.7,9965.0,APB,no_hyp,no_hyp,no_hyp,ok,ok,
5797,,53937.0,92750.3,APB,no_hyp,no_hyp,no_hyp,ok,ok,
5798,,18309.9,31486.7,APB,no_hyp,no_hyp,no_hyp,ok,ok,
5799,,58824.0,101144.2,APB,no_hyp,no_hyp,no_hyp,ok,ok,
5800,,46476.7,79915.3,APB,no_hyp,no_hyp,no_hyp,ok,ok,
5801,,23349.3,40133.4,APB,no_hyp,no_hyp,no_hyp,ok,ok,
5802,,29458.2,50639.2,APB,no_hyp,no_hyp,no_hyp,ok,ok,
5803,,16792.9,28866.2,APB,no_hyp,no_hyp,no_hyp,ok,ok,
5804,,137698.7,236602.1,APB,no_hyp,no_hyp,no_hyp,ok,ok,
5805,,71542.8,122930.7,APB,no_hyp,no_hyp,no_hyp,ok,ok,
5806,,57592.4,99013.6,APB,no_hyp,no_hyp,no_hyp,ok,ok,
5807,,39524.2,67949.4,APB,no_hyp,no_hyp,no_hyp,ok,ok,
5808,,11714.8,20138.8,APB,no_hyp,no_hyp,no_hyp,ok,ok,
5809,,9498.0,16327.2,APB,no_hyp,no_hyp,no_hyp,ok,ok,
5810,,10684.3,18366.1,APB,no_hyp,no_hyp,no_hyp,ok,ok,
5811,,7852.7,13498.6,APB,no_hyp,no_hyp,no_hyp,ok,ok,
5812,,6785.4,11663.8,APB,no_hyp,no_hyp,no_hyp,ok,ok,
5813,,4896.2,8416.2,APB,no_hyp,no_hyp,no_hyp,ok,ok,
5814,,20816.8,35782.0,APB,no_hyp,no_hyp,no_hyp,ok,ok,
5815,,214018.3,367786.1,APB,no_hyp,no_hyp,no_hyp,ok,ok,
5816,,532398.6,914637.5,APB,no_hyp,no_hyp,no_hyp,ok,ok,
5817,,140839.3,241937.4,APB,no_hyp,no_hyp,no_hyp,ok,ok,
5818,,161274.2,277076.1,APB,no_hyp,no_hyp,no_hyp,ok,ok,
5819,,239415.5,411301.6,APB,no_hyp,no_hyp,no_hyp,ok,ok,
5820,,57520.0,98803.1,APB,no_hyp,no_hyp,no_hyp,ok,ok,
5821,,44837.4,77051.2,APB,no_hyp,no_hyp,no_hyp,ok,ok,
5822,,24370.1,41875.1,APB,no_hyp,no_hyp,no_hyp,ok,ok,
5823,,36147.3,62097.2,APB,no_hyp,no_hyp,no_hyp,ok,ok,
5824,,75655.1,129998.1,APB,no_hyp,no_hyp,no_hyp,ok,ok,
5825,,36431.2,62602.3,APB,no_hyp,no_hyp,no_hyp,ok,ok,
5826,,210822.7,363221.1,APB,no_hyp,no_hyp,no_hyp,ok,ok,
5827,,58043.2,100013.8,APB,no_hyp,no_hyp,no_hyp,ok,ok,
5828,,28654.1,49356.0,APB,no_hyp,no_hyp,no_hyp,ok,ok,
5829,,22052.0,37957.2,APB,no_hyp,no_hyp,no_hyp,ok,ok,
5830,,45292.6,77964.2,APB,no_hyp,no_hyp,no_hyp,ok,ok,
5831,,6941.0,11944.4,APB,no_hyp,no_hyp,no_hyp,ok,ok,
5832,,49549.1,85263.7,APB,no_hyp,no_hyp,no_hyp,ok,ok,
5833,,18702.7,32167.2,APB,no_hyp,no_hyp,no_hyp,ok,ok,
5834,,45469.6,78180.6,APB,no_hyp,no_hyp,no_hyp,ok,ok,
5835,,72819.6,125151.1,APB,no_hyp,no_hyp,no_hyp,ok,ok,
5836,,50458.1,86700.2,APB,no_hyp,no_hyp,no_hyp,ok,ok,
5837,,49636.6,85293.6,APB,no_hyp,no_hyp,no_hyp,ok,ok,
5838,,40885.5,70202.5,APB,no_hyp,no_hyp,no_hyp,ok,ok,
5839,,40495.1,69539.0,APB,no_hyp,no_hyp,no_hyp,ok,ok,
5840,,15304.5,26280.4,APB,no_hyp,no_hyp,no_hyp,ok,ok,
5841,,74077.0,127126.4,APB,no_hyp,no_hyp,no_hyp,ok,ok,
5842,,444638.9,762984.2,APB,no_hyp,no_hyp,no_hyp,ok,ok,
5843,,133634.1,229363.6,APB,no_hyp,no_hyp,no_hyp,ok,ok,
5844,,28383.3,48711.4,APB,no_hyp,no_hyp,no_hyp,ok,ok,
5845,,29398.0,50452.2,APB,no_hyp,no_hyp,no_hyp,ok,ok,
5846,,228208.3,391869.7,APB,no_hyp,no_hyp,no_hyp,ok,ok,
5847,,590250.7,1013422.3,APB,no_hyp,no_hyp,no_hyp,ok,ok,
5848,,153857.2,264107.4,APB,no_hyp,no_hyp,no_hyp,ok,ok,
5849,,658000.4,1129518.1,APB,no_hyp,no_hyp,no_hyp,ok,ok,
5850,,33092.1,56814.9,APB,no_hyp,no_hyp,no_hyp,ok,ok,
5851,,139068.4,238668.5,APB,no_hyp,no_hyp,no_hyp,ok,ok,
5852,,568665.1,977025.4,APB,no_hyp,no_hyp,no_hyp,ok,ok,
5853,,251147.6,431440.3,APB,no_hyp,no_hyp,no_hyp,ok,ok,
5854,,67597.1,116249.8,APB,no_hyp,no_hyp,no_hyp,ok,ok,
5855,,223225.7,383754.1,APB,no_hyp,no_hyp,no_hyp,ok,ok,
5856,,79195.1,136121.5,APB,no_hyp,no_hyp,no_hyp,ok,ok,
5857,,26613.4,45743.5,APB,no_hyp,no_hyp,no_hyp,ok,ok,
5858,,69104.4,118783.0,APB,no_hyp,no_hyp,no_hyp,ok,ok,
5859,,58248.1,100115.2,APB,no_hyp,no_hyp,no_hyp,ok,ok,
5860,,45782.7,78688.1,APB,no_hyp,no_hyp,no_hyp,ok,ok,
5861,,321359.6,539527.0,APB,no_hyp,no_hyp,no_hyp,ok,ok,
5862,,256261.2,430283.7,APB,no_hyp,no_hyp,no_hyp,ok,ok,
5863,,113759.1,190469.1,APB,no_hyp,no_hyp,no_hyp,ok,ok,
5864,,356109.1,596426.8,APB,no_hyp,no_hyp,no_hyp,ok,ok,
5865,,109875.3,184040.5,APB,no_hyp,no_hyp,no_hyp,ok,ok,
5866,,43332.3,72590.9,APB,no_hyp,no_hyp,no_hyp,ok,ok,
5867,,182491.3,305736.5,APB,no_hyp,no_hyp,no_hyp,ok,ok,
5868,,38071.1,63790.3,APB,no_hyp,no_hyp,no_hyp,ok,ok,
5869,,270470.2,453143.2,APB,no_hyp,no_hyp,no_hyp,ok,ok,
5870,,676744.5,1132672.0,APB,no_hyp,no_hyp,no_hyp,ok,ok,
5871,,171193.0,286616.4,APB,no_hyp,no_hyp,no_hyp,ok,ok,
5872,,144958.2,242678.0,APB,no_hyp,no_hyp,no_hyp,ok,ok,
5873,,40812.2,68346.2,APB,no_hyp,no_hyp,no_hyp,ok,ok,
5874,,38038.1,63698.3,APB,no_hyp,no_hyp,no_hyp,ok,ok,
5875,,38140.1,63866.2,APB,no_hyp,no_hyp,no_hyp,ok,ok,
5876,,25681.2,43098.9,APB,no_hyp,no_hyp,no_hyp,ok,ok,
5877,,166460.6,279005.2,APB,no_hyp,no_hyp,no_hyp,ok,ok,
5878,,253719.1,425199.9,APB,no_hyp,no_hyp,no_hyp,ok,ok,
5879,,30985.3,51926.6,APB,no_hyp,no_hyp,no_hyp,ok,ok,
5880,,64670.5,108433.9,APB,no_hyp,no_hyp,no_hyp,ok,ok,
5881,,25181.7,42239.4,APB,no_hyp,no_hyp,no_hyp,ok,ok,
5882,,129320.3,220104.2,APB,no_hyp,no_hyp,no_hyp,ok,ok,
5883,,261414.8,444859.6,APB,no_hyp,no_hyp,no_hyp,ok,ok,
5884,,24076.0,40449.5,APB,no_hyp,no_hyp,no_hyp,ok,ok,
5885,,46491.0,78189.4,APB,no_hyp,no_hyp,no_hyp,ok,ok,
5886,,529861.2,891325.7,APB,no_hyp,no_hyp,no_hyp,ok,ok,
5887,,163295.7,274512.6,APB,no_hyp,no_hyp,no_hyp,ok,ok,
5888,,50151.8,84342.4,APB,no_hyp,no_hyp,no_hyp,ok,ok,
5889,,629404.0,1058187.6,APB,no_hyp,no_hyp,no_hyp,ok,ok,
5890,,2155.8,3652.3,APB,no_hyp,no_hyp,no_hyp,ok,ok,
5891,,223813.5,376934.9,APB,no_hyp,no_hyp,no_hyp,ok,ok,
5892,,506866.7,853552.5,APB,no_hyp,no_hyp,no_hyp,ok,ok,
5893,,594093.1,1000249.6,APB,no_hyp,no_hyp,no_hyp,ok,ok,
5894,,262166.5,441677.1,APB,no_hyp,no_hyp,no_hyp,ok,ok,
5895,,214673.9,361690.6,APB,no_hyp,no_hyp,no_hyp,ok,ok,
5896,,624175.0,1051678.1,APB,no_hyp,no_hyp,no_hyp,ok,ok,
5897,,109717.3,185352.3,APB,no_hyp,no_hyp,no_hyp,ok,ok,
5898,,49192.8,83087.2,APB,no_hyp,no_hyp,no_hyp,ok,ok,
5899,,39343.0,66448.7,APB,no_hyp,no_hyp,no_hyp,ok,ok,
5900,,67387.1,113789.5,APB,no_hyp,no_hyp,no_hyp,ok,ok,
5901,,150363.5,253876.5,APB,no_hyp,no_hyp,no_hyp,ok,ok,
5902,,96894.9,163586.6,APB,no_hyp,no_hyp,no_hyp,ok,ok,
5903,,136804.7,231047.3,APB,no_hyp,no_hyp,no_hyp,ok,ok,
5904,,103527.0,174854.6,APB,no_hyp,no_hyp,no_hyp,ok,ok,
5905,,39062.4,65976.0,APB,no_hyp,no_hyp,no_hyp,ok,ok,
5906,,10140.0,17125.6,APB,no_hyp,no_hyp,no_hyp,ok,ok,
5907,,46472.0,78549.3,APB,no_hyp,no_hyp,no_hyp,ok,ok,
5908,,47575.3,80695.9,APB,no_hyp,no_hyp,no_hyp,ok,ok,
5909,,9876.7,16693.0,APB,no_hyp,no_hyp,no_hyp,ok,ok,
5910,,42000.8,71053.5,APB,no_hyp,no_hyp,no_hyp,ok,ok,
5911,南辛房,326616.4,552701.1,APB,no_hyp,no_hyp,no_hyp,ok,ok,
5912,,837.8,1419.4,APB,no_hyp,no_hyp,no_hyp,ok,ok,
5913,,3111.8,5272.3,APB,no_hyp,no_hyp,no_hyp,ok,ok,
5914,,86855.9,147025.5,APB,no_hyp,no_hyp,no_hyp,ok,ok,
5915,北京城建畅悦居-西区,80063.8,136335.1,APB,no_hyp,no_hyp,no_hyp,ok,ok,
5916,北京城建龙樾华府,37474.7,63814.4,APB,no_hyp,no_hyp,no_hyp,ok,ok,
5917,,67347.0,113906.3,APB,no_hyp,no_hyp,no_hyp,ok,ok,
5918,,24258.5,41003.8,APB,no_hyp,no_hyp,no_hyp,ok,ok,
5919,,927844.3,1568587.5,APB,no_hyp,no_hyp,no_hyp,ok,ok,
5920,,66872.7,113060.7,APB,no_hyp,no_hyp,no_hyp,ok,ok,
5921,,91360.5,154456.5,APB,no_hyp,no_hyp,no_hyp,ok,ok,
5922,沙锅,469730.4,793677.8,APB,no_hyp,no_hyp,no_hyp,ok,ok,
5923,侯家峪,197871.0,334253.3,APB,no_hyp,no_hyp,no_hyp,ok,ok,
5924,下庄,236956.4,400228.6,APB,no_hyp,no_hyp,no_hyp,ok,ok,
5925,,279190.9,471417.5,APB,no_hyp,no_hyp,no_hyp,ok,ok,
5926,西王佐,186729.2,315261.1,APB,no_hyp,no_hyp,no_hyp,ok,ok,
5927,刘太庄,136421.9,230283.7,APB,no_hyp,no_hyp,no_hyp,ok,ok,
5928,,9125.1,15402.6,APB,no_hyp,no_hyp,no_hyp,ok,ok,
5929,瓦窑,176564.1,298200.9,APB,no_hyp,no_hyp,no_hyp,ok,ok,
5930,大富庄,295867.7,499756.4,APB,no_hyp,no_hyp,no_hyp,ok,ok,
5931,西庄店,144152.7,243586.5,APB,no_hyp,no_hyp,no_hyp,ok,ok,
5932,后甫营,124079.5,209707.9,APB,no_hyp,no_hyp,no_hyp,ok,ok,
5933,小店,163066.1,275559.2,APB,no_hyp,no_hyp,no_hyp,ok,ok,
5934,,70490.1,119812.4,APB,no_hyp,no_hyp,no_hyp,ok,ok,
5935,,48842.8,82995.9,APB,no_hyp,no_hyp,no_hyp,ok,ok,
5936,,19899.4,33811.0,APB,no_hyp,no_hyp,no_hyp,ok,ok,
5937,,128755.6,218528.9,APB,no_hyp,no_hyp,no_hyp,ok,ok,
5938,,20155.4,34206.4,APB,no_hyp,no_hyp,no_hyp,ok,ok,
5939,,107931.9,183211.4,APB,no_hyp,no_hyp,no_hyp,ok,ok,
5940,,9605.7,16301.4,APB,no_hyp,no_hyp,no_hyp,ok,ok,
5941,,14287.2,24247.1,APB,no_hyp,no_hyp,no_hyp,ok,ok,
5942,,56697.0,95329.2,APB,no_hyp,no_hyp,no_hyp,ok,ok,
5943,,33008.2,55497.8,APB,no_hyp,no_hyp,no_hyp,ok,ok,
5944,,20360.5,34235.6,APB,no_hyp,no_hyp,no_hyp,ok,ok,
5945,,22994.3,38665.1,APB,no_hyp,no_hyp,no_hyp,ok,ok,
5946,,5669.1,9532.7,APB,no_hyp,no_hyp,no_hyp,ok,ok,
5947,,75019.1,126029.2,APB,no_hyp,no_hyp,no_hyp,ok,ok,
5948,,1844.9,3101.8,APB,no_hyp,no_hyp,no_hyp,ok,ok,
5949,,1519.3,2554.3,APB,no_hyp,no_hyp,no_hyp,ok,ok,
5950,,41837.0,70354.0,APB,no_hyp,no_hyp,no_hyp,ok,ok,
5951,,39726.6,66807.3,APB,no_hyp,no_hyp,no_hyp,ok,ok,
5952,,4099.7,6894.6,APB,no_hyp,no_hyp,no_hyp,ok,ok,
5953,,12534.7,21078.8,APB,no_hyp,no_hyp,no_hyp,ok,ok,
5954,,5486.4,9224.3,APB,no_hyp,no_hyp,no_hyp,ok,ok,
5955,,1836.0,3086.9,APB,no_hyp,no_hyp,no_hyp,ok,ok,
5956,,30544.5,51432.9,APB,no_hyp,no_hyp,no_hyp,ok,ok,
5957,,4292.1,7227.6,APB,no_hyp,no_hyp,no_hyp,ok,ok,
5958,,74261.9,125112.1,APB,no_hyp,no_hyp,no_hyp,ok,ok,
5959,,4306.7,7255.3,APB,no_hyp,no_hyp,no_hyp,ok,ok,
5960,,140191.5,236132.2,APB,no_hyp,no_hyp,no_hyp,ok,ok,
5961,,16617.0,28002.8,APB,no_hyp,no_hyp,no_hyp,ok,ok,
5962,,32844.0,55370.9,APB,no_hyp,no_hyp,no_hyp,ok,ok,
5963,,18860.2,31808.4,APB,no_hyp,no_hyp,no_hyp,ok,ok,
5964,,22450.7,37867.0,APB,no_hyp,no_hyp,no_hyp,ok,ok,
5965,,102002.2,172037.1,APB,no_hyp,no_hyp,no_hyp,ok,ok,
5966,,35714.4,60258.8,APB,no_hyp,no_hyp,no_hyp,ok,ok,
5967,,3882.0,6550.3,APB,no_hyp,no_hyp,no_hyp,ok,ok,
5968,,53254.3,89893.0,APB,no_hyp,no_hyp,no_hyp,ok,ok,
5969,,17224.6,29077.8,APB,no_hyp,no_hyp,no_hyp,ok,ok,
5970,,15700.1,26506.0,APB,no_hyp,no_hyp,no_hyp,ok,ok,
5971,,26074.2,44035.2,APB,no_hyp,no_hyp,no_hyp,ok,ok,
5972,,29015.6,49015.2,APB,no_hyp,no_hyp,no_hyp,ok,ok,
5973,,10770.9,18192.4,APB,no_hyp,no_hyp,no_hyp,ok,ok,
5974,,66513.5,112352.9,APB,no_hyp,no_hyp,no_hyp,ok,ok,
5975,,10778.4,18205.9,APB,no_hyp,no_hyp,no_hyp,ok,ok,
5976,,18111.8,30546.5,APB,no_hyp,no_hyp,no_hyp,ok,ok,
5977,,9407.4,15858.7,APB,no_hyp,no_hyp,no_hyp,ok,ok,
5978,,119740.9,202007.9,APB,no_hyp,no_hyp,no_hyp,ok,ok,
5979,,21276.9,35888.2,APB,no_hyp,no_hyp,no_hyp,ok,ok,
5980,,106866.8,179433.5,APB,no_hyp,no_hyp,no_hyp,ok,ok,
5981,,55936.9,94016.1,APB,no_hyp,no_hyp,no_hyp,ok,ok,
5982,,87475.2,147015.5,APB,no_hyp,no_hyp,no_hyp,ok,ok,
5983,,3661.5,6153.6,APB,no_hyp,no_hyp,no_hyp,ok,ok,
5984,,28268.9,47511.4,APB,no_hyp,no_hyp,no_hyp,ok,ok,
5985,,5368.0,9022.4,APB,no_hyp,no_hyp,no_hyp,ok,ok,
5986,,207214.3,348224.4,APB,no_hyp,no_hyp,no_hyp,ok,ok,
5987,,45309.3,76142.2,APB,no_hyp,no_hyp,no_hyp,ok,ok,
5988,,6388.8,10737.0,APB,no_hyp,no_hyp,no_hyp,ok,ok,
5989,,11598.5,19490.5,APB,no_hyp,no_hyp,no_hyp,ok,ok,
5990,,4571.6,7682.0,APB,no_hyp,no_hyp,no_hyp,ok,ok,
5991,,21611.7,36314.2,APB,no_hyp,no_hyp,no_hyp,ok,ok,
5992,,52592.2,88384.1,APB,no_hyp,no_hyp,no_hyp,ok,ok,
5993,,11725.5,19701.0,APB,no_hyp,no_hyp,no_hyp,ok,ok,
5994,,87357.3,146797.5,APB,no_hyp,no_hyp,no_hyp,ok,ok,
5995,,9418.2,15827.8,APB,no_hyp,no_hyp,no_hyp,ok,ok,
5996,,62490.6,105045.1,APB,no_hyp,no_hyp,no_hyp,ok,ok,
5997,,6762.6,11367.7,APB,no_hyp,no_hyp,no_hyp,ok,ok,
5998,,15339.2,25786.4,APB,no_hyp,no_hyp,no_hyp,ok,ok,
5999,,9632.1,16193.1,APB,no_hyp,no_hyp,no_hyp,ok,ok,
6000,,22661.6,38119.1,APB,no_hyp,no_hyp,no_hyp,ok,ok,
6001,,5160.3,8681.6,APB,no_hyp,no_hyp,no_hyp,ok,ok,
6002,,15979.0,26883.7,APB,no_hyp,no_hyp,no_hyp,ok,ok,
6003,,13247.4,22275.0,APB,no_hyp,no_hyp,no_hyp,ok,ok,
6004,,91115.6,152961.7,APB,no_hyp,no_hyp,no_hyp,ok,ok,
6005,,4537.3,7618.1,APB,no_hyp,no_hyp,no_hyp,ok,ok,
6006,,38977.5,65457.3,APB,no_hyp,no_hyp,no_hyp,ok,ok,
6007,,153236.0,257368.8,APB,no_hyp,no_hyp,no_hyp,ok,ok,
6008,,14661.5,24628.1,APB,no_hyp,no_hyp,no_hyp,ok,ok,
6009,,5487.0,9221.7,APB,no_hyp,no_hyp,no_hyp,ok,ok,
6010,,9698.4,16300.7,APB,no_hyp,no_hyp,no_hyp,ok,ok,
6011,,7613.2,12795.2,APB,no_hyp,no_hyp,no_hyp,ok,ok,
6012,,12481.5,20977.1,APB,no_hyp,no_hyp,no_hyp,ok,ok,
6013,,14862.2,24981.1,APB,no_hyp,no_hyp,no_hyp,ok,ok,
6014,,7850.5,13195.0,APB,no_hyp,no_hyp,no_hyp,ok,ok,
6015,,33818.6,56810.3,APB,no_hyp,no_hyp,no_hyp,ok,ok,
6016,,13091.8,21992.0,APB,no_hyp,no_hyp,no_hyp,ok,ok,
6017,,6499.7,10910.8,APB,no_hyp,no_hyp,no_hyp,ok,ok,
6018,,50262.7,84383.7,APB,no_hyp,no_hyp,no_hyp,ok,ok,
6019,,131392.5,220594.1,APB,no_hyp,no_hyp,no_hyp,ok,ok,
6020,,14617.5,24542.9,APB,no_hyp,no_hyp,no_hyp,ok,ok,
6021,,57815.2,97082.3,APB,no_hyp,no_hyp,no_hyp,ok,ok,
6022,,8754.1,14698.7,APB,no_hyp,no_hyp,no_hyp,ok,ok,
6023,,13238.2,22238.1,APB,no_hyp,no_hyp,no_hyp,ok,ok,
6024,,9604.2,16133.9,APB,no_hyp,no_hyp,no_hyp,ok,ok,
6025,,8440.8,14179.6,APB,no_hyp,no_hyp,no_hyp,ok,ok,
6026,,20047.8,33677.9,APB,no_hyp,no_hyp,no_hyp,ok,ok,
6027,,5710.5,9594.9,APB,no_hyp,no_hyp,no_hyp,ok,ok,
6028,,63784.5,107217.0,APB,no_hyp,no_hyp,no_hyp,ok,ok,
6029,怡丽南园,30521.6,51769.2,APB,no_hyp,no_hyp,no_hyp,ok,ok,
6030,,10252.2,17251.8,APB,no_hyp,no_hyp,no_hyp,ok,ok,
6031,,5498.3,9252.8,APB,no_hyp,no_hyp,no_hyp,ok,ok,
6032,,6685.1,11244.4,APB,no_hyp,no_hyp,no_hyp,ok,ok,
6033,,2251.2,3786.4,APB,no_hyp,no_hyp,no_hyp,ok,ok,
6034,,12700.5,21360.5,APB,no_hyp,no_hyp,no_hyp,ok,ok,
6035,,6120.9,10297.1,APB,no_hyp,no_hyp,no_hyp,ok,ok,
6036,,11548.1,19427.8,APB,no_hyp,no_hyp,no_hyp,ok,ok,
6037,,3505.0,5896.6,APB,no_hyp,no_hyp,no_hyp,ok,ok,
6038,,2269.5,3818.0,APB,no_hyp,no_hyp,no_hyp,ok,ok,
6039,,13239.2,22254.1,APB,no_hyp,no_hyp,no_hyp,ok,ok,
6040,,8746.2,14698.4,APB,no_hyp,no_hyp,no_hyp,ok,ok,
6041,,71519.0,120143.9,APB,no_hyp,no_hyp,no_hyp,ok,ok,
6042,,160335.5,269328.0,APB,no_hyp,no_hyp,no_hyp,ok,ok,
6043,,184929.3,310640.6,APB,no_hyp,no_hyp,no_hyp,ok,ok,
6044,,24002.9,40321.5,APB,no_hyp,no_hyp,no_hyp,ok,ok,
6045,,47780.7,80268.1,APB,no_hyp,no_hyp,no_hyp,ok,ok,
6046,,170382.1,286262.7,APB,no_hyp,no_hyp,no_hyp,ok,ok,
6047,,282631.5,474924.1,APB,no_hyp,no_hyp,no_hyp,ok,ok,
6048,,39268.8,65979.9,APB,no_hyp,no_hyp,no_hyp,ok,ok,
6049,,18974.3,31888.7,APB,no_hyp,no_hyp,no_hyp,ok,ok,
6050,,56006.4,94121.3,APB,no_hyp,no_hyp,no_hyp,ok,ok,
6051,,25874.6,43488.4,APB,no_hyp,no_hyp,no_hyp,ok,ok,
6052,,66146.7,111133.7,APB,no_hyp,no_hyp,no_hyp,ok,ok,
6053,,190437.3,319976.3,APB,no_hyp,no_hyp,no_hyp,ok,ok,
6054,,21113.1,35474.2,APB,no_hyp,no_hyp,no_hyp,ok,ok,
6055,,139223.5,233944.8,APB,no_hyp,no_hyp,no_hyp,ok,ok,
6056,,113691.9,190999.0,APB,no_hyp,no_hyp,no_hyp,ok,ok,
6057,,13519.4,22705.2,APB,no_hyp,no_hyp,no_hyp,ok,ok,
6058,,4383.5,7362.0,APB,no_hyp,no_hyp,no_hyp,ok,ok,
6059,,18314.1,30758.8,APB,no_hyp,no_hyp,no_hyp,ok,ok,
6060,,109283.6,183548.0,APB,no_hyp,no_hyp,no_hyp,ok,ok,
6061,,167130.8,280786.9,APB,no_hyp,no_hyp,no_hyp,ok,ok,
6062,,99293.5,166853.7,APB,no_hyp,no_hyp,no_hyp,ok,ok,
6063,,44333.0,74499.3,APB,no_hyp,no_hyp,no_hyp,ok,ok,
6064,,39787.0,66876.9,APB,no_hyp,no_hyp,no_hyp,ok,ok,
6065,,13572.9,22816.0,APB,no_hyp,no_hyp,no_hyp,ok,ok,
6066,,59111.1,99407.6,APB,no_hyp,no_hyp,no_hyp,ok,ok,
6067,,24833.5,41764.8,APB,no_hyp,no_hyp,no_hyp,ok,ok,
6068,,35476.4,59666.3,APB,no_hyp,no_hyp,no_hyp,ok,ok,
6069,,32580.9,54817.6,APB,no_hyp,no_hyp,no_hyp,ok,ok,
6070,,51194.8,86273.1,APB,no_hyp,no_hyp,no_hyp,ok,ok,
6071,,51309.0,86447.1,APB,no_hyp,no_hyp,no_hyp,ok,ok,
6072,,7737.3,13034.4,APB,no_hyp,no_hyp,no_hyp,ok,ok,
6073,,13507.6,22755.1,APB,no_hyp,no_hyp,no_hyp,ok,ok,
6074,,19414.8,32704.2,APB,no_hyp,no_hyp,no_hyp,ok,ok,
6075,,25283.5,42629.5,APB,no_hyp,no_hyp,no_hyp,ok,ok,
6076,,15198.5,25660.2,APB,no_hyp,no_hyp,no_hyp,ok,ok,
6077,,63663.9,107509.9,APB,no_hyp,no_hyp,no_hyp,ok,ok,
6078,,71641.3,120990.0,APB,no_hyp,no_hyp,no_hyp,ok,ok,
6079,,134882.0,227805.1,APB,no_hyp,no_hyp,no_hyp,ok,ok,
6080,,229934.8,388324.1,APB,no_hyp,no_hyp,no_hyp,ok,ok,
6081,,188273.6,317943.6,APB,no_hyp,no_hyp,no_hyp,ok,ok,
6082,,32630.2,54968.3,APB,no_hyp,no_hyp,no_hyp,ok,ok,
6083,,7357.3,12394.9,APB,no_hyp,no_hyp,no_hyp,ok,ok,
6084,,10998.9,18559.6,APB,no_hyp,no_hyp,no_hyp,ok,ok,
6085,,8160.5,13770.7,APB,no_hyp,no_hyp,no_hyp,ok,ok,
6086,,47779.1,80623.7,APB,no_hyp,no_hyp,no_hyp,ok,ok,
6087,,95610.8,161340.5,APB,no_hyp,no_hyp,no_hyp,ok,ok,
6088,,801415.0,1353176.8,APB,no_hyp,no_hyp,no_hyp,ok,ok,
6089,,72041.7,121686.2,APB,no_hyp,no_hyp,no_hyp,ok,ok,
6090,,42901.4,71994.5,APB,no_hyp,no_hyp,no_hyp,ok,ok,
6091,,6598.6,11073.8,APB,no_hyp,no_hyp,no_hyp,ok,ok,
6092,,122427.0,205572.4,APB,no_hyp,no_hyp,no_hyp,ok,ok,
6093,,17965.5,30104.4,APB,no_hyp,no_hyp,no_hyp,ok,ok,
6094,,45908.4,77026.2,APB,no_hyp,no_hyp,no_hyp,ok,ok,
6095,,23303.1,39098.2,APB,no_hyp,no_hyp,no_hyp,ok,ok,
6096,新凤小区,37604.1,63325.0,APB,no_hyp,no_hyp,no_hyp,ok,ok,
6097,彼岸香醍琉森湖别墅西区,89380.6,153847.0,APB,no_hyp,no_hyp,no_hyp,ok,ok,
6098,溪水花园八区,32348.3,55683.2,APB,no_hyp,no_hyp,no_hyp,ok,ok,
6099,,17221.1,29643.6,APB,no_hyp,no_hyp,no_hyp,ok,ok,
6100,,30735.2,52899.1,APB,no_hyp,no_hyp,no_hyp,ok,ok,
6101,,861692.2,1482807.6,APB,no_hyp,no_hyp,no_hyp,ok,ok,
6102,,72278.6,124410.1,APB,no_hyp,no_hyp,no_hyp,ok,ok,
6103,彼岸香醍琉森湖别墅东区,109405.5,188314.5,APB,no_hyp,no_hyp,no_hyp,ok,ok,
6104,,507225.7,873418.8,APB,no_hyp,no_hyp,no_hyp,ok,ok,
6105,,236486.7,407285.5,APB,no_hyp,no_hyp,no_hyp,ok,ok,
6106,,41401.4,71280.9,APB,no_hyp,no_hyp,no_hyp,ok,ok,
6107,,140418.8,241682.7,APB,no_hyp,no_hyp,no_hyp,ok,ok,
6108,,77690.9,133735.1,APB,no_hyp,no_hyp,no_hyp,ok,ok,
6109,,59674.1,102749.1,APB,no_hyp,no_hyp,no_hyp,ok,ok,
6110,,13896.5,23928.4,APB,no_hyp,no_hyp,no_hyp,ok,ok,
6111,,176109.7,295485.3,APB,no_hyp,no_hyp,no_hyp,ok,ok,
6112,,14245.5,23900.7,APB,no_hyp,no_hyp,no_hyp,ok,ok,
6113,,127181.4,213351.1,APB,no_hyp,no_hyp,no_hyp,ok,ok,
6114,,86897.5,145502.8,APB,no_hyp,no_hyp,no_hyp,ok,ok,
6115,,31283.2,52385.5,APB,no_hyp,no_hyp,no_hyp,ok,ok,
6116,黄山店新村,162503.8,273218.1,APB,no_hyp,no_hyp,no_hyp,ok,ok,
6117,,88787.3,149272.0,APB,no_hyp,no_hyp,no_hyp,ok,ok,
6118,金彩虹嘉园,28168.5,47358.7,APB,no_hyp,no_hyp,no_hyp,ok,ok,
6119,红苹果庄园,36868.3,61986.4,APB,no_hyp,no_hyp,no_hyp,ok,ok,
6120,,21571.5,36290.0,APB,no_hyp,no_hyp,no_hyp,ok,ok,
6121,,54606.6,91873.0,APB,no_hyp,no_hyp,no_hyp,ok,ok,
6122,,273397.3,458875.1,APB,no_hyp,no_hyp,no_hyp,ok,ok,
6123,,75852.2,127684.1,APB,no_hyp,no_hyp,no_hyp,ok,ok,
6124,,65641.6,110441.7,APB,no_hyp,no_hyp,no_hyp,ok,ok,
6125,,87272.2,146857.8,APB,no_hyp,no_hyp,no_hyp,ok,ok,
6126,,41409.1,69647.6,APB,no_hyp,no_hyp,no_hyp,ok,ok,
6127,,22600.2,38439.0,APB,no_hyp,no_hyp,no_hyp,ok,ok,
6128,,107338.7,182552.2,APB,no_hyp,no_hyp,no_hyp,ok,ok,
6129,,157972.1,265520.9,APB,no_hyp,no_hyp,no_hyp,ok,ok,
6130,,18971.4,31951.4,APB,no_hyp,no_hyp,no_hyp,ok,ok,
6131,,5212.9,8779.8,APB,no_hyp,no_hyp,no_hyp,ok,ok,
6132,,18343.7,30892.6,APB,no_hyp,no_hyp,no_hyp,ok,ok,
6133,,37692.3,63471.7,APB,no_hyp,no_hyp,no_hyp,ok,ok,
6134,,47272.0,79529.9,APB,no_hyp,no_hyp,no_hyp,ok,ok,
6135,,254855.5,428816.8,APB,no_hyp,no_hyp,no_hyp,ok,ok,
6136,,62552.0,105278.6,APB,no_hyp,no_hyp,no_hyp,ok,ok,
6137,,59745.0,100568.7,APB,no_hyp,no_hyp,no_hyp,ok,ok,
6138,,55666.3,93722.4,APB,no_hyp,no_hyp,no_hyp,ok,ok,
6139,,79424.5,133754.5,APB,no_hyp,no_hyp,no_hyp,ok,ok,
6140,,58130.6,97898.5,APB,no_hyp,no_hyp,no_hyp,ok,ok,
6141,,652470.6,1095456.9,APB,no_hyp,no_hyp,no_hyp,ok,ok,
6142,,200841.6,337092.7,APB,no_hyp,no_hyp,no_hyp,ok,ok,
6143,,405176.7,681022.2,APB,no_hyp,no_hyp,no_hyp,ok,ok,
6144,,72810.6,122381.6,APB,no_hyp,no_hyp,no_hyp,ok,ok,
6145,前泥洼二区,54661.1,92413.1,APB,no_hyp,no_hyp,no_hyp,ok,ok,
6146,,54772.1,92232.4,APB,no_hyp,no_hyp,no_hyp,ok,ok,
6147,虎域山庄,169841.6,290581.6,APB,no_hyp,no_hyp,no_hyp,ok,ok,
6148,,7460.1,12657.1,APB,no_hyp,no_hyp,no_hyp,ok,ok,
6149,,49452.6,83683.7,APB,no_hyp,no_hyp,no_hyp,ok,ok,
6150,,121971.6,206380.2,APB,no_hyp,no_hyp,no_hyp,ok,ok,
6151,,163548.1,276740.0,APB,no_hyp,no_hyp,no_hyp,ok,ok,
6152,,16125.2,27277.1,APB,no_hyp,no_hyp,no_hyp,ok,ok,
6153,,325883.8,551300.6,APB,no_hyp,no_hyp,no_hyp,ok,ok,
6154,,14198.7,24021.2,APB,no_hyp,no_hyp,no_hyp,ok,ok,
6155,,25380.4,42929.9,APB,no_hyp,no_hyp,no_hyp,ok,ok,
6156,,54604.2,92301.1,APB,no_hyp,no_hyp,no_hyp,ok,ok,
6157,,16181.7,27377.3,APB,no_hyp,no_hyp,no_hyp,ok,ok,
6158,园景小区东区,70704.6,119629.2,APB,no_hyp,no_hyp,no_hyp,ok,ok,
6159,向阳新村,100168.7,170068.5,APB,no_hyp,no_hyp,no_hyp,ok,ok,
6160,,233634.9,392250.2,APB,no_hyp,no_hyp,no_hyp,ok,ok,
6161,,99657.8,167227.7,APB,no_hyp,no_hyp,no_hyp,ok,ok,
6162,,473625.2,797219.1,APB,no_hyp,no_hyp,no_hyp,ok,ok,
6163,,264969.4,446054.4,APB,no_hyp,no_hyp,no_hyp,ok,ok,
6164,,280021.4,472103.7,APB,no_hyp,no_hyp,no_hyp,ok,ok,
6165,米粮屯,324757.0,547738.0,APB,no_hyp,no_hyp,no_hyp,ok,ok,
6166,贺照云,249149.6,420218.8,APB,no_hyp,no_hyp,no_hyp,ok,ok,
6167,,136275.8,229928.0,APB,no_hyp,no_hyp,no_hyp,ok,ok,
6168,野各庄,22748.8,38380.7,APB,no_hyp,no_hyp,no_hyp,ok,ok,
6169,庄户,281931.1,475708.6,APB,no_hyp,no_hyp,no_hyp,ok,ok,
6170,南宫景苑,192968.7,325612.6,APB,no_hyp,no_hyp,no_hyp,ok,ok,
6171,,134841.0,227486.4,APB,no_hyp,no_hyp,no_hyp,ok,ok,
6172,,68112.3,114930.8,APB,no_hyp,no_hyp,no_hyp,ok,ok,
6173,馨慧苑,82033.1,138475.2,APB,no_hyp,no_hyp,no_hyp,ok,ok,
6174,怪村,239004.1,403297.8,APB,no_hyp,no_hyp,no_hyp,ok,ok,
6175,,315303.6,531547.1,APB,no_hyp,no_hyp,no_hyp,ok,ok,
6176,,31918.9,53809.2,APB,no_hyp,no_hyp,no_hyp,ok,ok,
6177,,45859.5,77315.8,APB,no_hyp,no_hyp,no_hyp,ok,ok,
6178,,335531.6,565643.8,APB,no_hyp,no_hyp,no_hyp,ok,ok,
6179,,236073.0,398055.8,APB,no_hyp,no_hyp,no_hyp,ok,ok,
6180,,1697991.9,2864058.9,APB,no_hyp,no_hyp,no_hyp,ok,ok,
6181,,52212.8,88035.0,APB,no_hyp,no_hyp,no_hyp,ok,ok,
6182,,160715.9,270961.4,APB,no_hyp,no_hyp,no_hyp,ok,ok,
6183,,672520.6,1134371.0,APB,no_hyp,no_hyp,no_hyp,ok,ok,
6184,,117052.3,197439.3,APB,no_hyp,no_hyp,no_hyp,ok,ok,
6185,,189644.6,319878.9,APB,no_hyp,no_hyp,no_hyp,ok,ok,
6186,,37247.2,62812.0,APB,no_hyp,no_hyp,no_hyp,ok,ok,
6187,,250097.5,421750.4,APB,no_hyp,no_hyp,no_hyp,ok,ok,
6188,,107538.9,181323.2,APB,no_hyp,no_hyp,no_hyp,ok,ok,
6189,,380983.0,642249.0,APB,no_hyp,no_hyp,no_hyp,ok,ok,
6190,,241093.8,406357.4,APB,no_hyp,no_hyp,no_hyp,ok,ok,
6191,,182056.9,306747.6,APB,no_hyp,no_hyp,no_hyp,ok,ok,
6192,,51451.4,86692.9,APB,no_hyp,no_hyp,no_hyp,ok,ok,
6193,,177473.2,299045.4,APB,no_hyp,no_hyp,no_hyp,ok,ok,
6194,,59391.5,100071.0,APB,no_hyp,no_hyp,no_hyp,ok,ok,
6195,,128139.4,215891.8,APB,no_hyp,no_hyp,no_hyp,ok,ok,
6196,,49883.7,84036.7,APB,no_hyp,no_hyp,no_hyp,ok,ok,
6197,,103108.5,173698.8,APB,no_hyp,no_hyp,no_hyp,ok,ok,
6198,,46349.6,78097.6,APB,no_hyp,no_hyp,no_hyp,ok,ok,
6199,,38290.0,64512.9,APB,no_hyp,no_hyp,no_hyp,ok,ok,
6200,,268398.6,452170.7,APB,no_hyp,no_hyp,no_hyp,ok,ok,
6201,,261169.3,440621.9,APB,no_hyp,no_hyp,no_hyp,ok,ok,
6202,,50174.7,84643.2,APB,no_hyp,no_hyp,no_hyp,ok,ok,
6203,王庄,437670.2,738360.6,APB,no_hyp,no_hyp,no_hyp,ok,ok,
6204,,135085.4,227818.1,APB,no_hyp,no_hyp,no_hyp,ok,ok,
6205,,157402.4,265491.2,APB,no_hyp,no_hyp,no_hyp,ok,ok,
6206,,34169.8,57622.8,APB,no_hyp,no_hyp,no_hyp,ok,ok,
6207,,38097.4,64224.5,APB,no_hyp,no_hyp,no_hyp,ok,ok,
6208,,33912.2,57170.4,APB,no_hyp,no_hyp,no_hyp,ok,ok,
6209,万科翡翠西湖二期,86489.4,145971.0,APB,no_hyp,no_hyp,no_hyp,ok,ok,
6210,,33178.7,56023.8,APB,no_hyp,no_hyp,no_hyp,ok,ok,
6211,栗园,29471.6,49766.8,APB,no_hyp,no_hyp,no_hyp,ok,ok,
6212,,281871.9,476610.7,APB,no_hyp,no_hyp,no_hyp,ok,ok,
6213,,50138.9,84770.2,APB,no_hyp,no_hyp,no_hyp,ok,ok,
6214,新城嘉园,55904.4,94582.1,APB,no_hyp,no_hyp,no_hyp,ok,ok,
6215,泉蔷佳苑,24767.0,41904.0,APB,no_hyp,no_hyp,no_hyp,ok,ok,
6216,,1210303.0,2042504.4,APB,no_hyp,no_hyp,no_hyp,ok,ok,
6217,京投银泰万科西华府,130096.0,219677.5,APB,no_hyp,no_hyp,no_hyp,ok,ok,
6218,,178121.2,300467.7,APB,no_hyp,no_hyp,no_hyp,ok,ok,
6219,,106594.7,179812.9,APB,no_hyp,no_hyp,no_hyp,ok,ok,
6220,黄管屯村棚户区改造回迁安置房,23127.4,39008.7,APB,no_hyp,no_hyp,no_hyp,ok,ok,
6221,,205192.3,346067.4,APB,no_hyp,no_hyp,no_hyp,ok,ok,
6222,,12224.0,20617.9,APB,no_hyp,no_hyp,no_hyp,ok,ok,
6223,,17582.3,29649.7,APB,no_hyp,no_hyp,no_hyp,ok,ok,
6224,,127610.6,215372.5,APB,no_hyp,no_hyp,no_hyp,ok,ok,
6225,,56153.9,94946.8,APB,no_hyp,no_hyp,no_hyp,ok,ok,
6226,南大荒小区,13998.8,23691.0,APB,no_hyp,no_hyp,no_hyp,ok,ok,
6227,金隅滨和园西区,48045.5,81321.5,APB,no_hyp,no_hyp,no_hyp,ok,ok,
6228,,31510.5,53335.5,APB,no_hyp,no_hyp,no_hyp,ok,ok,
6229,,148299.2,250646.9,APB,no_hyp,no_hyp,no_hyp,ok,ok,
6230,,42016.3,71019.8,APB,no_hyp,no_hyp,no_hyp,ok,ok,
6231,,16902.6,28571.9,APB,no_hyp,no_hyp,no_hyp,ok,ok,
6232,,113721.9,192256.5,APB,no_hyp,no_hyp,no_hyp,ok,ok,
6233,,144026.9,243481.8,APB,no_hyp,no_hyp,no_hyp,ok,ok,
6234,槐树岭1号院,68019.7,115003.0,APB,no_hyp,no_hyp,no_hyp,ok,ok,
6235,境澄街3号院,66947.1,113317.6,APB,no_hyp,no_hyp,no_hyp,ok,ok,
6236,,751987.6,1266518.2,APB,no_hyp,no_hyp,no_hyp,ok,ok,
6237,,339683.0,572319.1,APB,no_hyp,no_hyp,no_hyp,ok,ok,
6238,,204297.6,344182.7,APB,no_hyp,no_hyp,no_hyp,ok,ok,
6239,,48386.5,81684.0,APB,no_hyp,no_hyp,no_hyp,ok,ok,
6240,,58024.4,97963.6,APB,no_hyp,no_hyp,no_hyp,ok,ok,
6241,,41098.5,69385.8,APB,no_hyp,no_hyp,no_hyp,ok,ok,
6242,朱家坟四里,106269.1,179404.6,APB,no_hyp,no_hyp,no_hyp,ok,ok,
6243,,16237.2,27411.8,APB,no_hyp,no_hyp,no_hyp,ok,ok,
6244,,18254.1,30814.9,APB,no_hyp,no_hyp,no_hyp,ok,ok,
6245,,27404.1,46262.5,APB,no_hyp,no_hyp,no_hyp,ok,ok,
6246,,9544.3,16112.7,APB,no_hyp,no_hyp,no_hyp,ok,ok,
6247,朱家坟一里,76452.3,129072.3,APB,no_hyp,no_hyp,no_hyp,ok,ok,
6248,朱家坟三里,33078.3,55845.8,APB,no_hyp,no_hyp,no_hyp,ok,ok,
6249,,20010.5,33784.2,APB,no_hyp,no_hyp,no_hyp,ok,ok,
6250,,501437.8,846559.5,APB,no_hyp,no_hyp,no_hyp,ok,ok,
6251,,68748.7,116048.8,APB,no_hyp,no_hyp,no_hyp,ok,ok,
6252,,8651.9,14605.8,APB,no_hyp,no_hyp,no_hyp,ok,ok,
6253,,304980.0,513454.5,APB,no_hyp,no_hyp,no_hyp,ok,ok,
6254,,151941.0,255902.0,APB,no_hyp,no_hyp,no_hyp,ok,ok,
6255,,605838.4,1020358.4,APB,no_hyp,no_hyp,no_hyp,ok,ok,
6256,,208405.9,351002.2,APB,no_hyp,no_hyp,no_hyp,ok,ok,
6257,,213970.6,360405.9,APB,no_hyp,no_hyp,no_hyp,ok,ok,
6258,,47407.3,79856.0,APB,no_hyp,no_hyp,no_hyp,ok,ok,
6259,,4256.9,7244.2,APB,no_hyp,no_hyp,no_hyp,ok,ok,
6260,,9257.6,15754.6,APB,no_hyp,no_hyp,no_hyp,ok,ok,
6261,,5483.9,9329.9,APB,no_hyp,no_hyp,no_hyp,ok,ok,
6262,,42084.4,71315.3,APB,no_hyp,no_hyp,no_hyp,ok,ok,
6263,红色,69413.7,117633.3,APB,no_hyp,no_hyp,no_hyp,ok,ok,
6264,红色,66592.3,112857.7,APB,no_hyp,no_hyp,no_hyp,ok,ok,
6265,观湖华城,112597.6,189274.4,APB,no_hyp,no_hyp,no_hyp,ok,ok,
6266,京南嘉园,158055.5,265601.5,APB,no_hyp,no_hyp,no_hyp,ok,ok,
6267,明峻嘉园,36695.8,61662.1,APB,no_hyp,no_hyp,no_hyp,ok,ok,
6268,振兴花园,43016.7,72283.5,APB,no_hyp,no_hyp,no_hyp,ok,ok,
6269,,35302.4,59323.9,APB,no_hyp,no_hyp,no_hyp,ok,ok,
6270,,16296.6,27386.9,APB,no_hyp,no_hyp,no_hyp,ok,ok,
6271,山湖西路23号院,32271.6,54459.4,APB,no_hyp,no_hyp,no_hyp,ok,ok,
6272,万科翡翠西湖一期,105044.1,177264.2,APB,no_hyp,no_hyp,no_hyp,ok,ok,
6273,于家园一区,8815.7,15113.4,APB,no_hyp,no_hyp,no_hyp,ok,ok,
6274,兴怀大街14号院,8589.2,14720.4,APB,no_hyp,no_hyp,no_hyp,ok,ok,
6275,迎宾中路31号楼,7677.2,13157.4,APB,no_hyp,no_hyp,no_hyp,ok,ok,
6276,中国科学院东南小区,122069.6,207119.3,APB,no_hyp,no_hyp,no_hyp,ok,ok,
6277,新街口外大街四号院,46109.2,78205.4,APB,no_hyp,no_hyp,no_hyp,ok,ok,
6278,滨水雅园小区,151434.7,254278.6,APB,no_hyp,no_hyp,no_hyp,ok,ok,
6279,滨水雅园-东区,57659.7,96803.1,APB,no_hyp,no_hyp,no_hyp,ok,ok,
6280,观山汇景,36211.2,60798.3,APB,no_hyp,no_hyp,no_hyp,ok,ok,
6281,古桥镜水家园（南区）,34158.5,57345.5,APB,no_hyp,no_hyp,no_hyp,ok,ok,
6282,古桥镜水,79921.6,134165.9,APB,no_hyp,no_hyp,no_hyp,ok,ok,
6283,,13528.1,22772.6,APB,no_hyp,no_hyp,no_hyp,ok,ok,
6284,,84597.8,142423.9,APB,no_hyp,no_hyp,no_hyp,ok,ok,
6285,,203554.3,342730.6,APB,no_hyp,no_hyp,no_hyp,ok,ok,
6286,,202319.8,340674.9,APB,no_hyp,no_hyp,no_hyp,ok,ok,
6287,,151395.1,254994.7,APB,no_hyp,no_hyp,no_hyp,ok,ok,
6288,北四村安置房项目D组团,74355.7,126558.6,APB,no_hyp,no_hyp,no_hyp,ok,ok,
6289,姚家园东里6号院,97635.2,165486.2,APB,no_hyp,no_hyp,no_hyp,ok,ok,
6290,,175145.3,295225.0,APB,no_hyp,no_hyp,no_hyp,ok,ok,
6291,,371552.5,626750.8,APB,no_hyp,no_hyp,no_hyp,ok,ok,
6292,,61775.6,103836.8,APB,no_hyp,no_hyp,no_hyp,ok,ok,
6293,天堂河小区北区,88184.0,148304.4,APB,no_hyp,no_hyp,no_hyp,ok,ok,
6294,天堂河小区南区,57949.9,97451.6,APB,no_hyp,no_hyp,no_hyp,ok,ok,
6295,天堂河小区东区,79423.0,133569.6,APB,no_hyp,no_hyp,no_hyp,ok,ok,
6296,矿林庄小区,48130.7,81028.4,APB,no_hyp,no_hyp,no_hyp,ok,ok,
6297,林海园,19681.9,33135.6,APB,no_hyp,no_hyp,no_hyp,ok,ok,
6298,,147338.7,248073.1,APB,no_hyp,no_hyp,no_hyp,ok,ok,
6299,物资局小区,45964.5,77391.7,APB,no_hyp,no_hyp,no_hyp,ok,ok,
6300,海子角南里小区,48124.7,81036.5,APB,no_hyp,no_hyp,no_hyp,ok,ok,
6301,海子角南里小区,13641.1,22969.8,APB,no_hyp,no_hyp,no_hyp,ok,ok,
6302,,425204.5,716026.7,APB,no_hyp,no_hyp,no_hyp,ok,ok,
6303,辛店小区,27989.5,47128.6,APB,no_hyp,no_hyp,no_hyp,ok,ok,
6304,,148201.7,249549.0,APB,no_hyp,no_hyp,no_hyp,ok,ok,
6305,林校中里,10686.1,17996.4,APB,no_hyp,no_hyp,no_hyp,ok,ok,
6306,海悦公馆,23735.7,39972.6,APB,no_hyp,no_hyp,no_hyp,ok,ok,
6307,宇丰苑,34173.9,57548.9,APB,no_hyp,no_hyp,no_hyp,ok,ok,
6308,广厦家园,187262.0,315387.8,APB,no_hyp,no_hyp,no_hyp,ok,ok,
6309,观音寺小区,164485.1,277054.7,APB,no_hyp,no_hyp,no_hyp,ok,ok,
6310,亚新一里,45628.7,76735.3,APB,no_hyp,no_hyp,no_hyp,ok,ok,
6311,,31813.6,53506.1,APB,no_hyp,no_hyp,no_hyp,ok,ok,
6312,绿地·海珀云翡,48019.6,80922.8,APB,no_hyp,no_hyp,no_hyp,ok,ok,
6313,金华里,18752.4,31602.7,APB,no_hyp,no_hyp,no_hyp,ok,ok,
6314,清源佳园,41980.1,70739.4,APB,no_hyp,no_hyp,no_hyp,ok,ok,
6315,双河北里,218551.1,368245.8,APB,no_hyp,no_hyp,no_hyp,ok,ok,
6316,瑞康家园,70388.3,118602.0,APB,no_hyp,no_hyp,no_hyp,ok,ok,
6317,,45178.8,76786.9,APB,no_hyp,no_hyp,no_hyp,ok,ok,
6318,北京市春来园,45915.3,77485.8,APB,no_hyp,no_hyp,no_hyp,ok,ok,
6319,羊坊909号院,284102.6,479424.8,APB,no_hyp,no_hyp,no_hyp,ok,ok,
6320,紫光园,10532.6,17772.8,APB,no_hyp,no_hyp,no_hyp,ok,ok,
6321,长安家园（石景山路42号院）,8129.5,13764.5,APB,no_hyp,no_hyp,no_hyp,ok,ok,
6322,,168111.2,284314.5,APB,no_hyp,no_hyp,no_hyp,ok,ok,
6323,,44113.9,74613.0,APB,no_hyp,no_hyp,no_hyp,ok,ok,
6324,,59575.2,100767.3,APB,no_hyp,no_hyp,no_hyp,ok,ok,
6325,,88764.1,150130.5,APB,no_hyp,no_hyp,no_hyp,ok,ok,
6326,五里店北里小区-一区,55753.8,94282.6,APB,no_hyp,no_hyp,no_hyp,ok,ok,
6327,,63291.8,107026.6,APB,no_hyp,no_hyp,no_hyp,ok,ok,
6328,和光里,114493.2,193598.1,APB,no_hyp,no_hyp,no_hyp,ok,ok,
6329,,125130.9,210479.7,APB,no_hyp,no_hyp,no_hyp,ok,ok,
6330,中铁房桥家园,132601.3,223294.6,APB,no_hyp,no_hyp,no_hyp,ok,ok,
6331,,312299.6,525874.7,APB,no_hyp,no_hyp,no_hyp,ok,ok,
6332,,274629.4,462492.4,APB,no_hyp,no_hyp,no_hyp,ok,ok,
6333,,233821.1,393827.0,APB,no_hyp,no_hyp,no_hyp,ok,ok,
6334,圣福洲周转房小区,91536.3,153887.7,APB,no_hyp,no_hyp,no_hyp,ok,ok,
6335,,274708.6,466374.3,APB,no_hyp,no_hyp,no_hyp,ok,ok,
6336,,42510.7,72173.9,APB,no_hyp,no_hyp,no_hyp,ok,ok,
6337,,32042.3,54400.1,APB,no_hyp,no_hyp,no_hyp,ok,ok,
6338,军庄杨坨小区,52083.1,88431.1,APB,no_hyp,no_hyp,no_hyp,ok,ok,
6339,,71810.7,121944.7,APB,no_hyp,no_hyp,no_hyp,ok,ok,
6340,,23529.1,39953.5,APB,no_hyp,no_hyp,no_hyp,ok,ok,
6341,,17022.1,28903.2,APB,no_hyp,no_hyp,no_hyp,ok,ok,
6342,,4754.7,8073.7,APB,no_hyp,no_hyp,no_hyp,ok,ok,
6343,,5529.4,9389.2,APB,no_hyp,no_hyp,no_hyp,ok,ok,
6344,,111109.8,188680.5,APB,no_hyp,no_hyp,no_hyp,ok,ok,
6345,,189902.2,322516.9,APB,no_hyp,no_hyp,no_hyp,ok,ok,
6346,,40165.0,68210.6,APB,no_hyp,no_hyp,no_hyp,ok,ok,
6347,,200944.0,341281.1,APB,no_hyp,no_hyp,no_hyp,ok,ok,
6348,,6529.3,11089.3,APB,no_hyp,no_hyp,no_hyp,ok,ok,
6349,,259274.8,440435.9,APB,no_hyp,no_hyp,no_hyp,ok,ok,
6350,山美庭,89570.1,152082.5,APB,no_hyp,no_hyp,no_hyp,ok,ok,
6351,,23017.5,39079.9,APB,no_hyp,no_hyp,no_hyp,ok,ok,
6352,,75201.5,127691.0,APB,no_hyp,no_hyp,no_hyp,ok,ok,
6353,,60221.3,102253.1,APB,no_hyp,no_hyp,no_hyp,ok,ok,
6354,,12588.6,21377.1,APB,no_hyp,no_hyp,no_hyp,ok,ok,
6355,,18398.1,31243.0,APB,no_hyp,no_hyp,no_hyp,ok,ok,
6356,,24521.5,41640.9,APB,no_hyp,no_hyp,no_hyp,ok,ok,
6357,,7716.8,13105.1,APB,no_hyp,no_hyp,no_hyp,ok,ok,
6358,,12139.1,20460.1,APB,no_hyp,no_hyp,no_hyp,ok,ok,
6359,,44163.6,74438.9,APB,no_hyp,no_hyp,no_hyp,ok,ok,
6360,资源集团员工公寓,4609.9,7763.8,APB,no_hyp,no_hyp,no_hyp,ok,ok,
6361,,166592.2,280886.4,APB,no_hyp,no_hyp,no_hyp,ok,ok,
6362,,105142.8,177255.7,APB,no_hyp,no_hyp,no_hyp,ok,ok,
6363,,328052.6,552503.2,APB,no_hyp,no_hyp,no_hyp,ok,ok,
6364,,27077.0,45601.2,APB,no_hyp,no_hyp,no_hyp,ok,ok,
6365,,52450.4,88330.2,APB,no_hyp,no_hyp,no_hyp,ok,ok,
6366,,30187.2,50836.6,APB,no_hyp,no_hyp,no_hyp,ok,ok,
6367,,11028.8,18572.8,APB,no_hyp,no_hyp,no_hyp,ok,ok,
6368,,45686.9,76936.0,APB,no_hyp,no_hyp,no_hyp,ok,ok,
6369,,125185.9,210872.4,APB,no_hyp,no_hyp,no_hyp,ok,ok,
6370,,49914.7,84086.1,APB,no_hyp,no_hyp,no_hyp,ok,ok,
6371,,63682.2,107278.1,APB,no_hyp,no_hyp,no_hyp,ok,ok,
6372,,27768.8,46781.5,APB,no_hyp,no_hyp,no_hyp,ok,ok,
6373,,25007.3,42128.4,APB,no_hyp,no_hyp,no_hyp,ok,ok,
6374,,12701.8,21397.0,APB,no_hyp,no_hyp,no_hyp,ok,ok,
6375,,131597.2,221720.2,APB,no_hyp,no_hyp,no_hyp,ok,ok,
6376,,47205.1,79538.9,APB,no_hyp,no_hyp,no_hyp,ok,ok,
6377,,43152.6,72707.8,APB,no_hyp,no_hyp,no_hyp,ok,ok,
6378,万紫嘉园南区,40267.1,67852.1,APB,no_hyp,no_hyp,no_hyp,ok,ok,
6379,万紫嘉园北区,23834.2,40163.4,APB,no_hyp,no_hyp,no_hyp,ok,ok,
6380,,59014.9,99437.5,APB,no_hyp,no_hyp,no_hyp,ok,ok,
6381,,34770.6,58582.6,APB,no_hyp,no_hyp,no_hyp,ok,ok,
6382,,67680.7,114097.0,APB,no_hyp,no_hyp,no_hyp,ok,ok,
6383,,122536.9,206609.7,APB,no_hyp,no_hyp,no_hyp,ok,ok,
6384,,94609.0,159545.8,APB,no_hyp,no_hyp,no_hyp,ok,ok,
6385,,204248.8,343879.1,APB,no_hyp,no_hyp,no_hyp,ok,ok,
6386,学清苑,73305.0,124504.5,APB,no_hyp,no_hyp,no_hyp,ok,ok,
6387,学知园,20508.4,34830.9,APB,no_hyp,no_hyp,no_hyp,ok,ok,
6388,乐乎公寓,23430.5,39619.9,APB,no_hyp,no_hyp,no_hyp,ok,ok,
6389,,21676.0,36749.1,APB,no_hyp,no_hyp,no_hyp,ok,ok,
6390,,37258.0,62538.3,APB,no_hyp,no_hyp,no_hyp,ok,ok,
6391,青荷里宸欣园,106755.4,180533.0,APB,no_hyp,no_hyp,no_hyp,ok,ok,
6392,,146184.1,245791.2,APB,no_hyp,no_hyp,no_hyp,ok,ok,
6393,,63014.9,106001.7,APB,no_hyp,no_hyp,no_hyp,ok,ok,
6394,蓝光海悦城三期,30230.8,50920.1,APB,no_hyp,no_hyp,no_hyp,ok,ok,
6395,行宫东区,56693.1,97327.4,APB,no_hyp,no_hyp,no_hyp,ok,ok,
6396,万城华府海园,76719.8,130139.6,APB,no_hyp,no_hyp,no_hyp,ok,ok,
6397,万城华府尚园,50410.9,85507.3,APB,no_hyp,no_hyp,no_hyp,ok,ok,
6398,万城华府龙园,49239.8,83526.5,APB,no_hyp,no_hyp,no_hyp,ok,ok,
6399,万柳星标家园西区,61109.9,103649.4,APB,no_hyp,no_hyp,no_hyp,ok,ok,
6400,光大西园,46801.4,79375.1,APB,no_hyp,no_hyp,no_hyp,ok,ok,
6401,北京大学万柳学区,34333.1,58223.8,APB,no_hyp,no_hyp,no_hyp,ok,ok,
6402,万柳星标家园东区,36590.5,62062.2,APB,no_hyp,no_hyp,no_hyp,ok,ok,
6403,光大花园,60273.8,102221.5,APB,no_hyp,no_hyp,no_hyp,ok,ok,
6404,锋尚国际公寓,41708.2,70732.0,APB,no_hyp,no_hyp,no_hyp,ok,ok,
6405,万柳怡水园,37360.8,63359.8,APB,no_hyp,no_hyp,no_hyp,ok,ok,
6406,新起点嘉园,58040.9,98429.9,APB,no_hyp,no_hyp,no_hyp,ok,ok,
6407,新纪元家园,43773.9,74241.8,APB,no_hyp,no_hyp,no_hyp,ok,ok,
6408,阳春光华家园,59891.5,101580.0,APB,no_hyp,no_hyp,no_hyp,ok,ok,
6409,阳春光华橡树园,24223.3,41086.7,APB,no_hyp,no_hyp,no_hyp,ok,ok,
6410,汇新家园,16683.4,28297.0,APB,no_hyp,no_hyp,no_hyp,ok,ok,
6411,汇新家园西区,11675.1,19802.4,APB,no_hyp,no_hyp,no_hyp,ok,ok,
6412,万柳蜂鸟家园,37870.6,64228.7,APB,no_hyp,no_hyp,no_hyp,ok,ok,
6413,怡秀园,43350.2,73520.5,APB,no_hyp,no_hyp,no_hyp,ok,ok,
6414,小南庄25号院,11194.1,18985.7,APB,no_hyp,no_hyp,no_hyp,ok,ok,
6415,,60598.2,102054.4,APB,no_hyp,no_hyp,no_hyp,ok,ok,
6416,,60601.4,102052.6,APB,no_hyp,no_hyp,no_hyp,ok,ok,
6417,,38633.1,65057.9,APB,no_hyp,no_hyp,no_hyp,ok,ok,
6418,首开·熙悦睿府书香,94502.7,159166.2,APB,no_hyp,no_hyp,no_hyp,ok,ok,
6419,,160299.0,269571.4,APB,no_hyp,no_hyp,no_hyp,ok,ok,
6420,,134881.7,226872.6,APB,no_hyp,no_hyp,no_hyp,ok,ok,
6421,,40441.1,68079.8,APB,no_hyp,no_hyp,no_hyp,ok,ok,
6422,红金龙国际企业港,60620.2,102045.6,APB,no_hyp,no_hyp,no_hyp,ok,ok,
6423,京溪小区,162364.3,279520.5,APB,no_hyp,no_hyp,no_hyp,ok,ok,
6424,麓秀佳园,95948.3,165196.5,APB,no_hyp,no_hyp,no_hyp,ok,ok,
6425,水库管理处家属宿舍楼,23368.0,40234.3,APB,no_hyp,no_hyp,no_hyp,ok,ok,
6426,滨河丽舍,20402.1,35031.8,APB,no_hyp,no_hyp,no_hyp,ok,ok,
6427,阳光水岸,24884.5,42742.6,APB,no_hyp,no_hyp,no_hyp,ok,ok,
6428,车站路小区,29607.7,50843.2,APB,no_hyp,no_hyp,no_hyp,ok,ok,
6429,宾阳西里北区,91700.9,157446.5,APB,no_hyp,no_hyp,no_hyp,ok,ok,
6430,银河湾,40917.9,70231.0,APB,no_hyp,no_hyp,no_hyp,ok,ok,
6431,阳光家园东区,19228.4,33001.5,APB,no_hyp,no_hyp,no_hyp,ok,ok,
6432,阳光苑,15124.8,25958.8,APB,no_hyp,no_hyp,no_hyp,ok,ok,
6433,新东小区,6569.6,11276.1,APB,no_hyp,no_hyp,no_hyp,ok,ok,
6434,保利花园南区,98415.2,168908.6,APB,no_hyp,no_hyp,no_hyp,ok,ok,
6435,柏林山水,93173.4,159919.2,APB,no_hyp,no_hyp,no_hyp,ok,ok,
6436,保利花园北区,88268.2,151510.1,APB,no_hyp,no_hyp,no_hyp,ok,ok,
6437,保利花园A区,31145.5,53459.0,APB,no_hyp,no_hyp,no_hyp,ok,ok,
6438,开园小区,92385.9,158529.3,APB,no_hyp,no_hyp,no_hyp,ok,ok,
6439,建新北区,192492.3,327992.7,APB,no_hyp,no_hyp,no_hyp,ok,ok,
6440,裕龙花园四区,167673.2,285687.9,APB,no_hyp,no_hyp,no_hyp,ok,ok,
6441,裕龙花园五区,141721.7,241470.0,APB,no_hyp,no_hyp,no_hyp,ok,ok,
6442,裕龙花园六区,171792.5,292680.3,APB,no_hyp,no_hyp,no_hyp,ok,ok,
6443,波特兰花园,212225.1,361510.9,APB,no_hyp,no_hyp,no_hyp,ok,ok,
6444,胜利小区,101047.1,172238.0,APB,no_hyp,no_hyp,no_hyp,ok,ok,
6445,金汉绿港一区,69008.3,117624.8,APB,no_hyp,no_hyp,no_hyp,ok,ok,
6446,金汉绿港四区,74791.2,127488.4,APB,no_hyp,no_hyp,no_hyp,ok,ok,
6447,双兴东区（新）,62802.3,107067.5,APB,no_hyp,no_hyp,no_hyp,ok,ok,
6448,嘉玺园小区,84223.1,144609.6,APB,no_hyp,no_hyp,no_hyp,ok,ok,
6449,云湖家属院,12808.7,21989.5,APB,no_hyp,no_hyp,no_hyp,ok,ok,
6450,矿山公司小区,11977.4,20561.8,APB,no_hyp,no_hyp,no_hyp,ok,ok,
6451,宾阳里,197675.3,339378.5,APB,no_hyp,no_hyp,no_hyp,ok,ok,
6452,首创·禧悦府,69725.1,119722.7,APB,no_hyp,no_hyp,no_hyp,ok,ok,
6453,城后小区,18702.4,32113.7,APB,no_hyp,no_hyp,no_hyp,ok,ok,
6454,北源里,46528.1,79890.3,APB,no_hyp,no_hyp,no_hyp,ok,ok,
6455,沿湖小区南区,90811.9,155920.5,APB,no_hyp,no_hyp,no_hyp,ok,ok,
6456,西源里,22008.2,37786.7,APB,no_hyp,no_hyp,no_hyp,ok,ok,
6457,世纪家园,83663.2,143633.8,APB,no_hyp,no_hyp,no_hyp,ok,ok,
6458,上营小区东区,19207.0,32974.1,APB,no_hyp,no_hyp,no_hyp,ok,ok,
6459,宾阳西里南区,77318.9,132743.7,APB,no_hyp,no_hyp,no_hyp,ok,ok,
6460,密东广场,72944.5,125222.3,APB,no_hyp,no_hyp,no_hyp,ok,ok,
6461,世豪公寓,40137.2,68903.1,APB,no_hyp,no_hyp,no_hyp,ok,ok,
6462,花园小区,297218.8,510185.6,APB,no_hyp,no_hyp,no_hyp,ok,ok,
6463,东菜园社区,103088.6,176959.7,APB,no_hyp,no_hyp,no_hyp,ok,ok,
6464,富民新区,28783.9,49409.8,APB,no_hyp,no_hyp,no_hyp,ok,ok,
6465,果园西里甲区,41327.3,70944.1,APB,no_hyp,no_hyp,no_hyp,ok,ok,
6466,西门外大街16号院,32649.8,56048.9,APB,no_hyp,no_hyp,no_hyp,ok,ok,
6467,果园新里北区,85355.3,146523.8,APB,no_hyp,no_hyp,no_hyp,ok,ok,
6468,果园新里中区,141614.6,243076.2,APB,no_hyp,no_hyp,no_hyp,ok,ok,
6469,果园新里南区,29177.2,50077.8,APB,no_hyp,no_hyp,no_hyp,ok,ok,
6470,奥林公寓,11520.3,19772.7,APB,no_hyp,no_hyp,no_hyp,ok,ok,
6471,果园西路38号院,25498.4,43763.4,APB,no_hyp,no_hyp,no_hyp,ok,ok,
6472,果园西里南区,216317.2,371293.5,APB,no_hyp,no_hyp,no_hyp,ok,ok,
6473,通用·博园,90811.8,155857.0,APB,no_hyp,no_hyp,no_hyp,ok,ok,
6474,中加荣园,100341.4,172231.9,APB,no_hyp,no_hyp,no_hyp,ok,ok,
6475,兴云小区,89852.8,154213.2,APB,no_hyp,no_hyp,no_hyp,ok,ok,
6476,兴云乙区,17112.0,29369.2,APB,no_hyp,no_hyp,no_hyp,ok,ok,
6477,唐源云居,32428.0,55678.2,APB,no_hyp,no_hyp,no_hyp,ok,ok,
6478,季庄小区,79661.2,136758.8,APB,no_hyp,no_hyp,no_hyp,ok,ok,
6479,云江苑,14030.4,24086.8,APB,no_hyp,no_hyp,no_hyp,ok,ok,
6480,康馨雅苑,83921.9,144066.5,APB,no_hyp,no_hyp,no_hyp,ok,ok,
6481,万利花园,27423.0,47079.1,APB,no_hyp,no_hyp,no_hyp,ok,ok,
6482,,66120.2,111199.8,APB,no_hyp,no_hyp,no_hyp,ok,ok,
6483,,25543.3,42959.9,APB,no_hyp,no_hyp,no_hyp,ok,ok,
6484,,32641.4,54885.4,APB,no_hyp,no_hyp,no_hyp,ok,ok,
6485,,31899.7,53639.9,APB,no_hyp,no_hyp,no_hyp,ok,ok,
6486,,494748.8,831859.2,APB,no_hyp,no_hyp,no_hyp,ok,ok,
6487,,17295.9,29082.4,APB,no_hyp,no_hyp,no_hyp,ok,ok,
6488,,121908.8,205111.2,APB,no_hyp,no_hyp,no_hyp,ok,ok,
6489,青云店镇中心镇区棚户区改造项目E片区,323557.1,544317.1,APB,no_hyp,no_hyp,no_hyp,ok,ok,
6490,,91309.5,153651.2,APB,no_hyp,no_hyp,no_hyp,ok,ok,
6491,,310710.9,522567.5,APB,no_hyp,no_hyp,no_hyp,ok,ok,
6492,环保嘉苑15号院,29460.8,50100.4,APB,no_hyp,no_hyp,no_hyp,ok,ok,
6493,环保嘉苑17号院,26700.4,45404.5,APB,no_hyp,no_hyp,no_hyp,ok,ok,
6494,怡家苑公寓,47598.1,80336.0,APB,no_hyp,no_hyp,no_hyp,ok,ok,
6495,期颐百年,155836.2,263099.2,APB,no_hyp,no_hyp,no_hyp,ok,ok,
6496,,26691.7,45417.9,APB,no_hyp,no_hyp,no_hyp,ok,ok,
6497,,1169.3,1989.7,APB,no_hyp,no_hyp,no_hyp,ok,ok,
6498,,14326.3,24360.6,APB,no_hyp,no_hyp,no_hyp,ok,ok,
6499,,5587.3,9500.4,APB,no_hyp,no_hyp,no_hyp,ok,ok,
6500,,49428.7,84179.4,APB,no_hyp,no_hyp,no_hyp,ok,ok,
6501,,4115.0,7007.8,APB,no_hyp,no_hyp,no_hyp,ok,ok,
6502,,21220.3,36139.7,APB,no_hyp,no_hyp,no_hyp,ok,ok,
6503,,119415.1,203123.0,APB,no_hyp,no_hyp,no_hyp,ok,ok,
6504,,16670.6,28353.8,APB,no_hyp,no_hyp,no_hyp,ok,ok,
6505,,201848.8,343484.4,APB,no_hyp,no_hyp,no_hyp,ok,ok,
6506,,24170.4,41139.9,APB,no_hyp,no_hyp,no_hyp,ok,ok,
6507,,143421.7,244177.1,APB,no_hyp,no_hyp,no_hyp,ok,ok,
6508,,40350.4,68717.3,APB,no_hyp,no_hyp,no_hyp,ok,ok,
6509,,60923.3,103843.7,APB,no_hyp,no_hyp,no_hyp,ok,ok,
6510,,48018.2,81850.7,APB,no_hyp,no_hyp,no_hyp,ok,ok,
6511,,100531.3,171372.3,APB,no_hyp,no_hyp,no_hyp,ok,ok,
6512,,44999.5,76715.0,APB,no_hyp,no_hyp,no_hyp,ok,ok,
6513,,50749.6,86521.1,APB,no_hyp,no_hyp,no_hyp,ok,ok,
6514,,16890.4,28796.3,APB,no_hyp,no_hyp,no_hyp,ok,ok,
6515,,38893.7,65709.5,APB,no_hyp,no_hyp,no_hyp,ok,ok,
6516,首邑溪谷,149541.3,252126.7,APB,no_hyp,no_hyp,no_hyp,ok,ok,
6517,住总·兴康家园,148261.3,249927.2,APB,no_hyp,no_hyp,no_hyp,ok,ok,
6518,旭辉 十九城邦,270775.5,454612.9,APB,no_hyp,no_hyp,no_hyp,ok,ok,
6519,,20435.8,34545.1,APB,no_hyp,no_hyp,no_hyp,ok,ok,
6520,,10474.7,17707.1,APB,no_hyp,no_hyp,no_hyp,ok,ok,
6521,中海首钢长安云锦,19980.5,33817.6,APB,no_hyp,no_hyp,no_hyp,ok,ok,
6522,金裕雅苑,21572.7,36510.9,APB,no_hyp,no_hyp,no_hyp,ok,ok,
6523,,116932.3,198724.6,APB,no_hyp,no_hyp,no_hyp,ok,ok,
6524,朗悦花园南区,60640.2,102516.3,APB,no_hyp,no_hyp,no_hyp,ok,ok,
6525,赵辛店北坡社区,82833.6,139876.6,APB,no_hyp,no_hyp,no_hyp,ok,ok,
6526,662小区,196902.0,332504.0,APB,no_hyp,no_hyp,no_hyp,ok,ok,
6527,,100135.3,169171.5,APB,no_hyp,no_hyp,no_hyp,ok,ok,
6528,,186539.6,315057.1,APB,no_hyp,no_hyp,no_hyp,ok,ok,
6529,,35790.6,60439.7,APB,no_hyp,no_hyp,no_hyp,ok,ok,
6530,,46221.2,78108.1,APB,no_hyp,no_hyp,no_hyp,ok,ok,
6531,,152682.3,258030.2,APB,no_hyp,no_hyp,no_hyp,ok,ok,
6532,,32681.5,55237.1,APB,no_hyp,no_hyp,no_hyp,ok,ok,
6533,紫峪嘉园,71777.1,121310.6,APB,no_hyp,no_hyp,no_hyp,ok,ok,
6534,,100766.6,170269.0,APB,no_hyp,no_hyp,no_hyp,ok,ok,
6535,安庄芳菲家苑,25247.9,42559.2,APB,no_hyp,no_hyp,no_hyp,ok,ok,
6536,,21687.3,36575.4,APB,no_hyp,no_hyp,no_hyp,ok,ok,
6537,,210023.8,354933.3,APB,no_hyp,no_hyp,no_hyp,ok,ok,
6538,,23152.4,39124.5,APB,no_hyp,no_hyp,no_hyp,ok,ok,
6539,,66695.4,112626.1,APB,no_hyp,no_hyp,no_hyp,ok,ok,
6540,,1223606.4,2066707.2,APB,no_hyp,no_hyp,no_hyp,ok,ok,
6541,卢西嘉园,61287.3,103535.0,APB,no_hyp,no_hyp,no_hyp,ok,ok,
6542,,51017.9,86191.8,APB,no_hyp,no_hyp,no_hyp,ok,ok,
6543,,385906.0,651959.9,APB,no_hyp,no_hyp,no_hyp,ok,ok,
6544,,13162.4,22236.4,APB,no_hyp,no_hyp,no_hyp,ok,ok,
6545,,31493.9,53208.0,APB,no_hyp,no_hyp,no_hyp,ok,ok,
6546,,63134.3,106670.6,APB,no_hyp,no_hyp,no_hyp,ok,ok,
6547,,137961.9,233072.2,APB,no_hyp,no_hyp,no_hyp,ok,ok,
6548,,97126.1,164096.1,APB,no_hyp,no_hyp,no_hyp,ok,ok,
6549,,88935.9,150259.9,APB,no_hyp,no_hyp,no_hyp,ok,ok,
6550,,71337.4,120531.8,APB,no_hyp,no_hyp,no_hyp,ok,ok,
6551,,26101.2,44095.1,APB,no_hyp,no_hyp,no_hyp,ok,ok,
6552,,159795.9,270044.5,APB,no_hyp,no_hyp,no_hyp,ok,ok,
6553,碧波园,113877.7,191935.8,APB,no_hyp,no_hyp,no_hyp,ok,ok,
6554,广阳城新区,50993.3,85947.9,APB,no_hyp,no_hyp,no_hyp,ok,ok,
6555,邑上公馆小区,39400.5,66402.4,APB,no_hyp,no_hyp,no_hyp,ok,ok,
6556,长阳农场家属院,49559.6,83524.3,APB,no_hyp,no_hyp,no_hyp,ok,ok,
6557,天骄俊园,41686.0,70261.1,APB,no_hyp,no_hyp,no_hyp,ok,ok,
6558,翡翠长安,61139.0,103509.4,APB,no_hyp,no_hyp,no_hyp,ok,ok,
6559,,137545.7,232760.5,APB,no_hyp,no_hyp,no_hyp,ok,ok,
6560,,52826.2,89407.7,APB,no_hyp,no_hyp,no_hyp,ok,ok,
6561,云梦嘉苑,41820.2,70786.2,APB,no_hyp,no_hyp,no_hyp,ok,ok,
6562,,49373.4,83467.2,APB,no_hyp,no_hyp,no_hyp,ok,ok,
6563,,45637.8,77147.6,APB,no_hyp,no_hyp,no_hyp,ok,ok,
6564,,46689.9,78924.6,APB,no_hyp,no_hyp,no_hyp,ok,ok,
6565,,39562.5,66880.6,APB,no_hyp,no_hyp,no_hyp,ok,ok,
6566,,22641.5,38274.5,APB,no_hyp,no_hyp,no_hyp,ok,ok,
6567,,7584.6,12821.4,APB,no_hyp,no_hyp,no_hyp,ok,ok,
6568,,42323.6,71548.3,APB,no_hyp,no_hyp,no_hyp,ok,ok,
6569,,15095.9,25518.3,APB,no_hyp,no_hyp,no_hyp,ok,ok,
6570,,29384.2,49669.9,APB,no_hyp,no_hyp,no_hyp,ok,ok,
6571,,205605.8,346951.7,APB,no_hyp,no_hyp,no_hyp,ok,ok,
6572,,117964.6,199032.1,APB,no_hyp,no_hyp,no_hyp,ok,ok,
6573,,337070.1,568785.6,APB,no_hyp,no_hyp,no_hyp,ok,ok,
6574,,30435.7,51380.3,APB,no_hyp,no_hyp,no_hyp,ok,ok,
6575,,65101.9,109863.9,APB,no_hyp,no_hyp,no_hyp,ok,ok,
6576,,86508.7,146004.9,APB,no_hyp,no_hyp,no_hyp,ok,ok,
6577,,157343.6,265578.7,APB,no_hyp,no_hyp,no_hyp,ok,ok,
6578,,259659.9,438417.0,APB,no_hyp,no_hyp,no_hyp,ok,ok,
6579,,55653.9,93967.3,APB,no_hyp,no_hyp,no_hyp,ok,ok,
6580,,52532.7,88700.5,APB,no_hyp,no_hyp,no_hyp,ok,ok,
6581,,37294.9,62962.3,APB,no_hyp,no_hyp,no_hyp,ok,ok,
6582,,185976.5,313975.4,APB,no_hyp,no_hyp,no_hyp,ok,ok,
6583,,21696.4,36653.5,APB,no_hyp,no_hyp,no_hyp,ok,ok,
6584,,21901.9,37040.8,APB,no_hyp,no_hyp,no_hyp,ok,ok,
6585,,12808.7,21662.2,APB,no_hyp,no_hyp,no_hyp,ok,ok,
6586,东升园公寓,37577.7,63778.9,APB,no_hyp,no_hyp,no_hyp,ok,ok,
6587,,21586.6,36465.1,APB,no_hyp,no_hyp,no_hyp,ok,ok,
6588,,11592.8,19580.8,APB,no_hyp,no_hyp,no_hyp,ok,ok,
6589,,10403.7,17571.8,APB,no_hyp,no_hyp,no_hyp,ok,ok,
6590,,16209.6,27377.7,APB,no_hyp,no_hyp,no_hyp,ok,ok,
6591,,9421.0,15911.1,APB,no_hyp,no_hyp,no_hyp,ok,ok,
6592,,9046.1,15277.7,APB,no_hyp,no_hyp,no_hyp,ok,ok,
6593,,25457.2,42991.0,APB,no_hyp,no_hyp,no_hyp,ok,ok,
6594,熙湖悦著,144847.9,244380.6,APB,no_hyp,no_hyp,no_hyp,ok,ok,
6595,,26085.8,44007.6,APB,no_hyp,no_hyp,no_hyp,ok,ok,
6596,敬贤家园南里,70411.7,118047.1,APB,no_hyp,no_hyp,no_hyp,ok,ok,
6597,敬贤家园中里B区,56294.4,94385.6,APB,no_hyp,no_hyp,no_hyp,ok,ok,
6598,敬贤家园中里E区,54614.9,91575.3,APB,no_hyp,no_hyp,no_hyp,ok,ok,
6599,敬贤家园北里,54949.3,92142.1,APB,no_hyp,no_hyp,no_hyp,ok,ok,
6600,敬贤家园中里,42687.0,71575.1,APB,no_hyp,no_hyp,no_hyp,ok,ok,
6601,,293369.4,493573.5,APB,no_hyp,no_hyp,no_hyp,ok,ok,
6602,,410604.2,691130.4,APB,no_hyp,no_hyp,no_hyp,ok,ok,
6603,,538674.0,907047.1,APB,no_hyp,no_hyp,no_hyp,ok,ok,
6604,,415902.9,700835.4,APB,no_hyp,no_hyp,no_hyp,ok,ok,
6605,,62356.8,105442.9,APB,no_hyp,no_hyp,no_hyp,ok,ok,
6606,永安小区,52341.3,88673.9,APB,no_hyp,no_hyp,no_hyp,ok,ok,
6607,葡东小区,117774.3,199516.7,APB,no_hyp,no_hyp,no_hyp,ok,ok,
6608,迎晖北苑,56140.9,95093.4,APB,no_hyp,no_hyp,no_hyp,ok,ok,
6609,诺德彩园,17973.2,30434.7,APB,no_hyp,no_hyp,no_hyp,ok,ok,
6610,诺德彩园,24039.7,40707.7,APB,no_hyp,no_hyp,no_hyp,ok,ok,
6611,中骏天峰,18016.3,30508.0,APB,no_hyp,no_hyp,no_hyp,ok,ok,
6612,西长安壹号32院,24599.5,41653.7,APB,no_hyp,no_hyp,no_hyp,ok,ok,
6613,云泽嘉苑,79539.1,134612.4,APB,no_hyp,no_hyp,no_hyp,ok,ok,
6614,云翔嘉苑,27640.9,46776.4,APB,no_hyp,no_hyp,no_hyp,ok,ok,
6615,紫金新园二区,44983.5,76125.0,APB,no_hyp,no_hyp,no_hyp,ok,ok,
6616,紫金新园三区,81647.4,138164.7,APB,no_hyp,no_hyp,no_hyp,ok,ok,
6617,,30450.2,52262.6,APB,no_hyp,no_hyp,no_hyp,ok,ok,
6618,远洋万和公馆,65268.8,110821.3,APB,no_hyp,no_hyp,no_hyp,ok,ok,
6619,依山小墅,44960.7,76885.6,APB,no_hyp,no_hyp,no_hyp,ok,ok,
6620,下口村东住宅楼小区,20046.9,34382.9,APB,no_hyp,no_hyp,no_hyp,ok,ok,
6621,绿城新干线,14307.2,24394.0,APB,no_hyp,no_hyp,no_hyp,ok,ok,
6622,翠湖新城,19785.6,33738.0,APB,no_hyp,no_hyp,no_hyp,ok,ok,
6623,职工之家,10500.3,17906.2,APB,no_hyp,no_hyp,no_hyp,ok,ok,
6624,堂郡,166205.4,284109.1,APB,no_hyp,no_hyp,no_hyp,ok,ok,
6625,香堂文化小区南七区,73929.0,126377.6,APB,no_hyp,no_hyp,no_hyp,ok,ok,
6626,香堂文化小区北七区,43235.0,73913.0,APB,no_hyp,no_hyp,no_hyp,ok,ok,
6627,香堂文化新村果园小区,76185.3,130235.0,APB,no_hyp,no_hyp,no_hyp,ok,ok,
6628,真顺文化园,169265.5,289377.7,APB,no_hyp,no_hyp,no_hyp,ok,ok,
6629,九鼎山庄,186599.7,318986.7,APB,no_hyp,no_hyp,no_hyp,ok,ok,
6630,玉墅馆,56081.4,95864.7,APB,no_hyp,no_hyp,no_hyp,ok,ok,
6631,香堂工业园小区,21867.1,37375.0,APB,no_hyp,no_hyp,no_hyp,ok,ok,
6632,九华兮秀,19492.7,33313.2,APB,no_hyp,no_hyp,no_hyp,ok,ok,
6633,全国老年文化艺术研究院,34487.0,58939.2,APB,no_hyp,no_hyp,no_hyp,ok,ok,
6634,南韩苑小区,23288.1,39131.8,APB,no_hyp,no_hyp,no_hyp,ok,ok,
6635,山水人间,18201.1,30596.4,APB,no_hyp,no_hyp,no_hyp,ok,ok,
6636,新街村小区,33328.0,56021.5,APB,no_hyp,no_hyp,no_hyp,ok,ok,
6637,泰达民族小区,73943.7,124286.2,APB,no_hyp,no_hyp,no_hyp,ok,ok,
6638,西山小镇,59484.6,100041.0,APB,no_hyp,no_hyp,no_hyp,ok,ok,
6639,林海嘉园,32458.6,54554.5,APB,no_hyp,no_hyp,no_hyp,ok,ok,
6640,归馨园,22026.9,37021.6,APB,no_hyp,no_hyp,no_hyp,ok,ok,
6641,鸿福家园,14575.7,24484.0,APB,no_hyp,no_hyp,no_hyp,ok,ok,
6642,,5647.8,9457.0,APB,no_hyp,no_hyp,no_hyp,ok,ok,
6643,,17183.9,28948.3,APB,no_hyp,no_hyp,no_hyp,ok,ok,
6644,,1278.5,2153.9,APB,no_hyp,no_hyp,no_hyp,ok,ok,
6645,,7713.2,12990.4,APB,no_hyp,no_hyp,no_hyp,ok,ok,
6646,,11407.4,19213.5,APB,no_hyp,no_hyp,no_hyp,ok,ok,
6647,,10004.0,16837.6,APB,no_hyp,no_hyp,no_hyp,ok,ok,
6648,,6733.7,11336.7,APB,no_hyp,no_hyp,no_hyp,ok,ok,
6649,,21207.7,35708.9,APB,no_hyp,no_hyp,no_hyp,ok,ok,
6650,,8529.9,14362.1,APB,no_hyp,no_hyp,no_hyp,ok,ok,
6651,,70150.2,118321.9,APB,no_hyp,no_hyp,no_hyp,ok,ok,
6652,,158666.2,267666.8,APB,no_hyp,no_hyp,no_hyp,ok,ok,
6653,,5456.7,9204.9,APB,no_hyp,no_hyp,no_hyp,ok,ok,
6654,,16928.4,28374.6,APB,no_hyp,no_hyp,no_hyp,ok,ok,
6655,,460975.7,772561.6,APB,no_hyp,no_hyp,no_hyp,ok,ok,
6656,,57477.6,96324.1,APB,no_hyp,no_hyp,no_hyp,ok,ok,
6657,,23341.3,39374.6,APB,no_hyp,no_hyp,no_hyp,ok,ok,
6658,,111713.8,188463.2,APB,no_hyp,no_hyp,no_hyp,ok,ok,
6659,,16506.0,27851.0,APB,no_hyp,no_hyp,no_hyp,ok,ok,
6660,,21633.7,36505.7,APB,no_hyp,no_hyp,no_hyp,ok,ok,
6661,,33833.1,57086.0,APB,no_hyp,no_hyp,no_hyp,ok,ok,
6662,,12601.8,21262.9,APB,no_hyp,no_hyp,no_hyp,ok,ok,
6663,,41384.5,69816.4,APB,no_hyp,no_hyp,no_hyp,ok,ok,
6664,,29736.3,50165.4,APB,no_hyp,no_hyp,no_hyp,ok,ok,
6665,,4674.4,7885.5,APB,no_hyp,no_hyp,no_hyp,ok,ok,
6666,,22598.2,38127.2,APB,no_hyp,no_hyp,no_hyp,ok,ok,
6667,,3047.3,5140.6,APB,no_hyp,no_hyp,no_hyp,ok,ok,
6668,,5327.4,8986.7,APB,no_hyp,no_hyp,no_hyp,ok,ok,
6669,,1984.0,3346.8,APB,no_hyp,no_hyp,no_hyp,ok,ok,
6670,,12751.9,21502.5,APB,no_hyp,no_hyp,no_hyp,ok,ok,
6671,,3645.6,6147.1,APB,no_hyp,no_hyp,no_hyp,ok,ok,
6672,,13012.8,21940.9,APB,no_hyp,no_hyp,no_hyp,ok,ok,
6673,,10171.6,17150.3,APB,no_hyp,no_hyp,no_hyp,ok,ok,
6674,,30980.4,52229.1,APB,no_hyp,no_hyp,no_hyp,ok,ok,
6675,,14126.5,23818.0,APB,no_hyp,no_hyp,no_hyp,ok,ok,
6676,,165629.1,279077.0,APB,no_hyp,no_hyp,no_hyp,ok,ok,
6677,,234864.5,396946.6,APB,no_hyp,no_hyp,no_hyp,ok,ok,
6678,,77503.9,131023.5,APB,no_hyp,no_hyp,no_hyp,ok,ok,
6679,,144234.3,243823.1,APB,no_hyp,no_hyp,no_hyp,ok,ok,
6680,,165437.0,279721.9,APB,no_hyp,no_hyp,no_hyp,ok,ok,
6681,,88760.0,150105.4,APB,no_hyp,no_hyp,no_hyp,ok,ok,
6682,,132232.5,223662.0,APB,no_hyp,no_hyp,no_hyp,ok,ok,
6683,,29316.1,49590.7,APB,no_hyp,no_hyp,no_hyp,ok,ok,
6684,,287411.5,486216.8,APB,no_hyp,no_hyp,no_hyp,ok,ok,
6685,,13969.3,23622.4,APB,no_hyp,no_hyp,no_hyp,ok,ok,
6686,,14757.7,24958.5,APB,no_hyp,no_hyp,no_hyp,ok,ok,
6687,,36664.0,62007.5,APB,no_hyp,no_hyp,no_hyp,ok,ok,
6688,,22164.1,37530.5,APB,no_hyp,no_hyp,no_hyp,ok,ok,
6689,,4513.3,7642.4,APB,no_hyp,no_hyp,no_hyp,ok,ok,
6690,,76477.9,129492.1,APB,no_hyp,no_hyp,no_hyp,ok,ok,
6691,,11033.3,18681.2,APB,no_hyp,no_hyp,no_hyp,ok,ok,
6692,,2223.7,3765.8,APB,no_hyp,no_hyp,no_hyp,ok,ok,
6693,,3859.3,6535.9,APB,no_hyp,no_hyp,no_hyp,ok,ok,
6694,,16602.3,28117.2,APB,no_hyp,no_hyp,no_hyp,ok,ok,
6695,,45211.4,76586.0,APB,no_hyp,no_hyp,no_hyp,ok,ok,
6696,,14578.2,24699.9,APB,no_hyp,no_hyp,no_hyp,ok,ok,
6697,,14644.2,24750.8,APB,no_hyp,no_hyp,no_hyp,ok,ok,
6698,,5789.8,9782.9,APB,no_hyp,no_hyp,no_hyp,ok,ok,
6699,,2162.6,3654.3,APB,no_hyp,no_hyp,no_hyp,ok,ok,
6700,,5433.5,9180.3,APB,no_hyp,no_hyp,no_hyp,ok,ok,
6701,,130224.1,219987.1,APB,no_hyp,no_hyp,no_hyp,ok,ok,
6702,,14554.8,24588.8,APB,no_hyp,no_hyp,no_hyp,ok,ok,
6703,,13928.9,23613.1,APB,no_hyp,no_hyp,no_hyp,ok,ok,
6704,,2054.0,3482.2,APB,no_hyp,no_hyp,no_hyp,ok,ok,
6705,,16491.0,28042.0,APB,no_hyp,no_hyp,no_hyp,ok,ok,
6706,,2943.7,5005.8,APB,no_hyp,no_hyp,no_hyp,ok,ok,
6707,,10141.7,17232.0,APB,no_hyp,no_hyp,no_hyp,ok,ok,
6708,,93123.0,158246.5,APB,no_hyp,no_hyp,no_hyp,ok,ok,
6709,,16502.5,28037.4,APB,no_hyp,no_hyp,no_hyp,ok,ok,
6710,,77021.4,130893.9,APB,no_hyp,no_hyp,no_hyp,ok,ok,
6711,,50351.4,85587.4,APB,no_hyp,no_hyp,no_hyp,ok,ok,
6712,,9781.4,16625.5,APB,no_hyp,no_hyp,no_hyp,ok,ok,
6713,,11903.9,20263.5,APB,no_hyp,no_hyp,no_hyp,ok,ok,
6714,,120244.1,204158.1,APB,no_hyp,no_hyp,no_hyp,ok,ok,
6715,,7408.8,12581.2,APB,no_hyp,no_hyp,no_hyp,ok,ok,
6716,,7972.1,13546.8,APB,no_hyp,no_hyp,no_hyp,ok,ok,
6717,,3050.3,5183.1,APB,no_hyp,no_hyp,no_hyp,ok,ok,
6718,,53933.6,91677.4,APB,no_hyp,no_hyp,no_hyp,ok,ok,
6719,,17295.5,29398.0,APB,no_hyp,no_hyp,no_hyp,ok,ok,
6720,,7629.8,12969.1,APB,no_hyp,no_hyp,no_hyp,ok,ok,
6721,,14031.6,23868.4,APB,no_hyp,no_hyp,no_hyp,ok,ok,
6722,,7474.0,12708.2,APB,no_hyp,no_hyp,no_hyp,ok,ok,
6723,,1946.7,3313.1,APB,no_hyp,no_hyp,no_hyp,ok,ok,
6724,,17180.8,29234.6,APB,no_hyp,no_hyp,no_hyp,ok,ok,
6725,,54570.1,92862.2,APB,no_hyp,no_hyp,no_hyp,ok,ok,
6726,,26817.8,45642.7,APB,no_hyp,no_hyp,no_hyp,ok,ok,
6727,,8888.9,15148.1,APB,no_hyp,no_hyp,no_hyp,ok,ok,
6728,,274525.8,468226.4,APB,no_hyp,no_hyp,no_hyp,ok,ok,
6729,,117939.9,201123.7,APB,no_hyp,no_hyp,no_hyp,ok,ok,
6730,,3063.0,5201.4,APB,no_hyp,no_hyp,no_hyp,ok,ok,
6731,,1740.5,2951.5,APB,no_hyp,no_hyp,no_hyp,ok,ok,
6732,,23510.8,39873.4,APB,no_hyp,no_hyp,no_hyp,ok,ok,
6733,,50541.7,85735.9,APB,no_hyp,no_hyp,no_hyp,ok,ok,
6734,,24473.8,41518.4,APB,no_hyp,no_hyp,no_hyp,ok,ok,
6735,,50321.3,85317.3,APB,no_hyp,no_hyp,no_hyp,ok,ok,
6736,,60350.5,102327.2,APB,no_hyp,no_hyp,no_hyp,ok,ok,
6737,,134808.2,228507.3,APB,no_hyp,no_hyp,no_hyp,ok,ok,
6738,,78875.9,133763.0,APB,no_hyp,no_hyp,no_hyp,ok,ok,
6739,,110498.3,187406.5,APB,no_hyp,no_hyp,no_hyp,ok,ok,
6740,,11284.1,19128.5,APB,no_hyp,no_hyp,no_hyp,ok,ok,
6741,,7625.3,12924.4,APB,no_hyp,no_hyp,no_hyp,ok,ok,
6742,,8986.7,15230.8,APB,no_hyp,no_hyp,no_hyp,ok,ok,
6743,,88241.4,149534.2,APB,no_hyp,no_hyp,no_hyp,ok,ok,
6744,,25362.1,42974.1,APB,no_hyp,no_hyp,no_hyp,ok,ok,
6745,,2366.4,4009.8,APB,no_hyp,no_hyp,no_hyp,ok,ok,
6746,,2611.8,4425.2,APB,no_hyp,no_hyp,no_hyp,ok,ok,
6747,,13420.5,22737.5,APB,no_hyp,no_hyp,no_hyp,ok,ok,
6748,,12807.0,21707.2,APB,no_hyp,no_hyp,no_hyp,ok,ok,
6749,,65121.0,110379.6,APB,no_hyp,no_hyp,no_hyp,ok,ok,
6750,,30454.6,51684.0,APB,no_hyp,no_hyp,no_hyp,ok,ok,
6751,,317946.0,541866.7,APB,no_hyp,no_hyp,no_hyp,ok,ok,
6752,,26772.9,45631.5,APB,no_hyp,no_hyp,no_hyp,ok,ok,
6753,,6699.5,11419.3,APB,no_hyp,no_hyp,no_hyp,ok,ok,
6754,,275716.3,469245.5,APB,no_hyp,no_hyp,no_hyp,ok,ok,
6755,,20131.7,33969.2,APB,no_hyp,no_hyp,no_hyp,ok,ok,
6756,,2403.5,4054.2,APB,no_hyp,no_hyp,no_hyp,ok,ok,
6757,,11585.5,19529.8,APB,no_hyp,no_hyp,no_hyp,ok,ok,
6758,,37321.8,62969.6,APB,no_hyp,no_hyp,no_hyp,ok,ok,
6759,,17780.3,30009.6,APB,no_hyp,no_hyp,no_hyp,ok,ok,
6760,,116241.4,196176.3,APB,no_hyp,no_hyp,no_hyp,ok,ok,
6761,,12252.9,20679.9,APB,no_hyp,no_hyp,no_hyp,ok,ok,
6762,,115350.6,194703.2,APB,no_hyp,no_hyp,no_hyp,ok,ok,
6763,,3925.2,6605.2,APB,no_hyp,no_hyp,no_hyp,ok,ok,
6764,,8002.8,13605.9,APB,no_hyp,no_hyp,no_hyp,ok,ok,
6765,,39920.3,67885.0,APB,no_hyp,no_hyp,no_hyp,ok,ok,
6766,,2756.4,4687.5,APB,no_hyp,no_hyp,no_hyp,ok,ok,
6767,,3118.5,5300.8,APB,no_hyp,no_hyp,no_hyp,ok,ok,
6768,东营里小区-5号院,38077.4,64376.1,APB,no_hyp,no_hyp,no_hyp,ok,ok,
6769,东营里-3号院,16350.9,27643.9,APB,no_hyp,no_hyp,no_hyp,ok,ok,
6770,东营里-1号院,10793.3,18247.8,APB,no_hyp,no_hyp,no_hyp,ok,ok,
6771,东营里-2号院,18201.9,30772.7,APB,no_hyp,no_hyp,no_hyp,ok,ok,
6772,前泥洼三区,52178.4,88213.0,APB,no_hyp,no_hyp,no_hyp,ok,ok,
6773,前泥洼-1区,33715.8,57004.1,APB,no_hyp,no_hyp,no_hyp,ok,ok,
6774,丰管路甲-52号院,38476.5,65053.1,APB,no_hyp,no_hyp,no_hyp,ok,ok,
6775,公安部住宅小区,16902.5,28577.5,APB,no_hyp,no_hyp,no_hyp,ok,ok,
6776,东大街-30号院,7901.6,13359.1,APB,no_hyp,no_hyp,no_hyp,ok,ok,
6777,丰管路58号院,14080.0,23805.3,APB,no_hyp,no_hyp,no_hyp,ok,ok,
6778,,20155.2,34076.9,APB,no_hyp,no_hyp,no_hyp,ok,ok,
6779,东货场42号院,15705.3,26550.5,APB,no_hyp,no_hyp,no_hyp,ok,ok,
6780,檀香府C3小区,39129.7,66202.5,APB,no_hyp,no_hyp,no_hyp,ok,ok,
6781,檀谷东山,36733.7,62148.8,APB,no_hyp,no_hyp,no_hyp,ok,ok,
6782,京潭西路2号院,20841.4,35262.6,APB,no_hyp,no_hyp,no_hyp,ok,ok,
6783,京潭西路1号院,26559.9,44937.1,APB,no_hyp,no_hyp,no_hyp,ok,ok,
6784,桃花溪路2号院,51492.6,87123.2,APB,no_hyp,no_hyp,no_hyp,ok,ok,
6785,檀香府C11小区,17046.9,28840.8,APB,no_hyp,no_hyp,no_hyp,ok,ok,
6786,,61643.4,104349.5,APB,no_hyp,no_hyp,no_hyp,ok,ok,
6787,丰桥路7号院,143393.6,242402.0,APB,no_hyp,no_hyp,no_hyp,ok,ok,
6788,理想家,15257.8,25793.2,APB,no_hyp,no_hyp,no_hyp,ok,ok,
6789,优筑,33037.3,55849.4,APB,no_hyp,no_hyp,no_hyp,ok,ok,
6790,育芳园甲1号院,17730.1,29971.5,APB,no_hyp,no_hyp,no_hyp,ok,ok,
6791,育芳园,180933.2,305843.8,APB,no_hyp,no_hyp,no_hyp,ok,ok,
6792,金丰园,14664.6,24789.0,APB,no_hyp,no_hyp,no_hyp,ok,ok,
6793,三环新城4号院,10577.9,17881.4,APB,no_hyp,no_hyp,no_hyp,ok,ok,
6794,丰桥路甲4号院,5924.4,10014.8,APB,no_hyp,no_hyp,no_hyp,ok,ok,
6795,滙丰家园,37291.9,63038.6,APB,no_hyp,no_hyp,no_hyp,ok,ok,
6796,樊家村甲14号院,4939.8,8350.0,APB,no_hyp,no_hyp,no_hyp,ok,ok,
6797,樊家村甲三号院,14358.7,24270.6,APB,no_hyp,no_hyp,no_hyp,ok,ok,
6798,枫泽园,30947.9,52312.8,APB,no_hyp,no_hyp,no_hyp,ok,ok,
6799,樊家村甲2号院,8120.5,13726.3,APB,no_hyp,no_hyp,no_hyp,ok,ok,
6800,樊家村甲6号院,6949.3,11746.3,APB,no_hyp,no_hyp,no_hyp,ok,ok,
6801,三环新城6号院,63750.9,107763.3,APB,no_hyp,no_hyp,no_hyp,ok,ok,
6802,三环新城8号院,92736.4,156756.6,APB,no_hyp,no_hyp,no_hyp,ok,ok,
6803,葛村西里西区,34468.2,58259.0,APB,no_hyp,no_hyp,no_hyp,ok,ok,
6804,葛村西里东区,12909.3,21819.9,APB,no_hyp,no_hyp,no_hyp,ok,ok,
6805,葛洲坝北京中国府,95003.4,160574.7,APB,no_hyp,no_hyp,no_hyp,ok,ok,
6806,万年花城万芳园二区,93674.8,158327.6,APB,no_hyp,no_hyp,no_hyp,ok,ok,
6807,万年花城万芳园一区,126763.2,214254.6,APB,no_hyp,no_hyp,no_hyp,ok,ok,
6808,南大元300号院,11454.5,19359.6,APB,no_hyp,no_hyp,no_hyp,ok,ok,
6809,万年花城·濠景,51259.9,86630.4,APB,no_hyp,no_hyp,no_hyp,ok,ok,
6810,钓云台,18822.9,31813.6,APB,no_hyp,no_hyp,no_hyp,ok,ok,
6811,康庄东路19号院,11107.5,18772.2,APB,no_hyp,no_hyp,no_hyp,ok,ok,
6812,刘家村126号院,26287.3,44430.5,APB,no_hyp,no_hyp,no_hyp,ok,ok,
6813,安慧北里秀园,69803.7,118499.9,APB,no_hyp,no_hyp,no_hyp,ok,ok,
6814,越秀天恒·怀山府西区,79784.2,136873.6,APB,no_hyp,no_hyp,no_hyp,ok,ok,
6815,嘉都阳光公馆,96831.2,164625.3,APB,no_hyp,no_hyp,no_hyp,ok,ok,
6816,北大街北里-北区,17844.8,30175.0,APB,no_hyp,no_hyp,no_hyp,ok,ok,
6817,,99503.7,168622.9,APB,no_hyp,no_hyp,no_hyp,ok,ok,
6818,程庄南里小区,64312.4,108716.0,APB,no_hyp,no_hyp,no_hyp,ok,ok,
6819,四合院公寓,14865.3,25132.5,APB,no_hyp,no_hyp,no_hyp,ok,ok,
6820,程庄路3号院,29852.7,50476.9,APB,no_hyp,no_hyp,no_hyp,ok,ok,
6821,,24393.5,41243.3,APB,no_hyp,no_hyp,no_hyp,ok,ok,
6822,,19474.8,32927.8,APB,no_hyp,no_hyp,no_hyp,ok,ok,
6823,,79253.4,133991.8,APB,no_hyp,no_hyp,no_hyp,ok,ok,
6824,,66172.1,111953.1,APB,no_hyp,no_hyp,no_hyp,ok,ok,
6825,,41833.7,70779.0,APB,no_hyp,no_hyp,no_hyp,ok,ok,
6826,,61694.9,104366.6,APB,no_hyp,no_hyp,no_hyp,ok,ok,
6827,,10755.8,18196.4,APB,no_hyp,no_hyp,no_hyp,ok,ok,
6828,,15616.0,26417.8,APB,no_hyp,no_hyp,no_hyp,ok,ok,
6829,,8279.4,14001.0,APB,no_hyp,no_hyp,no_hyp,ok,ok,
6830,,59557.1,100722.0,APB,no_hyp,no_hyp,no_hyp,ok,ok,
6831,,63097.8,106236.4,APB,no_hyp,no_hyp,no_hyp,ok,ok,
6832,,10463.2,17617.3,APB,no_hyp,no_hyp,no_hyp,ok,ok,
6833,,65931.7,111748.1,APB,no_hyp,no_hyp,no_hyp,ok,ok,
6834,,62768.8,106396.9,APB,no_hyp,no_hyp,no_hyp,ok,ok,
6835,,28836.0,48688.2,APB,no_hyp,no_hyp,no_hyp,ok,ok,
6836,,7130.0,12039.0,APB,no_hyp,no_hyp,no_hyp,ok,ok,
6837,,7607.0,12844.9,APB,no_hyp,no_hyp,no_hyp,ok,ok,
6838,,999.2,1687.2,APB,no_hyp,no_hyp,no_hyp,ok,ok,
6839,,16612.2,28052.4,APB,no_hyp,no_hyp,no_hyp,ok,ok,
6840,,4704.9,7945.4,APB,no_hyp,no_hyp,no_hyp,ok,ok,
6841,,25515.0,43090.3,APB,no_hyp,no_hyp,no_hyp,ok,ok,
6842,,4457.5,7528.7,APB,no_hyp,no_hyp,no_hyp,ok,ok,
6843,,13877.0,23438.5,APB,no_hyp,no_hyp,no_hyp,ok,ok,
6844,,9006.8,15212.3,APB,no_hyp,no_hyp,no_hyp,ok,ok,
6845,,7203.7,12167.4,APB,no_hyp,no_hyp,no_hyp,ok,ok,
6846,,19436.3,32830.6,APB,no_hyp,no_hyp,no_hyp,ok,ok,
6847,,65983.3,111424.8,APB,no_hyp,no_hyp,no_hyp,ok,ok,
6848,,2112.0,3566.7,APB,no_hyp,no_hyp,no_hyp,ok,ok,
6849,,8265.3,13958.6,APB,no_hyp,no_hyp,no_hyp,ok,ok,
6850,,3236.3,5467.3,APB,no_hyp,no_hyp,no_hyp,ok,ok,
6851,,7699.5,13010.8,APB,no_hyp,no_hyp,no_hyp,ok,ok,
6852,,12321.3,20811.2,APB,no_hyp,no_hyp,no_hyp,ok,ok,
6853,,2551.0,4309.8,APB,no_hyp,no_hyp,no_hyp,ok,ok,
6854,杨家峪古村落,21687.4,36769.3,APB,no_hyp,no_hyp,no_hyp,ok,ok,
6855,,836.6,1418.3,APB,no_hyp,no_hyp,no_hyp,ok,ok,
6856,宝兴华庭公寓,37757.6,64102.7,APB,no_hyp,no_hyp,no_hyp,ok,ok,
6857,融科·橄榄城3期,50701.0,86070.7,APB,no_hyp,no_hyp,no_hyp,ok,ok,
6858,,628018.0,1057782.1,APB,no_hyp,no_hyp,no_hyp,ok,ok,
6859,,154166.9,259700.1,APB,no_hyp,no_hyp,no_hyp,ok,ok,
6860,,18828.4,31822.1,APB,no_hyp,no_hyp,no_hyp,ok,ok,
6861,,13448.8,22720.6,APB,no_hyp,no_hyp,no_hyp,ok,ok,
6862,,22627.4,38221.1,APB,no_hyp,no_hyp,no_hyp,ok,ok,
6863,,5494.9,9283.3,APB,no_hyp,no_hyp,no_hyp,ok,ok,
6864,日新家园,19933.2,33684.3,APB,no_hyp,no_hyp,no_hyp,ok,ok,
6865,中海滙德里,74094.7,126137.7,APB,no_hyp,no_hyp,no_hyp,ok,ok,
6866,怡和世家,76846.8,129852.8,APB,no_hyp,no_hyp,no_hyp,ok,ok,
6867,金茂府,16529.0,27929.8,APB,no_hyp,no_hyp,no_hyp,ok,ok,
6868,石榴庄小区,35199.4,59486.1,APB,no_hyp,no_hyp,no_hyp,ok,ok,
6869,金鱼池中区,50150.2,84870.1,APB,no_hyp,no_hyp,no_hyp,ok,ok,
6870,金鱼池西区,50783.9,85942.1,APB,no_hyp,no_hyp,no_hyp,ok,ok,
6871,,44523.6,75252.3,APB,no_hyp,no_hyp,no_hyp,ok,ok,
6872,,11667.4,19723.4,APB,no_hyp,no_hyp,no_hyp,ok,ok,
6873,,14227.0,24051.0,APB,no_hyp,no_hyp,no_hyp,ok,ok,
6874,,10393.3,17568.7,APB,no_hyp,no_hyp,no_hyp,ok,ok,
6875,,59366.6,100347.1,APB,no_hyp,no_hyp,no_hyp,ok,ok,
6876,,8717.7,14745.3,APB,no_hyp,no_hyp,no_hyp,ok,ok,
6877,燕保·温泉家园,25010.5,42524.6,APB,no_hyp,no_hyp,no_hyp,ok,ok,
6878,北辰.香麓-欣麓园,177530.7,301818.9,APB,no_hyp,no_hyp,no_hyp,ok,ok,
6879,尚峰尚水尚峰园,46154.9,78468.9,APB,no_hyp,no_hyp,no_hyp,ok,ok,
6880,尚峰尚水东区,48916.4,83161.4,APB,no_hyp,no_hyp,no_hyp,ok,ok,
6881,尚峰尚水尚居园,30831.1,52414.1,APB,no_hyp,no_hyp,no_hyp,ok,ok,
6882,尚峰尚水尚品园,30489.8,51831.2,APB,no_hyp,no_hyp,no_hyp,ok,ok,
6883,温泉人家,47799.7,81256.1,APB,no_hyp,no_hyp,no_hyp,ok,ok,
6884,温泉路45号院,26788.0,45535.3,APB,no_hyp,no_hyp,no_hyp,ok,ok,
6885,颐阳山水居西区百合园,49024.2,83327.5,APB,no_hyp,no_hyp,no_hyp,ok,ok,
6886,颐阳山水居养心园,144057.5,244833.2,APB,no_hyp,no_hyp,no_hyp,ok,ok,
6887,颐阳山水居丁香园,14903.5,25330.4,APB,no_hyp,no_hyp,no_hyp,ok,ok,
6888,颐春小区,15909.9,27042.0,APB,no_hyp,no_hyp,no_hyp,ok,ok,
6889,,9904.6,16741.7,APB,no_hyp,no_hyp,no_hyp,ok,ok,
6890,,14295.6,24165.2,APB,no_hyp,no_hyp,no_hyp,ok,ok,
6891,,21407.4,36187.9,APB,no_hyp,no_hyp,no_hyp,ok,ok,
6892,,11562.7,19543.3,APB,no_hyp,no_hyp,no_hyp,ok,ok,
6893,,40034.7,67718.8,APB,no_hyp,no_hyp,no_hyp,ok,ok,
6894,,89936.4,152071.8,APB,no_hyp,no_hyp,no_hyp,ok,ok,
6895,,40434.9,68371.6,APB,no_hyp,no_hyp,no_hyp,ok,ok,
6896,,25516.6,43142.1,APB,no_hyp,no_hyp,no_hyp,ok,ok,
6897,,25485.4,43093.3,APB,no_hyp,no_hyp,no_hyp,ok,ok,
6898,,30022.0,50761.8,APB,no_hyp,no_hyp,no_hyp,ok,ok,
6899,,10966.1,18651.6,APB,no_hyp,no_hyp,no_hyp,ok,ok,
6900,,6695.4,11388.0,APB,no_hyp,no_hyp,no_hyp,ok,ok,
6901,,3281.8,5522.8,APB,no_hyp,no_hyp,no_hyp,ok,ok,
6902,,4090.1,6882.8,APB,no_hyp,no_hyp,no_hyp,ok,ok,
6903,,4178.8,7032.1,APB,no_hyp,no_hyp,no_hyp,ok,ok,
6904,,13880.6,23357.3,APB,no_hyp,no_hyp,no_hyp,ok,ok,
6905,,30033.2,50775.5,APB,no_hyp,no_hyp,no_hyp,ok,ok,
6906,踩河路7号院,42709.0,72823.4,APB,no_hyp,no_hyp,no_hyp,ok,ok,
6907,学府新城,4286.0,7306.4,APB,no_hyp,no_hyp,no_hyp,ok,ok,
6908,金鑫公寓,3756.5,6403.6,APB,no_hyp,no_hyp,no_hyp,ok,ok,
6909,,5606.6,9484.1,APB,no_hyp,no_hyp,no_hyp,ok,ok,
6910,,20110.4,34020.4,APB,no_hyp,no_hyp,no_hyp,ok,ok,
6911,,9128.6,15443.6,APB,no_hyp,no_hyp,no_hyp,ok,ok,
6912,,53147.1,89921.6,APB,no_hyp,no_hyp,no_hyp,ok,ok,
6913,,21111.4,35717.3,APB,no_hyp,no_hyp,no_hyp,ok,ok,
6914,第七街区,220728.6,373461.2,APB,no_hyp,no_hyp,no_hyp,ok,ok,
6915,,29409.2,49755.0,APB,no_hyp,no_hyp,no_hyp,ok,ok,
6916,科兴佳园,95765.4,162059.0,APB,no_hyp,no_hyp,no_hyp,ok,ok,
6917,靛厂锦园,128175.4,216905.2,APB,no_hyp,no_hyp,no_hyp,ok,ok,
6918,西府兰庭,28803.3,48743.2,APB,no_hyp,no_hyp,no_hyp,ok,ok,
6919,,54877.7,94044.0,APB,no_hyp,no_hyp,no_hyp,ok,ok,
6920,,79494.3,136200.8,APB,no_hyp,no_hyp,no_hyp,ok,ok,
6921,,11431.6,19564.4,APB,no_hyp,no_hyp,no_hyp,ok,ok,
6922,,160260.0,274247.7,APB,no_hyp,no_hyp,no_hyp,ok,ok,
6923,在水一方,18025.0,30524.7,APB,no_hyp,no_hyp,no_hyp,ok,ok,
6924,永顺南街304号院,4849.8,8212.9,APB,no_hyp,no_hyp,no_hyp,ok,ok,
6925,永顺南街308号院,3446.8,5837.1,APB,no_hyp,no_hyp,no_hyp,ok,ok,
6926,通惠北路小区,31243.4,52912.4,APB,no_hyp,no_hyp,no_hyp,ok,ok,
6927,馨通家园,45180.2,76516.1,APB,no_hyp,no_hyp,no_hyp,ok,ok,
6928,岳庄村,42705.4,72325.4,APB,no_hyp,no_hyp,no_hyp,ok,ok,
6929,,214873.8,367915.6,APB,no_hyp,no_hyp,no_hyp,ok,ok,
6930,,37816.9,64751.9,APB,no_hyp,no_hyp,no_hyp,ok,ok,
6931,,36556.2,61881.9,APB,no_hyp,no_hyp,no_hyp,ok,ok,
6932,,85201.1,144241.0,APB,no_hyp,no_hyp,no_hyp,ok,ok,
6933,,51051.3,86440.9,APB,no_hyp,no_hyp,no_hyp,ok,ok,
6934,,10298.3,17438.7,APB,no_hyp,no_hyp,no_hyp,ok,ok,
6935,,15222.3,25771.4,APB,no_hyp,no_hyp,no_hyp,ok,ok,
6936,,5007.6,8478.0,APB,no_hyp,no_hyp,no_hyp,ok,ok,
6937,,38524.1,65221.3,APB,no_hyp,no_hyp,no_hyp,ok,ok,
6938,,12722.2,21536.6,APB,no_hyp,no_hyp,no_hyp,ok,ok,
6939,,8692.3,14713.8,APB,no_hyp,no_hyp,no_hyp,ok,ok,
6940,,3536.0,5985.6,APB,no_hyp,no_hyp,no_hyp,ok,ok,
6941,,45092.2,76341.5,APB,no_hyp,no_hyp,no_hyp,ok,ok,
6942,,6345.3,10740.4,APB,no_hyp,no_hyp,no_hyp,ok,ok,
6943,,5376.4,9100.1,APB,no_hyp,no_hyp,no_hyp,ok,ok,
6944,,130906.8,221576.9,APB,no_hyp,no_hyp,no_hyp,ok,ok,
6945,,10147.4,17167.5,APB,no_hyp,no_hyp,no_hyp,ok,ok,
6946,,6132.2,10374.9,APB,no_hyp,no_hyp,no_hyp,ok,ok,
6947,,6530.9,11049.7,APB,no_hyp,no_hyp,no_hyp,ok,ok,
6948,万和嘉园一区,69108.1,117558.2,APB,no_hyp,no_hyp,no_hyp,ok,ok,
6949,星悦澜湾家园,44261.2,75805.3,APB,no_hyp,no_hyp,no_hyp,ok,ok,
6950,鸿坤理想城,443172.5,744105.3,APB,no_hyp,no_hyp,no_hyp,ok,ok,
6951,北太平路16号院,21449.9,36314.5,APB,no_hyp,no_hyp,no_hyp,ok,ok,
6952,太平路50号院,42244.8,71512.0,APB,no_hyp,no_hyp,no_hyp,ok,ok,
6953,太平路31号院,18479.5,31283.4,APB,no_hyp,no_hyp,no_hyp,ok,ok,
6954,太平路44号院,95910.7,162353.7,APB,no_hyp,no_hyp,no_hyp,ok,ok,
6955,太平路40号院,20863.9,35318.6,APB,no_hyp,no_hyp,no_hyp,ok,ok,
6956,太平路42号院,13433.7,22740.7,APB,no_hyp,no_hyp,no_hyp,ok,ok,
6957,新兴年代,27955.2,47320.7,APB,no_hyp,no_hyp,no_hyp,ok,ok,
6958,复兴路36号院,6243.9,10572.1,APB,no_hyp,no_hyp,no_hyp,ok,ok,
6959,百朗园,12417.3,21024.6,APB,no_hyp,no_hyp,no_hyp,ok,ok,
6960,永定路西里,52829.9,89445.5,APB,no_hyp,no_hyp,no_hyp,ok,ok,
6961,北太平路17号院,18024.0,30515.5,APB,no_hyp,no_hyp,no_hyp,ok,ok,
6962,嘉德公寓,11499.5,19470.6,APB,no_hyp,no_hyp,no_hyp,ok,ok,
6963,永定路98号院,10813.5,18307.1,APB,no_hyp,no_hyp,no_hyp,ok,ok,
6964,北京六建家属院,47881.1,81067.4,APB,no_hyp,no_hyp,no_hyp,ok,ok,
6965,北太平路3号院,11777.8,19940.6,APB,no_hyp,no_hyp,no_hyp,ok,ok,
6966,永定路东街5号院,35243.7,59670.1,APB,no_hyp,no_hyp,no_hyp,ok,ok,
6967,海淀上郡,133006.0,226630.8,APB,no_hyp,no_hyp,no_hyp,ok,ok,
6968,太平路甲12号院,7307.9,12370.9,APB,no_hyp,no_hyp,no_hyp,ok,ok,
6969,,6453.2,10923.8,APB,no_hyp,no_hyp,no_hyp,ok,ok,
6970,西翠路3号院,48219.8,81626.4,APB,no_hyp,no_hyp,no_hyp,ok,ok,
6971,太平路甲21号院,14125.0,23910.4,APB,no_hyp,no_hyp,no_hyp,ok,ok,
6972,,2725.6,4613.9,APB,no_hyp,no_hyp,no_hyp,ok,ok,
6973,明日家园,70302.1,119013.7,APB,no_hyp,no_hyp,no_hyp,ok,ok,
6974,太平路38号院,39409.1,66711.7,APB,no_hyp,no_hyp,no_hyp,ok,ok,
6975,太平路34号院,6608.6,11187.1,APB,no_hyp,no_hyp,no_hyp,ok,ok,
6976,太平路36号院,5342.0,9043.1,APB,no_hyp,no_hyp,no_hyp,ok,ok,
6977,,88587.6,149392.6,APB,no_hyp,no_hyp,no_hyp,ok,ok,
6978,,9089.6,15327.6,APB,no_hyp,no_hyp,no_hyp,ok,ok,
6979,,65645.6,110685.7,APB,no_hyp,no_hyp,no_hyp,ok,ok,
6980,,88973.1,150017.7,APB,no_hyp,no_hyp,no_hyp,ok,ok,
6981,小屯路甲2号院,52921.1,89572.8,APB,no_hyp,no_hyp,no_hyp,ok,ok,
6982,博龙家园,31580.2,53450.7,APB,no_hyp,no_hyp,no_hyp,ok,ok,
6983,芳园,136695.0,231344.0,APB,no_hyp,no_hyp,no_hyp,ok,ok,
6984,秀园,121315.4,205314.1,APB,no_hyp,no_hyp,no_hyp,ok,ok,
6985,青塔蔚园,145861.7,246879.7,APB,no_hyp,no_hyp,no_hyp,ok,ok,
6986,小瓦窑东里1号院,20999.9,35543.4,APB,no_hyp,no_hyp,no_hyp,ok,ok,
6987,吉祥园小区,77535.4,131218.4,APB,no_hyp,no_hyp,no_hyp,ok,ok,
6988,小屯东里1号院,18608.1,31493.7,APB,no_hyp,no_hyp,no_hyp,ok,ok,
6989,莲玉嘉园,130464.5,220819.0,APB,no_hyp,no_hyp,no_hyp,ok,ok,
6990,兆丰馨园,39345.2,66590.6,APB,no_hyp,no_hyp,no_hyp,ok,ok,
6991,兆丰园小区-一区,14445.5,24448.9,APB,no_hyp,no_hyp,no_hyp,ok,ok,
6992,兆丰园小区-三区,68340.1,115657.4,APB,no_hyp,no_hyp,no_hyp,ok,ok,
6993,华富丽苑,29831.5,50485.9,APB,no_hyp,no_hyp,no_hyp,ok,ok,
6994,兆丰馨园-西区,62325.9,105481.7,APB,no_hyp,no_hyp,no_hyp,ok,ok,
6995,兆丰园(南区),34741.5,58792.3,APB,no_hyp,no_hyp,no_hyp,ok,ok,
6996,大成南里-二区,123669.2,209277.1,APB,no_hyp,no_hyp,no_hyp,ok,ok,
6997,长安新城-一区,152911.3,258761.0,APB,no_hyp,no_hyp,no_hyp,ok,ok,
6998,大成路28号院,10904.8,18452.9,APB,no_hyp,no_hyp,no_hyp,ok,ok,
6999,大成路24号院,13605.7,23024.7,APB,no_hyp,no_hyp,no_hyp,ok,ok,
7000,林栖园,14796.7,25039.6,APB,no_hyp,no_hyp,no_hyp,ok,ok,
7001,大成郡,216792.1,366862.6,APB,no_hyp,no_hyp,no_hyp,ok,ok,
7002,郑常庄307号院,52963.9,89635.4,APB,no_hyp,no_hyp,no_hyp,ok,ok,
7003,郑常庄308号院,10158.0,17191.7,APB,no_hyp,no_hyp,no_hyp,ok,ok,
7004,大成路11号院,34105.9,57719.9,APB,no_hyp,no_hyp,no_hyp,ok,ok,
7005,青岸风景园,37759.7,63907.9,APB,no_hyp,no_hyp,no_hyp,ok,ok,
7006,马连道胡同3号院,17744.7,30022.1,APB,no_hyp,no_hyp,no_hyp,ok,ok,
7007,依莲轩,78615.8,133028.9,APB,no_hyp,no_hyp,no_hyp,ok,ok,
7008,马连道中里,193730.5,327823.2,APB,no_hyp,no_hyp,no_hyp,ok,ok,
7009,红莲晴园,32126.1,54358.1,APB,no_hyp,no_hyp,no_hyp,ok,ok,
7010,,10763.4,18211.3,APB,no_hyp,no_hyp,no_hyp,ok,ok,
7011,太平桥中里,126185.1,213524.2,APB,no_hyp,no_hyp,no_hyp,ok,ok,
7012,精图雅苑,6983.5,11815.9,APB,no_hyp,no_hyp,no_hyp,ok,ok,
7013,同馨家园,93286.7,157817.7,APB,no_hyp,no_hyp,no_hyp,ok,ok,
7014,美域家园（北区）,45931.3,77699.8,APB,no_hyp,no_hyp,no_hyp,ok,ok,
7015,羊坊店-17号院,44777.7,75804.0,APB,no_hyp,no_hyp,no_hyp,ok,ok,
7016,羊坊店-15号院,37089.0,62790.4,APB,no_hyp,no_hyp,no_hyp,ok,ok,
7017,新华社皇亭子宿舍,67922.9,114997.9,APB,no_hyp,no_hyp,no_hyp,ok,ok,
7018,铁道部第一住宅区,33200.3,56211.7,APB,no_hyp,no_hyp,no_hyp,ok,ok,
7019,有色院小区,24295.9,41136.8,APB,no_hyp,no_hyp,no_hyp,ok,ok,
7020,北蜂窝路5号院,93228.5,157838.3,APB,no_hyp,no_hyp,no_hyp,ok,ok,
7021,中国水科院南小区,163534.6,276911.7,APB,no_hyp,no_hyp,no_hyp,ok,ok,
7022,双林苑,113795.9,192491.2,APB,no_hyp,no_hyp,no_hyp,ok,ok,
7023,双林钰园五号公馆,31359.8,53047.8,APB,no_hyp,no_hyp,no_hyp,ok,ok,
7024,万科紫台,78093.1,132130.7,APB,no_hyp,no_hyp,no_hyp,ok,ok,
7025,西府·颐园万和园,14255.3,24119.0,APB,no_hyp,no_hyp,no_hyp,ok,ok,
7026,西府颐园畅和园,21999.6,37223.1,APB,no_hyp,no_hyp,no_hyp,ok,ok,
7027,西府景园,62515.9,105774.9,APB,no_hyp,no_hyp,no_hyp,ok,ok,
7028,梅市口路11号院,24993.6,42287.4,APB,no_hyp,no_hyp,no_hyp,ok,ok,
7029,,10625.7,17978.0,APB,no_hyp,no_hyp,no_hyp,ok,ok,
7030,,137105.3,230195.4,APB,no_hyp,no_hyp,no_hyp,ok,ok,
7031,,497464.0,835425.4,APB,no_hyp,no_hyp,no_hyp,ok,ok,
7032,,207208.2,347955.7,APB,no_hyp,no_hyp,no_hyp,ok,ok,
7033,,20810.2,34943.3,APB,no_hyp,no_hyp,no_hyp,ok,ok,
7034,,67017.6,112533.2,APB,no_hyp,no_hyp,no_hyp,ok,ok,
7035,,611414.4,1026560.3,APB,no_hyp,no_hyp,no_hyp,ok,ok,
7036,,106659.4,179133.9,APB,no_hyp,no_hyp,no_hyp,ok,ok,
7037,,191674.4,321969.8,APB,no_hyp,no_hyp,no_hyp,ok,ok,
7038,万寿路15号院-6区,41760.2,70722.9,APB,no_hyp,no_hyp,no_hyp,ok,ok,
7039,万寿路甲15号一区,28329.7,47978.4,APB,no_hyp,no_hyp,no_hyp,ok,ok,
7040,万寿路15号北院,35082.2,59417.2,APB,no_hyp,no_hyp,no_hyp,ok,ok,
7041,万寿路15号,24050.4,40732.0,APB,no_hyp,no_hyp,no_hyp,ok,ok,
7042,万寿路甲15号院,45350.3,76810.8,APB,no_hyp,no_hyp,no_hyp,ok,ok,
7043,万寿路15号院-7区,39068.3,66171.1,APB,no_hyp,no_hyp,no_hyp,ok,ok,
7044,万寿路15号院-4区,15062.8,25512.7,APB,no_hyp,no_hyp,no_hyp,ok,ok,
7045,万寿路15号院-3区,31165.6,52783.2,APB,no_hyp,no_hyp,no_hyp,ok,ok,
7046,万寿路15号院-2区,23116.6,39148.2,APB,no_hyp,no_hyp,no_hyp,ok,ok,
7047,复兴路61号院,74632.6,126374.5,APB,no_hyp,no_hyp,no_hyp,ok,ok,
7048,复兴路乙-59号院,8356.4,14149.4,APB,no_hyp,no_hyp,no_hyp,ok,ok,
7049,万寿路甲-6号院,6823.7,11554.3,APB,no_hyp,no_hyp,no_hyp,ok,ok,
7050,万寿路18号院,2378.4,4027.3,APB,no_hyp,no_hyp,no_hyp,ok,ok,
7051,,126127.2,213576.4,APB,no_hyp,no_hyp,no_hyp,ok,ok,
7052,翠微南里社区,73787.2,124954.4,APB,no_hyp,no_hyp,no_hyp,ok,ok,
7053,翠微小区,33220.0,56255.5,APB,no_hyp,no_hyp,no_hyp,ok,ok,
7054,万寿路西街小区,29304.3,49623.1,APB,no_hyp,no_hyp,no_hyp,ok,ok,
7055,万寿路西街-9号院,57078.6,96655.6,APB,no_hyp,no_hyp,no_hyp,ok,ok,
7056,万寿路西街11号院,11528.9,19523.1,APB,no_hyp,no_hyp,no_hyp,ok,ok,
7057,万寿路8号院,24438.7,41385.6,APB,no_hyp,no_hyp,no_hyp,ok,ok,
7058,万寿路六号院,19927.4,33747.2,APB,no_hyp,no_hyp,no_hyp,ok,ok,
7059,,17637.9,29773.3,APB,no_hyp,no_hyp,no_hyp,ok,ok,
7060,,2350.4,3967.6,APB,no_hyp,no_hyp,no_hyp,ok,ok,
7061,阿苏卫小区,78192.6,133416.1,APB,no_hyp,no_hyp,no_hyp,ok,ok,
7062,中建壹品兴创·御璟星城,60936.8,102830.9,APB,no_hyp,no_hyp,no_hyp,ok,ok,
7063,,18850.7,31807.9,APB,no_hyp,no_hyp,no_hyp,ok,ok,
7064,郭公庄南街15号院,18081.7,30531.4,APB,no_hyp,no_hyp,no_hyp,ok,ok,
7065,樊羊路87号院,19236.6,32482.4,APB,no_hyp,no_hyp,no_hyp,ok,ok,
7066,郭公庄中街16号院,13131.4,22173.9,APB,no_hyp,no_hyp,no_hyp,ok,ok,
7067,育仁里小区,81405.7,137518.3,APB,no_hyp,no_hyp,no_hyp,ok,ok,
7068,白盆窑天兴家园,53626.6,90579.5,APB,no_hyp,no_hyp,no_hyp,ok,ok,
7069,四合欣园,41899.5,70772.4,APB,no_hyp,no_hyp,no_hyp,ok,ok,
7070,高立庄603号院,44792.9,75598.1,APB,no_hyp,no_hyp,no_hyp,ok,ok,
7071,燕保高米店家园,45547.0,76804.0,APB,no_hyp,no_hyp,no_hyp,ok,ok,
7072,泰中花园,138702.4,233854.5,APB,no_hyp,no_hyp,no_hyp,ok,ok,
7073,康隆园,182446.5,307614.6,APB,no_hyp,no_hyp,no_hyp,ok,ok,
7074,煜都家园,43864.4,74019.0,APB,no_hyp,no_hyp,no_hyp,ok,ok,
7075,明春苑,42444.9,71611.9,APB,no_hyp,no_hyp,no_hyp,ok,ok,
7076,新发地天骄俊园-北区,99208.5,167585.4,APB,no_hyp,no_hyp,no_hyp,ok,ok,
7077,新发地天骄俊园-南区,31043.0,52436.0,APB,no_hyp,no_hyp,no_hyp,ok,ok,
7078,万柳西园南区,11865.1,20057.2,APB,no_hyp,no_hyp,no_hyp,ok,ok,
7079,郑王坟141号院,19046.9,32196.2,APB,no_hyp,no_hyp,no_hyp,ok,ok,
7080,懋源·璟岳,37412.3,63241.6,APB,no_hyp,no_hyp,no_hyp,ok,ok,
7081,首经贸中街-1号院,58060.3,98120.2,APB,no_hyp,no_hyp,no_hyp,ok,ok,
7082,万年花城-一期,33718.1,56986.1,APB,no_hyp,no_hyp,no_hyp,ok,ok,
7083,北京印钞厂花乡宿舍,53879.4,91066.0,APB,no_hyp,no_hyp,no_hyp,ok,ok,
7084,首旺公寓,14995.3,25344.1,APB,no_hyp,no_hyp,no_hyp,ok,ok,
7085,育菲园东里,75878.5,128248.9,APB,no_hyp,no_hyp,no_hyp,ok,ok,
7086,天锦苑小区,52335.2,88170.1,APB,no_hyp,no_hyp,no_hyp,ok,ok,
7087,博悦府,17719.5,29852.5,APB,no_hyp,no_hyp,no_hyp,ok,ok,
7088,清城南区,179846.2,303007.1,APB,no_hyp,no_hyp,no_hyp,ok,ok,
7089,富强西里,135859.7,228917.0,APB,no_hyp,no_hyp,no_hyp,ok,ok,
7090,黄村西里社区,62962.2,106076.7,APB,no_hyp,no_hyp,no_hyp,ok,ok,
7091,兴政西里北区,22569.9,38020.2,APB,no_hyp,no_hyp,no_hyp,ok,ok,
7092,兴政西里南区,31446.7,52970.8,APB,no_hyp,no_hyp,no_hyp,ok,ok,
7093,中达兴盛商务花园,25944.1,43884.7,APB,no_hyp,no_hyp,no_hyp,ok,ok,
7094,小屯路18号院,41388.1,70017.1,APB,no_hyp,no_hyp,no_hyp,ok,ok,
7095,郭庄子24号,20053.3,33918.7,APB,no_hyp,no_hyp,no_hyp,ok,ok,
7096,万科中粮紫苑,45319.9,76649.0,APB,no_hyp,no_hyp,no_hyp,ok,ok,
7097,,7839.8,13240.3,APB,no_hyp,no_hyp,no_hyp,ok,ok,
7098,,12634.5,21346.2,APB,no_hyp,no_hyp,no_hyp,ok,ok,
7099,,10324.1,17442.4,APB,no_hyp,no_hyp,no_hyp,ok,ok,
7100,马家楼170号院,26364.6,44545.5,APB,no_hyp,no_hyp,no_hyp,ok,ok,
7101,青秀城,149722.1,252983.9,APB,no_hyp,no_hyp,no_hyp,ok,ok,
7102,,22688.3,38335.3,APB,no_hyp,no_hyp,no_hyp,ok,ok,
7103,高家厂41号院,26005.8,43940.6,APB,no_hyp,no_hyp,no_hyp,ok,ok,
7104,,10821.0,18282.6,APB,no_hyp,no_hyp,no_hyp,ok,ok,
7105,,4623.1,7810.6,APB,no_hyp,no_hyp,no_hyp,ok,ok,
7106,,70290.5,118760.3,APB,no_hyp,no_hyp,no_hyp,ok,ok,
7107,学士居,15210.3,25831.7,APB,no_hyp,no_hyp,no_hyp,ok,ok,
7108,紫金苑,8040.3,13590.4,APB,no_hyp,no_hyp,no_hyp,ok,ok,
7109,晋秦公寓,6056.9,10237.6,APB,no_hyp,no_hyp,no_hyp,ok,ok,
7110,,5553.2,9387.7,APB,no_hyp,no_hyp,no_hyp,ok,ok,
7111,,12272.8,20748.1,APB,no_hyp,no_hyp,no_hyp,ok,ok,
7112,,6767.9,11441.5,APB,no_hyp,no_hyp,no_hyp,ok,ok,
7113,,5694.4,9626.0,APB,no_hyp,no_hyp,no_hyp,ok,ok,
7114,天佑家园,7702.8,12986.3,APB,no_hyp,no_hyp,no_hyp,ok,ok,
7115,,4773.5,8063.8,APB,no_hyp,no_hyp,no_hyp,ok,ok,
7116,,12663.9,21393.2,APB,no_hyp,no_hyp,no_hyp,ok,ok,
7117,红狮涂料厂宿舍,12529.2,21163.3,APB,no_hyp,no_hyp,no_hyp,ok,ok,
7118,大红门南路久敬庄60号家属院,15765.6,26632.6,APB,no_hyp,no_hyp,no_hyp,ok,ok,
7119,大红门东前街小区,32422.0,54779.8,APB,no_hyp,no_hyp,no_hyp,ok,ok,
7120,,23806.6,40228.9,APB,no_hyp,no_hyp,no_hyp,ok,ok,
7121,五爱屯西街武警家属院,51118.5,86280.5,APB,no_hyp,no_hyp,no_hyp,ok,ok,
7122,五爱屯西街小区,16729.1,28237.7,APB,no_hyp,no_hyp,no_hyp,ok,ok,
7123,,22534.4,38037.7,APB,no_hyp,no_hyp,no_hyp,ok,ok,
7124,,7236.8,12215.4,APB,no_hyp,no_hyp,no_hyp,ok,ok,
7125,,2371.8,4002.8,APB,no_hyp,no_hyp,no_hyp,ok,ok,
7126,,71552.4,120681.7,APB,no_hyp,no_hyp,no_hyp,ok,ok,
7127,,19945.2,33678.9,APB,no_hyp,no_hyp,no_hyp,ok,ok,
7128,,4745.8,8013.3,APB,no_hyp,no_hyp,no_hyp,ok,ok,
7129,南苑大泡子,18528.4,31283.9,APB,no_hyp,no_hyp,no_hyp,ok,ok,
7130,,19732.7,33313.8,APB,no_hyp,no_hyp,no_hyp,ok,ok,
7131,,24149.1,40772.8,APB,no_hyp,no_hyp,no_hyp,ok,ok,
7132,新发地市场经营者乐园,79509.9,134245.6,APB,no_hyp,no_hyp,no_hyp,ok,ok,
7133,银地家园,44100.4,74472.5,APB,no_hyp,no_hyp,no_hyp,ok,ok,
7134,,7048.7,11906.7,APB,no_hyp,no_hyp,no_hyp,ok,ok,
7135,,16377.1,27664.5,APB,no_hyp,no_hyp,no_hyp,ok,ok,
7136,,6827.6,11533.1,APB,no_hyp,no_hyp,no_hyp,ok,ok,
7137,,3752.6,6338.7,APB,no_hyp,no_hyp,no_hyp,ok,ok,
7138,,6129.1,10352.6,APB,no_hyp,no_hyp,no_hyp,ok,ok,
7139,靛厂绣园,34614.0,58576.2,APB,no_hyp,no_hyp,no_hyp,ok,ok,
7140,丰台区靛厂新村-三期,45313.0,76678.7,APB,no_hyp,no_hyp,no_hyp,ok,ok,
7141,海丰家园,109333.4,185037.6,APB,no_hyp,no_hyp,no_hyp,ok,ok,
7142,,13130.7,22222.5,APB,no_hyp,no_hyp,no_hyp,ok,ok,
7143,,6822.5,11546.3,APB,no_hyp,no_hyp,no_hyp,ok,ok,
7144,海淀九号,31014.6,52488.0,APB,no_hyp,no_hyp,no_hyp,ok,ok,
7145,莲宝路七号院,26624.0,45057.5,APB,no_hyp,no_hyp,no_hyp,ok,ok,
7146,吴家场铁路小区,33966.7,57484.5,APB,no_hyp,no_hyp,no_hyp,ok,ok,
7147,万丰路一十八号,23203.5,39265.6,APB,no_hyp,no_hyp,no_hyp,ok,ok,
7148,莲怡园北路1号院,22392.4,37892.6,APB,no_hyp,no_hyp,no_hyp,ok,ok,
7149,莲香园,89486.9,151433.8,APB,no_hyp,no_hyp,no_hyp,ok,ok,
7150,莲怡园-一区,51476.9,87105.8,APB,no_hyp,no_hyp,no_hyp,ok,ok,
7151,莲怡园小区,73893.2,125037.0,APB,no_hyp,no_hyp,no_hyp,ok,ok,
7152,中景未山赋,57027.1,96492.2,APB,no_hyp,no_hyp,no_hyp,ok,ok,
7153,金家村-1号院,46242.5,78271.4,APB,no_hyp,no_hyp,no_hyp,ok,ok,
7154,新村二里,98167.9,165901.0,APB,no_hyp,no_hyp,no_hyp,ok,ok,
7155,新村三里,36005.9,60849.9,APB,no_hyp,no_hyp,no_hyp,ok,ok,
7156,,6685.6,11298.1,APB,no_hyp,no_hyp,no_hyp,ok,ok,
7157,,11451.8,19353.0,APB,no_hyp,no_hyp,no_hyp,ok,ok,
7158,新村四里,26459.4,44712.6,APB,no_hyp,no_hyp,no_hyp,ok,ok,
7159,彩虹街区,15095.0,25509.4,APB,no_hyp,no_hyp,no_hyp,ok,ok,
7160,造甲街南里-20号院,12706.0,21472.3,APB,no_hyp,no_hyp,no_hyp,ok,ok,
7161,,38118.3,64424.3,APB,no_hyp,no_hyp,no_hyp,ok,ok,
7162,三顷地南里24号院,10061.4,17024.6,APB,no_hyp,no_hyp,no_hyp,ok,ok,
7163,,74110.1,125406.2,APB,no_hyp,no_hyp,no_hyp,ok,ok,
7164,美伦堡,38887.1,66041.6,APB,no_hyp,no_hyp,no_hyp,ok,ok,
7165,南湖园小区,30295.1,51028.1,APB,no_hyp,no_hyp,no_hyp,ok,ok,
7166,观音寺北里小区,165246.4,278366.7,APB,no_hyp,no_hyp,no_hyp,ok,ok,
7167,双河南里小区,97784.6,164737.9,APB,no_hyp,no_hyp,no_hyp,ok,ok,
7168,,106151.1,178813.1,APB,no_hyp,no_hyp,no_hyp,ok,ok,
7169,,11749.2,19845.2,APB,no_hyp,no_hyp,no_hyp,ok,ok,
7170,,67618.0,114204.8,APB,no_hyp,no_hyp,no_hyp,ok,ok,
7171,永合庄1号院,12800.8,21620.5,APB,no_hyp,no_hyp,no_hyp,ok,ok,
7172,北京威青年公寓,4140.5,6987.9,APB,no_hyp,no_hyp,no_hyp,ok,ok,
7173,,10397.7,17683.3,APB,no_hyp,no_hyp,no_hyp,ok,ok,
7174,,21338.1,36092.7,APB,no_hyp,no_hyp,no_hyp,ok,ok,
7175,小屯西路111号院,12691.9,21463.4,APB,no_hyp,no_hyp,no_hyp,ok,ok,
7176,,20542.9,34614.6,APB,no_hyp,no_hyp,no_hyp,ok,ok,
7177,,48911.6,82408.0,APB,no_hyp,no_hyp,no_hyp,ok,ok,
7178,,7471.6,12594.7,APB,no_hyp,no_hyp,no_hyp,ok,ok,
7179,旭辉紫郡,33643.3,56723.0,APB,no_hyp,no_hyp,no_hyp,ok,ok,
7180,可可家园,17634.8,29734.0,APB,no_hyp,no_hyp,no_hyp,ok,ok,
7181,康泰园,46288.0,78034.6,APB,no_hyp,no_hyp,no_hyp,ok,ok,
7182,翠湖别墅,125733.9,214170.0,APB,no_hyp,no_hyp,no_hyp,ok,ok,
7183,,19154.7,32250.3,APB,no_hyp,no_hyp,no_hyp,ok,ok,
7184,,7984.3,13446.3,APB,no_hyp,no_hyp,no_hyp,ok,ok,
7185,装甲兵干休所,23975.7,40519.0,APB,no_hyp,no_hyp,no_hyp,ok,ok,
7186,杜家坎甲-3号院,34554.0,58400.8,APB,no_hyp,no_hyp,no_hyp,ok,ok,
7187,北京卫戍区丰台第十二离职干部休养所,68282.7,115416.8,APB,no_hyp,no_hyp,no_hyp,ok,ok,
7188,张郭庄路5号院,15344.4,25938.2,APB,no_hyp,no_hyp,no_hyp,ok,ok,
7189,张郭庄南路40号院,34790.5,58807.8,APB,no_hyp,no_hyp,no_hyp,ok,ok,
7190,,13841.1,23396.1,APB,no_hyp,no_hyp,no_hyp,ok,ok,
7191,,17944.3,30317.1,APB,no_hyp,no_hyp,no_hyp,ok,ok,
7192,,6617.1,11179.3,APB,no_hyp,no_hyp,no_hyp,ok,ok,
7193,杜家坎乙1号院,35623.3,60205.2,APB,no_hyp,no_hyp,no_hyp,ok,ok,
7194,,11275.6,19059.0,APB,no_hyp,no_hyp,no_hyp,ok,ok,
7195,,47278.7,79911.9,APB,no_hyp,no_hyp,no_hyp,ok,ok,
7196,长辛店太子裕周转房,77834.3,131581.3,APB,no_hyp,no_hyp,no_hyp,ok,ok,
7197,,10468.1,17686.2,APB,no_hyp,no_hyp,no_hyp,ok,ok,
7198,玉皇庄小区,24875.1,42032.5,APB,no_hyp,no_hyp,no_hyp,ok,ok,
7199,丰台区第十三军休所,66994.7,113207.8,APB,no_hyp,no_hyp,no_hyp,ok,ok,
7200,,10482.8,17715.6,APB,no_hyp,no_hyp,no_hyp,ok,ok,
7201,,3081.6,5207.6,APB,no_hyp,no_hyp,no_hyp,ok,ok,
7202,,8389.6,14184.9,APB,no_hyp,no_hyp,no_hyp,ok,ok,
7203,,3888.2,6573.9,APB,no_hyp,no_hyp,no_hyp,ok,ok,
7204,,1931.6,3265.2,APB,no_hyp,no_hyp,no_hyp,ok,ok,
7205,南苑北里一区,56100.9,94722.1,APB,no_hyp,no_hyp,no_hyp,ok,ok,
7206,南苑北里二区,53411.0,90176.2,APB,no_hyp,no_hyp,no_hyp,ok,ok,
7207,南苑北里三区,56866.9,96010.5,APB,no_hyp,no_hyp,no_hyp,ok,ok,
7208,南苑北里三区,14756.3,24915.4,APB,no_hyp,no_hyp,no_hyp,ok,ok,
7209,新华里2号院,19024.5,32121.3,APB,no_hyp,no_hyp,no_hyp,ok,ok,
7210,新华路1号院,10980.0,18537.5,APB,no_hyp,no_hyp,no_hyp,ok,ok,
7211,南苑北里四区,16074.6,27138.4,APB,no_hyp,no_hyp,no_hyp,ok,ok,
7212,三角地,90109.8,152126.2,APB,no_hyp,no_hyp,no_hyp,ok,ok,
7213,润星家园,109373.2,184702.0,APB,no_hyp,no_hyp,no_hyp,ok,ok,
7214,大城小镇,68710.0,116030.3,APB,no_hyp,no_hyp,no_hyp,ok,ok,
7215,成和园,54030.7,91244.1,APB,no_hyp,no_hyp,no_hyp,ok,ok,
7216,国韵村,70365.1,118832.4,APB,no_hyp,no_hyp,no_hyp,ok,ok,
7217,中冶德贤公馆,76986.1,130022.1,APB,no_hyp,no_hyp,no_hyp,ok,ok,
7218,首开保利熙悦诚郡,33185.4,56049.1,APB,no_hyp,no_hyp,no_hyp,ok,ok,
7219,鸿博家园二期D区,95590.3,161484.3,APB,no_hyp,no_hyp,no_hyp,ok,ok,
7220,鸿博家园二期F区,109551.2,185055.1,APB,no_hyp,no_hyp,no_hyp,ok,ok,
7221,府右街干部大院,99884.3,169174.5,APB,no_hyp,no_hyp,no_hyp,ok,ok,
7222,西安门大街26号干部大院,75999.6,128731.4,APB,no_hyp,no_hyp,no_hyp,ok,ok,
7223,光明社区,21792.0,36912.2,APB,no_hyp,no_hyp,no_hyp,ok,ok,
7224,泥洼路2号院,7209.9,12192.9,APB,no_hyp,no_hyp,no_hyp,ok,ok,
7225,泥洼路六号院,14988.5,25346.3,APB,no_hyp,no_hyp,no_hyp,ok,ok,
7226,,19291.3,32624.4,APB,no_hyp,no_hyp,no_hyp,ok,ok,
7227,泥洼路5号院,21451.9,36276.8,APB,no_hyp,no_hyp,no_hyp,ok,ok,
7228,东大街6号院,88483.4,149626.1,APB,no_hyp,no_hyp,no_hyp,ok,ok,
7229,庄维花园,58509.3,98942.0,APB,no_hyp,no_hyp,no_hyp,ok,ok,
7230,丰华苑西街-8号院,13280.8,22457.0,APB,no_hyp,no_hyp,no_hyp,ok,ok,
7231,丰华苑西街-7号院,15275.7,25830.2,APB,no_hyp,no_hyp,no_hyp,ok,ok,
7232,北大街北里-南区,13007.0,21994.0,APB,no_hyp,no_hyp,no_hyp,ok,ok,
7233,近园路15号院,2090.8,3535.4,APB,no_hyp,no_hyp,no_hyp,ok,ok,
7234,东瑞丽景家园,11973.5,20244.7,APB,no_hyp,no_hyp,no_hyp,ok,ok,
7235,泥洼路30号院,10239.4,17313.1,APB,no_hyp,no_hyp,no_hyp,ok,ok,
7236,金融街融府,20656.4,34927.6,APB,ok,no_hyp,no_hyp,ok,ok,
7237,盛鑫嘉园,22015.5,37224.0,APB,no_hyp,no_hyp,no_hyp,ok,ok,
7238,盛京佳园,34468.4,58339.4,APB,no_hyp,no_hyp,no_hyp,ok,ok,
7239,西华门大街干部大院,50698.6,85857.7,APB,no_hyp,no_hyp,no_hyp,ok,ok,
7240,六里桥-8号院,7724.0,13069.4,APB,no_hyp,no_hyp,no_hyp,ok,ok,
7241,六里桥七号院,11867.9,20081.3,APB,no_hyp,no_hyp,no_hyp,ok,ok,
7242,六里桥北里,33386.3,56497.8,APB,no_hyp,no_hyp,no_hyp,ok,ok,
7243,莲花池西路8号院,11703.3,19807.7,APB,no_hyp,no_hyp,no_hyp,ok,ok,
7244,华宝公寓,7318.8,12386.4,APB,no_hyp,no_hyp,no_hyp,ok,ok,
7245,莲花池西里,65318.9,110550.6,APB,no_hyp,no_hyp,no_hyp,ok,ok,
7246,西四环中路73号院 301医院家属区,44512.4,75340.4,APB,no_hyp,no_hyp,no_hyp,ok,ok,
7247,西四环中路79号院,33307.0,56370.6,APB,no_hyp,no_hyp,no_hyp,ok,ok,
7248,保利和光逸境,45683.9,77314.5,APB,no_hyp,no_hyp,no_hyp,ok,ok,
7249,,2754.9,4661.7,APB,no_hyp,no_hyp,no_hyp,ok,ok,
7250,,205498.6,349022.2,APB,no_hyp,no_hyp,no_hyp,ok,ok,
7251,,22695.6,38539.8,APB,no_hyp,no_hyp,no_hyp,ok,ok,
7252,,6218.0,10558.2,APB,no_hyp,no_hyp,no_hyp,ok,ok,
7253,北京市海淀区金山敬老院,2258.5,3840.5,APB,no_hyp,no_hyp,no_hyp,ok,ok,
7254,,26043.2,44269.4,APB,no_hyp,no_hyp,no_hyp,ok,ok,
7255,,3741.6,6360.5,APB,no_hyp,no_hyp,no_hyp,ok,ok,
7256,吴家场经济适用房,27703.9,46892.7,APB,no_hyp,no_hyp,no_hyp,ok,ok,
7257,莲花池西路6号院,9643.2,16321.0,APB,no_hyp,no_hyp,no_hyp,ok,ok,
7258,金家村,44126.9,74682.4,APB,no_hyp,no_hyp,no_hyp,ok,ok,
7259,,16606.6,28197.5,APB,no_hyp,no_hyp,no_hyp,ok,ok,
7260,,66759.7,113339.0,APB,no_hyp,no_hyp,no_hyp,ok,ok,
7261,,6258.3,10625.7,APB,no_hyp,no_hyp,no_hyp,ok,ok,
7262,颐东苑,370029.6,628108.3,APB,no_hyp,no_hyp,no_hyp,ok,ok,
7263,,43911.1,74546.5,APB,no_hyp,no_hyp,no_hyp,ok,ok,
7264,,13952.5,23686.8,APB,no_hyp,no_hyp,no_hyp,ok,ok,
7265,,44132.1,74921.0,APB,no_hyp,no_hyp,no_hyp,ok,ok,
7266,,5709.3,9692.5,APB,no_hyp,no_hyp,no_hyp,ok,ok,
7267,,3185.4,5407.8,APB,no_hyp,no_hyp,no_hyp,ok,ok,
7268,,58749.3,99737.3,APB,no_hyp,no_hyp,no_hyp,ok,ok,
7269,,227120.8,385549.8,APB,no_hyp,no_hyp,no_hyp,ok,ok,
7270,,68526.3,115003.8,APB,no_hyp,no_hyp,no_hyp,ok,ok,
7271,绿城·晓风印月,46046.3,78181.4,APB,no_hyp,no_hyp,no_hyp,ok,ok,
7272,定慧福里南区,27220.3,46117.1,APB,no_hyp,no_hyp,no_hyp,ok,ok,
7273,道家园小区北区,70529.5,119484.9,APB,no_hyp,no_hyp,no_hyp,ok,ok,
7274,康家园小区,128698.1,217934.3,APB,no_hyp,no_hyp,no_hyp,ok,ok,
7275,白领家园,34831.1,58981.5,APB,no_hyp,no_hyp,no_hyp,ok,ok,
7276,都市经典家园,18518.0,31360.6,APB,no_hyp,no_hyp,no_hyp,ok,ok,
7277,甘露园南里一区,118874.8,201321.7,APB,no_hyp,no_hyp,no_hyp,ok,ok,
7278,黄寺大街25号院,91967.6,155978.7,APB,no_hyp,no_hyp,no_hyp,ok,ok,
7279,东安街头条3号院,2982.9,5042.2,APB,no_hyp,no_hyp,no_hyp,ok,ok,
7280,丰台西路7号院,5267.3,8903.0,APB,no_hyp,no_hyp,no_hyp,ok,ok,
7281,京采家园,26213.3,44306.8,APB,no_hyp,no_hyp,no_hyp,ok,ok,
7282,西安街甲4号院,5383.6,9099.7,APB,no_hyp,no_hyp,no_hyp,ok,ok,
7283,西安街4号院,3433.0,5802.6,APB,no_hyp,no_hyp,no_hyp,ok,ok,
7284,正阳北里,64724.2,109408.5,APB,no_hyp,no_hyp,no_hyp,ok,ok,
7285,同盛里,25291.1,42751.9,APB,no_hyp,no_hyp,no_hyp,ok,ok,
7286,,556764.2,951820.9,APB,no_hyp,no_hyp,no_hyp,ok,ok,
7287,,46062.2,77870.6,APB,no_hyp,no_hyp,no_hyp,ok,ok,
7288,北大地四里,30347.6,51311.8,APB,no_hyp,no_hyp,no_hyp,ok,ok,
7289,铁路小区,24601.9,41595.7,APB,no_hyp,no_hyp,no_hyp,ok,ok,
7290,文体路5号院,8404.2,14209.0,APB,no_hyp,no_hyp,no_hyp,ok,ok,
7291,北大街小区,6505.4,10999.7,APB,no_hyp,no_hyp,no_hyp,ok,ok,
7292,映天朗苑,13765.7,23270.6,APB,no_hyp,no_hyp,no_hyp,ok,ok,
7293,宋庄路甲12号院,17577.1,29713.7,APB,no_hyp,no_hyp,no_hyp,ok,ok,
7294,政馨家园,37146.3,62793.6,APB,no_hyp,no_hyp,no_hyp,ok,ok,
7295,方南家园,10751.8,18175.5,APB,no_hyp,no_hyp,no_hyp,ok,ok,
7296,芳古园二区,62597.1,105873.0,APB,no_hyp,no_hyp,no_hyp,ok,ok,
7297,芳古园一区北区,108697.0,183844.6,APB,no_hyp,no_hyp,no_hyp,ok,ok,
7298,芳古园一区南区,72638.5,122849.4,APB,no_hyp,no_hyp,no_hyp,ok,ok,
7299,,40247.6,67489.3,APB,no_hyp,no_hyp,no_hyp,ok,ok,
7300,,56167.5,94190.4,APB,no_hyp,no_hyp,no_hyp,ok,ok,
7301,小米青年公寓,29826.6,50806.1,APB,no_hyp,no_hyp,no_hyp,ok,ok,
7302,小米青年公寓,14681.2,25008.5,APB,no_hyp,no_hyp,no_hyp,ok,ok,
7303,造甲街住宅小区,30105.2,50883.5,APB,no_hyp,no_hyp,no_hyp,ok,ok,
7304,贝斯特周转房小区,41319.4,69918.4,APB,no_hyp,no_hyp,no_hyp,ok,ok,
7305,丰台镇文体路乙-11号院,17934.3,30318.9,APB,no_hyp,no_hyp,no_hyp,ok,ok,
7306,粮食和物资储备局宿舍,9909.8,16752.8,APB,no_hyp,no_hyp,no_hyp,ok,ok,
7307,禾谷小镇,52334.7,89425.6,APB,no_hyp,no_hyp,no_hyp,ok,ok,
7308,芳群园一区,66723.5,112832.4,APB,no_hyp,no_hyp,no_hyp,ok,ok,
7309,时代芳群,16602.6,28077.0,APB,no_hyp,no_hyp,no_hyp,ok,ok,
7310,芳群园二区,133175.1,225200.5,APB,no_hyp,no_hyp,no_hyp,ok,ok,
7311,格调江南(北京)旅游开发有限公司,6013.5,10319.2,APB,no_hyp,no_hyp,no_hyp,ok,ok,
7312,福海佳园,101526.6,171128.6,APB,no_hyp,no_hyp,no_hyp,ok,ok,
7313,橡树湾,41865.7,70637.9,APB,no_hyp,no_hyp,no_hyp,ok,ok,
7314,橡树湾,52592.7,88737.4,APB,no_hyp,no_hyp,no_hyp,ok,ok,
7315,顺和路6号院,30573.0,52061.4,APB,no_hyp,no_hyp,no_hyp,ok,ok,
7316,顺和路8号院,32480.3,55306.2,APB,no_hyp,no_hyp,no_hyp,ok,ok,
7317,顺和路10号院,55355.3,94249.8,APB,no_hyp,no_hyp,no_hyp,ok,ok,
7318,鹭峯国际,36030.5,61342.0,APB,no_hyp,no_hyp,no_hyp,ok,ok,
7319,小左各庄村定向安置房,18512.3,31523.4,APB,no_hyp,no_hyp,no_hyp,ok,ok,
7320,龙湖冠寓,21558.9,36690.1,APB,no_hyp,no_hyp,no_hyp,ok,ok,
7321,路劲·御和府,156664.8,266642.7,APB,no_hyp,no_hyp,no_hyp,ok,ok,
7322,,65700.7,110721.3,APB,no_hyp,no_hyp,no_hyp,ok,ok,
7323,衙府乐园,41177.3,69686.4,APB,no_hyp,no_hyp,no_hyp,ok,ok,
7324,慈云寺小区,30599.7,51818.3,APB,no_hyp,no_hyp,no_hyp,ok,ok,
7325,聚福苑小区,60933.8,103201.9,APB,no_hyp,no_hyp,no_hyp,ok,ok,
7326,聚福苑小区2号院,22208.0,37613.8,APB,no_hyp,no_hyp,no_hyp,ok,ok,
7327,三间房南里,65475.2,110882.4,APB,no_hyp,no_hyp,no_hyp,ok,ok,
7328,,191015.7,323479.9,APB,no_hyp,no_hyp,no_hyp,ok,ok,
7329,正邦嘉园一期,15466.1,26147.2,APB,no_hyp,no_hyp,no_hyp,ok,ok,
7330,正邦嘉园二期,19936.8,33707.0,APB,no_hyp,no_hyp,no_hyp,ok,ok,
7331,筑梦园,21098.6,35671.1,APB,no_hyp,no_hyp,no_hyp,ok,ok,
7332,顺四条37号院,9232.8,15609.0,APB,no_hyp,no_hyp,no_hyp,ok,ok,
7333,宋庄路12号院,14556.8,24609.0,APB,no_hyp,no_hyp,no_hyp,ok,ok,
7334,政怡家园,43452.2,73455.7,APB,no_hyp,no_hyp,no_hyp,ok,ok,
7335,元熙华府,12625.9,21343.7,APB,no_hyp,no_hyp,no_hyp,ok,ok,
7336,横一条小区,73091.3,123576.2,APB,no_hyp,no_hyp,no_hyp,ok,ok,
7337,红狮家园北园,45157.4,76329.8,APB,no_hyp,no_hyp,no_hyp,ok,ok,
7338,红狮家园南园,24265.3,41013.9,APB,no_hyp,no_hyp,no_hyp,ok,ok,
7339,政馨园一区,51783.3,87529.5,APB,no_hyp,no_hyp,no_hyp,ok,ok,
7340,政馨园二区,15724.3,26577.7,APB,no_hyp,no_hyp,no_hyp,ok,ok,
7341,政馨园三区,36964.2,62473.9,APB,no_hyp,no_hyp,no_hyp,ok,ok,
7342,方宝苑,11724.3,19820.4,APB,no_hyp,no_hyp,no_hyp,ok,ok,
7343,美好家园,9479.1,16024.8,APB,no_hyp,no_hyp,no_hyp,ok,ok,
7344,金第润苑,22911.9,38726.2,APB,no_hyp,no_hyp,no_hyp,ok,ok,
7345,晶城秀府,64707.0,109369.6,APB,no_hyp,no_hyp,no_hyp,ok,ok,
7346,,187410.8,317873.1,APB,no_hyp,no_hyp,no_hyp,ok,ok,
7347,人民大学南路1号院,19885.8,33729.9,APB,no_hyp,no_hyp,no_hyp,ok,ok,
7348,三义庙社区西区,38311.1,64977.7,APB,no_hyp,no_hyp,no_hyp,ok,ok,
7349,三义庙社区东区,19088.4,32375.9,APB,no_hyp,no_hyp,no_hyp,ok,ok,
7350,,6114.5,10368.6,APB,no_hyp,no_hyp,no_hyp,ok,ok,
7351,,21398.9,36278.6,APB,no_hyp,no_hyp,no_hyp,ok,ok,
7352,,14587.2,24739.1,APB,no_hyp,no_hyp,no_hyp,ok,ok,
7353,,1644.0,2787.3,APB,no_hyp,no_hyp,no_hyp,ok,ok,
7354,,23085.0,39162.6,APB,no_hyp,no_hyp,no_hyp,ok,ok,
7355,,10684.7,18127.1,APB,no_hyp,no_hyp,no_hyp,ok,ok,
7356,,1800.7,3055.0,APB,no_hyp,no_hyp,no_hyp,ok,ok,
7357,,3296.4,5592.5,APB,no_hyp,no_hyp,no_hyp,ok,ok,
7358,,7399.9,12554.8,APB,no_hyp,no_hyp,no_hyp,ok,ok,
7359,,6909.9,11724.4,APB,no_hyp,no_hyp,no_hyp,ok,ok,
7360,惠博嘉园,30153.5,51219.4,APB,no_hyp,no_hyp,no_hyp,ok,ok,
7361,琳琅庄园,26233.5,44454.4,APB,no_hyp,no_hyp,no_hyp,ok,ok,
7362,西山奥园H区,20411.5,34589.1,APB,no_hyp,no_hyp,no_hyp,ok,ok,
7363,西山奥园D区,57329.2,97156.4,APB,no_hyp,no_hyp,no_hyp,ok,ok,
7364,西山奥园,66543.0,112767.1,APB,no_hyp,no_hyp,no_hyp,ok,ok,
7365,创新园西区,23165.5,39260.0,APB,no_hyp,no_hyp,no_hyp,ok,ok,
7366,莲水怡园,98377.4,165871.0,APB,no_hyp,no_hyp,no_hyp,ok,ok,
7367,新海北里北区,43015.5,72521.8,APB,no_hyp,no_hyp,no_hyp,ok,ok,
7368,米拉小镇,16496.1,27811.4,APB,no_hyp,no_hyp,no_hyp,ok,ok,
7369,神龙辛屯小区,55168.1,93010.3,APB,no_hyp,no_hyp,no_hyp,ok,ok,
7370,一世情园,42670.5,71930.0,APB,no_hyp,no_hyp,no_hyp,ok,ok,
7371,通州区第二医院宿舍楼,6539.3,11023.7,APB,no_hyp,no_hyp,no_hyp,ok,ok,
7372,钻石空间,28142.7,47440.5,APB,no_hyp,no_hyp,no_hyp,ok,ok,
7373,天和嘉园,8904.5,15009.9,APB,no_hyp,no_hyp,no_hyp,ok,ok,
7374,神龙潼关三区,42570.3,71760.5,APB,no_hyp,no_hyp,no_hyp,ok,ok,
7375,金地格林小镇,130244.1,219524.3,APB,no_hyp,no_hyp,no_hyp,ok,ok,
7376,天鹅堡,244379.1,411891.3,APB,no_hyp,no_hyp,no_hyp,ok,ok,
7377,新海北里南区,105665.5,178133.7,APB,no_hyp,no_hyp,no_hyp,ok,ok,
7378,神龙潼关二区,13509.8,22774.7,APB,no_hyp,no_hyp,no_hyp,ok,ok,
7379,神龙潼关一区,21859.5,36852.0,APB,no_hyp,no_hyp,no_hyp,ok,ok,
7380,神龙金桥,136497.1,230065.2,APB,no_hyp,no_hyp,no_hyp,ok,ok,
7381,京铁祥园,88069.8,149288.7,APB,no_hyp,no_hyp,no_hyp,ok,ok,
7382,大华花园别墅,9169.1,15570.7,APB,no_hyp,no_hyp,no_hyp,ok,ok,
7383,华纺星海家园,35011.3,59374.9,APB,no_hyp,no_hyp,no_hyp,ok,ok,
7384,,7911.3,13393.4,APB,no_hyp,no_hyp,no_hyp,ok,ok,
7385,,51214.1,86842.9,APB,no_hyp,no_hyp,no_hyp,ok,ok,
7386,,4092.6,6940.5,APB,no_hyp,no_hyp,no_hyp,ok,ok,
7387,,6609.5,11209.2,APB,no_hyp,no_hyp,no_hyp,ok,ok,
7388,,5529.3,9377.7,APB,no_hyp,no_hyp,no_hyp,ok,ok,
7389,,3717.2,6304.4,APB,no_hyp,no_hyp,no_hyp,ok,ok,
7390,,128765.0,218399.6,APB,no_hyp,no_hyp,no_hyp,ok,ok,
7391,,26228.9,44487.0,APB,no_hyp,no_hyp,no_hyp,ok,ok,
7392,,3500.2,5936.8,APB,no_hyp,no_hyp,no_hyp,ok,ok,
7393,,3699.8,6275.2,APB,no_hyp,no_hyp,no_hyp,ok,ok,
7394,,14382.5,24392.4,APB,no_hyp,no_hyp,no_hyp,ok,ok,
7395,,5501.4,9330.6,APB,no_hyp,no_hyp,no_hyp,ok,ok,
7396,,25882.0,43895.2,APB,no_hyp,no_hyp,no_hyp,ok,ok,
7397,,75541.9,128103.3,APB,no_hyp,no_hyp,no_hyp,ok,ok,
7398,富乐大街9号院,17552.5,30102.3,APB,no_hyp,no_hyp,no_hyp,ok,ok,
7399,,7707.0,13070.8,APB,no_hyp,no_hyp,no_hyp,ok,ok,
7400,,21050.2,35702.8,APB,no_hyp,no_hyp,no_hyp,ok,ok,
7401,,57982.7,98352.9,APB,no_hyp,no_hyp,no_hyp,ok,ok,
7402,建设者之家,41237.5,69826.8,APB,no_hyp,no_hyp,no_hyp,ok,ok,
7403,王庄路18号院,9760.3,16569.4,APB,no_hyp,no_hyp,no_hyp,ok,ok,
7404,王庄路15号院,16848.6,28602.7,APB,no_hyp,no_hyp,no_hyp,ok,ok,
7405,王庄路27号院,21904.8,37185.2,APB,no_hyp,no_hyp,no_hyp,ok,ok,
7406,学院路15号院北京语言大学家属区,91717.0,155693.5,APB,no_hyp,no_hyp,no_hyp,ok,ok,
7407,王庄路小区,9998.6,16972.6,APB,no_hyp,no_hyp,no_hyp,ok,ok,
7408,柏儒苑,71122.2,120779.6,APB,no_hyp,no_hyp,no_hyp,ok,ok,
7409,遗光寺3号院 军科院家属区,121601.5,206480.7,APB,no_hyp,no_hyp,no_hyp,ok,ok,
7410,,346902.6,582255.1,APB,no_hyp,no_hyp,no_hyp,ok,ok,
7411,,228557.1,383716.0,APB,no_hyp,no_hyp,no_hyp,ok,ok,
7412,,51452.7,86388.4,APB,no_hyp,no_hyp,no_hyp,ok,ok,
7413,志新北里小区,75403.4,127990.0,APB,no_hyp,no_hyp,no_hyp,ok,ok,
7414,志新村小区,102709.1,174324.1,APB,no_hyp,no_hyp,no_hyp,ok,ok,
7415,健翔园,35797.0,60757.2,APB,no_hyp,no_hyp,no_hyp,ok,ok,
7416,卧虎桥甲6号院 十五所社区,55497.3,94195.0,APB,no_hyp,no_hyp,no_hyp,ok,ok,
7417,二里庄-邮电大学宿舍,21966.2,37291.1,APB,no_hyp,no_hyp,no_hyp,ok,ok,
7418,二里庄小区,150595.4,255644.1,APB,no_hyp,no_hyp,no_hyp,ok,ok,
7419,,309185.5,519279.8,APB,no_hyp,no_hyp,no_hyp,ok,ok,
7420,,150802.6,253237.3,APB,no_hyp,no_hyp,no_hyp,ok,ok,
7421,,29062.3,48808.7,APB,no_hyp,no_hyp,no_hyp,ok,ok,
7422,,78020.2,131069.1,APB,no_hyp,no_hyp,no_hyp,ok,ok,
7423,,184015.0,309204.2,APB,no_hyp,no_hyp,no_hyp,ok,ok,
7424,,512832.2,861620.4,APB,no_hyp,no_hyp,no_hyp,ok,ok,
7425,,4352.4,7311.6,APB,no_hyp,no_hyp,no_hyp,ok,ok,
7426,北苑3号院家属院,41010.0,69685.1,APB,no_hyp,no_hyp,no_hyp,ok,ok,
7427,,1971.1,3352.9,APB,no_hyp,no_hyp,no_hyp,ok,ok,
7428,,3729.9,6344.5,APB,no_hyp,no_hyp,no_hyp,ok,ok,
7429,,51555.4,86660.6,APB,no_hyp,no_hyp,no_hyp,ok,ok,
7430,,204931.6,344515.5,APB,no_hyp,no_hyp,no_hyp,ok,ok,
7431,大羊坊2号院,5045.5,8574.8,APB,no_hyp,no_hyp,no_hyp,ok,ok,
7432,北苑路38号院,9629.8,16365.8,APB,no_hyp,no_hyp,no_hyp,ok,ok,
7433,融寓,8241.0,14000.9,APB,no_hyp,no_hyp,no_hyp,ok,ok,
7434,森根国际,15710.3,26690.3,APB,no_hyp,no_hyp,no_hyp,ok,ok,
7435,北卫家园,87196.0,148125.6,APB,no_hyp,no_hyp,no_hyp,ok,ok,
7436,中灿苑-一区,72554.6,123205.2,APB,no_hyp,no_hyp,no_hyp,ok,ok,
7437,中灿苑-二区,71276.4,121040.5,APB,no_hyp,no_hyp,no_hyp,ok,ok,
7438,大屯里小区,55119.3,93601.2,APB,no_hyp,no_hyp,no_hyp,ok,ok,
7439,慧忠北里第二社区,251595.2,427240.6,APB,no_hyp,no_hyp,no_hyp,ok,ok,
7440,林萃西里-西区,62511.3,106165.7,APB,no_hyp,no_hyp,no_hyp,ok,ok,
7441,林萃西里-东区,41079.8,69769.1,APB,no_hyp,no_hyp,no_hyp,ok,ok,
7442,澳林春天-三期,29947.9,50863.2,APB,no_hyp,no_hyp,no_hyp,ok,ok,
7443,澳林春天,46931.1,79706.3,APB,no_hyp,no_hyp,no_hyp,ok,ok,
7444,澳林观邸-东区,13367.1,22701.2,APB,no_hyp,no_hyp,no_hyp,ok,ok,
7445,林萃路10号院,15370.6,26103.7,APB,no_hyp,no_hyp,no_hyp,ok,ok,
7446,倚林佳园,122054.0,207308.6,APB,no_hyp,no_hyp,no_hyp,ok,ok,
7447,南海雅苑北区,11759.5,19842.3,APB,no_hyp,no_hyp,no_hyp,ok,ok,
7448,棠颂别墅,70959.1,119727.7,APB,no_hyp,no_hyp,no_hyp,ok,ok,
7449,南海雅苑南区,17615.5,29720.1,APB,no_hyp,no_hyp,no_hyp,ok,ok,
7450,鹿华路7号院,8539.8,14408.8,APB,no_hyp,no_hyp,no_hyp,ok,ok,
7451,双兴南区,202156.5,344612.1,APB,no_hyp,no_hyp,no_hyp,ok,ok,
7452,龙府花园,58408.7,99577.4,APB,no_hyp,no_hyp,no_hyp,ok,ok,
7453,双兴北区,158748.2,270644.0,APB,no_hyp,no_hyp,no_hyp,ok,ok,
7454,太平小区,10735.9,18300.9,APB,no_hyp,no_hyp,no_hyp,ok,ok,
7455,金汉绿港五区,36319.6,61912.4,APB,no_hyp,no_hyp,no_hyp,ok,ok,
7456,金汉绿港三区,44045.1,75076.6,APB,no_hyp,no_hyp,no_hyp,ok,ok,
7457,金汉绿港二区,51864.8,88400.6,APB,no_hyp,no_hyp,no_hyp,ok,ok,
7458,红杉一品,109014.5,185754.1,APB,no_hyp,no_hyp,no_hyp,ok,ok,
7459,滨河小区,247182.4,421115.7,APB,no_hyp,no_hyp,no_hyp,ok,ok,
7460,望潮家园,36608.1,62366.5,APB,no_hyp,no_hyp,no_hyp,ok,ok,
7461,裕龙花园西区,29831.1,50835.8,APB,no_hyp,no_hyp,no_hyp,ok,ok,
7462,大东路住宅楼,20642.2,35175.2,APB,no_hyp,no_hyp,no_hyp,ok,ok,
7463,双拥社区,149844.6,255347.3,APB,no_hyp,no_hyp,no_hyp,ok,ok,
7464,站前东街住宅楼,13898.4,23683.9,APB,no_hyp,no_hyp,no_hyp,ok,ok,
7465,顺鑫华玺瀚楟,19444.9,33137.2,APB,no_hyp,no_hyp,no_hyp,ok,ok,
7466,煤炭公司住宅楼,8209.9,13991.4,APB,no_hyp,no_hyp,no_hyp,ok,ok,
7467,凤凰苑,9796.5,16678.3,APB,no_hyp,no_hyp,no_hyp,ok,ok,
7468,安外东河沿小区,14751.0,25007.8,APB,no_hyp,no_hyp,no_hyp,ok,ok,
7469,,15075.9,25667.8,APB,no_hyp,no_hyp,no_hyp,ok,ok,
7470,,5164.1,8791.9,APB,no_hyp,no_hyp,no_hyp,ok,ok,
7471,,8571.7,14582.6,APB,no_hyp,no_hyp,no_hyp,ok,ok,
7472,桥梓艺术公社,77340.8,132338.1,APB,no_hyp,no_hyp,no_hyp,ok,ok,
7473,城北人家公寓,9179.1,15634.9,APB,no_hyp,no_hyp,no_hyp,ok,ok,
7474,垂钓园小区,14413.2,24553.8,APB,no_hyp,no_hyp,no_hyp,ok,ok,
7475,宏福苑小区-南一区,119732.9,203927.3,APB,no_hyp,no_hyp,no_hyp,ok,ok,
7476,宏福苑小区-南二区,126804.6,215974.2,APB,no_hyp,no_hyp,no_hyp,ok,ok,
7477,韩庄子西里,57866.1,97785.8,APB,no_hyp,no_hyp,no_hyp,ok,ok,
7478,,5906.3,10047.9,APB,no_hyp,no_hyp,no_hyp,ok,ok,
7479,,5292.1,9004.0,APB,no_hyp,no_hyp,no_hyp,ok,ok,
7480,,1396.0,2375.2,APB,no_hyp,no_hyp,no_hyp,ok,ok,
7481,,11757.4,19966.2,APB,no_hyp,no_hyp,no_hyp,ok,ok,
7482,,13686.3,23209.1,APB,no_hyp,no_hyp,no_hyp,ok,ok,
7483,,4563.8,7739.5,APB,no_hyp,no_hyp,no_hyp,ok,ok,
7484,,371653.8,624159.7,APB,no_hyp,no_hyp,no_hyp,ok,ok,
7485,,42728.4,72491.8,APB,no_hyp,no_hyp,no_hyp,ok,ok,
7486,,5742.3,9742.1,APB,no_hyp,no_hyp,no_hyp,ok,ok,
7487,,7353.0,12473.2,APB,no_hyp,no_hyp,no_hyp,ok,ok,
7488,,3183.6,5400.3,APB,no_hyp,no_hyp,no_hyp,ok,ok,
7489,龙泉务村,352165.0,597616.6,APB,no_hyp,no_hyp,no_hyp,ok,ok,
7490,龙泉务社区,29589.7,50221.2,APB,no_hyp,no_hyp,no_hyp,ok,ok,
7491,,5602.8,9509.1,APB,no_hyp,no_hyp,no_hyp,ok,ok,
7492,,18708.9,31739.6,APB,no_hyp,no_hyp,no_hyp,ok,ok,
7493,琉璃渠村,325469.6,552099.0,APB,no_hyp,no_hyp,no_hyp,ok,ok,
7494,,7210.0,12231.7,APB,no_hyp,no_hyp,no_hyp,ok,ok,
7495,,141787.7,240185.0,APB,no_hyp,no_hyp,no_hyp,ok,ok,
7496,新城阳光,115712.7,195779.8,APB,no_hyp,no_hyp,no_hyp,ok,ok,
7497,蓝调沙龙西区,33224.0,56221.4,APB,no_hyp,no_hyp,no_hyp,ok,ok,
7498,缙阳小区,54662.1,94264.9,APB,no_hyp,no_hyp,no_hyp,ok,ok,
7499,,80423.8,136396.4,APB,no_hyp,no_hyp,no_hyp,ok,ok,
7500,,9490.5,16445.8,APB,no_hyp,no_hyp,no_hyp,ok,ok,
7501,,16851.8,29182.2,APB,no_hyp,no_hyp,no_hyp,ok,ok,
7502,,4543.4,7867.4,APB,no_hyp,no_hyp,no_hyp,ok,ok,
7503,,9702.8,16439.2,APB,no_hyp,no_hyp,no_hyp,ok,ok,
7504,,3092.2,5239.1,APB,no_hyp,no_hyp,no_hyp,ok,ok,
7505,,10939.1,18533.4,APB,no_hyp,no_hyp,no_hyp,ok,ok,
7506,将府锦苑,39518.0,67050.2,APB,no_hyp,no_hyp,no_hyp,ok,ok,
7507,天恒·学院里,20520.3,34795.4,APB,no_hyp,no_hyp,no_hyp,ok,ok,
7508,东关村,83886.3,143731.7,APB,no_hyp,no_hyp,no_hyp,ok,ok,
7509,,217844.5,370980.0,APB,no_hyp,no_hyp,no_hyp,ok,ok,
7510,,34281.2,58383.7,APB,no_hyp,no_hyp,no_hyp,ok,ok,
7511,,22138.5,37705.5,APB,no_hyp,no_hyp,no_hyp,ok,ok,
7512,,68303.2,116327.1,APB,no_hyp,no_hyp,no_hyp,ok,ok,
7513,大有庄,132863.7,225594.3,APB,no_hyp,no_hyp,no_hyp,ok,ok,
7514,,38786.1,65586.1,APB,no_hyp,no_hyp,no_hyp,ok,ok,
7515,新动力小区,17768.6,30080.6,APB,no_hyp,no_hyp,no_hyp,ok,ok,
7516,,10967.9,18622.7,APB,no_hyp,no_hyp,no_hyp,ok,ok,
7517,丰泽盈和小区,78683.1,133671.4,APB,no_hyp,no_hyp,no_hyp,ok,ok,
7518,,13548.0,23015.5,APB,no_hyp,no_hyp,no_hyp,ok,ok,
7519,北京大学肖家河教工住宅一区,114760.5,194929.0,APB,no_hyp,no_hyp,no_hyp,ok,ok,
7520,圆明园西路1号院,64857.3,110193.9,APB,no_hyp,no_hyp,no_hyp,ok,ok,
7521,水利总队社区,11100.1,18859.7,APB,no_hyp,no_hyp,no_hyp,ok,ok,
7522,天秀花园-澄秀园,57523.1,97737.7,APB,no_hyp,no_hyp,no_hyp,ok,ok,
7523,水利社区二号院,8815.7,14979.5,APB,no_hyp,no_hyp,no_hyp,ok,ok,
7524,颐北家苑,67816.5,115229.2,APB,no_hyp,no_hyp,no_hyp,ok,ok,
7525,梅园,56130.2,95376.4,APB,no_hyp,no_hyp,no_hyp,ok,ok,
7526,圆明园西路甲1号院,54293.5,92243.9,APB,no_hyp,no_hyp,no_hyp,ok,ok,
7527,天秀花园-久盛居,10268.7,17446.7,APB,no_hyp,no_hyp,no_hyp,ok,ok,
7528,天秀花园-古月园,132168.7,224540.7,APB,no_hyp,no_hyp,no_hyp,ok,ok,
7529,圆明园西路5号,38048.7,64648.5,APB,no_hyp,no_hyp,no_hyp,ok,ok,
7530,马连洼梅园甲,34469.6,58574.1,APB,no_hyp,no_hyp,no_hyp,ok,ok,
7531,农大附中家属宿舍,9694.4,16469.3,APB,no_hyp,no_hyp,no_hyp,ok,ok,
7532,,171661.6,291648.4,APB,no_hyp,no_hyp,no_hyp,ok,ok,
7533,,18288.5,31084.0,APB,no_hyp,no_hyp,no_hyp,ok,ok,
7534,,84508.8,142914.9,APB,no_hyp,no_hyp,no_hyp,ok,ok,
7535,中海永定玖里,42861.4,72481.0,APB,no_hyp,no_hyp,no_hyp,ok,ok,
7536,,47153.9,79745.8,APB,no_hyp,no_hyp,no_hyp,ok,ok,
7537,木林小区,14449.7,24710.5,APB,no_hyp,no_hyp,no_hyp,ok,ok,
7538,长林庄,92800.4,158734.3,APB,no_hyp,no_hyp,no_hyp,ok,ok,
7539,,660281.6,1122077.6,APB,no_hyp,no_hyp,no_hyp,ok,ok,
7540,,25190.2,42814.8,APB,no_hyp,no_hyp,no_hyp,ok,ok,
7541,,204278.8,347191.1,APB,no_hyp,no_hyp,no_hyp,ok,ok,
7542,双槐树387号东院,17659.0,29928.8,APB,no_hyp,no_hyp,no_hyp,ok,ok,
7543,嘉德乐公馆,16365.5,27738.8,APB,no_hyp,no_hyp,no_hyp,ok,ok,
7544,,7340.3,12441.6,APB,no_hyp,no_hyp,no_hyp,ok,ok,
7545,温泉凯盛家园,122508.8,208289.2,APB,no_hyp,no_hyp,no_hyp,ok,ok,
7546,诸子阶,109549.4,185685.7,APB,no_hyp,no_hyp,no_hyp,ok,ok,
7547,东冉新村,74257.8,125910.1,APB,no_hyp,no_hyp,no_hyp,ok,ok,
7548,常青园,87010.5,147533.6,APB,no_hyp,no_hyp,no_hyp,ok,ok,
7549,永泰郦城果岭,27605.8,46806.0,APB,no_hyp,no_hyp,no_hyp,ok,ok,
7550,和泓四季,80904.8,137200.8,APB,no_hyp,no_hyp,no_hyp,ok,ok,
7551,复兴路81号院,27254.1,46148.1,APB,no_hyp,no_hyp,no_hyp,ok,ok,
7552,,6605.8,11185.2,APB,no_hyp,no_hyp,no_hyp,ok,ok,
7553,永定路70号院 航天二院家属院,79889.3,135275.0,APB,no_hyp,no_hyp,no_hyp,ok,ok,
7554,永定路56号院,36805.1,62324.4,APB,no_hyp,no_hyp,no_hyp,ok,ok,
7555,永定路52号院,109055.8,184678.0,APB,no_hyp,no_hyp,no_hyp,ok,ok,
7556,西四环中路41号院,44654.0,75618.5,APB,no_hyp,no_hyp,no_hyp,ok,ok,
7557,恒盛·欧洲公馆,44090.8,74675.0,APB,no_hyp,no_hyp,no_hyp,ok,ok,
7558,永定路街道三街坊北社区,20952.4,35485.7,APB,no_hyp,no_hyp,no_hyp,ok,ok,
7559,金沟河路15号院,9163.5,15520.5,APB,no_hyp,no_hyp,no_hyp,ok,ok,
7560,金沟河路5号院,93058.3,157619.1,APB,no_hyp,no_hyp,no_hyp,ok,ok,
7561,金沟河路3号院,49638.9,84076.9,APB,no_hyp,no_hyp,no_hyp,ok,ok,
7562,金沟河路1号院,45834.5,77632.7,APB,no_hyp,no_hyp,no_hyp,ok,ok,
7563,永金里住宅小区,133611.7,226318.7,APB,no_hyp,no_hyp,no_hyp,ok,ok,
7564,塞纳维拉永定华庭,11960.2,20259.4,APB,no_hyp,no_hyp,no_hyp,ok,ok,
7565,永定路24号院,8078.7,13684.3,APB,no_hyp,no_hyp,no_hyp,ok,ok,
7566,五棵松北8号院,37798.2,64021.1,APB,no_hyp,no_hyp,no_hyp,ok,ok,
7567,金和嘉园,62588.0,106009.0,APB,no_hyp,no_hyp,no_hyp,ok,ok,
7568,金沟河东路5号院,18148.0,30737.9,APB,no_hyp,no_hyp,no_hyp,ok,ok,
7569,朱各庄-26号院,30957.4,52434.8,APB,no_hyp,no_hyp,no_hyp,ok,ok,
7570,万寿路一号院,63419.0,107416.3,APB,no_hyp,no_hyp,no_hyp,ok,ok,
7571,万寿路甲4号院,34836.2,58995.3,APB,no_hyp,no_hyp,no_hyp,ok,ok,
7572,万寿路4号院,90455.7,153195.2,APB,no_hyp,no_hyp,no_hyp,ok,ok,
7573,万寿路朱各庄小区,5973.7,10117.6,APB,no_hyp,no_hyp,no_hyp,ok,ok,
7574,天合家园,98013.6,166070.2,APB,no_hyp,no_hyp,no_hyp,ok,ok,
7575,幸福时光小区,18580.4,31482.7,APB,no_hyp,no_hyp,no_hyp,ok,ok,
7576,半壁店甲-59号院,10103.9,17119.6,APB,no_hyp,no_hyp,no_hyp,ok,ok,
7577,华瞰墨园,8854.1,15001.6,APB,no_hyp,no_hyp,no_hyp,ok,ok,
7578,田村39号院,27540.4,46662.3,APB,no_hyp,no_hyp,no_hyp,ok,ok,
7579,,44685.7,75715.1,APB,no_hyp,no_hyp,no_hyp,ok,ok,
7580,,61030.8,103411.2,APB,no_hyp,no_hyp,no_hyp,ok,ok,
7581,田村路23号院,21180.7,35887.1,APB,no_hyp,no_hyp,no_hyp,ok,ok,
7582,田村路19号院,9295.7,15750.2,APB,no_hyp,no_hyp,no_hyp,ok,ok,
7583,,24003.7,40669.1,APB,no_hyp,no_hyp,no_hyp,ok,ok,
7584,,5327.8,9027.3,APB,no_hyp,no_hyp,no_hyp,ok,ok,
7585,西四环北路137号院,66189.3,112155.1,APB,no_hyp,no_hyp,no_hyp,ok,ok,
7586,五路居小区,20097.2,34055.0,APB,no_hyp,no_hyp,no_hyp,ok,ok,
7587,汤泉逸墅,64097.0,108620.9,APB,no_hyp,no_hyp,no_hyp,ok,ok,
7588,八里庄路61号院,27982.2,47410.9,APB,no_hyp,no_hyp,no_hyp,ok,ok,
7589,合景昕悦府,28229.7,48223.7,APB,no_hyp,no_hyp,no_hyp,ok,ok,
7590,椿萱茂·和园长者社区,27730.8,47373.0,APB,no_hyp,no_hyp,no_hyp,ok,ok,
7591,四季青园小区,186375.6,315895.0,APB,no_hyp,no_hyp,no_hyp,ok,ok,
7592,,105632.1,179065.8,APB,no_hyp,no_hyp,no_hyp,ok,ok,
7593,,85068.1,144218.9,APB,no_hyp,no_hyp,no_hyp,ok,ok,
7594,,10987.4,18626.8,APB,no_hyp,no_hyp,no_hyp,ok,ok,
7595,杏石口路22号院,73075.5,123868.4,APB,no_hyp,no_hyp,no_hyp,ok,ok,
7596,,41966.6,71284.6,APB,no_hyp,no_hyp,no_hyp,ok,ok,
7597,,14334.0,24346.0,APB,no_hyp,no_hyp,no_hyp,ok,ok,
7598,褐石园,133683.1,227065.1,APB,no_hyp,no_hyp,no_hyp,ok,ok,
7599,厢白旗甲-1号院,10532.4,17889.0,APB,no_hyp,no_hyp,no_hyp,ok,ok,
7600,厢白旗甲2号院,13236.3,22481.4,APB,no_hyp,no_hyp,no_hyp,ok,ok,
7601,北京体育大学颐清园小区,124244.4,211047.3,APB,no_hyp,no_hyp,no_hyp,ok,ok,
7602,圆明园东里,10479.3,17800.1,APB,no_hyp,no_hyp,no_hyp,ok,ok,
7603,,20624.6,35041.0,APB,no_hyp,no_hyp,no_hyp,ok,ok,
7604,农大南路2号院,23963.8,40714.7,APB,no_hyp,no_hyp,no_hyp,ok,ok,
7605,颐安嘉园,34327.3,58166.5,APB,no_hyp,no_hyp,no_hyp,ok,ok,
7606,北洼路25号院,10669.6,18079.3,APB,no_hyp,no_hyp,no_hyp,ok,ok,
7607,万泽御河湾,22534.5,38185.4,APB,no_hyp,no_hyp,no_hyp,ok,ok,
7608,气象西苑,24814.2,42048.4,APB,no_hyp,no_hyp,no_hyp,ok,ok,
7609,中海雅园,84738.2,143596.7,APB,no_hyp,no_hyp,no_hyp,ok,ok,
7610,北洼西里小区-南区,11044.8,18717.1,APB,no_hyp,no_hyp,no_hyp,ok,ok,
7611,北洼西里小区-北区,26088.3,44212.7,APB,no_hyp,no_hyp,no_hyp,ok,ok,
7612,世纪新景园,49237.3,83446.6,APB,no_hyp,no_hyp,no_hyp,ok,ok,
7613,双紫小区,22342.8,37866.0,APB,no_hyp,no_hyp,no_hyp,ok,ok,
7614,富丽小区,30723.6,52067.8,APB,no_hyp,no_hyp,no_hyp,ok,ok,
7615,宝莲公寓,8276.6,14026.3,APB,no_hyp,no_hyp,no_hyp,ok,ok,
7616,北洼西里-51号院,15099.1,25588.8,APB,no_hyp,no_hyp,no_hyp,ok,ok,
7617,车道沟南里小区,127695.3,216432.3,APB,no_hyp,no_hyp,no_hyp,ok,ok,
7618,西苑小区,14960.3,25355.5,APB,no_hyp,no_hyp,no_hyp,ok,ok,
7619,气象局宿舍,8792.4,14904.0,APB,no_hyp,no_hyp,no_hyp,ok,ok,
7620,金沟河路17号院,11998.4,20322.1,APB,no_hyp,no_hyp,no_hyp,ok,ok,
7621,泽丰苑南区,42277.0,71608.6,APB,no_hyp,no_hyp,no_hyp,ok,ok,
7622,永定路21号院,8570.3,14516.6,APB,no_hyp,no_hyp,no_hyp,ok,ok,
7623,永定路25号院,9708.7,16444.2,APB,no_hyp,no_hyp,no_hyp,ok,ok,
7624,泽丰苑北区,34018.4,57623.6,APB,no_hyp,no_hyp,no_hyp,ok,ok,
7625,永定路19号院,6256.8,10598.1,APB,no_hyp,no_hyp,no_hyp,ok,ok,
7626,永定路17号院,8510.8,14416.2,APB,no_hyp,no_hyp,no_hyp,ok,ok,
7627,中直小区,11333.4,19197.6,APB,no_hyp,no_hyp,no_hyp,ok,ok,
7628,北京肿瘤医院住宅区,5129.8,8689.2,APB,no_hyp,no_hyp,no_hyp,ok,ok,
7629,瑞新里小区,36745.7,62258.4,APB,no_hyp,no_hyp,no_hyp,ok,ok,
7630,永安东里小区东院,15539.1,26327.1,APB,no_hyp,no_hyp,no_hyp,ok,ok,
7631,恩济庄57号院,10384.5,17593.8,APB,no_hyp,no_hyp,no_hyp,ok,ok,
7632,永安东里西院,6986.2,11836.5,APB,no_hyp,no_hyp,no_hyp,ok,ok,
7633,恩济庄-46号院,9623.2,16305.7,APB,no_hyp,no_hyp,no_hyp,ok,ok,
7634,正源定慧福里-北区,13973.0,23674.2,APB,no_hyp,no_hyp,no_hyp,ok,ok,
7635,亮丽园,12123.3,20539.3,APB,no_hyp,no_hyp,no_hyp,ok,ok,
7636,定慧寺恩济庄82号院,24805.1,42024.3,APB,no_hyp,no_hyp,no_hyp,ok,ok,
7637,定慧北里,134347.8,227599.1,APB,no_hyp,no_hyp,no_hyp,ok,ok,
7638,八里庄北里,277168.8,469610.3,APB,no_hyp,no_hyp,no_hyp,ok,ok,
7639,西钓鱼台庄园,26414.1,44751.1,APB,no_hyp,no_hyp,no_hyp,ok,ok,
7640,八里庄,69896.7,118414.6,APB,no_hyp,no_hyp,no_hyp,ok,ok,
7641,阜成路95号院,18377.7,31133.5,APB,no_hyp,no_hyp,no_hyp,ok,ok,
7642,阜成路97号院,27770.6,47046.6,APB,no_hyp,no_hyp,no_hyp,ok,ok,
7643,名仕花园,30038.7,50887.9,APB,no_hyp,no_hyp,no_hyp,ok,ok,
7644,恩济庄缘,34103.6,57777.1,APB,no_hyp,no_hyp,no_hyp,ok,ok,
7645,又一村,22209.4,37631.3,APB,no_hyp,no_hyp,no_hyp,ok,ok,
7646,美丽园,182511.0,309285.3,APB,no_hyp,no_hyp,no_hyp,ok,ok,
7647,美丽西园,59248.2,100402.5,APB,no_hyp,no_hyp,no_hyp,ok,ok,
7648,五棵松路26号院,11880.7,20132.8,APB,no_hyp,no_hyp,no_hyp,ok,ok,
7649,彰化路十七号院,7322.6,12411.0,APB,no_hyp,no_hyp,no_hyp,ok,ok,
7650,缘溪家园,41414.2,70132.4,APB,no_hyp,no_hyp,no_hyp,ok,ok,
7651,科技部社区,76626.3,129755.4,APB,no_hyp,no_hyp,no_hyp,ok,ok,
7652,普惠北里,52680.8,89215.7,APB,no_hyp,no_hyp,no_hyp,ok,ok,
7653,颐源居,169781.8,287542.3,APB,no_hyp,no_hyp,no_hyp,ok,ok,
7654,中兴家园,10163.8,17212.6,APB,no_hyp,no_hyp,no_hyp,ok,ok,
7655,翠微路甲24号院,2659.3,4503.4,APB,no_hyp,no_hyp,no_hyp,ok,ok,
7656,翠微路10号院,10767.5,18234.8,APB,no_hyp,no_hyp,no_hyp,ok,ok,
7657,平台村,4060.7,6876.8,APB,no_hyp,no_hyp,no_hyp,ok,ok,
7658,供电局家属楼,3821.5,6513.7,APB,no_hyp,no_hyp,no_hyp,ok,ok,
7659,姚家园西里7号院,19324.6,32755.5,APB,no_hyp,no_hyp,no_hyp,ok,ok,
7660,金隅凤麟洲,46022.1,78004.1,APB,no_hyp,no_hyp,no_hyp,ok,ok,
7661,国美第一城3号院,98389.3,166718.4,APB,no_hyp,no_hyp,no_hyp,ok,ok,
7662,国美第一城西院,164850.5,279340.2,APB,no_hyp,no_hyp,no_hyp,ok,ok,
7663,青年路22号院,29497.3,49975.6,APB,no_hyp,no_hyp,no_hyp,ok,ok,
7664,五洲家园,45794.9,77605.2,APB,no_hyp,no_hyp,no_hyp,ok,ok,
7665,青年路10号院,8057.9,13655.8,APB,no_hyp,no_hyp,no_hyp,ok,ok,
7666,,110091.8,186225.2,APB,no_hyp,no_hyp,no_hyp,ok,ok,
7667,,18951.5,32056.4,APB,no_hyp,no_hyp,no_hyp,ok,ok,
7668,中华艺墅,430443.3,736041.4,APB,no_hyp,no_hyp,no_hyp,ok,ok,
7669,,201261.1,344070.9,APB,no_hyp,no_hyp,no_hyp,ok,ok,
7670,中信都阙台,20600.3,34857.1,APB,no_hyp,no_hyp,no_hyp,ok,ok,
7671,,17267.6,29527.4,APB,no_hyp,no_hyp,no_hyp,ok,ok,
7672,河南村,2742751.2,4670555.9,APB,no_hyp,no_hyp,no_hyp,ok,ok,
7673,润龙家园,38068.7,64278.8,APB,no_hyp,no_hyp,no_hyp,ok,ok,
7674,宣颐家园,227446.2,384041.0,APB,no_hyp,no_hyp,no_hyp,ok,ok,
7675,正福寺家属院（农科院）,9772.6,16567.0,APB,no_hyp,no_hyp,no_hyp,ok,ok,
7676,金隅滨和园燕堤西街6号院,31209.5,52824.6,APB,no_hyp,no_hyp,no_hyp,ok,ok,
7677,金隅滨和园燕堤南路1号院,37632.3,63695.1,APB,no_hyp,no_hyp,no_hyp,ok,ok,
7678,金隅滨和园燕堤南路2号院,45412.5,76860.0,APB,no_hyp,no_hyp,no_hyp,ok,ok,
7679,金隅滨和园燕堤中街6号院,10634.6,17999.7,APB,no_hyp,no_hyp,no_hyp,ok,ok,
7680,燕山水泥厂社区,83845.6,141908.3,APB,no_hyp,no_hyp,no_hyp,ok,ok,
7681,火星园,74274.9,125995.7,APB,no_hyp,no_hyp,no_hyp,ok,ok,
7682,和泰园,11396.2,19332.5,APB,no_hyp,no_hyp,no_hyp,ok,ok,
7683,太阳国际公馆,21198.5,35959.9,APB,no_hyp,no_hyp,no_hyp,ok,ok,
7684,西坝河北里物业小区,17606.0,29864.1,APB,no_hyp,no_hyp,no_hyp,ok,ok,
7685,新纪家园,55291.2,93799.2,APB,no_hyp,no_hyp,no_hyp,ok,ok,
7686,半岛国际公寓,18748.3,31803.4,APB,no_hyp,no_hyp,no_hyp,ok,ok,
7687,万方景轩,10100.2,17133.9,APB,no_hyp,no_hyp,no_hyp,ok,ok,
7688,燕京社区,29332.5,49948.8,APB,no_hyp,no_hyp,no_hyp,ok,ok,
7689,,995.6,1686.3,APB,no_hyp,no_hyp,no_hyp,ok,ok,
7690,阜成路南二街甲-2号院,6495.8,11002.9,APB,no_hyp,no_hyp,no_hyp,ok,ok,
7691,东钓鱼台家园,16444.9,27854.5,APB,no_hyp,no_hyp,no_hyp,ok,ok,
7692,阜成路八号院 航天小区,262205.0,444154.6,APB,no_hyp,no_hyp,no_hyp,ok,ok,
7693,东钓鱼台9号院,6323.5,10711.0,APB,no_hyp,no_hyp,no_hyp,ok,ok,
7694,钓鱼台山庄,30970.5,52459.5,APB,no_hyp,no_hyp,no_hyp,ok,ok,
7695,西三环北路82号院,17819.7,30190.0,APB,no_hyp,no_hyp,no_hyp,ok,ok,
7696,马神庙小区,28032.1,47490.3,APB,no_hyp,no_hyp,no_hyp,ok,ok,
7697,岭南路26号院,12106.4,20510.5,APB,no_hyp,no_hyp,no_hyp,ok,ok,
7698,岭南路30号院,16375.1,27742.5,APB,no_hyp,no_hyp,no_hyp,ok,ok,
7699,岭南路38号院,1941.1,3288.6,APB,no_hyp,no_hyp,no_hyp,ok,ok,
7700,岭南路36号院,5423.2,9188.0,APB,no_hyp,no_hyp,no_hyp,ok,ok,
7701,北洼路62号院,5624.8,9529.3,APB,no_hyp,no_hyp,no_hyp,ok,ok,
7702,北洼路90号院,33112.6,56096.0,APB,no_hyp,no_hyp,no_hyp,ok,ok,
7703,马神庙1号院 核二院社区,132007.8,223640.0,APB,no_hyp,no_hyp,no_hyp,ok,ok,
7704,金隅·昆泰云筑一期,39482.4,66725.8,APB,no_hyp,no_hyp,no_hyp,ok,ok,
7705,金隅·昆泰云筑二期,36484.8,61658.0,APB,no_hyp,no_hyp,no_hyp,ok,ok,
7706,马连道北里,53479.4,90501.6,APB,no_hyp,no_hyp,no_hyp,ok,ok,
7707,中国铁路总公司住宅区,61676.8,104372.8,APB,no_hyp,no_hyp,no_hyp,ok,ok,
7708,太平桥东里,28611.4,48413.8,APB,no_hyp,no_hyp,no_hyp,ok,ok,
7709,马连道西里小区,36594.0,61921.2,APB,no_hyp,no_hyp,no_hyp,ok,ok,
7710,湾子街,16793.6,28417.6,APB,no_hyp,no_hyp,no_hyp,ok,ok,
7711,懋源·璟橒,51391.9,87396.4,APB,no_hyp,no_hyp,no_hyp,ok,ok,
7712,薛大人庄SY00-0025-6003地块托幼用地,7319.1,12447.0,APB,no_hyp,no_hyp,no_hyp,ok,ok,
7713,城子西街1号院,30346.0,51452.2,APB,no_hyp,no_hyp,no_hyp,ok,ok,
7714,九龙东苑1号地北区,29548.5,50096.9,APB,no_hyp,no_hyp,no_hyp,ok,ok,
7715,怡和雅苑小区,54383.4,92198.8,APB,no_hyp,no_hyp,no_hyp,ok,ok,
7716,和平路33号院,5259.8,8918.5,APB,no_hyp,no_hyp,no_hyp,ok,ok,
7717,燕保·龙泉家园,35355.5,59950.3,APB,no_hyp,no_hyp,no_hyp,ok,ok,
7718,,295223.1,504532.7,APB,no_hyp,no_hyp,no_hyp,ok,ok,
7719,,262429.1,448443.8,APB,no_hyp,no_hyp,no_hyp,ok,ok,
7720,,823906.2,1407077.5,APB,no_hyp,no_hyp,no_hyp,ok,ok,
7721,,204416.1,349187.5,APB,no_hyp,no_hyp,no_hyp,ok,ok,
7722,,498779.0,852317.9,APB,no_hyp,no_hyp,no_hyp,ok,ok,
7723,,227664.8,389008.9,APB,no_hyp,no_hyp,no_hyp,ok,ok,
7724,阳光园,41023.4,69985.2,APB,no_hyp,no_hyp,no_hyp,ok,ok,
7725,九华山庄,130579.5,222869.1,APB,no_hyp,no_hyp,no_hyp,ok,ok,
7726,,97525.5,166518.6,APB,no_hyp,no_hyp,no_hyp,ok,ok,
7727,南庄营村,230584.6,393946.2,APB,no_hyp,no_hyp,no_hyp,ok,ok,
7728,南庄村,237715.3,406169.8,APB,no_hyp,no_hyp,no_hyp,ok,ok,
7729,东庄村,358838.9,613115.9,APB,no_hyp,no_hyp,no_hyp,ok,ok,
7730,,133045.0,227318.0,APB,no_hyp,no_hyp,no_hyp,ok,ok,
7731,,21344.6,36473.0,APB,no_hyp,no_hyp,no_hyp,ok,ok,
7732,,336931.5,575905.1,APB,no_hyp,no_hyp,no_hyp,ok,ok,
7733,,54473.8,93148.7,APB,no_hyp,no_hyp,no_hyp,ok,ok,
7734,,636986.4,1089429.4,APB,no_hyp,no_hyp,no_hyp,ok,ok,
7735,,9790.2,16705.7,APB,no_hyp,no_hyp,no_hyp,ok,ok,
7736,,413774.9,705279.4,APB,no_hyp,no_hyp,no_hyp,ok,ok,
7737,,316466.9,539613.1,APB,no_hyp,no_hyp,no_hyp,ok,ok,
7738,,318717.6,543965.8,APB,no_hyp,no_hyp,no_hyp,ok,ok,
7739,,117165.2,199990.2,APB,no_hyp,no_hyp,no_hyp,ok,ok,
7740,北京罗马花园,21746.2,36902.8,APB,no_hyp,no_hyp,no_hyp,ok,ok,
7741,,26948.1,45937.8,APB,no_hyp,no_hyp,no_hyp,ok,ok,
7742,河南村小区,44551.6,75873.9,APB,no_hyp,no_hyp,no_hyp,ok,ok,
7743,水岸庭院,27024.8,46368.7,APB,no_hyp,no_hyp,no_hyp,ok,ok,
7744,,25632.9,43352.1,APB,no_hyp,no_hyp,no_hyp,ok,ok,
7745,,53590.3,90641.1,APB,no_hyp,no_hyp,no_hyp,ok,ok,
7746,,43037.1,72784.6,APB,no_hyp,no_hyp,no_hyp,ok,ok,
7747,,20604.8,34844.1,APB,no_hyp,no_hyp,no_hyp,ok,ok,
7748,,26414.6,44668.3,APB,no_hyp,no_hyp,no_hyp,ok,ok,
7749,,32482.9,54921.6,APB,no_hyp,no_hyp,no_hyp,ok,ok,
7750,,13760.0,23256.8,APB,no_hyp,no_hyp,no_hyp,ok,ok,
7751,,665.9,1125.4,APB,no_hyp,no_hyp,no_hyp,ok,ok,
7752,,930.9,1573.3,APB,no_hyp,no_hyp,no_hyp,ok,ok,
7753,,700.2,1183.4,APB,no_hyp,no_hyp,no_hyp,ok,ok,
7754,,26099.6,44114.5,APB,no_hyp,no_hyp,no_hyp,ok,ok,
7755,,4442.9,7508.9,APB,no_hyp,no_hyp,no_hyp,ok,ok,
7756,,6917.3,11691.3,APB,no_hyp,no_hyp,no_hyp,ok,ok,
7757,,73003.8,123569.2,APB,no_hyp,no_hyp,no_hyp,ok,ok,
7758,,41867.3,70891.1,APB,no_hyp,no_hyp,no_hyp,ok,ok,
7759,,14565.5,24618.6,APB,no_hyp,no_hyp,no_hyp,ok,ok,
7760,,6780.3,11456.7,APB,no_hyp,no_hyp,no_hyp,ok,ok,
7761,,13728.7,23209.1,APB,no_hyp,no_hyp,no_hyp,ok,ok,
7762,,105152.2,178545.4,APB,no_hyp,no_hyp,no_hyp,ok,ok,
7763,,54482.4,92413.8,APB,no_hyp,no_hyp,no_hyp,ok,ok,
7764,,4873.6,8266.9,APB,no_hyp,no_hyp,no_hyp,ok,ok,
7765,,5582.4,9469.5,APB,no_hyp,no_hyp,no_hyp,ok,ok,
7766,,21876.0,37231.3,APB,no_hyp,no_hyp,no_hyp,ok,ok,
7767,,5625.3,9577.3,APB,no_hyp,no_hyp,no_hyp,ok,ok,
7768,,4381.3,7459.4,APB,no_hyp,no_hyp,no_hyp,ok,ok,
7769,,53758.6,91618.1,APB,no_hyp,no_hyp,no_hyp,ok,ok,
7770,,470913.7,802384.5,APB,no_hyp,no_hyp,no_hyp,ok,ok,
7771,,140676.5,239645.3,APB,no_hyp,no_hyp,no_hyp,ok,ok,
7772,,234145.8,399015.9,APB,no_hyp,no_hyp,no_hyp,ok,ok,
7773,,310438.9,529208.8,APB,no_hyp,no_hyp,no_hyp,ok,ok,
7774,辛庄村,86062.9,146769.9,APB,no_hyp,no_hyp,no_hyp,ok,ok,
7775,,57915.5,98772.7,APB,no_hyp,no_hyp,no_hyp,ok,ok,
7776,,30287.8,51652.0,APB,no_hyp,no_hyp,no_hyp,ok,ok,
7777,,7914.3,13497.2,APB,no_hyp,no_hyp,no_hyp,ok,ok,
7778,,5063.1,8635.0,APB,no_hyp,no_hyp,no_hyp,ok,ok,
7779,史家桥村,44867.3,76520.1,APB,no_hyp,no_hyp,no_hyp,ok,ok,
7780,,17154.9,29259.4,APB,no_hyp,no_hyp,no_hyp,ok,ok,
7781,,19554.0,33349.7,APB,no_hyp,no_hyp,no_hyp,ok,ok,
7782,,200463.9,341819.4,APB,no_hyp,no_hyp,no_hyp,ok,ok,
7783,遗光寺-2号院,76604.9,130074.3,APB,no_hyp,no_hyp,no_hyp,ok,ok,
7784,糖果公社,19019.5,31994.3,APB,no_hyp,no_hyp,no_hyp,ok,ok,
7785,翠微西里,129527.5,219374.2,APB,no_hyp,no_hyp,no_hyp,ok,ok,
7786,顺华小区,11577.8,19756.6,APB,no_hyp,no_hyp,no_hyp,ok,ok,
7787,,300689.1,511892.2,APB,no_hyp,no_hyp,no_hyp,ok,ok,
7788,常乐新村别墅,17311.6,29474.7,APB,no_hyp,no_hyp,no_hyp,ok,ok,
7789,荷颐苑,30556.4,52021.1,APB,no_hyp,no_hyp,no_hyp,ok,ok,
7790,,273465.9,465633.6,APB,no_hyp,no_hyp,no_hyp,ok,ok,
7791,尚院,29360.2,49990.0,APB,no_hyp,no_hyp,no_hyp,ok,ok,
7792,,60660.2,103289.7,APB,no_hyp,no_hyp,no_hyp,ok,ok,
7793,,167335.1,284969.2,APB,no_hyp,no_hyp,no_hyp,ok,ok,
7794,,4205.7,7164.9,APB,no_hyp,no_hyp,no_hyp,ok,ok,
7795,凤凰小区,44841.2,76375.7,APB,no_hyp,no_hyp,no_hyp,ok,ok,
7796,,11628.0,20017.6,APB,no_hyp,no_hyp,no_hyp,ok,ok,
7797,,9356.6,16106.7,APB,no_hyp,no_hyp,no_hyp,ok,ok,
7798,,52033.7,89579.8,APB,no_hyp,no_hyp,no_hyp,ok,ok,
7799,,44785.7,77091.7,APB,no_hyp,no_hyp,no_hyp,ok,ok,
7800,,4322.8,7441.3,APB,no_hyp,no_hyp,no_hyp,ok,ok,
7801,,42300.3,72731.3,APB,no_hyp,no_hyp,no_hyp,ok,ok,
7802,,14135.1,24307.8,APB,no_hyp,no_hyp,no_hyp,ok,ok,
7803,,15733.5,27053.9,APB,no_hyp,no_hyp,no_hyp,ok,ok,
7804,,23393.9,40232.2,APB,no_hyp,no_hyp,no_hyp,ok,ok,
7805,,13447.7,23130.0,APB,no_hyp,no_hyp,no_hyp,ok,ok,
7806,,8731.9,15018.2,APB,no_hyp,no_hyp,no_hyp,ok,ok,
7807,,28345.0,48770.4,APB,no_hyp,no_hyp,no_hyp,ok,ok,
7808,,9714.2,16716.4,APB,no_hyp,no_hyp,no_hyp,ok,ok,
7809,,10511.3,18091.7,APB,no_hyp,no_hyp,no_hyp,ok,ok,
7810,,17217.5,29641.1,APB,no_hyp,no_hyp,no_hyp,ok,ok,
7811,,3476.7,5985.6,APB,no_hyp,no_hyp,no_hyp,ok,ok,
7812,,6529.7,11241.8,APB,no_hyp,no_hyp,no_hyp,ok,ok,
7813,,9314.5,16036.8,APB,no_hyp,no_hyp,no_hyp,ok,ok,
7814,,111221.1,191594.3,APB,no_hyp,no_hyp,no_hyp,ok,ok,
7815,,49595.7,85447.3,APB,no_hyp,no_hyp,no_hyp,ok,ok,
7816,,58893.3,101441.3,APB,no_hyp,no_hyp,no_hyp,ok,ok,
7817,,13197.5,22706.4,APB,no_hyp,no_hyp,no_hyp,ok,ok,
7818,,2733.8,4703.6,APB,no_hyp,no_hyp,no_hyp,ok,ok,
7819,,57777.3,99382.7,APB,no_hyp,no_hyp,no_hyp,ok,ok,
7820,,10382.7,17857.5,APB,no_hyp,no_hyp,no_hyp,ok,ok,
7821,,769.5,1323.4,APB,no_hyp,no_hyp,no_hyp,ok,ok,
7822,,18466.5,31759.7,APB,no_hyp,no_hyp,no_hyp,ok,ok,
7823,,12137.8,20874.4,APB,no_hyp,no_hyp,no_hyp,ok,ok,
7824,,3336.5,5739.9,APB,no_hyp,no_hyp,no_hyp,ok,ok,
7825,,21745.9,37441.2,APB,no_hyp,no_hyp,no_hyp,ok,ok,
7826,,14482.9,24938.0,APB,no_hyp,no_hyp,no_hyp,ok,ok,
7827,,13885.8,23909.3,APB,no_hyp,no_hyp,no_hyp,ok,ok,
7828,,9757.0,16800.9,APB,no_hyp,no_hyp,no_hyp,ok,ok,
7829,,2886.8,4970.8,APB,no_hyp,no_hyp,no_hyp,ok,ok,
7830,,227829.8,392627.8,APB,no_hyp,no_hyp,no_hyp,ok,ok,
7831,四合颐园,88950.4,153289.0,APB,no_hyp,no_hyp,no_hyp,ok,ok,
7832,,20154.0,34732.9,APB,no_hyp,no_hyp,no_hyp,ok,ok,
7833,,13917.4,23986.3,APB,no_hyp,no_hyp,no_hyp,ok,ok,
7834,,50285.5,86667.8,APB,no_hyp,no_hyp,no_hyp,ok,ok,
7835,,43893.5,75636.1,APB,no_hyp,no_hyp,no_hyp,ok,ok,
7836,,4988.4,8597.1,APB,no_hyp,no_hyp,no_hyp,ok,ok,
7837,,28378.5,48890.6,APB,no_hyp,no_hyp,no_hyp,ok,ok,
7838,,69708.1,120120.0,APB,no_hyp,no_hyp,no_hyp,ok,ok,
7839,,63197.6,108919.6,APB,no_hyp,no_hyp,no_hyp,ok,ok,
7840,,27827.1,47966.1,APB,no_hyp,no_hyp,no_hyp,ok,ok,
7841,,35523.2,61206.6,APB,no_hyp,no_hyp,no_hyp,ok,ok,
7842,,28967.2,49917.7,APB,no_hyp,no_hyp,no_hyp,ok,ok,
7843,,6569.8,11301.0,APB,no_hyp,no_hyp,no_hyp,ok,ok,
7844,,8273.0,14225.9,APB,no_hyp,no_hyp,no_hyp,ok,ok,
7845,,3629.2,6240.8,APB,no_hyp,no_hyp,no_hyp,ok,ok,
7846,,1187.9,2042.8,APB,no_hyp,no_hyp,no_hyp,ok,ok,
7847,,658.2,1131.8,APB,no_hyp,no_hyp,no_hyp,ok,ok,
7848,,21650.0,37213.1,APB,no_hyp,no_hyp,no_hyp,ok,ok,
7849,,14263.8,24313.8,APB,no_hyp,no_hyp,no_hyp,ok,ok,
7850,,52773.0,89892.4,APB,no_hyp,no_hyp,no_hyp,ok,ok,
7851,巩华新村,147003.7,250424.1,APB,no_hyp,no_hyp,no_hyp,ok,ok,
7852,沙河毛条小区,23955.5,40814.1,APB,no_hyp,no_hyp,no_hyp,ok,ok,
7853,二毛小区,1666.9,2840.0,APB,no_hyp,no_hyp,no_hyp,ok,ok,
7854,,179020.2,304926.7,APB,no_hyp,no_hyp,no_hyp,ok,ok,
7855,,23190.3,39497.6,APB,no_hyp,no_hyp,no_hyp,ok,ok,
7856,,21050.2,35870.5,APB,no_hyp,no_hyp,no_hyp,ok,ok,
7857,,4756.0,8103.3,APB,no_hyp,no_hyp,no_hyp,ok,ok,
7858,福田小区,21493.5,36624.2,APB,no_hyp,no_hyp,no_hyp,ok,ok,
7859,一通小区,25058.5,42695.8,APB,no_hyp,no_hyp,no_hyp,ok,ok,
7860,,21126.4,36019.0,APB,no_hyp,no_hyp,no_hyp,ok,ok,
7861,,9439.6,16091.8,APB,no_hyp,no_hyp,no_hyp,ok,ok,
7862,,44516.3,75884.6,APB,no_hyp,no_hyp,no_hyp,ok,ok,
7863,,55274.2,94214.9,APB,no_hyp,no_hyp,no_hyp,ok,ok,
7864,,10211.8,17401.9,APB,no_hyp,no_hyp,no_hyp,ok,ok,
7865,,42338.1,72173.3,APB,no_hyp,no_hyp,no_hyp,ok,ok,
7866,,19660.7,33479.8,APB,no_hyp,no_hyp,no_hyp,ok,ok,
7867,,75897.1,129243.1,APB,no_hyp,no_hyp,no_hyp,ok,ok,
7868,,15686.4,26710.7,APB,no_hyp,no_hyp,no_hyp,ok,ok,
7869,,19280.4,32834.7,APB,no_hyp,no_hyp,no_hyp,ok,ok,
7870,,10775.7,18210.0,APB,no_hyp,no_hyp,no_hyp,ok,ok,
7871,高庄子小区,26692.5,45110.3,APB,no_hyp,no_hyp,no_hyp,ok,ok,
7872,,24405.5,41240.6,APB,no_hyp,no_hyp,no_hyp,ok,ok,
7873,,12780.3,21751.4,APB,no_hyp,no_hyp,no_hyp,ok,ok,
7874,,3937.5,6708.6,APB,no_hyp,no_hyp,no_hyp,ok,ok,
7875,照澜院,22638.6,38435.5,APB,no_hyp,no_hyp,no_hyp,ok,ok,
7876,阜成路66号院,34332.4,58158.9,APB,no_hyp,no_hyp,no_hyp,ok,ok,
7877,,5547.1,9395.2,APB,no_hyp,no_hyp,no_hyp,ok,ok,
7878,西翠路12号院,9184.6,15551.7,APB,no_hyp,no_hyp,no_hyp,ok,ok,
7879,万寿路西街16号院,13089.0,22163.6,APB,no_hyp,no_hyp,no_hyp,ok,ok,
7880,万寿园小区,22879.4,38743.8,APB,no_hyp,no_hyp,no_hyp,ok,ok,
7881,万寿路3号院,6462.5,10945.0,APB,no_hyp,no_hyp,no_hyp,ok,ok,
7882,朱各庄12号院,14434.6,24447.1,APB,no_hyp,no_hyp,no_hyp,ok,ok,
7883,,3060.6,5262.7,APB,no_hyp,no_hyp,no_hyp,ok,ok,
7884,,4280.1,7359.6,APB,no_hyp,no_hyp,no_hyp,ok,ok,
7885,,1304.0,2242.2,APB,no_hyp,no_hyp,no_hyp,ok,ok,
7886,,1976.9,3399.0,APB,no_hyp,no_hyp,no_hyp,ok,ok,
7887,,794.2,1365.6,APB,no_hyp,no_hyp,no_hyp,ok,ok,
7888,,922.7,1586.5,APB,no_hyp,no_hyp,no_hyp,ok,ok,
7889,,1293.3,2223.6,APB,no_hyp,no_hyp,no_hyp,ok,ok,
7890,,2629.2,4520.5,APB,no_hyp,no_hyp,no_hyp,ok,ok,
7891,,65317.4,112272.5,APB,no_hyp,no_hyp,no_hyp,ok,ok,
7892,京津花园二期,124041.6,208860.1,APB,no_hyp,no_hyp,no_hyp,ok,ok,
7893,京津花园三期,61452.4,103482.9,APB,no_hyp,no_hyp,no_hyp,ok,ok,
7894,京津花园四期,49730.2,83743.4,APB,no_hyp,no_hyp,no_hyp,ok,ok,
7895,山海名居,89021.6,151940.2,APB,no_hyp,no_hyp,no_hyp,ok,ok,
7896,,50840.8,86768.2,APB,no_hyp,no_hyp,no_hyp,ok,ok,
7897,融城花园南区,38554.7,66019.7,APB,no_hyp,no_hyp,no_hyp,ok,ok,
7898,,2044.3,3515.3,APB,no_hyp,no_hyp,no_hyp,ok,ok,
7899,,2282.2,3926.6,APB,no_hyp,no_hyp,no_hyp,ok,ok,
7900,,1330.8,2289.7,APB,no_hyp,no_hyp,no_hyp,ok,ok,
7901,,4076.6,7014.3,APB,no_hyp,no_hyp,no_hyp,ok,ok,
7902,,3826.9,6584.7,APB,no_hyp,no_hyp,no_hyp,ok,ok,
7903,,3890.6,6698.4,APB,no_hyp,no_hyp,no_hyp,ok,ok,
7904,山湖花园,22568.2,38746.6,APB,no_hyp,no_hyp,no_hyp,ok,ok,
7905,,34581.9,59453.8,APB,no_hyp,no_hyp,no_hyp,ok,ok,
7906,,1943.4,3341.1,APB,no_hyp,no_hyp,no_hyp,ok,ok,
7907,,46931.0,80147.0,APB,no_hyp,no_hyp,no_hyp,ok,ok,
7908,,26195.6,44465.4,APB,no_hyp,no_hyp,no_hyp,ok,ok,
7909,,12289.4,20860.1,APB,no_hyp,no_hyp,no_hyp,ok,ok,
7910,,49452.5,83936.4,APB,no_hyp,no_hyp,no_hyp,ok,ok,
7911,,61394.9,104202.9,APB,no_hyp,no_hyp,no_hyp,ok,ok,
7912,,5151.9,8744.1,APB,no_hyp,no_hyp,no_hyp,ok,ok,
7913,,5407.4,9178.0,APB,no_hyp,no_hyp,no_hyp,ok,ok,
7914,,4292.9,7286.4,APB,no_hyp,no_hyp,no_hyp,ok,ok,
7915,,4721.7,8014.2,APB,no_hyp,no_hyp,no_hyp,ok,ok,
7916,,45546.7,76866.5,APB,no_hyp,no_hyp,no_hyp,ok,ok,
7917,,19652.0,33159.8,APB,no_hyp,no_hyp,no_hyp,ok,ok,
7918,,12743.0,21503.1,APB,no_hyp,no_hyp,no_hyp,ok,ok,
7919,,62936.6,106204.1,APB,no_hyp,no_hyp,no_hyp,ok,ok,
7920,,78766.3,132681.8,APB,no_hyp,no_hyp,no_hyp,ok,ok,
7921,,95979.8,161680.7,APB,no_hyp,no_hyp,no_hyp,ok,ok,
7922,,14189.6,24207.5,APB,no_hyp,no_hyp,no_hyp,ok,ok,
7923,,13511.6,23049.2,APB,no_hyp,no_hyp,no_hyp,ok,ok,
7924,中骏四季家园,68850.6,117469.8,APB,no_hyp,no_hyp,no_hyp,ok,ok,
7925,善缘家园南区,60806.4,103744.3,APB,no_hyp,no_hyp,no_hyp,ok,ok,
7926,西山新村-东区,139769.1,237008.2,APB,no_hyp,no_hyp,no_hyp,ok,ok,
7927,溪山嘉园东府里,48945.4,82992.9,APB,no_hyp,no_hyp,no_hyp,ok,ok,
7928,西山新村,240901.0,408489.2,APB,no_hyp,no_hyp,no_hyp,ok,ok,
7929,八宝山南路29号院,15641.1,26470.6,APB,no_hyp,no_hyp,no_hyp,ok,ok,
7930,,19078.5,32290.6,APB,no_hyp,no_hyp,no_hyp,ok,ok,
7931,联东u谷永乐产业园,152538.5,256109.1,APB,no_hyp,no_hyp,no_hyp,ok,ok,
7932,联东U谷北京永乐产业园南区,109058.7,183084.6,APB,no_hyp,no_hyp,no_hyp,ok,ok,
7933,,23902.1,40459.9,APB,no_hyp,no_hyp,no_hyp,ok,ok,
7934,,42298.1,71581.1,APB,no_hyp,no_hyp,no_hyp,ok,ok,
7935,中海大厦,35939.7,60854.5,APB,no_hyp,no_hyp,no_hyp,ok,ok,
7936,老古城,21641.2,36643.6,APB,no_hyp,no_hyp,no_hyp,ok,ok,
7937,曦景长安,20386.1,34518.6,APB,no_hyp,no_hyp,no_hyp,ok,ok,
7938,朗芳园二区,26133.9,44224.4,APB,no_hyp,no_hyp,no_hyp,ok,ok,
7939,朗芳园六区,44679.4,75600.1,APB,no_hyp,no_hyp,no_hyp,ok,ok,
7940,朗芳园七区,68038.6,115117.8,APB,no_hyp,no_hyp,no_hyp,ok,ok,
7941,朗芳园五区,69134.8,116982.1,APB,no_hyp,no_hyp,no_hyp,ok,ok,
7942,朗芳园一区,32136.0,54382.5,APB,no_hyp,no_hyp,no_hyp,ok,ok,
7943,朗芳园三区,38316.6,64839.6,APB,no_hyp,no_hyp,no_hyp,ok,ok,
7944,,66914.6,113196.3,APB,no_hyp,no_hyp,no_hyp,ok,ok,
7945,,14007.3,23669.3,APB,no_hyp,no_hyp,no_hyp,ok,ok,
7946,,85080.5,143344.4,APB,no_hyp,no_hyp,no_hyp,ok,ok,
7947,,102773.5,173151.7,APB,no_hyp,no_hyp,no_hyp,ok,ok,
7948,,33777.4,56905.1,APB,no_hyp,no_hyp,no_hyp,ok,ok,
7949,,68905.0,116059.5,APB,no_hyp,no_hyp,no_hyp,ok,ok,
7950,,52169.6,87864.2,APB,no_hyp,no_hyp,no_hyp,ok,ok,
7951,怡兴园,179703.0,302706.4,APB,no_hyp,no_hyp,no_hyp,ok,ok,
7952,万景公寓,4178.2,7080.2,APB,no_hyp,no_hyp,no_hyp,ok,ok,
7953,阜成门外大街-42号院,6984.8,11831.8,APB,no_hyp,no_hyp,no_hyp,ok,ok,
7954,阜成门外大街乙-40号院,26542.8,44961.7,APB,no_hyp,no_hyp,no_hyp,ok,ok,
7955,洪茂沟小区,39946.9,67660.7,APB,no_hyp,no_hyp,no_hyp,ok,ok,
7956,三里河东路7号院,9584.2,16233.7,APB,no_hyp,no_hyp,no_hyp,ok,ok,
7957,三里河一区,28795.6,48771.2,APB,no_hyp,no_hyp,no_hyp,ok,ok,
7958,三里河一区5号院,40148.1,67995.6,APB,no_hyp,no_hyp,no_hyp,ok,ok,
7959,三里河一区2号院,31859.2,53960.0,APB,no_hyp,no_hyp,no_hyp,ok,ok,
7960,南沙沟小区,69219.4,117231.1,APB,no_hyp,no_hyp,no_hyp,ok,ok,
7961,三里河北街2号院,12361.7,20937.0,APB,no_hyp,no_hyp,no_hyp,ok,ok,
7962,三里河北街3号院,49371.9,83617.7,APB,no_hyp,no_hyp,no_hyp,ok,ok,
7963,,12685.5,21484.2,APB,no_hyp,no_hyp,no_hyp,ok,ok,
7964,海北路58号院经房小区,30244.8,50927.6,APB,no_hyp,no_hyp,no_hyp,ok,ok,
7965,,2138.9,3615.7,APB,no_hyp,no_hyp,no_hyp,ok,ok,
7966,阜成路26号院,21123.2,35781.7,APB,no_hyp,no_hyp,no_hyp,ok,ok,
7967,阜成路28号院,56152.1,95118.7,APB,no_hyp,no_hyp,no_hyp,ok,ok,
7968,中塔园小区,30067.1,50929.8,APB,no_hyp,no_hyp,no_hyp,ok,ok,
7969,西三环中路3号院,12661.5,21447.9,APB,no_hyp,no_hyp,no_hyp,ok,ok,
7970,兴丰家园,22157.8,37331.4,APB,no_hyp,no_hyp,no_hyp,ok,ok,
7971,黄村东里小区,44203.6,74475.1,APB,no_hyp,no_hyp,no_hyp,ok,ok,
7972,荣丰2008,157081.0,265869.3,APB,no_hyp,no_hyp,no_hyp,ok,ok,
7973,西豪逸景家园,64612.6,109357.8,APB,no_hyp,no_hyp,no_hyp,ok,ok,
7974,,4740.3,8062.1,APB,no_hyp,no_hyp,no_hyp,ok,ok,
7975,朱家坟二里,38148.1,64405.1,APB,no_hyp,no_hyp,no_hyp,ok,ok,
7976,,22717.6,38358.9,APB,no_hyp,no_hyp,no_hyp,ok,ok,
7977,,23326.5,39388.7,APB,no_hyp,no_hyp,no_hyp,ok,ok,
7978,,44268.7,74754.6,APB,no_hyp,no_hyp,no_hyp,ok,ok,
7979,,4190.5,7076.7,APB,no_hyp,no_hyp,no_hyp,ok,ok,
7980,,12978.7,21917.7,APB,no_hyp,no_hyp,no_hyp,ok,ok,
7981,,513235.2,873525.2,APB,no_hyp,no_hyp,no_hyp,ok,ok,
7982,居善园,121179.2,203816.3,APB,no_hyp,no_hyp,no_hyp,ok,ok,
7983,泷悦·长安伊顿园,11829.8,20025.6,APB,no_hyp,no_hyp,no_hyp,ok,ok,
7984,巨山馨苑,50635.4,85825.4,APB,no_hyp,no_hyp,no_hyp,ok,ok,
7985,燕西台嘉苑,179498.4,304260.2,APB,no_hyp,no_hyp,no_hyp,ok,ok,
7986,西山枫景苑,53807.5,91427.9,APB,no_hyp,no_hyp,no_hyp,ok,ok,
7987,中交·伴山观岚,63696.0,108037.7,APB,no_hyp,no_hyp,no_hyp,ok,ok,
7988,和煦小区,32966.9,55907.6,APB,no_hyp,no_hyp,no_hyp,ok,ok,
7989,炮厂小区,84692.1,143614.9,APB,no_hyp,no_hyp,no_hyp,ok,ok,
7990,隆恩寺,97131.2,164700.8,APB,no_hyp,no_hyp,no_hyp,ok,ok,
7991,,17359.4,29429.4,APB,no_hyp,no_hyp,no_hyp,ok,ok,
7992,,8766.5,14861.9,APB,no_hyp,no_hyp,no_hyp,ok,ok,
7993,高井甲32号职工小区,46974.5,79634.8,APB,no_hyp,no_hyp,no_hyp,ok,ok,
7994,联勤佳园,41140.2,69741.8,APB,no_hyp,no_hyp,no_hyp,ok,ok,
7995,翡翠山晓西麓,53725.4,91085.7,APB,no_hyp,no_hyp,no_hyp,ok,ok,
7996,绿城·西府海棠1期,43585.8,73922.8,APB,no_hyp,no_hyp,no_hyp,ok,ok,
7997,,88169.0,149527.9,APB,no_hyp,no_hyp,no_hyp,ok,ok,
7998,,111288.2,188756.5,APB,no_hyp,no_hyp,no_hyp,ok,ok,
7999,,480446.9,814894.3,APB,no_hyp,no_hyp,no_hyp,ok,ok,
8000,南街铁路小区,16649.1,28235.5,APB,no_hyp,no_hyp,no_hyp,ok,ok,
8001,新河小区,13709.7,23248.7,APB,no_hyp,no_hyp,no_hyp,ok,ok,
8002,三家店东老店,20944.1,35515.7,APB,no_hyp,no_hyp,no_hyp,ok,ok,
8003,三家店东老店-108号,22849.9,38745.7,APB,no_hyp,no_hyp,no_hyp,ok,ok,
8004,,39739.3,67385.0,APB,no_hyp,no_hyp,no_hyp,ok,ok,
8005,,88808.4,150577.4,APB,no_hyp,no_hyp,no_hyp,ok,ok,
8006,三家店四局东排,74755.1,126736.2,APB,no_hyp,no_hyp,no_hyp,ok,ok,
8007,新景家园,10030.5,17006.5,APB,no_hyp,no_hyp,no_hyp,ok,ok,
8008,,21284.3,36086.2,APB,no_hyp,no_hyp,no_hyp,ok,ok,
8009,,41670.5,70645.2,APB,no_hyp,no_hyp,no_hyp,ok,ok,
8010,,42639.5,72288.9,APB,no_hyp,no_hyp,no_hyp,ok,ok,
8011,,8562.9,14516.7,APB,no_hyp,no_hyp,no_hyp,ok,ok,
8012,黑石头路99号院,20753.3,35187.9,APB,no_hyp,no_hyp,no_hyp,ok,ok,
8013,西山铭著,40405.8,68507.0,APB,no_hyp,no_hyp,no_hyp,ok,ok,
8014,,4699.5,7968.3,APB,no_hyp,no_hyp,no_hyp,ok,ok,
8015,,41090.4,69661.0,APB,no_hyp,no_hyp,no_hyp,ok,ok,
8016,,8303.2,14076.3,APB,no_hyp,no_hyp,no_hyp,ok,ok,
8017,,23513.4,39862.1,APB,no_hyp,no_hyp,no_hyp,ok,ok,
8018,,56609.3,96033.3,APB,no_hyp,no_hyp,no_hyp,ok,ok,
8019,,18760.8,31827.7,APB,no_hyp,no_hyp,no_hyp,ok,ok,
8020,,35880.2,60879.3,APB,no_hyp,no_hyp,no_hyp,ok,ok,
8021,,12292.2,20857.3,APB,no_hyp,no_hyp,no_hyp,ok,ok,
8022,,18412.5,31239.7,APB,no_hyp,no_hyp,no_hyp,ok,ok,
8023,,31849.7,54000.0,APB,no_hyp,no_hyp,no_hyp,ok,ok,
8024,,8355.8,14167.9,APB,no_hyp,no_hyp,no_hyp,ok,ok,
8025,,1722.6,2920.8,APB,no_hyp,no_hyp,no_hyp,ok,ok,
8026,,4196.3,7116.3,APB,no_hyp,no_hyp,no_hyp,ok,ok,
8027,,7491.3,12703.3,APB,no_hyp,no_hyp,no_hyp,ok,ok,
8028,三家店50号院,11775.8,19969.9,APB,no_hyp,no_hyp,no_hyp,ok,ok,
8029,三家店老宿舍17号院,28390.9,48140.0,APB,no_hyp,no_hyp,no_hyp,ok,ok,
8030,三家店新宿舍,28632.1,48546.3,APB,no_hyp,no_hyp,no_hyp,ok,ok,
8031,三家店老宿舍,6366.4,10795.2,APB,no_hyp,no_hyp,no_hyp,ok,ok,
8032,阳光城·君山墅,837443.8,1440628.7,APB,no_hyp,no_hyp,no_hyp,ok,ok,
8033,,1227480.6,2111052.1,APB,no_hyp,no_hyp,no_hyp,ok,ok,
8034,,252069.7,433605.8,APB,no_hyp,no_hyp,no_hyp,ok,ok,
8035,,25780.0,44298.8,APB,no_hyp,no_hyp,no_hyp,ok,ok,
8036,,26186.6,44998.4,APB,no_hyp,no_hyp,no_hyp,ok,ok,
8037,,81223.7,139484.4,APB,no_hyp,no_hyp,no_hyp,ok,ok,
8038,,975996.6,1659992.8,APB,no_hyp,no_hyp,no_hyp,ok,ok,
8039,巴克寓所,101285.0,171395.0,APB,no_hyp,no_hyp,no_hyp,ok,ok,
8040,,62963.3,106557.3,APB,no_hyp,no_hyp,no_hyp,ok,ok,
8041,林果所家属院,8303.4,14084.1,APB,no_hyp,no_hyp,no_hyp,ok,ok,
8042,京香花园,156615.3,265703.5,APB,no_hyp,no_hyp,no_hyp,ok,ok,
8043,红旗村-6号院,12433.6,21097.2,APB,no_hyp,no_hyp,no_hyp,ok,ok,
8044,香山6号院,69836.6,118442.7,APB,no_hyp,no_hyp,no_hyp,ok,ok,
8045,香山南路黄土坡8号院,127865.4,216862.8,APB,no_hyp,no_hyp,no_hyp,ok,ok,
8046,西引力,15711.8,26599.1,APB,no_hyp,no_hyp,no_hyp,ok,ok,
8047,京原路5号院,14492.0,24533.4,APB,no_hyp,no_hyp,no_hyp,ok,ok,
8048,石景山八角南山二号院,12707.1,21511.5,APB,no_hyp,no_hyp,no_hyp,ok,ok,
8049,北京市石景山医院家属院,14513.9,24573.9,APB,no_hyp,no_hyp,no_hyp,ok,ok,
8050,,153079.8,261377.8,APB,no_hyp,no_hyp,no_hyp,ok,ok,
8051,仁和花园-二区,119051.6,202776.3,APB,no_hyp,no_hyp,no_hyp,ok,ok,
8052,石园大街8号院,42280.9,72017.4,APB,no_hyp,no_hyp,no_hyp,ok,ok,
8053,仁和花园-一区,167555.6,285391.7,APB,no_hyp,no_hyp,no_hyp,ok,ok,
8054,正商·雅筑佳苑,65851.7,112164.3,APB,no_hyp,no_hyp,no_hyp,ok,ok,
8055,港馨家园-福景苑,33177.0,56505.4,APB,no_hyp,no_hyp,no_hyp,ok,ok,
8056,石园大街9号院,82503.7,140536.6,APB,no_hyp,no_hyp,no_hyp,ok,ok,
8057,顺泰路7号院,41599.0,70862.8,APB,no_hyp,no_hyp,no_hyp,ok,ok,
8058,御墅（北区）,295429.3,503248.1,APB,no_hyp,no_hyp,no_hyp,ok,ok,
8059,御墅（南区）,145833.9,248392.5,APB,no_hyp,no_hyp,no_hyp,ok,ok,
8060,毓秀园（南区）,77310.8,131677.4,APB,no_hyp,no_hyp,no_hyp,ok,ok,
8061,毓秀园（北区）,50334.5,85735.9,APB,no_hyp,no_hyp,no_hyp,ok,ok,
8062,毓秀园（东区）,31502.3,53658.2,APB,no_hyp,no_hyp,no_hyp,ok,ok,
8063,史家胡同20号院,3564.1,6036.7,APB,no_hyp,no_hyp,no_hyp,ok,ok,
8064,史家胡同55号院,2607.9,4417.2,APB,no_hyp,no_hyp,no_hyp,ok,ok,
8065,史家胡同51号院,2135.3,3616.7,APB,no_hyp,no_hyp,no_hyp,ok,ok,
8066,中国社会科学院干面宿舍,6813.6,11540.2,APB,no_hyp,no_hyp,no_hyp,ok,ok,
8067,中建宸庐,58599.3,99967.9,APB,no_hyp,no_hyp,no_hyp,ok,ok,
8068,锦悦嘉苑,62287.7,106021.8,APB,no_hyp,no_hyp,no_hyp,ok,ok,
8069,天作人才公寓,6360.3,10827.9,APB,no_hyp,no_hyp,no_hyp,ok,ok,
8070,,20067.5,33889.8,APB,no_hyp,no_hyp,no_hyp,ok,ok,
8071,,7171.5,12110.9,APB,no_hyp,no_hyp,no_hyp,ok,ok,
8072,,4530.3,7647.5,APB,no_hyp,no_hyp,no_hyp,ok,ok,
8073,鲁能七号院-颐景润园,197608.4,337285.2,APB,no_hyp,no_hyp,no_hyp,ok,ok,
8074,京贸国际公馆,165028.3,279235.7,APB,no_hyp,no_hyp,no_hyp,ok,ok,
8075,怡乐园二区,94414.9,159768.3,APB,no_hyp,no_hyp,no_hyp,ok,ok,
8076,怡乐园东区,28344.6,47965.0,APB,no_hyp,no_hyp,no_hyp,ok,ok,
8077,,28370.1,48370.3,APB,no_hyp,no_hyp,no_hyp,ok,ok,
8078,,6859.2,11695.1,APB,no_hyp,no_hyp,no_hyp,ok,ok,
8079,,67977.9,115909.2,APB,no_hyp,no_hyp,no_hyp,ok,ok,
8080,,10181.2,17360.7,APB,no_hyp,no_hyp,no_hyp,ok,ok,
8081,老山东里北区,71513.8,121103.3,APB,no_hyp,no_hyp,no_hyp,ok,ok,
8082,老山西街-10号院,64852.3,109823.6,APB,no_hyp,no_hyp,no_hyp,ok,ok,
8083,老山西里,146681.8,248376.9,APB,no_hyp,no_hyp,no_hyp,ok,ok,
8084,老山东里南区,175853.3,297770.8,APB,no_hyp,no_hyp,no_hyp,ok,ok,
8085,石景山路23号院,70381.6,119176.5,APB,no_hyp,no_hyp,no_hyp,ok,ok,
8086,老山西街27号院,20767.3,35164.5,APB,no_hyp,no_hyp,no_hyp,ok,ok,
8087,常青园南里-二区,219981.3,372807.3,APB,no_hyp,no_hyp,no_hyp,ok,ok,
8088,汤泉逸墅-北区,60930.0,103262.6,APB,no_hyp,no_hyp,no_hyp,ok,ok,
8089,毛纺小区,35343.4,60057.2,APB,no_hyp,no_hyp,no_hyp,ok,ok,
8090,清河毛纺路16号院,105093.4,178577.3,APB,no_hyp,no_hyp,no_hyp,ok,ok,
8091,力度家园,24774.4,42100.0,APB,no_hyp,no_hyp,no_hyp,ok,ok,
8092,阳光南里,42875.1,72862.8,APB,no_hyp,no_hyp,no_hyp,ok,ok,
8093,,36040.8,61247.7,APB,no_hyp,no_hyp,no_hyp,ok,ok,
8094,海清园,8432.8,14330.8,APB,no_hyp,no_hyp,no_hyp,ok,ok,
8095,北砂小区,23234.8,39486.1,APB,no_hyp,no_hyp,no_hyp,ok,ok,
8096,燕语清园小区,53042.9,90146.5,APB,no_hyp,no_hyp,no_hyp,ok,ok,
8097,华润万橡府,112928.0,191908.0,APB,no_hyp,no_hyp,no_hyp,ok,ok,
8098,学府树家园-二区,99574.1,169213.5,APB,no_hyp,no_hyp,no_hyp,ok,ok,
8099,学府树家园-五区,46554.3,79104.5,APB,no_hyp,no_hyp,no_hyp,ok,ok,
8100,学府树家园-四区,50125.7,85173.1,APB,no_hyp,no_hyp,no_hyp,ok,ok,
8101,毛纺路58号院,57035.6,96909.3,APB,no_hyp,no_hyp,no_hyp,ok,ok,
8102,花园新区,8397.2,14267.8,APB,no_hyp,no_hyp,no_hyp,ok,ok,
8103,北京清河毛纺织厂宿舍,6849.1,11637.5,APB,no_hyp,no_hyp,no_hyp,ok,ok,
8104,清河嘉园,8589.9,14595.7,APB,no_hyp,no_hyp,no_hyp,ok,ok,
8105,强佑·清河新城,130372.3,221528.8,APB,no_hyp,no_hyp,no_hyp,ok,ok,
8106,砂轮厂宿舍,20440.6,34736.1,APB,no_hyp,no_hyp,no_hyp,ok,ok,
8107,毛纺路39号院,39402.8,66946.8,APB,no_hyp,no_hyp,no_hyp,ok,ok,
8108,安宁里小区,142528.8,242307.9,APB,no_hyp,no_hyp,no_hyp,ok,ok,
8109,,36479.9,62018.5,APB,no_hyp,no_hyp,no_hyp,ok,ok,
8110,安宁庄东路6号院,10122.1,17209.6,APB,no_hyp,no_hyp,no_hyp,ok,ok,
8111,水利一处宿舍,12758.3,21691.9,APB,no_hyp,no_hyp,no_hyp,ok,ok,
8112,安宁庄北里8号,23786.5,40441.1,APB,no_hyp,no_hyp,no_hyp,ok,ok,
8113,陶瓷厂宿舍,43021.1,73147.5,APB,no_hyp,no_hyp,no_hyp,ok,ok,
8114,801号院,14657.9,24924.7,APB,no_hyp,no_hyp,no_hyp,ok,ok,
8115,安宁庄路5号院,39322.5,66866.0,APB,no_hyp,no_hyp,no_hyp,ok,ok,
8116,常秀家园,20987.6,35687.8,APB,no_hyp,no_hyp,no_hyp,ok,ok,
8117,,52340.8,88940.0,APB,no_hyp,no_hyp,no_hyp,ok,ok,
8118,永泰东里,211904.7,360131.5,APB,no_hyp,no_hyp,no_hyp,ok,ok,
8119,永泰庄北路20号院,31459.3,53468.2,APB,no_hyp,no_hyp,no_hyp,ok,ok,
8120,怡清园小区,31758.9,53977.9,APB,no_hyp,no_hyp,no_hyp,ok,ok,
8121,锋线阁小区,7121.8,12102.0,APB,no_hyp,no_hyp,no_hyp,ok,ok,
8122,,432518.6,727137.1,APB,no_hyp,no_hyp,no_hyp,ok,ok,
8123,,342797.7,576755.4,APB,no_hyp,no_hyp,no_hyp,ok,ok,
8124,,2880.7,4841.9,APB,no_hyp,no_hyp,no_hyp,ok,ok,
8125,当代·旭辉墅,94292.6,160836.4,APB,no_hyp,no_hyp,no_hyp,ok,ok,
8126,首创悦洳汇,107085.8,182640.5,APB,no_hyp,no_hyp,no_hyp,ok,ok,
8127,白各庄集租房,98203.3,167507.0,APB,no_hyp,no_hyp,no_hyp,ok,ok,
8128,白各庄新村,89932.7,153419.2,APB,no_hyp,no_hyp,no_hyp,ok,ok,
8129,,25332.8,42577.5,APB,no_hyp,no_hyp,no_hyp,ok,ok,
8130,汇源公寓,10339.6,17657.3,APB,no_hyp,no_hyp,no_hyp,ok,ok,
8131,宏远家园,47264.0,80081.7,APB,no_hyp,no_hyp,no_hyp,ok,ok,
8132,,36022.7,61034.4,APB,no_hyp,no_hyp,no_hyp,ok,ok,
8133,,40138.4,68010.8,APB,no_hyp,no_hyp,no_hyp,ok,ok,
8134,,7776.2,13174.0,APB,no_hyp,no_hyp,no_hyp,ok,ok,
8135,,27288.2,46224.6,APB,no_hyp,no_hyp,no_hyp,ok,ok,
8136,,9216.7,15612.2,APB,no_hyp,no_hyp,no_hyp,ok,ok,
8137,金隅山墅,45316.6,76765.4,APB,no_hyp,no_hyp,no_hyp,ok,ok,
8138,长安山麓东区,33736.5,57146.9,APB,no_hyp,no_hyp,no_hyp,ok,ok,
8139,61所试制工厂,24905.3,42190.2,APB,no_hyp,no_hyp,no_hyp,ok,ok,
8140,,42593.7,72151.7,APB,no_hyp,no_hyp,no_hyp,ok,ok,
8141,,154619.7,263870.7,APB,no_hyp,no_hyp,no_hyp,ok,ok,
8142,,97655.8,166689.7,APB,no_hyp,no_hyp,no_hyp,ok,ok,
8143,土楼村,376067.9,641983.9,APB,no_hyp,no_hyp,no_hyp,ok,ok,
8144,亭自庄村,377117.4,643571.4,APB,no_hyp,no_hyp,no_hyp,ok,ok,
8145,葛村,231090.5,394403.7,APB,no_hyp,no_hyp,no_hyp,ok,ok,
8146,,155832.9,266090.1,APB,no_hyp,no_hyp,no_hyp,ok,ok,
8147,,141513.9,241646.7,APB,no_hyp,no_hyp,no_hyp,ok,ok,
8148,南农家园,84466.9,144292.2,APB,no_hyp,no_hyp,no_hyp,ok,ok,
8149,,335394.5,572772.2,APB,no_hyp,no_hyp,no_hyp,ok,ok,
8150,,93219.6,159192.8,APB,no_hyp,no_hyp,no_hyp,ok,ok,
8151,,22198.0,37904.6,APB,no_hyp,no_hyp,no_hyp,ok,ok,
8152,,28775.2,49142.1,APB,no_hyp,no_hyp,no_hyp,ok,ok,
8153,,19145.2,32677.9,APB,no_hyp,no_hyp,no_hyp,ok,ok,
8154,,23742.8,40524.7,APB,no_hyp,no_hyp,no_hyp,ok,ok,
8155,,61385.1,104792.2,APB,no_hyp,no_hyp,no_hyp,ok,ok,
8156,,228989.7,390938.4,APB,no_hyp,no_hyp,no_hyp,ok,ok,
8157,,65013.5,111033.1,APB,no_hyp,no_hyp,no_hyp,ok,ok,
8158,,41032.2,70044.0,APB,no_hyp,no_hyp,no_hyp,ok,ok,
8159,,7989.9,13639.2,APB,no_hyp,no_hyp,no_hyp,ok,ok,
8160,红冶小区,41922.8,71564.4,APB,no_hyp,no_hyp,no_hyp,ok,ok,
8161,,35111.4,59934.1,APB,no_hyp,no_hyp,no_hyp,ok,ok,
8162,,16000.1,27312.6,APB,no_hyp,no_hyp,no_hyp,ok,ok,
8163,,7995.2,13652.3,APB,no_hyp,no_hyp,no_hyp,ok,ok,
8164,,76501.6,130640.1,APB,no_hyp,no_hyp,no_hyp,ok,ok,
8165,,419477.4,715569.3,APB,no_hyp,no_hyp,no_hyp,ok,ok,
8166,,334381.8,570549.0,APB,no_hyp,no_hyp,no_hyp,ok,ok,
8167,楼自庄49号院,13926.8,23759.3,APB,no_hyp,no_hyp,no_hyp,ok,ok,
8168,首钢古城西路居民区,19328.0,32733.9,APB,no_hyp,no_hyp,no_hyp,ok,ok,
8169,古城如意小区,8135.1,13776.8,APB,no_hyp,no_hyp,no_hyp,ok,ok,
8170,石景山区古城环卫楼小区,13986.5,23690.1,APB,no_hyp,no_hyp,no_hyp,ok,ok,
8171,杨庄中区,101750.8,172363.6,APB,no_hyp,no_hyp,no_hyp,ok,ok,
8172,杨庄路8号院,8011.1,13570.2,APB,no_hyp,no_hyp,no_hyp,ok,ok,
8173,杨庄中区-南区,38677.4,65516.5,APB,no_hyp,no_hyp,no_hyp,ok,ok,
8174,西成忆树,16464.3,27890.3,APB,no_hyp,no_hyp,no_hyp,ok,ok,
8175,杨庄小区,71830.1,121664.7,APB,no_hyp,no_hyp,no_hyp,ok,ok,
8176,八角北路11号院,22210.6,37617.8,APB,no_hyp,no_hyp,no_hyp,ok,ok,
8177,首钢杨庄小区,10447.0,17695.8,APB,no_hyp,no_hyp,no_hyp,ok,ok,
8178,,8892.1,15060.4,APB,no_hyp,no_hyp,no_hyp,ok,ok,
8179,地铁楼,17098.1,28962.0,APB,no_hyp,no_hyp,no_hyp,ok,ok,
8180,稻香园西里,38999.8,66157.9,APB,ok,no_hyp,no_hyp,ok,ok,
8181,奥海明月,117618.0,200032.2,APB,no_hyp,no_hyp,no_hyp,ok,ok,
8182,奥森one,116212.1,197621.0,APB,no_hyp,no_hyp,no_hyp,ok,ok,
8183,龙岗安居里,39279.2,66750.5,APB,no_hyp,no_hyp,no_hyp,ok,ok,
8184,百葛路三号院一区,81912.6,139766.1,APB,no_hyp,no_hyp,no_hyp,ok,ok,
8185,百葛路三号院三区,109232.9,186383.7,APB,no_hyp,no_hyp,no_hyp,ok,ok,
8186,百葛路三号院一区,77735.5,132649.7,APB,no_hyp,no_hyp,no_hyp,ok,ok,
8187,碧肯山,267497.7,456442.3,APB,no_hyp,no_hyp,no_hyp,ok,ok,
8188,林溪别墅社区,224978.2,383886.4,APB,no_hyp,no_hyp,no_hyp,ok,ok,
8189,善缘家园-北区,15252.7,26025.1,APB,no_hyp,no_hyp,no_hyp,ok,ok,
8190,花香漫城小区,78168.4,133344.6,APB,no_hyp,no_hyp,no_hyp,ok,ok,
8191,青年创业公寓,19987.4,34086.9,APB,no_hyp,no_hyp,no_hyp,ok,ok,
8192,盛辉公寓,11499.4,19611.7,APB,no_hyp,no_hyp,no_hyp,ok,ok,
8193,新城公寓,8703.9,14843.7,APB,no_hyp,no_hyp,no_hyp,ok,ok,
8194,,102084.0,173175.9,APB,no_hyp,no_hyp,no_hyp,ok,ok,
8195,中海云筑,95539.3,160481.2,APB,no_hyp,no_hyp,no_hyp,ok,ok,
8196,隆兴园三里小区,118272.9,198683.9,APB,no_hyp,no_hyp,no_hyp,ok,ok,
8197,隆兴园二里,57041.1,95823.6,APB,no_hyp,no_hyp,no_hyp,ok,ok,
8198,隆兴园一里,95499.6,160427.4,APB,no_hyp,no_hyp,no_hyp,ok,ok,
8199,,37284.0,63534.1,APB,no_hyp,no_hyp,no_hyp,ok,ok,
8200,,4886.6,8327.1,APB,no_hyp,no_hyp,no_hyp,ok,ok,
8201,,325251.0,555726.7,APB,no_hyp,no_hyp,no_hyp,ok,ok,
8202,,138751.1,237108.1,APB,no_hyp,no_hyp,no_hyp,ok,ok,
8203,,17093.0,29207.7,APB,no_hyp,no_hyp,no_hyp,ok,ok,
8204,,335912.2,574086.3,APB,no_hyp,no_hyp,no_hyp,ok,ok,
8205,,24957.8,42648.8,APB,no_hyp,no_hyp,no_hyp,ok,ok,
8206,,377080.5,644520.4,APB,no_hyp,no_hyp,no_hyp,ok,ok,
8207,,44408.5,75913.3,APB,no_hyp,no_hyp,no_hyp,ok,ok,
8208,,145592.5,248879.6,APB,no_hyp,no_hyp,no_hyp,ok,ok,
8209,,60086.5,102747.8,APB,no_hyp,no_hyp,no_hyp,ok,ok,
8210,崔村教师楼,11685.5,19967.2,APB,no_hyp,no_hyp,no_hyp,ok,ok,
8211,,8168.2,13957.2,APB,no_hyp,no_hyp,no_hyp,ok,ok,
8212,旧宫新苑南区,130357.8,220026.1,APB,no_hyp,no_hyp,no_hyp,ok,ok,
8213,康璟家园,133164.2,224742.7,APB,no_hyp,no_hyp,no_hyp,ok,ok,
8214,东亚五环国际,103718.5,175035.0,APB,no_hyp,no_hyp,no_hyp,ok,ok,
8215,旧宫东里,6369.5,10751.2,APB,no_hyp,no_hyp,no_hyp,ok,ok,
8216,集贤雅苑,91458.2,154377.9,APB,no_hyp,no_hyp,no_hyp,ok,ok,
8217,清乐园,58206.6,98256.7,APB,no_hyp,no_hyp,no_hyp,ok,ok,
8218,,38527.0,65829.4,APB,no_hyp,no_hyp,no_hyp,ok,ok,
8219,,10976.4,18624.1,APB,no_hyp,no_hyp,no_hyp,ok,ok,
8220,,8285.2,14057.7,APB,no_hyp,no_hyp,no_hyp,ok,ok,
8221,德露苑,63840.6,108158.6,APB,no_hyp,no_hyp,no_hyp,ok,ok,
8222,含晖苑,37656.5,63799.0,APB,no_hyp,no_hyp,no_hyp,ok,ok,
8223,承泽苑,64272.0,108898.3,APB,no_hyp,no_hyp,no_hyp,ok,ok,
8224,城子二斜井,33364.5,56559.1,APB,no_hyp,no_hyp,no_hyp,ok,ok,
8225,七棵树西大街小区,64362.7,109102.5,APB,no_hyp,no_hyp,no_hyp,ok,ok,
8226,园丁之家,13260.2,22478.5,APB,no_hyp,no_hyp,no_hyp,ok,ok,
8227,九龙东苑5号地,6075.6,10299.1,APB,no_hyp,no_hyp,no_hyp,ok,ok,
8228,九龙东苑,39090.2,66267.4,APB,no_hyp,no_hyp,no_hyp,ok,ok,
8229,九龙东苑一号地,11873.6,20128.9,APB,no_hyp,no_hyp,no_hyp,ok,ok,
8230,中骏西山天璟,90874.5,154056.3,APB,no_hyp,no_hyp,no_hyp,ok,ok,
8231,永泰西山御园,50721.6,85988.3,APB,no_hyp,no_hyp,no_hyp,ok,ok,
8232,城子东街-13号院,12767.7,21646.1,APB,no_hyp,no_hyp,no_hyp,ok,ok,
8233,阳光绿苑,7623.3,12924.3,APB,no_hyp,no_hyp,no_hyp,ok,ok,
8234,蓝龙胜境嘉苑,33407.9,56641.4,APB,no_hyp,no_hyp,no_hyp,ok,ok,
8235,蓝龙小区,28846.2,48908.8,APB,no_hyp,no_hyp,no_hyp,ok,ok,
8236,蓝龙胜境嘉苑7号楼,12044.0,20421.2,APB,no_hyp,no_hyp,no_hyp,ok,ok,
8237,阁外山水蓝龙家园,64591.3,109491.9,APB,no_hyp,no_hyp,no_hyp,ok,ok,
8238,桥东街,25810.4,43750.5,APB,no_hyp,no_hyp,no_hyp,ok,ok,
8239,城子大街-132号院,24361.6,41295.9,APB,no_hyp,no_hyp,no_hyp,ok,ok,
8240,绿岛家园,167001.5,283054.5,APB,no_hyp,no_hyp,no_hyp,ok,ok,
8241,向阳东里,40431.0,68521.6,APB,no_hyp,no_hyp,no_hyp,ok,ok,
8242,龙泉花园,45486.2,77086.3,APB,no_hyp,no_hyp,no_hyp,ok,ok,
8243,滨河路87号院,5339.8,9049.9,APB,no_hyp,no_hyp,no_hyp,ok,ok,
8244,向阳社区,37360.2,63313.0,APB,no_hyp,no_hyp,no_hyp,ok,ok,
8245,双峪小区(东区),20674.5,35035.5,APB,no_hyp,no_hyp,no_hyp,ok,ok,
8246,新桥家园,9160.7,15524.4,APB,no_hyp,no_hyp,no_hyp,ok,ok,
8247,新桥路,32453.0,54997.2,APB,no_hyp,no_hyp,no_hyp,ok,ok,
8248,新桥花园7号院,28323.3,47997.4,APB,no_hyp,no_hyp,no_hyp,ok,ok,
8249,新桥大街-61号院,17020.3,28845.8,APB,no_hyp,no_hyp,no_hyp,ok,ok,
8250,新桥大街-39号院,8334.5,14125.5,APB,no_hyp,no_hyp,no_hyp,ok,ok,
8251,新桥西区社区,67423.0,114263.7,APB,no_hyp,no_hyp,no_hyp,ok,ok,
8252,华远西山雅园,12335.2,20906.5,APB,no_hyp,no_hyp,no_hyp,ok,ok,
8253,华远裘马四季,26426.1,44789.9,APB,no_hyp,no_hyp,no_hyp,ok,ok,
8254,西山梧桐,28173.7,47701.4,APB,no_hyp,no_hyp,no_hyp,ok,ok,
8255,和合苑东区,42167.3,71391.4,APB,no_hyp,no_hyp,no_hyp,ok,ok,
8256,瀚墨苑,22443.8,37997.5,APB,no_hyp,no_hyp,no_hyp,ok,ok,
8257,中建·长安麓府北区,14772.1,25007.2,APB,no_hyp,no_hyp,no_hyp,ok,ok,
8258,中建·长安麓府南区,31630.6,53544.3,APB,no_hyp,no_hyp,no_hyp,ok,ok,
8259,嘉都茂晟公馆,56207.6,95553.5,APB,no_hyp,no_hyp,no_hyp,ok,ok,
8260,首钢苹果园一区居民区-一区,10570.2,17909.7,APB,no_hyp,no_hyp,no_hyp,ok,ok,
8261,西井四区,25187.6,42677.7,APB,no_hyp,no_hyp,no_hyp,ok,ok,
8262,西井一区,70565.4,119571.2,APB,no_hyp,no_hyp,no_hyp,ok,ok,
8263,西井(二区),27703.9,46944.4,APB,no_hyp,no_hyp,no_hyp,ok,ok,
8264,西井三区,35631.4,60376.0,APB,no_hyp,no_hyp,no_hyp,ok,ok,
8265,海特花园,219241.5,371493.9,APB,no_hyp,no_hyp,no_hyp,ok,ok,
8266,首钢苹果园二区,82530.3,139835.1,APB,no_hyp,no_hyp,no_hyp,ok,ok,
8267,首钢苹果园一区,89589.5,151790.2,APB,no_hyp,no_hyp,no_hyp,ok,ok,
8268,首钢苹果园三区,100307.6,169950.3,APB,no_hyp,no_hyp,no_hyp,ok,ok,
8269,首钢苹果园四区,46194.1,78262.2,APB,no_hyp,no_hyp,no_hyp,ok,ok,
8270,金苹阁·金泰阁,20797.0,35233.7,APB,no_hyp,no_hyp,no_hyp,ok,ok,
8271,金顶山,60091.8,101813.6,APB,no_hyp,no_hyp,no_hyp,ok,ok,
8272,奈伦熙府,48427.0,82047.3,APB,no_hyp,no_hyp,no_hyp,ok,ok,
8273,杨庄北区,61116.1,103541.3,APB,no_hyp,no_hyp,no_hyp,ok,ok,
8274,杨北西小区,16176.4,27405.4,APB,no_hyp,no_hyp,no_hyp,ok,ok,
8275,龙德嘉园,53579.0,90770.8,APB,no_hyp,no_hyp,no_hyp,ok,ok,
8276,西现代城,29317.9,49667.2,APB,no_hyp,no_hyp,no_hyp,ok,ok,
8277,宏鑫家园,16954.5,28723.0,APB,no_hyp,no_hyp,no_hyp,ok,ok,
8278,奥园美谷,9646.2,16348.2,APB,no_hyp,no_hyp,no_hyp,ok,ok,
8279,宏开花园,16990.9,28791.8,APB,no_hyp,no_hyp,no_hyp,ok,ok,
8280,,6874.5,11651.6,APB,no_hyp,no_hyp,no_hyp,ok,ok,
8281,,10903.0,18479.8,APB,no_hyp,no_hyp,no_hyp,ok,ok,
8282,中间建筑,238455.6,404285.0,APB,no_hyp,no_hyp,no_hyp,ok,ok,
8283,,114125.1,193472.2,APB,no_hyp,no_hyp,no_hyp,ok,ok,
8284,中建二局生活区,85575.5,145090.5,APB,no_hyp,no_hyp,no_hyp,ok,ok,
8285,首钢黄南苑居民小区,75065.3,127182.7,APB,no_hyp,no_hyp,no_hyp,ok,ok,
8286,双兴东区,3092.1,5271.4,APB,no_hyp,no_hyp,no_hyp,ok,ok,
8287,,71493.9,120980.3,APB,no_hyp,no_hyp,no_hyp,ok,ok,
8288,,438207.7,746975.6,APB,no_hyp,no_hyp,no_hyp,ok,ok,
8289,华英园,68563.7,116848.9,APB,no_hyp,no_hyp,no_hyp,ok,ok,
8290,马可汇,60219.8,102635.7,APB,no_hyp,no_hyp,no_hyp,ok,ok,
8291,,145628.9,248204.3,APB,no_hyp,no_hyp,no_hyp,ok,ok,
8292,,4493.8,7723.0,APB,no_hyp,no_hyp,no_hyp,ok,ok,
8293,,90737.9,155944.6,APB,no_hyp,no_hyp,no_hyp,ok,ok,
8294,,77800.0,133688.4,APB,no_hyp,no_hyp,no_hyp,ok,ok,
8295,,91328.0,156912.5,APB,no_hyp,no_hyp,no_hyp,ok,ok,
8296,,24209.1,41605.9,APB,no_hyp,no_hyp,no_hyp,ok,ok,
8297,,101555.0,174474.3,APB,no_hyp,no_hyp,no_hyp,ok,ok,
8298,彩俸北区,48652.3,82920.6,APB,no_hyp,no_hyp,no_hyp,ok,ok,
8299,彩俸小区,173460.7,295604.5,APB,no_hyp,no_hyp,no_hyp,ok,ok,
8300,,20403.7,34548.7,APB,no_hyp,no_hyp,no_hyp,ok,ok,
8301,冯村北坡甲9号公寓楼,5471.9,9267.3,APB,no_hyp,no_hyp,no_hyp,ok,ok,
8302,先进村,495278.0,846353.8,APB,no_hyp,no_hyp,no_hyp,ok,ok,
8303,金牛村,133645.8,228370.2,APB,no_hyp,no_hyp,no_hyp,ok,ok,
8304,头二营,918897.0,1562935.4,APB,no_hyp,no_hyp,no_hyp,ok,ok,
8305,西杜兰庄,322509.1,549921.5,APB,no_hyp,no_hyp,no_hyp,ok,ok,
8306,东杜兰庄,111402.1,189949.1,APB,no_hyp,no_hyp,no_hyp,ok,ok,
8307,,216567.8,369292.7,APB,no_hyp,no_hyp,no_hyp,ok,ok,
8308,南卷村,386460.9,659054.3,APB,no_hyp,no_hyp,no_hyp,ok,ok,
8309,海洪村,687550.3,1172222.2,APB,no_hyp,no_hyp,no_hyp,ok,ok,
8310,,467959.8,798312.9,APB,no_hyp,no_hyp,no_hyp,ok,ok,
8311,衙门村,586709.0,1000728.8,APB,no_hyp,no_hyp,no_hyp,ok,ok,
8312,,71798.9,122383.5,APB,no_hyp,no_hyp,no_hyp,ok,ok,
8313,万新佳苑,77516.6,131228.8,APB,no_hyp,no_hyp,no_hyp,ok,ok,
8314,万新佳苑C1区,18486.6,31297.9,APB,no_hyp,no_hyp,no_hyp,ok,ok,
8315,和合苑西区,25099.5,42494.5,APB,no_hyp,no_hyp,no_hyp,ok,ok,
8316,石龙北路21号院 853家属院,40433.9,68490.1,APB,no_hyp,no_hyp,no_hyp,ok,ok,
8317,鸿坤七星长安,10295.2,17439.6,APB,no_hyp,no_hyp,no_hyp,ok,ok,
8318,石龙北路20号院,8785.1,14880.9,APB,no_hyp,no_hyp,no_hyp,ok,ok,
8319,石龙北路26号院,20281.4,34352.5,APB,no_hyp,no_hyp,no_hyp,ok,ok,
8320,,354971.1,601524.2,APB,no_hyp,no_hyp,no_hyp,ok,ok,
8321,高井路29号院,18090.6,30656.8,APB,no_hyp,no_hyp,no_hyp,ok,ok,
8322,六千寺小区,11547.1,19568.0,APB,no_hyp,no_hyp,no_hyp,ok,ok,
8323,,13289.6,22521.1,APB,no_hyp,no_hyp,no_hyp,ok,ok,
8324,广宁新立楼南区,18446.9,31254.2,APB,no_hyp,no_hyp,no_hyp,ok,ok,
8325,广宁塔楼小区,28412.1,48134.0,APB,no_hyp,no_hyp,no_hyp,ok,ok,
8326,滨河皓月园,42935.9,72756.3,APB,no_hyp,no_hyp,no_hyp,ok,ok,
8327,霁月园,41874.3,70952.8,APB,no_hyp,no_hyp,no_hyp,ok,ok,
8328,梨园-十七排,72805.4,123363.9,APB,no_hyp,no_hyp,no_hyp,ok,ok,
8329,新桥南大街社区,56069.2,95004.0,APB,no_hyp,no_hyp,no_hyp,ok,ok,
8330,双峪二区,9795.3,16598.8,APB,no_hyp,no_hyp,no_hyp,ok,ok,
8331,含晖苑-A区,29177.8,49437.7,APB,no_hyp,no_hyp,no_hyp,ok,ok,
8332,桃园小区,53340.5,90367.4,APB,no_hyp,no_hyp,no_hyp,ok,ok,
8333,,30149.3,51090.8,APB,no_hyp,no_hyp,no_hyp,ok,ok,
8334,,21435.4,36322.4,APB,no_hyp,no_hyp,no_hyp,ok,ok,
8335,怡馨雅苑小区,60842.4,103094.9,APB,no_hyp,no_hyp,no_hyp,ok,ok,
8336,中门寺街6号院,9156.7,15516.6,APB,no_hyp,no_hyp,no_hyp,ok,ok,
8337,增光路43号院,7451.3,12624.2,APB,no_hyp,no_hyp,no_hyp,ok,ok,
8338,,28478.6,47957.5,APB,no_hyp,no_hyp,no_hyp,ok,ok,
8339,,5973.3,10058.7,APB,no_hyp,no_hyp,no_hyp,ok,ok,
8340,白各庄村,280637.1,478804.0,APB,no_hyp,no_hyp,no_hyp,ok,ok,
8341,秦武姚村,340363.2,580846.6,APB,no_hyp,no_hyp,no_hyp,ok,ok,
8342,荆卷村,342696.3,584931.8,APB,no_hyp,no_hyp,no_hyp,ok,ok,
8343,晏子村,509390.7,869942.8,APB,no_hyp,no_hyp,no_hyp,ok,ok,
8344,安乐村,179423.8,306544.6,APB,no_hyp,no_hyp,no_hyp,ok,ok,
8345,,642218.1,1095948.1,APB,no_hyp,no_hyp,no_hyp,ok,ok,
8346,,608853.2,1038865.3,APB,no_hyp,no_hyp,no_hyp,ok,ok,
8347,,28576.5,48111.1,APB,no_hyp,no_hyp,no_hyp,ok,ok,
8348,,128172.3,215331.7,APB,no_hyp,no_hyp,no_hyp,ok,ok,
8349,,14628.0,24576.0,APB,no_hyp,no_hyp,no_hyp,ok,ok,
8350,,107336.1,180355.6,APB,no_hyp,no_hyp,no_hyp,ok,ok,
8351,,2045.9,3436.8,APB,no_hyp,no_hyp,no_hyp,ok,ok,
8352,,15930.1,26760.5,APB,no_hyp,no_hyp,no_hyp,ok,ok,
8353,,6839.4,11489.7,APB,no_hyp,no_hyp,no_hyp,ok,ok,
8354,,6306.0,10593.8,APB,no_hyp,no_hyp,no_hyp,ok,ok,
8355,,14441.3,24270.5,APB,no_hyp,no_hyp,no_hyp,ok,ok,
8356,,197301.4,331684.6,APB,no_hyp,no_hyp,no_hyp,ok,ok,
8357,,41176.3,69228.2,APB,no_hyp,no_hyp,no_hyp,ok,ok,
8358,,14809.4,24897.9,APB,no_hyp,no_hyp,no_hyp,ok,ok,
8359,,10504.2,17660.3,APB,no_hyp,no_hyp,no_hyp,ok,ok,
8360,,7674.7,12900.2,APB,no_hyp,no_hyp,no_hyp,ok,ok,
8361,,38828.2,65263.2,APB,no_hyp,no_hyp,no_hyp,ok,ok,
8362,,35258.6,59267.8,APB,no_hyp,no_hyp,no_hyp,ok,ok,
8363,,38408.8,64545.0,APB,no_hyp,no_hyp,no_hyp,ok,ok,
8364,,11989.8,20155.6,APB,no_hyp,no_hyp,no_hyp,ok,ok,
8365,,26699.6,44883.3,APB,no_hyp,no_hyp,no_hyp,ok,ok,
8366,,16070.2,26990.2,APB,no_hyp,no_hyp,no_hyp,ok,ok,
8367,,11501.1,19354.6,APB,no_hyp,no_hyp,no_hyp,ok,ok,
8368,,25513.6,42932.1,APB,no_hyp,no_hyp,no_hyp,ok,ok,
8369,,8176.0,13756.7,APB,no_hyp,no_hyp,no_hyp,ok,ok,
8370,,12843.2,21632.4,APB,no_hyp,no_hyp,no_hyp,ok,ok,
8371,,5823.8,9810.1,APB,no_hyp,no_hyp,no_hyp,ok,ok,
8372,,4042.8,6809.7,APB,no_hyp,no_hyp,no_hyp,ok,ok,
8373,,5729.4,9653.3,APB,no_hyp,no_hyp,no_hyp,ok,ok,
8374,,12805.9,21577.7,APB,no_hyp,no_hyp,no_hyp,ok,ok,
8375,,5077.4,8555.3,APB,no_hyp,no_hyp,no_hyp,ok,ok,
8376,,7379.3,12442.7,APB,no_hyp,no_hyp,no_hyp,ok,ok,
8377,,154842.4,261226.1,APB,no_hyp,no_hyp,no_hyp,ok,ok,
8378,,7482.7,12621.2,APB,no_hyp,no_hyp,no_hyp,ok,ok,
8379,,76741.2,129501.4,APB,no_hyp,no_hyp,no_hyp,ok,ok,
8380,,1596.2,2693.0,APB,no_hyp,no_hyp,no_hyp,ok,ok,
8381,,4320.4,7289.1,APB,no_hyp,no_hyp,no_hyp,ok,ok,
8382,,3431.6,5789.1,APB,no_hyp,no_hyp,no_hyp,ok,ok,
8383,,8464.3,14278.5,APB,no_hyp,no_hyp,no_hyp,ok,ok,
8384,,90911.2,152668.7,APB,no_hyp,no_hyp,no_hyp,ok,ok,
8385,,8205.9,13778.8,APB,no_hyp,no_hyp,no_hyp,ok,ok,
8386,,58944.7,98965.0,APB,no_hyp,no_hyp,no_hyp,ok,ok,
8387,,210162.0,352877.1,APB,no_hyp,no_hyp,no_hyp,ok,ok,
8388,,7306.4,12258.9,APB,no_hyp,no_hyp,no_hyp,ok,ok,
8389,,150991.3,252917.5,APB,no_hyp,no_hyp,no_hyp,ok,ok,
8390,,146057.7,244715.6,APB,no_hyp,no_hyp,no_hyp,ok,ok,
8391,,1130154.2,1894834.1,APB,no_hyp,no_hyp,no_hyp,ok,ok,
8392,,33010.2,55566.4,APB,no_hyp,no_hyp,no_hyp,ok,ok,
8393,前朱各庄安置房,34997.8,58926.4,APB,no_hyp,no_hyp,no_hyp,ok,ok,
8394,,89874.7,151231.4,APB,no_hyp,no_hyp,no_hyp,ok,ok,
8395,,649228.3,1092858.0,APB,no_hyp,no_hyp,no_hyp,ok,ok,
8396,燕房路小区,20626.5,34723.2,APB,no_hyp,no_hyp,no_hyp,ok,ok,
8397,城关北里社区,40266.1,67781.4,APB,no_hyp,no_hyp,no_hyp,ok,ok,
8398,北关东里,28931.3,48703.3,APB,no_hyp,no_hyp,no_hyp,ok,ok,
8399,营房小区,23174.7,39009.2,APB,no_hyp,no_hyp,no_hyp,ok,ok,
8400,福星家园A区,21002.9,35353.4,APB,no_hyp,no_hyp,no_hyp,ok,ok,
8401,仓房小区,24777.4,41706.5,APB,no_hyp,no_hyp,no_hyp,ok,ok,
8402,福胜家园,50207.6,84510.8,APB,no_hyp,no_hyp,no_hyp,ok,ok,
8403,永顺和家园,95402.3,160569.1,APB,no_hyp,no_hyp,no_hyp,ok,ok,
8404,永乐园社区,10977.3,18475.0,APB,no_hyp,no_hyp,no_hyp,ok,ok,
8405,槠榆树家园,21129.9,35562.1,APB,no_hyp,no_hyp,no_hyp,ok,ok,
8406,永乐园三里,16705.9,28115.5,APB,no_hyp,no_hyp,no_hyp,ok,ok,
8407,槠榆树家园-南区,15401.4,25920.6,APB,no_hyp,no_hyp,no_hyp,ok,ok,
8408,槠榆树家园-北区,10628.4,17888.2,APB,no_hyp,no_hyp,no_hyp,ok,ok,
8409,九洲B区,23115.6,38903.7,APB,no_hyp,no_hyp,no_hyp,ok,ok,
8410,南沿里,32310.7,54373.9,APB,no_hyp,no_hyp,no_hyp,ok,ok,
8411,兴房大街14号院,32146.1,54097.2,APB,no_hyp,no_hyp,no_hyp,ok,ok,
8412,兴房大街12号院,14254.6,23989.1,APB,no_hyp,no_hyp,no_hyp,ok,ok,
8413,兴房苑小区,19489.3,32799.2,APB,no_hyp,no_hyp,no_hyp,ok,ok,
8414,矿机北路小区,28392.0,47770.6,APB,no_hyp,no_hyp,no_hyp,ok,ok,
8415,城关街道煤机东路,41644.2,70052.7,APB,no_hyp,no_hyp,no_hyp,ok,ok,
8416,矿机社区,154776.8,260416.3,APB,no_hyp,no_hyp,no_hyp,ok,ok,
8417,永兴家园,37551.0,63180.0,APB,no_hyp,no_hyp,no_hyp,ok,ok,
8418,良工.佳苑,49102.0,82618.5,APB,no_hyp,no_hyp,no_hyp,ok,ok,
8419,祺兴缘家园,24245.9,40793.5,APB,no_hyp,no_hyp,no_hyp,ok,ok,
8420,城关南里,40002.9,67314.2,APB,no_hyp,no_hyp,no_hyp,ok,ok,
8421,惠民里小区,17796.1,29946.2,APB,no_hyp,no_hyp,no_hyp,ok,ok,
8422,永兴达家园,18651.4,31386.7,APB,no_hyp,no_hyp,no_hyp,ok,ok,
8423,永安路住宅区,21613.3,36371.0,APB,no_hyp,no_hyp,no_hyp,ok,ok,
8424,管道局小区,7676.4,12918.2,APB,no_hyp,no_hyp,no_hyp,ok,ok,
8425,南城社区,21375.8,35973.7,APB,no_hyp,no_hyp,no_hyp,ok,ok,
8426,福星家园,12058.5,20293.8,APB,no_hyp,no_hyp,no_hyp,ok,ok,
8427,槠榆树小区,12926.6,21753.9,APB,no_hyp,no_hyp,no_hyp,ok,ok,
8428,兴房东里社区,27066.3,45546.5,APB,no_hyp,no_hyp,no_hyp,ok,ok,
8429,九洲兴达,77765.2,130849.2,APB,no_hyp,no_hyp,no_hyp,ok,ok,
8430,永安西里社区,62143.5,104563.7,APB,no_hyp,no_hyp,no_hyp,ok,ok,
8431,永安家园,41211.4,69347.7,APB,no_hyp,no_hyp,no_hyp,ok,ok,
8432,,15354.8,25835.7,APB,no_hyp,no_hyp,no_hyp,ok,ok,
8433,,14031.9,23609.4,APB,no_hyp,no_hyp,no_hyp,ok,ok,
8434,高家坡社区,31191.3,52538.5,APB,no_hyp,no_hyp,no_hyp,ok,ok,
8435,溪山晓城,14850.8,25015.0,APB,no_hyp,no_hyp,no_hyp,ok,ok,
8436,迎风三里,65835.6,110884.9,APB,no_hyp,no_hyp,no_hyp,ok,ok,
8437,迎风四里,26114.9,43986.3,APB,no_hyp,no_hyp,no_hyp,ok,ok,
8438,迎风二里,26604.8,44815.0,APB,no_hyp,no_hyp,no_hyp,ok,ok,
8439,迎风一里,120329.8,202711.1,APB,no_hyp,no_hyp,no_hyp,ok,ok,
8440,迎风二里,32636.2,54976.3,APB,no_hyp,no_hyp,no_hyp,ok,ok,
8441,迎风四里,44725.9,75330.5,APB,no_hyp,no_hyp,no_hyp,ok,ok,
8442,迎风六里-1区,26799.4,45137.1,APB,no_hyp,no_hyp,no_hyp,ok,ok,
8443,迎风六里-2区,112079.7,188763.8,APB,no_hyp,no_hyp,no_hyp,ok,ok,
8444,迎风五里,103222.9,173846.1,APB,no_hyp,no_hyp,no_hyp,ok,ok,
8445,迎风四里,78776.6,132679.5,APB,no_hyp,no_hyp,no_hyp,ok,ok,
8446,杏花西里,186872.0,314707.5,APB,no_hyp,no_hyp,no_hyp,ok,ok,
8447,房山星河苑,59849.1,100782.6,APB,no_hyp,no_hyp,no_hyp,ok,ok,
8448,杏花东里,40289.7,67851.3,APB,no_hyp,no_hyp,no_hyp,ok,ok,
8449,迎风西里小区,21327.7,35919.0,APB,no_hyp,no_hyp,no_hyp,ok,ok,
8450,,15387.9,25920.4,APB,no_hyp,no_hyp,no_hyp,ok,ok,
8451,,17952.2,30240.2,APB,no_hyp,no_hyp,no_hyp,ok,ok,
8452,,14767.8,24876.6,APB,no_hyp,no_hyp,no_hyp,ok,ok,
8453,,23764.1,40032.8,APB,no_hyp,no_hyp,no_hyp,ok,ok,
8454,,6506.5,10960.9,APB,no_hyp,no_hyp,no_hyp,ok,ok,
8455,,12924.4,21766.4,APB,no_hyp,no_hyp,no_hyp,ok,ok,
8456,东风东里,88072.4,148460.9,APB,no_hyp,no_hyp,no_hyp,ok,ok,
8457,东风南里,137714.1,232143.5,APB,no_hyp,no_hyp,no_hyp,ok,ok,
8458,东风北里,155005.1,261319.9,APB,no_hyp,no_hyp,no_hyp,ok,ok,
8459,羊耳峪西里,48475.2,81727.8,APB,no_hyp,no_hyp,no_hyp,ok,ok,
8460,羊耳峪里,228494.9,385232.6,APB,no_hyp,no_hyp,no_hyp,ok,ok,
8461,羊耳峪北里,121824.2,205407.5,APB,no_hyp,no_hyp,no_hyp,ok,ok,
8462,燕和园,92211.6,155447.1,APB,no_hyp,no_hyp,no_hyp,ok,ok,
8463,,55248.0,93147.3,APB,no_hyp,no_hyp,no_hyp,ok,ok,
8464,,12007.7,20220.5,APB,no_hyp,no_hyp,no_hyp,ok,ok,
8465,迎风六里-三区,6201.9,10444.9,APB,no_hyp,no_hyp,no_hyp,ok,ok,
8466,,7038.0,11848.2,APB,no_hyp,no_hyp,no_hyp,ok,ok,
8467,,8268.2,13919.3,APB,no_hyp,no_hyp,no_hyp,ok,ok,
8468,,30515.5,51366.9,APB,no_hyp,no_hyp,no_hyp,ok,ok,
8469,,89701.2,151240.5,APB,no_hyp,no_hyp,no_hyp,ok,ok,
8470,,345158.5,582546.9,APB,no_hyp,no_hyp,no_hyp,ok,ok,
8471,,50224.8,85200.4,APB,no_hyp,no_hyp,no_hyp,ok,ok,
8472,,12895.1,21860.6,APB,no_hyp,no_hyp,no_hyp,ok,ok,
8473,金水家园,29089.6,48813.9,APB,no_hyp,no_hyp,no_hyp,ok,ok,
8474,车站东街19号院,17947.8,30117.5,APB,no_hyp,no_hyp,no_hyp,ok,ok,
8475,金水家园-东区,30243.8,50753.4,APB,no_hyp,no_hyp,no_hyp,ok,ok,
8476,,43569.3,73089.9,APB,no_hyp,no_hyp,no_hyp,ok,ok,
8477,,20213.1,33918.2,APB,no_hyp,no_hyp,no_hyp,ok,ok,
8478,,30133.4,50718.7,APB,no_hyp,no_hyp,no_hyp,ok,ok,
8479,,48519.3,81661.7,APB,no_hyp,no_hyp,no_hyp,ok,ok,
8480,,78249.0,131721.2,APB,no_hyp,no_hyp,no_hyp,ok,ok,
8481,洪顺家园B区,38830.6,65362.5,APB,no_hyp,no_hyp,no_hyp,ok,ok,
8482,,46947.0,79027.7,APB,no_hyp,no_hyp,no_hyp,ok,ok,
8483,,29193.4,49262.3,APB,no_hyp,no_hyp,no_hyp,ok,ok,
8484,,3616.6,6103.1,APB,no_hyp,no_hyp,no_hyp,ok,ok,
8485,竹政园西坡,4619.2,7795.3,APB,no_hyp,no_hyp,no_hyp,ok,ok,
8486,,6133.5,10350.7,APB,no_hyp,no_hyp,no_hyp,ok,ok,
8487,文化营村,1027276.7,1751728.2,APB,no_hyp,no_hyp,no_hyp,ok,ok,
8488,张喜庄村,1117445.5,1905544.7,APB,no_hyp,no_hyp,no_hyp,ok,ok,
8489,,585900.4,998359.4,APB,no_hyp,no_hyp,no_hyp,ok,ok,
8490,,458599.1,781701.7,APB,no_hyp,no_hyp,no_hyp,ok,ok,
8491,,669254.2,1140751.3,APB,no_hyp,no_hyp,no_hyp,ok,ok,
8492,北河村,1385186.1,2355460.9,APB,no_hyp,no_hyp,no_hyp,ok,ok,
8493,吴庄村,339254.7,576801.9,APB,no_hyp,no_hyp,no_hyp,ok,ok,
8494,沿河村,920204.7,1564164.4,APB,no_hyp,no_hyp,no_hyp,ok,ok,
8495,王家场村,1073176.6,1826098.0,APB,no_hyp,no_hyp,no_hyp,ok,ok,
8496,南华园村-一区,96656.5,165602.8,APB,no_hyp,no_hyp,no_hyp,ok,ok,
8497,南华园村-二区,17784.7,30470.4,APB,no_hyp,no_hyp,no_hyp,ok,ok,
8498,南华园一区,12654.3,21680.5,APB,no_hyp,no_hyp,no_hyp,ok,ok,
8499,南华园二区,7695.9,13185.7,APB,no_hyp,no_hyp,no_hyp,ok,ok,
8500,服务公司家属院,2769.1,4744.6,APB,no_hyp,no_hyp,no_hyp,ok,ok,
8501,南马道,9491.0,16262.9,APB,no_hyp,no_hyp,no_hyp,ok,ok,
8502,季庄村,344307.0,591135.4,APB,no_hyp,no_hyp,no_hyp,ok,ok,
8503,,305428.3,519256.0,APB,no_hyp,no_hyp,no_hyp,ok,ok,
8504,赵庄村,97674.0,166024.5,APB,no_hyp,no_hyp,no_hyp,ok,ok,
8505,北庄头村,286892.8,487550.8,APB,no_hyp,no_hyp,no_hyp,ok,ok,
8506,沮沟村,331755.1,563806.8,APB,no_hyp,no_hyp,no_hyp,ok,ok,
8507,南庄头村,447018.8,759410.9,APB,no_hyp,no_hyp,no_hyp,ok,ok,
8508,南河村,278388.2,473177.2,APB,no_hyp,no_hyp,no_hyp,ok,ok,
8509,永青庄村,137539.2,233779.0,APB,no_hyp,no_hyp,no_hyp,ok,ok,
8510,郭庄村,158038.2,268660.2,APB,no_hyp,no_hyp,no_hyp,ok,ok,
8511,官庄村,287627.2,488996.8,APB,no_hyp,no_hyp,no_hyp,ok,ok,
8512,史庄村,71327.4,121273.3,APB,no_hyp,no_hyp,no_hyp,ok,ok,
8513,西树行村,203092.1,345289.4,APB,no_hyp,no_hyp,no_hyp,ok,ok,
8514,李家桥村,1274093.4,2165713.7,APB,no_hyp,no_hyp,no_hyp,ok,ok,
8515,半壁店,1089267.4,1850982.1,APB,no_hyp,no_hyp,no_hyp,ok,ok,
8516,庄子营村,655907.9,1115694.6,APB,no_hyp,no_hyp,no_hyp,ok,ok,
8517,后桥村,397582.2,676314.0,APB,no_hyp,no_hyp,no_hyp,ok,ok,
8518,窑坡村,274378.2,466852.4,APB,no_hyp,no_hyp,no_hyp,ok,ok,
8519,米各庄村,266193.9,453001.8,APB,no_hyp,no_hyp,no_hyp,ok,ok,
8520,三四营村,356153.7,605940.4,APB,no_hyp,no_hyp,no_hyp,ok,ok,
8521,大孙各庄村,630518.9,1073096.3,APB,no_hyp,no_hyp,no_hyp,ok,ok,
8522,张各庄村,983207.0,1676322.5,APB,no_hyp,no_hyp,no_hyp,ok,ok,
8523,厂门口村,294884.1,502836.3,APB,no_hyp,no_hyp,no_hyp,ok,ok,
8524,西营村,86490.5,147501.7,APB,no_hyp,no_hyp,no_hyp,ok,ok,
8525,虫王庙村,281569.6,480200.6,APB,no_hyp,no_hyp,no_hyp,ok,ok,
8526,北营村,239808.9,409023.3,APB,no_hyp,no_hyp,no_hyp,ok,ok,
8527,浅山香邑,294838.2,502742.5,APB,no_hyp,no_hyp,no_hyp,ok,ok,
8528,良山村,454045.9,774235.8,APB,no_hyp,no_hyp,no_hyp,ok,ok,
8529,南彩村,703334.0,1198962.9,APB,no_hyp,no_hyp,no_hyp,ok,ok,
8530,天河小区,119935.7,204407.1,APB,no_hyp,no_hyp,no_hyp,ok,ok,
8531,河北村,896560.3,1527842.5,APB,no_hyp,no_hyp,no_hyp,ok,ok,
8532,杜刘庄村,490246.0,835769.1,APB,no_hyp,no_hyp,no_hyp,ok,ok,
8533,后薛各庄村,143015.2,243756.2,APB,no_hyp,no_hyp,no_hyp,ok,ok,
8534,前薛各庄村,374264.4,637821.1,APB,no_hyp,no_hyp,no_hyp,ok,ok,
8535,,36194.1,60953.5,APB,no_hyp,no_hyp,no_hyp,ok,ok,
8536,,67846.1,114264.6,APB,no_hyp,no_hyp,no_hyp,ok,ok,
8537,,4919.0,8284.9,APB,no_hyp,no_hyp,no_hyp,ok,ok,
8538,羊头岗周转房,82133.9,138324.0,APB,no_hyp,no_hyp,no_hyp,ok,ok,
8539,,19955.0,33615.9,APB,no_hyp,no_hyp,no_hyp,ok,ok,
8540,,20712.4,34889.4,APB,no_hyp,no_hyp,no_hyp,ok,ok,
8541,,7196.2,12117.2,APB,no_hyp,no_hyp,no_hyp,ok,ok,
8542,义宾街,28299.3,48226.4,APB,no_hyp,no_hyp,no_hyp,ok,ok,
8543,,187377.3,319372.1,APB,no_hyp,no_hyp,no_hyp,ok,ok,
8544,,23123.5,39432.1,APB,no_hyp,no_hyp,no_hyp,ok,ok,
8545,,24355.4,41531.2,APB,no_hyp,no_hyp,no_hyp,ok,ok,
8546,,70062.0,119657.5,APB,no_hyp,no_hyp,no_hyp,ok,ok,
8547,,7473.0,12765.1,APB,no_hyp,no_hyp,no_hyp,ok,ok,
8548,,21461.5,36622.8,APB,no_hyp,no_hyp,no_hyp,ok,ok,
8549,,17516.6,29891.8,APB,no_hyp,no_hyp,no_hyp,ok,ok,
8550,,7899.7,13481.7,APB,no_hyp,no_hyp,no_hyp,ok,ok,
8551,,7428.7,12678.5,APB,no_hyp,no_hyp,no_hyp,ok,ok,
8552,,21585.4,36839.4,APB,no_hyp,no_hyp,no_hyp,ok,ok,
8553,,3960.9,6759.4,APB,no_hyp,no_hyp,no_hyp,ok,ok,
8554,,7799.4,13312.3,APB,no_hyp,no_hyp,no_hyp,ok,ok,
8555,,9631.8,16438.2,APB,no_hyp,no_hyp,no_hyp,ok,ok,
8556,,9267.6,15818.3,APB,no_hyp,no_hyp,no_hyp,ok,ok,
8557,,6990.1,11931.6,APB,no_hyp,no_hyp,no_hyp,ok,ok,
8558,,9833.0,16780.5,APB,no_hyp,no_hyp,no_hyp,ok,ok,
8559,,4507.2,7692.0,APB,no_hyp,no_hyp,no_hyp,ok,ok,
8560,,129669.6,221255.7,APB,no_hyp,no_hyp,no_hyp,ok,ok,
8561,,16346.2,27888.1,APB,no_hyp,no_hyp,no_hyp,ok,ok,
8562,,19869.8,33900.5,APB,no_hyp,no_hyp,no_hyp,ok,ok,
8563,,10638.5,18149.7,APB,no_hyp,no_hyp,no_hyp,ok,ok,
8564,,23545.1,40174.6,APB,no_hyp,no_hyp,no_hyp,ok,ok,
8565,,76139.5,129921.9,APB,no_hyp,no_hyp,no_hyp,ok,ok,
8566,,4365.4,7449.0,APB,no_hyp,no_hyp,no_hyp,ok,ok,
8567,,2865.0,4889.0,APB,no_hyp,no_hyp,no_hyp,ok,ok,
8568,,19040.1,32491.5,APB,no_hyp,no_hyp,no_hyp,ok,ok,
8569,,36514.4,62317.6,APB,no_hyp,no_hyp,no_hyp,ok,ok,
8570,,1853.1,3165.0,APB,no_hyp,no_hyp,no_hyp,ok,ok,
8571,,13903.8,23725.9,APB,no_hyp,no_hyp,no_hyp,ok,ok,
8572,,33069.8,57089.3,APB,no_hyp,no_hyp,no_hyp,ok,ok,
8573,,483298.9,834414.9,APB,no_hyp,no_hyp,no_hyp,ok,ok,
8574,,73208.9,126380.0,APB,no_hyp,no_hyp,no_hyp,ok,ok,
8575,,66109.2,114113.3,APB,no_hyp,no_hyp,no_hyp,ok,ok,
8576,,73229.4,126427.4,APB,no_hyp,no_hyp,no_hyp,ok,ok,
8577,,784858.1,1354866.8,APB,no_hyp,no_hyp,no_hyp,ok,ok,
8578,,394397.6,680804.7,APB,no_hyp,no_hyp,no_hyp,ok,ok,
8579,,4229.5,7311.6,APB,no_hyp,no_hyp,no_hyp,ok,ok,
8580,,5179.3,8953.4,APB,no_hyp,no_hyp,no_hyp,ok,ok,
8581,,13397.8,23183.8,APB,no_hyp,no_hyp,no_hyp,ok,ok,
8582,,15052.9,26045.6,APB,no_hyp,no_hyp,no_hyp,ok,ok,
8583,,16113.0,27887.7,APB,no_hyp,no_hyp,no_hyp,ok,ok,
8584,,19166.9,33182.4,APB,no_hyp,no_hyp,no_hyp,ok,ok,
8585,,3043.0,5268.9,APB,no_hyp,no_hyp,no_hyp,ok,ok,
8586,,37951.5,65708.9,APB,no_hyp,no_hyp,no_hyp,ok,ok,
8587,,49476.4,85675.1,APB,no_hyp,no_hyp,no_hyp,ok,ok,
8588,,106531.5,184569.2,APB,no_hyp,no_hyp,no_hyp,ok,ok,
8589,,11322.5,19555.8,APB,no_hyp,no_hyp,no_hyp,ok,ok,
8590,,22271.6,38460.9,APB,no_hyp,no_hyp,no_hyp,ok,ok,
8591,,12130.7,20946.0,APB,no_hyp,no_hyp,no_hyp,ok,ok,
8592,,36340.7,62753.0,APB,no_hyp,no_hyp,no_hyp,ok,ok,
8593,,5274.0,9109.2,APB,no_hyp,no_hyp,no_hyp,ok,ok,
8594,,9021.4,15580.7,APB,no_hyp,no_hyp,no_hyp,ok,ok,
8595,,7235.4,12509.2,APB,no_hyp,no_hyp,no_hyp,ok,ok,
8596,,9879.8,17080.5,APB,no_hyp,no_hyp,no_hyp,ok,ok,
8597,,11795.7,20392.9,APB,no_hyp,no_hyp,no_hyp,ok,ok,
8598,,15886.4,27463.8,APB,no_hyp,no_hyp,no_hyp,ok,ok,
8599,,10909.5,18870.2,APB,no_hyp,no_hyp,no_hyp,ok,ok,
8600,,14584.5,25226.7,APB,no_hyp,no_hyp,no_hyp,ok,ok,
8601,,15272.3,26415.6,APB,no_hyp,no_hyp,no_hyp,ok,ok,
8602,,7610.7,13164.3,APB,no_hyp,no_hyp,no_hyp,ok,ok,
8603,,9471.0,16381.7,APB,no_hyp,no_hyp,no_hyp,ok,ok,
8604,,43193.2,74694.2,APB,no_hyp,no_hyp,no_hyp,ok,ok,
8605,,15597.3,26973.6,APB,no_hyp,no_hyp,no_hyp,ok,ok,
8606,,70695.9,122263.4,APB,no_hyp,no_hyp,no_hyp,ok,ok,
8607,,71269.2,123244.2,APB,no_hyp,no_hyp,no_hyp,ok,ok,
8608,,7728.3,13344.2,APB,no_hyp,no_hyp,no_hyp,ok,ok,
8609,,28535.5,49275.4,APB,no_hyp,no_hyp,no_hyp,ok,ok,
8610,,42121.4,72765.2,APB,no_hyp,no_hyp,no_hyp,ok,ok,
8611,,41227.2,71213.6,APB,no_hyp,no_hyp,no_hyp,ok,ok,
8612,,40405.2,69795.5,APB,no_hyp,no_hyp,no_hyp,ok,ok,
8613,,212190.9,366465.7,APB,no_hyp,no_hyp,no_hyp,ok,ok,
8614,,29424.8,50853.5,APB,no_hyp,no_hyp,no_hyp,ok,ok,
8615,,35923.4,62051.2,APB,no_hyp,no_hyp,no_hyp,ok,ok,
8616,,57061.9,98502.5,APB,no_hyp,no_hyp,no_hyp,ok,ok,
8617,,203008.5,350459.8,APB,no_hyp,no_hyp,no_hyp,ok,ok,
8618,,59060.6,102064.1,APB,no_hyp,no_hyp,no_hyp,ok,ok,
8619,,615338.9,1062815.8,APB,no_hyp,no_hyp,no_hyp,ok,ok,
8620,,217079.7,374667.5,APB,no_hyp,no_hyp,no_hyp,ok,ok,
8621,,14028.3,24088.9,APB,no_hyp,no_hyp,no_hyp,ok,ok,
8622,,27753.9,47658.2,APB,no_hyp,no_hyp,no_hyp,ok,ok,
8623,,13577.8,23314.0,APB,no_hyp,no_hyp,no_hyp,ok,ok,
8624,,15853.4,27220.0,APB,no_hyp,no_hyp,no_hyp,ok,ok,
8625,,28303.4,48594.6,APB,no_hyp,no_hyp,no_hyp,ok,ok,
8626,,34739.0,59838.8,APB,no_hyp,no_hyp,no_hyp,ok,ok,
8627,,32767.9,56481.4,APB,no_hyp,no_hyp,no_hyp,ok,ok,
8628,,99993.4,172388.0,APB,no_hyp,no_hyp,no_hyp,ok,ok,
8629,,20379.9,35151.0,APB,no_hyp,no_hyp,no_hyp,ok,ok,
8630,,63054.4,108750.7,APB,no_hyp,no_hyp,no_hyp,ok,ok,
8631,,115100.9,198476.9,APB,no_hyp,no_hyp,no_hyp,ok,ok,
8632,,29574.2,51003.8,APB,no_hyp,no_hyp,no_hyp,ok,ok,
8633,,13664.7,23565.4,APB,no_hyp,no_hyp,no_hyp,ok,ok,
8634,,81485.9,140512.5,APB,no_hyp,no_hyp,no_hyp,ok,ok,
8635,,61305.3,105697.8,APB,no_hyp,no_hyp,no_hyp,ok,ok,
8636,,77947.2,134401.7,APB,no_hyp,no_hyp,no_hyp,ok,ok,
8637,,52940.1,91273.5,APB,no_hyp,no_hyp,no_hyp,ok,ok,
8638,,331604.5,571710.8,APB,no_hyp,no_hyp,no_hyp,ok,ok,
8639,,108210.2,186530.9,APB,no_hyp,no_hyp,no_hyp,ok,ok,
8640,,87668.8,151129.9,APB,no_hyp,no_hyp,no_hyp,ok,ok,
8641,,136487.5,235263.7,APB,no_hyp,no_hyp,no_hyp,ok,ok,
8642,,20684.5,35648.6,APB,no_hyp,no_hyp,no_hyp,ok,ok,
8643,,71976.5,124046.9,APB,no_hyp,no_hyp,no_hyp,ok,ok,
8644,,80372.8,138500.9,APB,no_hyp,no_hyp,no_hyp,ok,ok,
8645,,54831.5,94475.7,APB,no_hyp,no_hyp,no_hyp,ok,ok,
8646,,118208.0,203648.9,APB,no_hyp,no_hyp,no_hyp,ok,ok,
8647,,146968.2,253159.6,APB,no_hyp,no_hyp,no_hyp,ok,ok,
8648,,34447.6,59309.8,APB,no_hyp,no_hyp,no_hyp,ok,ok,
8649,,20449.3,35211.1,APB,no_hyp,no_hyp,no_hyp,ok,ok,
8650,,52879.7,91045.9,APB,no_hyp,no_hyp,no_hyp,ok,ok,
8651,,20945.0,36063.9,APB,no_hyp,no_hyp,no_hyp,ok,ok,
8652,,27833.7,47920.8,APB,no_hyp,no_hyp,no_hyp,ok,ok,
8653,,145889.8,250825.5,APB,no_hyp,no_hyp,no_hyp,ok,ok,
8654,,18850.1,32412.7,APB,no_hyp,no_hyp,no_hyp,ok,ok,
8655,,106595.9,183275.6,APB,no_hyp,no_hyp,no_hyp,ok,ok,
8656,,166453.6,286195.7,APB,no_hyp,no_hyp,no_hyp,ok,ok,
8657,,117551.9,202255.3,APB,no_hyp,no_hyp,no_hyp,ok,ok,
8658,,27993.9,48170.5,APB,no_hyp,no_hyp,no_hyp,ok,ok,
8659,,237710.9,409080.3,APB,no_hyp,no_hyp,no_hyp,ok,ok,
8660,,47514.1,81768.5,APB,no_hyp,no_hyp,no_hyp,ok,ok,
8661,,5262.1,9051.0,APB,no_hyp,no_hyp,no_hyp,ok,ok,
8662,,5246.8,9024.9,APB,no_hyp,no_hyp,no_hyp,ok,ok,
8663,,11385.5,19584.7,APB,no_hyp,no_hyp,no_hyp,ok,ok,
8664,,92197.1,158606.5,APB,no_hyp,no_hyp,no_hyp,ok,ok,
8665,,262048.4,450819.0,APB,no_hyp,no_hyp,no_hyp,ok,ok,
8666,,90928.7,156399.8,APB,no_hyp,no_hyp,no_hyp,ok,ok,
8667,,6930.6,11900.2,APB,no_hyp,no_hyp,no_hyp,ok,ok,
8668,,47559.3,81665.4,APB,no_hyp,no_hyp,no_hyp,ok,ok,
8669,,54442.9,93495.9,APB,no_hyp,no_hyp,no_hyp,ok,ok,
8670,,120192.1,206444.1,APB,no_hyp,no_hyp,no_hyp,ok,ok,
8671,,10723.8,18412.4,APB,no_hyp,no_hyp,no_hyp,ok,ok,
8672,,10120.0,17376.1,APB,no_hyp,no_hyp,no_hyp,ok,ok,
8673,,9592.9,16469.7,APB,no_hyp,no_hyp,no_hyp,ok,ok,
8674,,19577.3,33619.5,APB,no_hyp,no_hyp,no_hyp,ok,ok,
8675,,10230.0,17566.7,APB,no_hyp,no_hyp,no_hyp,ok,ok,
8676,,36274.7,62291.6,APB,no_hyp,no_hyp,no_hyp,ok,ok,
8677,,11803.6,20266.0,APB,no_hyp,no_hyp,no_hyp,ok,ok,
8678,,64893.2,111455.6,APB,no_hyp,no_hyp,no_hyp,ok,ok,
8679,,7702.3,13227.4,APB,no_hyp,no_hyp,no_hyp,ok,ok,
8680,,14219.4,24420.3,APB,no_hyp,no_hyp,no_hyp,ok,ok,
8681,,29079.5,49935.9,APB,no_hyp,no_hyp,no_hyp,ok,ok,
8682,,105822.4,181710.2,APB,no_hyp,no_hyp,no_hyp,ok,ok,
8683,,60243.3,103527.9,APB,no_hyp,no_hyp,no_hyp,ok,ok,
8684,,51390.1,88306.9,APB,no_hyp,no_hyp,no_hyp,ok,ok,
8685,,27388.7,47069.8,APB,no_hyp,no_hyp,no_hyp,ok,ok,
8686,,5971.9,10264.0,APB,no_hyp,no_hyp,no_hyp,ok,ok,
8687,,4424.0,7604.3,APB,no_hyp,no_hyp,no_hyp,ok,ok,
8688,,6467.7,11117.8,APB,no_hyp,no_hyp,no_hyp,ok,ok,
8689,,6857.1,11788.6,APB,no_hyp,no_hyp,no_hyp,ok,ok,
8690,,76928.1,132827.2,APB,no_hyp,no_hyp,no_hyp,ok,ok,
8691,,27965.2,48280.2,APB,no_hyp,no_hyp,no_hyp,ok,ok,
8692,,70056.6,120913.9,APB,no_hyp,no_hyp,no_hyp,ok,ok,
8693,,65867.0,113703.5,APB,no_hyp,no_hyp,no_hyp,ok,ok,
8694,,72647.0,125400.1,APB,no_hyp,no_hyp,no_hyp,ok,ok,
8695,,17156.4,29652.2,APB,no_hyp,no_hyp,no_hyp,ok,ok,
8696,,15492.0,26773.3,APB,no_hyp,no_hyp,no_hyp,ok,ok,
8697,,46004.2,79471.1,APB,no_hyp,no_hyp,no_hyp,ok,ok,
8698,,44797.2,77368.5,APB,no_hyp,no_hyp,no_hyp,ok,ok,
8699,,67665.1,117061.2,APB,no_hyp,no_hyp,no_hyp,ok,ok,
8700,,39497.2,68333.4,APB,no_hyp,no_hyp,no_hyp,ok,ok,
8701,,9177.1,15876.1,APB,no_hyp,no_hyp,no_hyp,ok,ok,
8702,,94921.3,164167.1,APB,no_hyp,no_hyp,no_hyp,ok,ok,
8703,,75664.0,130818.6,APB,no_hyp,no_hyp,no_hyp,ok,ok,
8704,,27050.7,46763.2,APB,no_hyp,no_hyp,no_hyp,ok,ok,
8705,,13922.4,24066.9,APB,no_hyp,no_hyp,no_hyp,ok,ok,
8706,,77509.8,134036.3,APB,no_hyp,no_hyp,no_hyp,ok,ok,
8707,,105770.5,182986.1,APB,no_hyp,no_hyp,no_hyp,ok,ok,
8708,,27624.8,47807.2,APB,no_hyp,no_hyp,no_hyp,ok,ok,
8709,,76112.1,131711.8,APB,no_hyp,no_hyp,no_hyp,ok,ok,
8710,,121308.3,209882.3,APB,no_hyp,no_hyp,no_hyp,ok,ok,
8711,,33378.0,57748.2,APB,no_hyp,no_hyp,no_hyp,ok,ok,
8712,,221110.7,381653.8,APB,no_hyp,no_hyp,no_hyp,ok,ok,
8713,,513888.5,887489.6,APB,no_hyp,no_hyp,no_hyp,ok,ok,
8714,,17584.0,30356.5,APB,no_hyp,no_hyp,no_hyp,ok,ok,
8715,,71380.3,123223.2,APB,no_hyp,no_hyp,no_hyp,ok,ok,
8716,,227803.3,393691.0,APB,no_hyp,no_hyp,no_hyp,ok,ok,
8717,,204928.2,354157.1,APB,no_hyp,no_hyp,no_hyp,ok,ok,
8718,,254191.4,439156.5,APB,no_hyp,no_hyp,no_hyp,ok,ok,
8719,,4512.3,7792.2,APB,no_hyp,no_hyp,no_hyp,ok,ok,
8720,,36781.9,63511.8,APB,no_hyp,no_hyp,no_hyp,ok,ok,
8721,,132842.6,229358.3,APB,no_hyp,no_hyp,no_hyp,ok,ok,
8722,,23814.0,41141.7,APB,no_hyp,no_hyp,no_hyp,ok,ok,
8723,,177562.0,306679.5,APB,no_hyp,no_hyp,no_hyp,ok,ok,
8724,,79978.9,138240.0,APB,no_hyp,no_hyp,no_hyp,ok,ok,
8725,,66306.5,114772.2,APB,no_hyp,no_hyp,no_hyp,ok,ok,
8726,,142596.2,246356.2,APB,no_hyp,no_hyp,no_hyp,ok,ok,
8727,,49483.6,85510.4,APB,no_hyp,no_hyp,no_hyp,ok,ok,
8728,,21859.7,37817.2,APB,no_hyp,no_hyp,no_hyp,ok,ok,
8729,,11219.0,19409.5,APB,no_hyp,no_hyp,no_hyp,ok,ok,
8730,,292961.5,506378.7,APB,no_hyp,no_hyp,no_hyp,ok,ok,
8731,,6886.9,11899.5,APB,no_hyp,no_hyp,no_hyp,ok,ok,
8732,,117434.9,202921.3,APB,no_hyp,no_hyp,no_hyp,ok,ok,
8733,,48440.8,83704.3,APB,no_hyp,no_hyp,no_hyp,ok,ok,
8734,,30083.8,52012.4,APB,no_hyp,no_hyp,no_hyp,ok,ok,
8735,,28232.7,48798.0,APB,no_hyp,no_hyp,no_hyp,ok,ok,
8736,,63769.8,110367.8,APB,no_hyp,no_hyp,no_hyp,ok,ok,
8737,,18072.0,31277.2,APB,no_hyp,no_hyp,no_hyp,ok,ok,
8738,,69117.8,119629.7,APB,no_hyp,no_hyp,no_hyp,ok,ok,
8739,,7105.8,12298.7,APB,no_hyp,no_hyp,no_hyp,ok,ok,
8740,,15762.1,27281.2,APB,no_hyp,no_hyp,no_hyp,ok,ok,
8741,,15286.2,26456.5,APB,no_hyp,no_hyp,no_hyp,ok,ok,
8742,,12035.8,20828.2,APB,no_hyp,no_hyp,no_hyp,ok,ok,
8743,,5420.8,9380.6,APB,no_hyp,no_hyp,no_hyp,ok,ok,
8744,,32585.0,56388.3,APB,no_hyp,no_hyp,no_hyp,ok,ok,
8745,,27391.0,47360.0,APB,no_hyp,no_hyp,no_hyp,ok,ok,
8746,,55451.0,95860.0,APB,no_hyp,no_hyp,no_hyp,ok,ok,
8747,,221306.5,382256.4,APB,no_hyp,no_hyp,no_hyp,ok,ok,
8748,,12022.7,20767.1,APB,no_hyp,no_hyp,no_hyp,ok,ok,
8749,,128433.6,221922.8,APB,no_hyp,no_hyp,no_hyp,ok,ok,
8750,,194223.2,335566.3,APB,no_hyp,no_hyp,no_hyp,ok,ok,
8751,,5502.0,9515.9,APB,no_hyp,no_hyp,no_hyp,ok,ok,
8752,,10956.3,18948.9,APB,no_hyp,no_hyp,no_hyp,ok,ok,
8753,,17865.3,30910.5,APB,no_hyp,no_hyp,no_hyp,ok,ok,
8754,,17450.3,30195.1,APB,no_hyp,no_hyp,no_hyp,ok,ok,
8755,,13039.9,22575.3,APB,no_hyp,no_hyp,no_hyp,ok,ok,
8756,,78687.3,136253.8,APB,no_hyp,no_hyp,no_hyp,ok,ok,
8757,,54663.7,94665.1,APB,no_hyp,no_hyp,no_hyp,ok,ok,
8758,,7604.6,13142.2,APB,no_hyp,no_hyp,no_hyp,ok,ok,
8759,,75524.4,130460.5,APB,no_hyp,no_hyp,no_hyp,ok,ok,
8760,,13942.6,24084.6,APB,no_hyp,no_hyp,no_hyp,ok,ok,
8761,,11219.1,19369.3,APB,no_hyp,no_hyp,no_hyp,ok,ok,
8762,,18965.2,32730.0,APB,no_hyp,no_hyp,no_hyp,ok,ok,
8763,,27934.0,48268.7,APB,no_hyp,no_hyp,no_hyp,ok,ok,
8764,,9490.6,16400.0,APB,no_hyp,no_hyp,no_hyp,ok,ok,
8765,,18646.2,32222.5,APB,no_hyp,no_hyp,no_hyp,ok,ok,
8766,,29977.9,51809.9,APB,no_hyp,no_hyp,no_hyp,ok,ok,
8767,,35727.0,61731.6,APB,no_hyp,no_hyp,no_hyp,ok,ok,
8768,,13751.8,23759.8,APB,no_hyp,no_hyp,no_hyp,ok,ok,
8769,,65072.6,112421.4,APB,no_hyp,no_hyp,no_hyp,ok,ok,
8770,,28303.6,48875.9,APB,no_hyp,no_hyp,no_hyp,ok,ok,
8771,,17294.9,29863.6,APB,no_hyp,no_hyp,no_hyp,ok,ok,
8772,,25258.1,43613.3,APB,no_hyp,no_hyp,no_hyp,ok,ok,
8773,,20178.3,34841.4,APB,no_hyp,no_hyp,no_hyp,ok,ok,
8774,,21130.3,36222.0,APB,no_hyp,no_hyp,no_hyp,ok,ok,
8775,,399615.5,685784.2,APB,no_hyp,no_hyp,no_hyp,ok,ok,
8776,,28080.5,49043.8,APB,no_hyp,no_hyp,no_hyp,ok,ok,
8777,,5457.8,9531.9,APB,no_hyp,no_hyp,no_hyp,ok,ok,
8778,孙栅子村,77903.7,136038.1,APB,no_hyp,no_hyp,no_hyp,ok,ok,
8779,,34975.6,61074.6,APB,no_hyp,no_hyp,no_hyp,ok,ok,
8780,田营,45106.3,78762.0,APB,no_hyp,no_hyp,no_hyp,ok,ok,
8781,,72131.8,125908.7,APB,no_hyp,no_hyp,no_hyp,ok,ok,
8782,,72575.1,126645.8,APB,no_hyp,no_hyp,no_hyp,ok,ok,
8783,,19395.4,33822.8,APB,no_hyp,no_hyp,no_hyp,ok,ok,
8784,,82809.7,144389.0,APB,no_hyp,no_hyp,no_hyp,ok,ok,
8785,,704627.6,1202911.8,APB,no_hyp,no_hyp,no_hyp,ok,ok,
8786,,448402.5,765654.5,APB,no_hyp,no_hyp,no_hyp,ok,ok,
8787,,565552.3,966010.4,APB,no_hyp,no_hyp,no_hyp,ok,ok,
8788,,696823.4,1189883.2,APB,no_hyp,no_hyp,no_hyp,ok,ok,
8789,,227153.6,387857.1,APB,no_hyp,no_hyp,no_hyp,ok,ok,
8790,,120433.1,205650.1,APB,no_hyp,no_hyp,no_hyp,ok,ok,
8791,,178350.1,304392.1,APB,no_hyp,no_hyp,no_hyp,ok,ok,
8792,,86303.0,148838.9,APB,no_hyp,no_hyp,no_hyp,ok,ok,
8793,,211413.2,364582.8,APB,no_hyp,no_hyp,no_hyp,ok,ok,
8794,,569552.0,973268.6,APB,no_hyp,no_hyp,no_hyp,ok,ok,
8795,,612083.3,1045704.1,APB,no_hyp,no_hyp,no_hyp,ok,ok,
8796,,458240.0,782289.1,APB,no_hyp,no_hyp,no_hyp,ok,ok,
8797,,150435.3,256763.5,APB,no_hyp,no_hyp,no_hyp,ok,ok,
8798,,208475.3,356049.8,APB,no_hyp,no_hyp,no_hyp,ok,ok,
8799,,282287.1,482278.6,APB,no_hyp,no_hyp,no_hyp,ok,ok,
8800,,442206.6,755623.8,APB,no_hyp,no_hyp,no_hyp,ok,ok,
8801,,591508.9,1021209.7,APB,no_hyp,no_hyp,no_hyp,ok,ok,
8802,,118548.1,206439.1,APB,no_hyp,no_hyp,no_hyp,ok,ok,
8803,,97409.0,167781.1,APB,no_hyp,no_hyp,no_hyp,ok,ok,
8804,,17483.0,30116.5,APB,no_hyp,no_hyp,no_hyp,ok,ok,
8805,,70430.2,121287.5,APB,no_hyp,no_hyp,no_hyp,ok,ok,
8806,,58817.4,101283.7,APB,no_hyp,no_hyp,no_hyp,ok,ok,
8807,,220551.8,379883.5,APB,no_hyp,no_hyp,no_hyp,ok,ok,
8808,,86302.3,148631.8,APB,no_hyp,no_hyp,no_hyp,ok,ok,
8809,,177790.7,306383.5,APB,no_hyp,no_hyp,no_hyp,ok,ok,
8810,,99676.5,171570.4,APB,no_hyp,no_hyp,no_hyp,ok,ok,
8811,,69079.2,118923.6,APB,no_hyp,no_hyp,no_hyp,ok,ok,
8812,,180050.0,310016.5,APB,no_hyp,no_hyp,no_hyp,ok,ok,
8813,,290632.0,500188.6,APB,no_hyp,no_hyp,no_hyp,ok,ok,
8814,,152643.3,262703.4,APB,no_hyp,no_hyp,no_hyp,ok,ok,
8815,,36536.6,62865.0,APB,no_hyp,no_hyp,no_hyp,ok,ok,
8816,,383793.2,661416.7,APB,no_hyp,no_hyp,no_hyp,ok,ok,
8817,,81801.0,140932.2,APB,no_hyp,no_hyp,no_hyp,ok,ok,
8818,,199175.7,343152.1,APB,no_hyp,no_hyp,no_hyp,ok,ok,
8819,,169280.0,291606.9,APB,no_hyp,no_hyp,no_hyp,ok,ok,
8820,,533686.4,919854.1,APB,no_hyp,no_hyp,no_hyp,ok,ok,
8821,,110877.2,191122.4,APB,no_hyp,no_hyp,no_hyp,ok,ok,
8822,,106677.9,184852.7,APB,no_hyp,no_hyp,no_hyp,ok,ok,
8823,,82599.4,143197.2,APB,no_hyp,no_hyp,no_hyp,ok,ok,
8824,,29663.9,51413.4,APB,no_hyp,no_hyp,no_hyp,ok,ok,
8825,,77109.5,133832.9,APB,no_hyp,no_hyp,no_hyp,ok,ok,
8826,,40331.0,70012.0,APB,no_hyp,no_hyp,no_hyp,ok,ok,
8827,,43204.4,74990.3,APB,no_hyp,no_hyp,no_hyp,ok,ok,
8828,,109735.8,190406.8,APB,no_hyp,no_hyp,no_hyp,ok,ok,
8829,,40032.1,69468.6,APB,no_hyp,no_hyp,no_hyp,ok,ok,
8830,,40655.7,70523.2,APB,no_hyp,no_hyp,no_hyp,ok,ok,
8831,,31995.2,55490.8,APB,no_hyp,no_hyp,no_hyp,ok,ok,
8832,,11560.4,20046.6,APB,no_hyp,no_hyp,no_hyp,ok,ok,
8833,,52777.5,91477.7,APB,no_hyp,no_hyp,no_hyp,ok,ok,
8834,,74505.8,129123.4,APB,no_hyp,no_hyp,no_hyp,ok,ok,
8835,,27042.6,46872.1,APB,no_hyp,no_hyp,no_hyp,ok,ok,
8836,,39370.0,68239.4,APB,no_hyp,no_hyp,no_hyp,ok,ok,
8837,,89248.0,154925.7,APB,no_hyp,no_hyp,no_hyp,ok,ok,
8838,,127687.9,221699.1,APB,no_hyp,no_hyp,no_hyp,ok,ok,
8839,,20097.9,34885.4,APB,no_hyp,no_hyp,no_hyp,ok,ok,
8840,,34228.5,59412.4,APB,no_hyp,no_hyp,no_hyp,ok,ok,
8841,,19272.6,33415.5,APB,no_hyp,no_hyp,no_hyp,ok,ok,
8842,,244415.9,419642.3,APB,no_hyp,no_hyp,no_hyp,ok,ok,
8843,,7656.8,13022.6,APB,no_hyp,no_hyp,no_hyp,ok,ok,
8844,,81577.7,138363.8,APB,no_hyp,no_hyp,no_hyp,ok,ok,
8845,,441209.5,752218.7,APB,no_hyp,no_hyp,no_hyp,ok,ok,
8846,,468793.7,799085.7,APB,no_hyp,no_hyp,no_hyp,ok,ok,
8847,,171994.0,293220.9,APB,no_hyp,no_hyp,no_hyp,ok,ok,
8848,,160781.6,274122.1,APB,no_hyp,no_hyp,no_hyp,ok,ok,
8849,,186993.6,318854.7,APB,no_hyp,no_hyp,no_hyp,ok,ok,
8850,,210926.8,359680.6,APB,no_hyp,no_hyp,no_hyp,ok,ok,
8851,,406273.2,693147.1,APB,no_hyp,no_hyp,no_hyp,ok,ok,
8852,,235974.4,402399.1,APB,no_hyp,no_hyp,no_hyp,ok,ok,
8853,,333790.2,569260.9,APB,no_hyp,no_hyp,no_hyp,ok,ok,
8854,,147995.4,252419.5,APB,no_hyp,no_hyp,no_hyp,ok,ok,
8855,,578655.4,987181.4,APB,no_hyp,no_hyp,no_hyp,ok,ok,
8856,,623266.1,1063528.2,APB,no_hyp,no_hyp,no_hyp,ok,ok,
8857,,821394.1,1403679.5,APB,no_hyp,no_hyp,no_hyp,ok,ok,
8858,,366853.4,627101.6,APB,no_hyp,no_hyp,no_hyp,ok,ok,
8859,,601464.1,1028163.4,APB,no_hyp,no_hyp,no_hyp,ok,ok,
8860,,194372.4,332224.2,APB,no_hyp,no_hyp,no_hyp,ok,ok,
8861,,96827.3,165511.8,APB,no_hyp,no_hyp,no_hyp,ok,ok,
8862,,250933.0,429062.1,APB,no_hyp,no_hyp,no_hyp,ok,ok,
8863,,440009.8,752489.2,APB,no_hyp,no_hyp,no_hyp,ok,ok,
8864,,463690.9,792685.3,APB,no_hyp,no_hyp,no_hyp,ok,ok,
8865,,150682.4,257580.5,APB,no_hyp,no_hyp,no_hyp,ok,ok,
8866,,103241.6,176463.7,APB,no_hyp,no_hyp,no_hyp,ok,ok,
8867,,213460.6,364809.2,APB,no_hyp,no_hyp,no_hyp,ok,ok,
8868,模式口南里,142948.0,242209.8,APB,no_hyp,no_hyp,no_hyp,ok,ok,
8869,,186628.2,316246.9,APB,no_hyp,no_hyp,no_hyp,ok,ok,
8870,叠翠庭苑三区,12696.4,21513.2,APB,no_hyp,no_hyp,no_hyp,ok,ok,
8871,广宁新立楼北区,11792.2,19980.2,APB,no_hyp,no_hyp,no_hyp,ok,ok,
8872,广宁新立楼南区,3311.9,5610.9,APB,no_hyp,no_hyp,no_hyp,ok,ok,
8873,海上海花园南区,95734.3,161763.7,APB,no_hyp,no_hyp,no_hyp,ok,ok,
8874,大红门西路16号院,28917.0,48864.6,APB,no_hyp,no_hyp,no_hyp,ok,ok,
8875,中环悦府,24163.4,40829.5,APB,no_hyp,no_hyp,no_hyp,ok,ok,
8876,永定金茂府,33427.5,56481.9,APB,no_hyp,no_hyp,no_hyp,ok,ok,
8877,中海·和瑞叄號院,48883.4,82598.8,APB,no_hyp,no_hyp,no_hyp,ok,ok,
8878,东门里建材小区,30065.3,50804.2,APB,no_hyp,no_hyp,no_hyp,ok,ok,
8879,中海富华里·富园,61812.6,105233.6,APB,no_hyp,no_hyp,no_hyp,ok,ok,
8880,中海富华里·汇园,54248.3,92351.5,APB,no_hyp,no_hyp,no_hyp,ok,ok,
8881,海开栖海澐颂,52431.1,89249.9,APB,no_hyp,no_hyp,no_hyp,ok,ok,
8882,新华联·潮白河8号,115680.6,197115.9,APB,no_hyp,no_hyp,no_hyp,ok,ok,
8883,彩苑小区,39047.5,66569.1,APB,no_hyp,no_hyp,no_hyp,ok,ok,
8884,鑫顺苑小区,34273.8,58433.8,APB,no_hyp,no_hyp,no_hyp,ok,ok,
8885,鑫顺苑南区,16295.5,27779.7,APB,no_hyp,no_hyp,no_hyp,ok,ok,
8886,,663221.8,1134223.8,APB,no_hyp,no_hyp,no_hyp,ok,ok,
8887,,863461.5,1476692.3,APB,no_hyp,no_hyp,no_hyp,ok,ok,
8888,,470337.4,800653.7,APB,no_hyp,no_hyp,no_hyp,ok,ok,
8889,,1010501.7,1719669.5,APB,no_hyp,no_hyp,no_hyp,ok,ok,
8890,,242815.7,413131.3,APB,no_hyp,no_hyp,no_hyp,ok,ok,
8891,南树行村,114998.5,195640.0,APB,no_hyp,no_hyp,no_hyp,ok,ok,
8892,,959800.2,1632333.2,APB,no_hyp,no_hyp,no_hyp,ok,ok,
8893,,568375.4,965982.5,APB,no_hyp,no_hyp,no_hyp,ok,ok,
8894,,151734.4,257881.6,APB,no_hyp,no_hyp,no_hyp,ok,ok,
8895,,128907.2,219115.4,APB,no_hyp,no_hyp,no_hyp,ok,ok,
8896,,160154.5,272287.1,APB,no_hyp,no_hyp,no_hyp,ok,ok,
8897,,257248.1,437518.4,APB,no_hyp,no_hyp,no_hyp,ok,ok,
8898,,178877.9,304193.4,APB,no_hyp,no_hyp,no_hyp,ok,ok,
8899,,771540.0,1312413.8,APB,no_hyp,no_hyp,no_hyp,ok,ok,
8900,北汽集团公租房,149121.7,253989.4,APB,no_hyp,no_hyp,no_hyp,ok,ok,
8901,七里渠南村325号院,10535.1,17936.6,APB,no_hyp,no_hyp,no_hyp,ok,ok,
8902,恒联花园,35262.8,60050.8,APB,no_hyp,no_hyp,no_hyp,ok,ok,
8903,五合公寓,12208.6,20789.2,APB,no_hyp,no_hyp,no_hyp,ok,ok,
8904,,122982.3,209090.0,APB,no_hyp,no_hyp,no_hyp,ok,ok,
8905,宏丰西路1号院,34969.6,59460.8,APB,no_hyp,no_hyp,no_hyp,ok,ok,
8906,西六砖瓦厂家属楼,13685.3,23269.2,APB,no_hyp,no_hyp,no_hyp,ok,ok,
8907,,18016.6,30634.7,APB,no_hyp,no_hyp,no_hyp,ok,ok,
8908,西山华府禧园,140737.9,239164.0,APB,no_hyp,no_hyp,no_hyp,ok,ok,
8909,兰园小区,110381.6,187574.0,APB,no_hyp,no_hyp,no_hyp,ok,ok,
8910,亿城西山华府珑园,52398.5,89044.0,APB,no_hyp,no_hyp,no_hyp,ok,ok,
8911,东旭园,11386.8,19355.9,APB,no_hyp,no_hyp,no_hyp,ok,ok,
8912,,5220.0,8876.5,APB,no_hyp,no_hyp,no_hyp,ok,ok,
8913,兴林嘉园,22086.8,37556.8,APB,no_hyp,no_hyp,no_hyp,ok,ok,
8914,农机所宿舍,9815.9,16690.6,APB,no_hyp,no_hyp,no_hyp,ok,ok,
8915,,25241.9,42920.8,APB,no_hyp,no_hyp,no_hyp,ok,ok,
8916,奥林佳苑-东区,50373.6,85544.2,APB,no_hyp,no_hyp,no_hyp,ok,ok,
8917,,7435.9,12627.8,APB,no_hyp,no_hyp,no_hyp,ok,ok,
8918,龙欣苑小区,8911.5,15133.4,APB,no_hyp,no_hyp,no_hyp,ok,ok,
8919,奥林佳苑-西区,13754.4,23357.1,APB,no_hyp,no_hyp,no_hyp,ok,ok,
8920,双泉堡甲-1号院,11505.7,19537.6,APB,no_hyp,no_hyp,no_hyp,ok,ok,
8921,双泉堡甲2号院,87285.8,148223.7,APB,no_hyp,no_hyp,no_hyp,ok,ok,
8922,万寿路小区,35765.7,60564.7,APB,no_hyp,no_hyp,no_hyp,ok,ok,
8923,翠微路2号院,124420.9,210687.0,APB,no_hyp,no_hyp,no_hyp,ok,ok,
8924,翠微路3号院,4244.2,7186.5,APB,no_hyp,no_hyp,no_hyp,ok,ok,
8925,翠微路17号院,6481.6,10974.9,APB,no_hyp,no_hyp,no_hyp,ok,ok,
8926,复兴路甲-49号院,19292.8,32667.6,APB,no_hyp,no_hyp,no_hyp,ok,ok,
8927,翠微路十六号宿舍区,33717.5,57096.2,APB,no_hyp,no_hyp,no_hyp,ok,ok,
8928,翠微路22号院,6045.9,10237.4,APB,no_hyp,no_hyp,no_hyp,ok,ok,
8929,翠微路20号院,6343.3,10741.1,APB,no_hyp,no_hyp,no_hyp,ok,ok,
8930,普惠南里,92319.0,156334.9,APB,no_hyp,no_hyp,no_hyp,ok,ok,
8931,彩电宿舍小区,17234.6,29184.5,APB,no_hyp,no_hyp,no_hyp,ok,ok,
8932,阳洲鑫园,84057.1,143373.1,APB,no_hyp,no_hyp,no_hyp,ok,ok,
8933,顺鑫朗郡,94142.0,160577.2,APB,no_hyp,no_hyp,no_hyp,ok,ok,
8934,顺鑫澜庭,105704.6,180312.3,APB,no_hyp,no_hyp,no_hyp,ok,ok,
8935,,317375.0,541645.1,APB,no_hyp,no_hyp,no_hyp,ok,ok,
8936,,635715.0,1084546.6,APB,no_hyp,no_hyp,no_hyp,ok,ok,
8937,,371263.3,633533.3,APB,no_hyp,no_hyp,no_hyp,ok,ok,
8938,,272344.4,464973.2,APB,no_hyp,no_hyp,no_hyp,ok,ok,
8939,,846208.4,1444485.0,APB,no_hyp,no_hyp,no_hyp,ok,ok,
8940,,866945.7,1479556.7,APB,no_hyp,no_hyp,no_hyp,ok,ok,
8941,,1403159.0,2395604.6,APB,no_hyp,no_hyp,no_hyp,ok,ok,
8942,前郝家疃村,270998.9,462270.4,APB,no_hyp,no_hyp,no_hyp,ok,ok,
8943,,905053.7,1544129.3,APB,no_hyp,no_hyp,no_hyp,ok,ok,
8944,,144802.9,247059.0,APB,no_hyp,no_hyp,no_hyp,ok,ok,
8945,,37831.5,64555.3,APB,no_hyp,no_hyp,no_hyp,ok,ok,
8946,,147081.6,250906.3,APB,no_hyp,no_hyp,no_hyp,ok,ok,
8947,,436225.0,744002.7,APB,no_hyp,no_hyp,no_hyp,ok,ok,
8948,,306698.2,523107.1,APB,no_hyp,no_hyp,no_hyp,ok,ok,
8949,,401569.0,684827.4,APB,no_hyp,no_hyp,no_hyp,ok,ok,
8950,,302208.2,515285.1,APB,no_hyp,no_hyp,no_hyp,ok,ok,
8951,,138206.2,235604.8,APB,no_hyp,no_hyp,no_hyp,ok,ok,
8952,,118018.7,201134.6,APB,no_hyp,no_hyp,no_hyp,ok,ok,
8953,,144340.5,245980.1,APB,no_hyp,no_hyp,no_hyp,ok,ok,
8954,,158884.4,270779.9,APB,no_hyp,no_hyp,no_hyp,ok,ok,
8955,,315613.3,537921.6,APB,no_hyp,no_hyp,no_hyp,ok,ok,
8956,,273158.7,465422.8,APB,no_hyp,no_hyp,no_hyp,ok,ok,
8957,,129895.8,221283.0,APB,no_hyp,no_hyp,no_hyp,ok,ok,
8958,,221832.0,377925.2,APB,no_hyp,no_hyp,no_hyp,ok,ok,
8959,,588871.1,1002812.1,APB,no_hyp,no_hyp,no_hyp,ok,ok,
8960,,267091.1,454917.1,APB,no_hyp,no_hyp,no_hyp,ok,ok,
8961,,96677.4,164680.8,APB,no_hyp,no_hyp,no_hyp,ok,ok,
8962,京能·西山印C区,39591.2,67091.7,APB,no_hyp,no_hyp,no_hyp,ok,ok,
8963,京能·西山印B区,97813.7,165757.6,APB,no_hyp,no_hyp,no_hyp,ok,ok,
8964,京能·西山印D区,93950.5,159219.7,APB,no_hyp,no_hyp,no_hyp,ok,ok,
8965,京能·西山印A区,68394.2,115908.8,APB,no_hyp,no_hyp,no_hyp,ok,ok,
8966,,110316.2,187125.6,APB,no_hyp,no_hyp,no_hyp,ok,ok,
8967,金盏七彩家园,201795.2,342441.5,APB,no_hyp,no_hyp,no_hyp,ok,ok,
8968,望悦国际社区,60125.1,102149.0,APB,no_hyp,no_hyp,no_hyp,ok,ok,
8969,,595793.2,1014045.1,APB,no_hyp,no_hyp,no_hyp,ok,ok,
8970,,1250261.8,2128679.8,APB,no_hyp,no_hyp,no_hyp,ok,ok,
8971,,917574.1,1562793.6,APB,no_hyp,no_hyp,no_hyp,ok,ok,
8972,,278202.6,473568.5,APB,no_hyp,no_hyp,no_hyp,ok,ok,
8973,,739591.8,1259661.2,APB,no_hyp,no_hyp,no_hyp,ok,ok,
8974,,601948.8,1025766.8,APB,no_hyp,no_hyp,no_hyp,ok,ok,
8975,,462941.6,789189.3,APB,no_hyp,no_hyp,no_hyp,ok,ok,
8976,,174978.0,298394.8,APB,no_hyp,no_hyp,no_hyp,ok,ok,
8977,,504010.4,859482.3,APB,no_hyp,no_hyp,no_hyp,ok,ok,
8978,,569394.2,970773.0,APB,no_hyp,no_hyp,no_hyp,ok,ok,
8979,,216300.3,368858.9,APB,no_hyp,no_hyp,no_hyp,ok,ok,
8980,,281308.1,479638.6,APB,no_hyp,no_hyp,no_hyp,ok,ok,
8981,,314092.4,535584.5,APB,no_hyp,no_hyp,no_hyp,ok,ok,
8982,,104671.2,178484.3,APB,no_hyp,no_hyp,no_hyp,ok,ok,
8983,,241864.2,412502.1,APB,no_hyp,no_hyp,no_hyp,ok,ok,
8984,,283294.1,483165.1,APB,no_hyp,no_hyp,no_hyp,ok,ok,
8985,,322441.7,550080.3,APB,no_hyp,no_hyp,no_hyp,ok,ok,
8986,,118052.8,201341.3,APB,no_hyp,no_hyp,no_hyp,ok,ok,
8987,,171116.6,291895.4,APB,no_hyp,no_hyp,no_hyp,ok,ok,
8988,,327305.6,557999.2,APB,no_hyp,no_hyp,no_hyp,ok,ok,
8989,,116639.5,198843.8,APB,no_hyp,no_hyp,no_hyp,ok,ok,
8990,,138653.8,236335.3,APB,no_hyp,no_hyp,no_hyp,ok,ok,
8991,,293944.2,500899.5,APB,no_hyp,no_hyp,no_hyp,ok,ok,
8992,,351577.2,598993.2,APB,no_hyp,no_hyp,no_hyp,ok,ok,
8993,,120620.1,205489.1,APB,no_hyp,no_hyp,no_hyp,ok,ok,
8994,,205151.5,349517.9,APB,no_hyp,no_hyp,no_hyp,ok,ok,
8995,丽来花园誉天下四区,34534.0,58731.1,APB,no_hyp,no_hyp,no_hyp,ok,ok,
8996,丽来花园三区,84905.5,144406.6,APB,no_hyp,no_hyp,no_hyp,ok,ok,
8997,永乐嘉园,50819.0,85561.7,APB,no_hyp,no_hyp,no_hyp,ok,ok,
8998,永乐店镇物业东区,32030.4,53925.2,APB,no_hyp,no_hyp,no_hyp,ok,ok,
8999,合景臻颐府,18659.3,31872.7,APB,no_hyp,no_hyp,no_hyp,ok,ok,
9000,青云里,35705.1,60067.9,APB,no_hyp,no_hyp,no_hyp,ok,ok,
9001,青云店镇中心镇区棚户区改造项目D片区,279381.7,470000.0,APB,no_hyp,no_hyp,no_hyp,ok,ok,
9002,,371491.2,632573.1,APB,no_hyp,no_hyp,no_hyp,ok,ok,
9003,,481548.7,821773.7,APB,no_hyp,no_hyp,no_hyp,ok,ok,
9004,,48921.9,83478.1,APB,no_hyp,no_hyp,no_hyp,ok,ok,
9005,,260428.4,444381.2,APB,no_hyp,no_hyp,no_hyp,ok,ok,
9006,,501672.3,855846.2,APB,no_hyp,no_hyp,no_hyp,ok,ok,
9007,,404360.3,689810.3,APB,no_hyp,no_hyp,no_hyp,ok,ok,
9008,,370890.0,632664.9,APB,no_hyp,no_hyp,no_hyp,ok,ok,
9009,,291702.8,496645.6,APB,no_hyp,no_hyp,no_hyp,ok,ok,
9010,,276429.2,470600.9,APB,no_hyp,no_hyp,no_hyp,ok,ok,
9011,,461503.9,785625.9,APB,no_hyp,no_hyp,no_hyp,ok,ok,
9012,,353815.4,602209.6,APB,no_hyp,no_hyp,no_hyp,ok,ok,
9013,,356368.4,606820.5,APB,no_hyp,no_hyp,no_hyp,ok,ok,
9014,,132248.4,225180.4,APB,no_hyp,no_hyp,no_hyp,ok,ok,
9015,,250377.3,426383.3,APB,no_hyp,no_hyp,no_hyp,ok,ok,
9016,,454223.4,773584.1,APB,no_hyp,no_hyp,no_hyp,ok,ok,
9017,,771083.6,1314557.5,APB,no_hyp,no_hyp,no_hyp,ok,ok,
9018,,335789.2,574790.7,APB,no_hyp,no_hyp,no_hyp,ok,ok,
9019,,127140.0,217669.1,APB,no_hyp,no_hyp,no_hyp,ok,ok,
9020,,62701.3,107344.5,APB,no_hyp,no_hyp,no_hyp,ok,ok,
9021,,16954.9,29025.3,APB,no_hyp,no_hyp,no_hyp,ok,ok,
9022,,31262.3,53518.3,APB,no_hyp,no_hyp,no_hyp,ok,ok,
9023,,9330.9,15974.2,APB,no_hyp,no_hyp,no_hyp,ok,ok,
9024,,229476.2,392995.1,APB,no_hyp,no_hyp,no_hyp,ok,ok,
9025,,17713.5,30338.9,APB,no_hyp,no_hyp,no_hyp,ok,ok,
9026,,278225.5,476508.9,APB,no_hyp,no_hyp,no_hyp,ok,ok,
9027,,119373.8,204528.0,APB,no_hyp,no_hyp,no_hyp,ok,ok,
9028,,73825.5,126493.3,APB,no_hyp,no_hyp,no_hyp,ok,ok,
9029,,77218.8,132156.1,APB,no_hyp,no_hyp,no_hyp,ok,ok,
9030,,12369.5,20956.1,APB,no_hyp,no_hyp,no_hyp,ok,ok,
9031,,5655.7,9582.0,APB,no_hyp,no_hyp,no_hyp,ok,ok,
9032,,1621.4,2746.8,APB,no_hyp,no_hyp,no_hyp,ok,ok,
9033,,40235.5,68145.2,APB,no_hyp,no_hyp,no_hyp,ok,ok,
9034,,4779.1,8094.5,APB,no_hyp,no_hyp,no_hyp,ok,ok,
9035,观唐云鼎北区,25747.4,44271.9,APB,no_hyp,no_hyp,no_hyp,ok,ok,
9036,,9842.7,16645.0,APB,no_hyp,no_hyp,no_hyp,ok,ok,
9037,,260929.4,441329.6,APB,no_hyp,no_hyp,no_hyp,ok,ok,
9038,金徽公寓,20708.2,35208.9,APB,no_hyp,no_hyp,no_hyp,ok,ok,
9039,,69046.5,120272.2,APB,no_hyp,no_hyp,no_hyp,ok,ok,
9040,,304888.2,530715.9,APB,no_hyp,no_hyp,no_hyp,ok,ok,
9041,,19465.1,33873.4,APB,no_hyp,no_hyp,no_hyp,ok,ok,
9042,,100064.6,174181.2,APB,no_hyp,no_hyp,no_hyp,ok,ok,
9043,,11056.7,19247.5,APB,no_hyp,no_hyp,no_hyp,ok,ok,
9044,,7691.4,13381.9,APB,no_hyp,no_hyp,no_hyp,ok,ok,
9045,,95970.2,166945.5,APB,no_hyp,no_hyp,no_hyp,ok,ok,
9046,,74166.6,128937.4,APB,no_hyp,no_hyp,no_hyp,ok,ok,
9047,,64033.5,111342.8,APB,no_hyp,no_hyp,no_hyp,ok,ok,
9048,,294167.3,511311.4,APB,no_hyp,no_hyp,no_hyp,ok,ok,
9049,,8259.8,14355.9,APB,no_hyp,no_hyp,no_hyp,ok,ok,
9050,,12718.7,22105.2,APB,no_hyp,no_hyp,no_hyp,ok,ok,
9051,,25664.2,44606.5,APB,no_hyp,no_hyp,no_hyp,ok,ok,
9052,,113463.0,197225.9,APB,no_hyp,no_hyp,no_hyp,ok,ok,
9053,润泽御府,506407.0,861159.2,APB,no_hyp,no_hyp,no_hyp,ok,ok,
9054,,389418.0,662755.5,APB,no_hyp,no_hyp,no_hyp,ok,ok,
9055,,28135.3,48665.9,APB,no_hyp,no_hyp,no_hyp,ok,ok,
9056,,46225.9,79458.7,APB,no_hyp,no_hyp,no_hyp,ok,ok,
9057,,7358.4,12650.7,APB,no_hyp,no_hyp,no_hyp,ok,ok,
9058,,53242.6,91521.4,APB,no_hyp,no_hyp,no_hyp,ok,ok,
9059,,6684.2,11489.9,APB,no_hyp,no_hyp,no_hyp,ok,ok,
9060,,63038.1,108293.5,APB,no_hyp,no_hyp,no_hyp,ok,ok,
9061,,343553.4,589410.1,APB,no_hyp,no_hyp,no_hyp,ok,ok,
9062,,23264.8,39922.5,APB,no_hyp,no_hyp,no_hyp,ok,ok,
9063,,19686.0,33763.7,APB,no_hyp,no_hyp,no_hyp,ok,ok,
9064,,110167.8,188970.9,APB,no_hyp,no_hyp,no_hyp,ok,ok,
9065,,45367.1,77814.6,APB,no_hyp,no_hyp,no_hyp,ok,ok,
9066,,598633.2,1026570.3,APB,no_hyp,no_hyp,no_hyp,ok,ok,
9067,,90927.7,156903.8,APB,no_hyp,no_hyp,no_hyp,ok,ok,
9068,,8401.0,14497.0,APB,no_hyp,no_hyp,no_hyp,ok,ok,
9069,,8441.9,14568.1,APB,no_hyp,no_hyp,no_hyp,ok,ok,
9070,,92856.4,160439.0,APB,no_hyp,no_hyp,no_hyp,ok,ok,
9071,,44208.6,76321.5,APB,no_hyp,no_hyp,no_hyp,ok,ok,
9072,,70513.5,121674.1,APB,no_hyp,no_hyp,no_hyp,ok,ok,
9073,,247327.6,426803.1,APB,no_hyp,no_hyp,no_hyp,ok,ok,
9074,,41238.1,71181.0,APB,no_hyp,no_hyp,no_hyp,ok,ok,
9075,,56413.2,97402.5,APB,no_hyp,no_hyp,no_hyp,ok,ok,
9076,,75255.2,129980.5,APB,no_hyp,no_hyp,no_hyp,ok,ok,
9077,,70455.9,121681.5,APB,no_hyp,no_hyp,no_hyp,ok,ok,
9078,,7874.9,13494.0,APB,no_hyp,no_hyp,no_hyp,ok,ok,
9079,,16321.1,27970.8,APB,no_hyp,no_hyp,no_hyp,ok,ok,
9080,,10382.5,17793.1,APB,no_hyp,no_hyp,no_hyp,ok,ok,
9081,,19883.2,34073.9,APB,no_hyp,no_hyp,no_hyp,ok,ok,
9082,,25349.6,43433.8,APB,no_hyp,no_hyp,no_hyp,ok,ok,
9083,,216455.8,370719.9,APB,no_hyp,no_hyp,no_hyp,ok,ok,
9084,,107971.0,184992.4,APB,no_hyp,no_hyp,no_hyp,ok,ok,
9085,,24200.8,41479.1,APB,no_hyp,no_hyp,no_hyp,ok,ok,
9086,,38364.3,65756.0,APB,no_hyp,no_hyp,no_hyp,ok,ok,
9087,,18641.6,31952.6,APB,no_hyp,no_hyp,no_hyp,ok,ok,
9088,,171720.3,294291.5,APB,no_hyp,no_hyp,no_hyp,ok,ok,
9089,,106258.3,182077.9,APB,no_hyp,no_hyp,no_hyp,ok,ok,
9090,,35222.5,60366.9,APB,no_hyp,no_hyp,no_hyp,ok,ok,
9091,,599817.0,1028029.2,APB,no_hyp,no_hyp,no_hyp,ok,ok,
9092,,73737.1,126423.3,APB,no_hyp,no_hyp,no_hyp,ok,ok,
9093,,42075.9,72118.1,APB,no_hyp,no_hyp,no_hyp,ok,ok,
9094,,6391.2,10954.9,APB,no_hyp,no_hyp,no_hyp,ok,ok,
9095,,40559.6,69470.4,APB,no_hyp,no_hyp,no_hyp,ok,ok,
9096,,43498.9,74509.0,APB,no_hyp,no_hyp,no_hyp,ok,ok,
9097,,22825.5,39092.6,APB,no_hyp,no_hyp,no_hyp,ok,ok,
9098,,12575.4,21537.5,APB,no_hyp,no_hyp,no_hyp,ok,ok,
9099,,353665.3,606115.9,APB,no_hyp,no_hyp,no_hyp,ok,ok,
9100,,121104.3,207373.2,APB,no_hyp,no_hyp,no_hyp,ok,ok,
9101,,58777.2,100650.7,APB,no_hyp,no_hyp,no_hyp,ok,ok,
9102,,173051.3,295890.0,APB,no_hyp,no_hyp,no_hyp,ok,ok,
9103,,154976.1,265032.1,APB,no_hyp,no_hyp,no_hyp,ok,ok,
9104,季家沟,30265.7,51744.4,APB,no_hyp,no_hyp,no_hyp,ok,ok,
9105,,541409.3,926713.8,APB,no_hyp,no_hyp,no_hyp,ok,ok,
9106,,66168.2,113238.9,APB,no_hyp,no_hyp,no_hyp,ok,ok,
9107,,76280.8,130534.6,APB,no_hyp,no_hyp,no_hyp,ok,ok,
9108,,13645.8,23350.6,APB,no_hyp,no_hyp,no_hyp,ok,ok,
9109,,31912.0,54603.0,APB,no_hyp,no_hyp,no_hyp,ok,ok,
9110,,42873.8,73486.6,APB,no_hyp,no_hyp,no_hyp,ok,ok,
9111,,43071.8,73822.1,APB,no_hyp,no_hyp,no_hyp,ok,ok,
9112,,134834.8,231049.9,APB,no_hyp,no_hyp,no_hyp,ok,ok,
9113,,13349.5,22823.5,APB,no_hyp,no_hyp,no_hyp,ok,ok,
9114,,192610.7,329389.2,APB,no_hyp,no_hyp,no_hyp,ok,ok,
9115,,68254.2,116665.1,APB,no_hyp,no_hyp,no_hyp,ok,ok,
9116,,110712.4,189192.9,APB,no_hyp,no_hyp,no_hyp,ok,ok,
9117,,280199.8,478592.4,APB,no_hyp,no_hyp,no_hyp,ok,ok,
9118,,38673.2,66140.5,APB,no_hyp,no_hyp,no_hyp,ok,ok,
9119,,14522.4,24841.6,APB,no_hyp,no_hyp,no_hyp,ok,ok,
9120,,30979.5,53062.8,APB,no_hyp,no_hyp,no_hyp,ok,ok,
9121,,9677.4,16575.5,APB,no_hyp,no_hyp,no_hyp,ok,ok,
9122,,140855.6,241280.3,APB,no_hyp,no_hyp,no_hyp,ok,ok,
9123,,37170.5,63696.9,APB,no_hyp,no_hyp,no_hyp,ok,ok,
9124,,7764.7,13306.9,APB,no_hyp,no_hyp,no_hyp,ok,ok,
9125,,53730.5,92086.0,APB,no_hyp,no_hyp,no_hyp,ok,ok,
9126,,41850.7,71696.8,APB,no_hyp,no_hyp,no_hyp,ok,ok,
9127,,18317.5,31412.6,APB,no_hyp,no_hyp,no_hyp,ok,ok,
9128,,22877.9,39251.1,APB,no_hyp,no_hyp,no_hyp,ok,ok,
9129,,30075.7,51605.7,APB,no_hyp,no_hyp,no_hyp,ok,ok,
9130,,50413.2,86510.3,APB,no_hyp,no_hyp,no_hyp,ok,ok,
9131,,47638.1,81749.2,APB,no_hyp,no_hyp,no_hyp,ok,ok,
9132,,39598.9,67962.2,APB,no_hyp,no_hyp,no_hyp,ok,ok,
9133,,15513.1,26620.1,APB,no_hyp,no_hyp,no_hyp,ok,ok,
9134,,72702.8,124736.0,APB,no_hyp,no_hyp,no_hyp,ok,ok,
9135,,39924.9,68488.4,APB,no_hyp,no_hyp,no_hyp,ok,ok,
9136,,6834.3,11722.5,APB,no_hyp,no_hyp,no_hyp,ok,ok,
9137,,9065.1,15549.5,APB,no_hyp,no_hyp,no_hyp,ok,ok,
9138,,32310.0,55399.6,APB,no_hyp,no_hyp,no_hyp,ok,ok,
9139,,37978.3,65110.8,APB,no_hyp,no_hyp,no_hyp,ok,ok,
9140,,35567.3,60972.8,APB,no_hyp,no_hyp,no_hyp,ok,ok,
9141,,24716.5,42369.1,APB,no_hyp,no_hyp,no_hyp,ok,ok,
9142,,13625.2,23356.6,APB,no_hyp,no_hyp,no_hyp,ok,ok,
9143,,73459.8,125925.4,APB,no_hyp,no_hyp,no_hyp,ok,ok,
9144,,15340.0,26297.4,APB,no_hyp,no_hyp,no_hyp,ok,ok,
9145,,31778.1,54477.7,APB,no_hyp,no_hyp,no_hyp,ok,ok,
9146,,19474.6,33359.0,APB,no_hyp,no_hyp,no_hyp,ok,ok,
9147,,72674.3,124334.1,APB,no_hyp,no_hyp,no_hyp,ok,ok,
9148,,80299.7,137443.3,APB,no_hyp,no_hyp,no_hyp,ok,ok,
9149,,77390.9,132487.5,APB,no_hyp,no_hyp,no_hyp,ok,ok,
9150,,21960.5,37597.7,APB,no_hyp,no_hyp,no_hyp,ok,ok,
9151,,93730.3,160482.2,APB,no_hyp,no_hyp,no_hyp,ok,ok,
9152,,5358.9,9179.2,APB,no_hyp,no_hyp,no_hyp,ok,ok,
9153,,31758.4,54393.9,APB,no_hyp,no_hyp,no_hyp,ok,ok,
9154,,45465.9,77865.3,APB,no_hyp,no_hyp,no_hyp,ok,ok,
9155,,92171.3,157798.8,APB,no_hyp,no_hyp,no_hyp,ok,ok,
9156,,111237.9,190343.8,APB,no_hyp,no_hyp,no_hyp,ok,ok,
9157,,23920.5,40931.3,APB,no_hyp,no_hyp,no_hyp,ok,ok,
9158,,10019.5,17147.2,APB,no_hyp,no_hyp,no_hyp,ok,ok,
9159,,14760.4,25235.7,APB,no_hyp,no_hyp,no_hyp,ok,ok,
9160,,11925.9,20383.8,APB,no_hyp,no_hyp,no_hyp,ok,ok,
9161,,14663.4,25060.6,APB,no_hyp,no_hyp,no_hyp,ok,ok,
9162,,6856.7,11718.8,APB,no_hyp,no_hyp,no_hyp,ok,ok,
9163,,32982.0,56367.5,APB,no_hyp,no_hyp,no_hyp,ok,ok,
9164,,10299.5,17613.0,APB,no_hyp,no_hyp,no_hyp,ok,ok,
9165,,19896.8,34024.6,APB,no_hyp,no_hyp,no_hyp,ok,ok,
9166,,11378.6,19465.1,APB,no_hyp,no_hyp,no_hyp,ok,ok,
9167,,30797.6,52657.9,APB,no_hyp,no_hyp,no_hyp,ok,ok,
9168,,11864.9,20295.4,APB,no_hyp,no_hyp,no_hyp,ok,ok,
9169,,10988.4,18795.0,APB,no_hyp,no_hyp,no_hyp,ok,ok,
9170,,111693.8,190672.8,APB,no_hyp,no_hyp,no_hyp,ok,ok,
9171,,316367.0,540153.5,APB,no_hyp,no_hyp,no_hyp,ok,ok,
9172,,293524.0,501274.9,APB,no_hyp,no_hyp,no_hyp,ok,ok,
9173,,579012.0,988975.2,APB,no_hyp,no_hyp,no_hyp,ok,ok,
9174,,61785.8,105635.9,APB,no_hyp,no_hyp,no_hyp,ok,ok,
9175,,108792.7,185970.9,APB,no_hyp,no_hyp,no_hyp,ok,ok,
9176,,76742.2,131172.6,APB,no_hyp,no_hyp,no_hyp,ok,ok,
9177,,52634.6,89956.2,APB,no_hyp,no_hyp,no_hyp,ok,ok,
9178,,39156.2,66911.5,APB,no_hyp,no_hyp,no_hyp,ok,ok,
9179,,343141.5,586467.6,APB,no_hyp,no_hyp,no_hyp,ok,ok,
9180,,1048538.0,1790177.7,APB,no_hyp,no_hyp,no_hyp,ok,ok,
9181,,196819.4,335972.1,APB,no_hyp,no_hyp,no_hyp,ok,ok,
9182,,378133.1,645452.8,APB,no_hyp,no_hyp,no_hyp,ok,ok,
9183,,274432.6,468473.6,APB,no_hyp,no_hyp,no_hyp,ok,ok,
9184,,367439.8,627280.9,APB,no_hyp,no_hyp,no_hyp,ok,ok,
9185,,263469.6,449759.6,APB,no_hyp,no_hyp,no_hyp,ok,ok,
9186,,316643.7,540546.5,APB,no_hyp,no_hyp,no_hyp,ok,ok,
9187,,397123.6,677736.1,APB,no_hyp,no_hyp,no_hyp,ok,ok,
9188,,24301.6,41556.6,APB,no_hyp,no_hyp,no_hyp,ok,ok,
9189,,10140.5,17339.5,APB,no_hyp,no_hyp,no_hyp,ok,ok,
9190,,5552.2,9493.6,APB,no_hyp,no_hyp,no_hyp,ok,ok,
9191,,19889.0,34013.7,APB,no_hyp,no_hyp,no_hyp,ok,ok,
9192,,666541.8,1138573.0,APB,no_hyp,no_hyp,no_hyp,ok,ok,
9193,,139946.5,239150.8,APB,no_hyp,no_hyp,no_hyp,ok,ok,
9194,,81788.9,139788.8,APB,no_hyp,no_hyp,no_hyp,ok,ok,
9195,,21532.2,36792.1,APB,no_hyp,no_hyp,no_hyp,ok,ok,
9196,,21476.5,36717.0,APB,no_hyp,no_hyp,no_hyp,ok,ok,
9197,,424628.2,725927.0,APB,no_hyp,no_hyp,no_hyp,ok,ok,
9198,,91426.8,156234.1,APB,no_hyp,no_hyp,no_hyp,ok,ok,
9199,,23776.0,40621.5,APB,no_hyp,no_hyp,no_hyp,ok,ok,
9200,,392367.2,670451.1,APB,no_hyp,no_hyp,no_hyp,ok,ok,
9201,,77799.3,132928.4,APB,no_hyp,no_hyp,no_hyp,ok,ok,
9202,,264284.7,451369.4,APB,no_hyp,no_hyp,no_hyp,ok,ok,
9203,,116850.6,199542.3,APB,no_hyp,no_hyp,no_hyp,ok,ok,
9204,,165671.8,287116.4,APB,no_hyp,no_hyp,no_hyp,ok,ok,
9205,,84336.5,146141.7,APB,no_hyp,no_hyp,no_hyp,ok,ok,
9206,,45678.2,79146.6,APB,no_hyp,no_hyp,no_hyp,ok,ok,
9207,,1603.8,2762.4,APB,no_hyp,no_hyp,no_hyp,ok,ok,
9208,,10598.3,18271.9,APB,no_hyp,no_hyp,no_hyp,ok,ok,
9209,,18794.5,32403.0,APB,no_hyp,no_hyp,no_hyp,ok,ok,
9210,,27824.7,47907.0,APB,no_hyp,no_hyp,no_hyp,ok,ok,
9211,,12332.5,21249.5,APB,no_hyp,no_hyp,no_hyp,ok,ok,
9212,,9707.3,16734.1,APB,no_hyp,no_hyp,no_hyp,ok,ok,
9213,,6907.9,11907.9,APB,no_hyp,no_hyp,no_hyp,ok,ok,
9214,,6172.2,10645.8,APB,no_hyp,no_hyp,no_hyp,ok,ok,
9215,,15200.8,26219.6,APB,no_hyp,no_hyp,no_hyp,ok,ok,
9216,,26773.6,46178.2,APB,no_hyp,no_hyp,no_hyp,ok,ok,
9217,,35633.5,61455.8,APB,no_hyp,no_hyp,no_hyp,ok,ok,
9218,,82426.2,142144.9,APB,no_hyp,no_hyp,no_hyp,ok,ok,
9219,,6591.3,11382.3,APB,no_hyp,no_hyp,no_hyp,ok,ok,
9220,,69106.9,119349.3,APB,no_hyp,no_hyp,no_hyp,ok,ok,
9221,,220763.8,381256.0,APB,no_hyp,no_hyp,no_hyp,ok,ok,
9222,,191513.1,330578.6,APB,no_hyp,no_hyp,no_hyp,ok,ok,
9223,,154709.8,267053.0,APB,no_hyp,no_hyp,no_hyp,ok,ok,
9224,,66203.4,114280.0,APB,no_hyp,no_hyp,no_hyp,ok,ok,
9225,,72073.3,124433.1,APB,no_hyp,no_hyp,no_hyp,ok,ok,
9226,,210394.4,363367.9,APB,no_hyp,no_hyp,no_hyp,ok,ok,
9227,,3472.6,5990.7,APB,no_hyp,no_hyp,no_hyp,ok,ok,
9228,,7752.7,13374.8,APB,no_hyp,no_hyp,no_hyp,ok,ok,
9229,,203312.9,350834.1,APB,no_hyp,no_hyp,no_hyp,ok,ok,
9230,,5925.1,10056.8,APB,no_hyp,no_hyp,no_hyp,ok,ok,
9231,樱花东街小区,10459.8,17743.3,APB,no_hyp,no_hyp,no_hyp,ok,ok,
9232,建发·璟院,40747.1,68811.1,APB,no_hyp,no_hyp,no_hyp,ok,ok,
9233,DX04-0102-6013地块二类居住用地,37083.5,62569.4,APB,no_hyp,no_hyp,no_hyp,ok,ok,
9234,,255169.1,435793.1,APB,no_hyp,no_hyp,no_hyp,ok,ok,
9235,,333083.5,568868.0,APB,no_hyp,no_hyp,no_hyp,ok,ok,
9236,,375105.3,640531.8,APB,no_hyp,no_hyp,no_hyp,ok,ok,
9237,,295858.4,504926.5,APB,no_hyp,no_hyp,no_hyp,ok,ok,
9238,,303161.7,517439.5,APB,no_hyp,no_hyp,no_hyp,ok,ok,
9239,,307441.0,524760.8,APB,no_hyp,no_hyp,no_hyp,ok,ok,
9240,,451577.7,771679.2,APB,no_hyp,no_hyp,no_hyp,ok,ok,
9241,,1008142.7,1723377.4,APB,no_hyp,no_hyp,no_hyp,ok,ok,
9242,,35214.9,60146.9,APB,no_hyp,no_hyp,no_hyp,ok,ok,
9243,,32979.1,56338.3,APB,no_hyp,no_hyp,no_hyp,ok,ok,
9244,,10164.0,17364.2,APB,no_hyp,no_hyp,no_hyp,ok,ok,
9245,,58274.9,99569.4,APB,no_hyp,no_hyp,no_hyp,ok,ok,
9246,,28809.9,49230.7,APB,no_hyp,no_hyp,no_hyp,ok,ok,
9247,,7742.0,13227.6,APB,no_hyp,no_hyp,no_hyp,ok,ok,
9248,,17089.3,29183.4,APB,no_hyp,no_hyp,no_hyp,ok,ok,
9249,,1141629.8,1949162.4,APB,no_hyp,no_hyp,no_hyp,ok,ok,
9250,,35031.6,59803.0,APB,no_hyp,no_hyp,no_hyp,ok,ok,
9251,,18386.6,31433.3,APB,no_hyp,no_hyp,no_hyp,ok,ok,
9252,,98229.4,168400.3,APB,no_hyp,no_hyp,no_hyp,ok,ok,
9253,,60342.9,103141.3,APB,no_hyp,no_hyp,no_hyp,ok,ok,
9254,,90276.0,154123.3,APB,no_hyp,no_hyp,no_hyp,ok,ok,
9255,峪口小区,87431.1,149247.4,APB,no_hyp,no_hyp,no_hyp,ok,ok,
9256,,187070.4,319232.4,APB,no_hyp,no_hyp,no_hyp,ok,ok,
9257,,277803.9,474051.0,APB,no_hyp,no_hyp,no_hyp,ok,ok,
9258,峪口新村-西区,91732.5,156575.4,APB,no_hyp,no_hyp,no_hyp,ok,ok,
9259,,1474164.6,2516709.2,APB,no_hyp,no_hyp,no_hyp,ok,ok,
9260,,42661.8,72825.8,APB,no_hyp,no_hyp,no_hyp,ok,ok,
9261,,187200.9,319499.2,APB,no_hyp,no_hyp,no_hyp,ok,ok,
9262,,302726.7,516579.6,APB,no_hyp,no_hyp,no_hyp,ok,ok,
9263,,58344.9,99549.4,APB,no_hyp,no_hyp,no_hyp,ok,ok,
9264,,329166.8,561555.5,APB,no_hyp,no_hyp,no_hyp,ok,ok,
9265,,88976.5,151773.1,APB,no_hyp,no_hyp,no_hyp,ok,ok,
9266,,96662.9,164887.0,APB,no_hyp,no_hyp,no_hyp,ok,ok,
9267,,68509.4,116862.5,APB,no_hyp,no_hyp,no_hyp,ok,ok,
9268,,160669.4,274040.4,APB,no_hyp,no_hyp,no_hyp,ok,ok,
9269,,9015.1,15589.8,APB,no_hyp,no_hyp,no_hyp,ok,ok,
9270,,16452.9,28450.7,APB,no_hyp,no_hyp,no_hyp,ok,ok,
9271,,25936.6,44892.4,APB,no_hyp,no_hyp,no_hyp,ok,ok,
9272,,10852.0,18779.1,APB,no_hyp,no_hyp,no_hyp,ok,ok,
9273,,7432.8,12862.3,APB,no_hyp,no_hyp,no_hyp,ok,ok,
9274,,110322.8,190925.4,APB,no_hyp,no_hyp,no_hyp,ok,ok,
9275,,36095.9,62404.4,APB,no_hyp,no_hyp,no_hyp,ok,ok,
9276,,13592.2,23507.2,APB,no_hyp,no_hyp,no_hyp,ok,ok,
9277,,87886.3,152012.4,APB,no_hyp,no_hyp,no_hyp,ok,ok,
9278,,33998.3,58806.9,APB,no_hyp,no_hyp,no_hyp,ok,ok,
9279,,27533.5,47659.1,APB,no_hyp,no_hyp,no_hyp,ok,ok,
9280,,20098.4,34782.9,APB,no_hyp,no_hyp,no_hyp,ok,ok,
9281,,7361.4,12739.4,APB,no_hyp,no_hyp,no_hyp,ok,ok,
9282,,283361.4,489792.5,APB,no_hyp,no_hyp,no_hyp,ok,ok,
9283,,56596.9,97857.5,APB,no_hyp,no_hyp,no_hyp,ok,ok,
9284,,47448.7,82046.4,APB,no_hyp,no_hyp,no_hyp,ok,ok,
9285,,26488.0,45810.6,APB,no_hyp,no_hyp,no_hyp,ok,ok,
9286,,19713.9,34094.8,APB,no_hyp,no_hyp,no_hyp,ok,ok,
9287,,57682.0,99747.6,APB,no_hyp,no_hyp,no_hyp,ok,ok,
9288,,6150.2,10637.8,APB,no_hyp,no_hyp,no_hyp,ok,ok,
9289,,5998.2,10374.3,APB,no_hyp,no_hyp,no_hyp,ok,ok,
9290,,11218.3,19404.1,APB,no_hyp,no_hyp,no_hyp,ok,ok,
9291,,32402.8,56055.9,APB,no_hyp,no_hyp,no_hyp,ok,ok,
9292,,3902.6,6752.3,APB,no_hyp,no_hyp,no_hyp,ok,ok,
9293,,3632.4,6286.1,APB,no_hyp,no_hyp,no_hyp,ok,ok,
9294,,17428.2,30162.3,APB,no_hyp,no_hyp,no_hyp,ok,ok,
9295,,34478.4,59669.3,APB,no_hyp,no_hyp,no_hyp,ok,ok,
9296,,28148.2,48723.6,APB,no_hyp,no_hyp,no_hyp,ok,ok,
9297,,32544.4,56328.3,APB,no_hyp,no_hyp,no_hyp,ok,ok,
9298,,220217.1,381168.3,APB,no_hyp,no_hyp,no_hyp,ok,ok,
9299,,18019.7,31168.1,APB,no_hyp,no_hyp,no_hyp,ok,ok,
9300,,10105.6,17480.3,APB,no_hyp,no_hyp,no_hyp,ok,ok,
9301,,33269.8,57548.6,APB,no_hyp,no_hyp,no_hyp,ok,ok,
9302,,35504.6,61420.9,APB,no_hyp,no_hyp,no_hyp,ok,ok,
9303,,63495.6,109861.1,APB,no_hyp,no_hyp,no_hyp,ok,ok,
9304,,9045.2,15650.9,APB,no_hyp,no_hyp,no_hyp,ok,ok,
9305,,19200.5,33225.2,APB,no_hyp,no_hyp,no_hyp,ok,ok,
9306,,25498.8,44127.9,APB,no_hyp,no_hyp,no_hyp,ok,ok,
9307,,16400.8,28380.1,APB,no_hyp,no_hyp,no_hyp,ok,ok,
9308,,18895.1,32695.0,APB,no_hyp,no_hyp,no_hyp,ok,ok,
9309,,69241.1,119802.2,APB,no_hyp,no_hyp,no_hyp,ok,ok,
9310,,11410.3,19740.3,APB,no_hyp,no_hyp,no_hyp,ok,ok,
9311,,38913.0,67318.3,APB,no_hyp,no_hyp,no_hyp,ok,ok,
9312,,5187.7,8958.2,APB,no_hyp,no_hyp,no_hyp,ok,ok,
9313,,16908.0,29198.6,APB,no_hyp,no_hyp,no_hyp,ok,ok,
9314,,12368.8,21357.1,APB,no_hyp,no_hyp,no_hyp,ok,ok,
9315,,14616.5,25239.8,APB,no_hyp,no_hyp,no_hyp,ok,ok,
9316,,6341.4,10951.5,APB,no_hyp,no_hyp,no_hyp,ok,ok,
9317,,7022.2,12126.9,APB,no_hyp,no_hyp,no_hyp,ok,ok,
9318,,12432.4,21469.7,APB,no_hyp,no_hyp,no_hyp,ok,ok,
9319,,13540.3,23391.0,APB,no_hyp,no_hyp,no_hyp,ok,ok,
9320,,8172.4,14118.6,APB,no_hyp,no_hyp,no_hyp,ok,ok,
9321,,37331.9,64498.7,APB,no_hyp,no_hyp,no_hyp,ok,ok,
9322,,29196.5,50451.6,APB,no_hyp,no_hyp,no_hyp,ok,ok,
9323,,3406.1,5886.5,APB,no_hyp,no_hyp,no_hyp,ok,ok,
9324,,6767.5,11695.4,APB,no_hyp,no_hyp,no_hyp,ok,ok,
9325,,11318.4,19560.1,APB,no_hyp,no_hyp,no_hyp,ok,ok,
9326,,46909.0,81041.3,APB,no_hyp,no_hyp,no_hyp,ok,ok,
9327,,12181.1,21047.4,APB,no_hyp,no_hyp,no_hyp,ok,ok,
9328,,34519.4,59646.7,APB,no_hyp,no_hyp,no_hyp,ok,ok,
9329,,47784.0,82473.1,APB,no_hyp,no_hyp,no_hyp,ok,ok,
9330,,27857.9,48089.1,APB,no_hyp,no_hyp,no_hyp,ok,ok,
9331,,27139.0,46852.4,APB,no_hyp,no_hyp,no_hyp,ok,ok,
9332,,24700.6,42646.8,APB,no_hyp,no_hyp,no_hyp,ok,ok,
9333,,7096.1,12252.4,APB,no_hyp,no_hyp,no_hyp,ok,ok,
9334,,14983.2,25871.6,APB,no_hyp,no_hyp,no_hyp,ok,ok,
9335,,15893.1,27444.0,APB,no_hyp,no_hyp,no_hyp,ok,ok,
9336,,26840.9,46352.3,APB,no_hyp,no_hyp,no_hyp,ok,ok,
9337,,165749.0,286256.8,APB,no_hyp,no_hyp,no_hyp,ok,ok,
9338,,140819.5,243813.2,APB,no_hyp,no_hyp,no_hyp,ok,ok,
9339,,23098.8,39988.1,APB,no_hyp,no_hyp,no_hyp,ok,ok,
9340,,18927.1,32754.1,APB,no_hyp,no_hyp,no_hyp,ok,ok,
9341,,12009.7,20798.5,APB,no_hyp,no_hyp,no_hyp,ok,ok,
9342,,4725.2,8182.9,APB,no_hyp,no_hyp,no_hyp,ok,ok,
9343,,10822.2,18728.2,APB,no_hyp,no_hyp,no_hyp,ok,ok,
9344,,18970.1,32759.7,APB,no_hyp,no_hyp,no_hyp,ok,ok,
9345,,33512.3,57887.6,APB,no_hyp,no_hyp,no_hyp,ok,ok,
9346,,6886.4,11885.6,APB,no_hyp,no_hyp,no_hyp,ok,ok,
9347,,39324.1,68049.8,APB,no_hyp,no_hyp,no_hyp,ok,ok,
9348,,12128.4,20990.7,APB,no_hyp,no_hyp,no_hyp,ok,ok,
9349,,5642.7,9765.7,APB,no_hyp,no_hyp,no_hyp,ok,ok,
9350,,146615.7,253697.2,APB,no_hyp,no_hyp,no_hyp,ok,ok,
9351,,39511.0,68379.8,APB,no_hyp,no_hyp,no_hyp,ok,ok,
9352,,23198.6,40149.9,APB,no_hyp,no_hyp,no_hyp,ok,ok,
9353,,108176.3,187218.6,APB,no_hyp,no_hyp,no_hyp,ok,ok,
9354,,25856.3,44745.2,APB,no_hyp,no_hyp,no_hyp,ok,ok,
9355,,32272.8,55851.5,APB,no_hyp,no_hyp,no_hyp,ok,ok,
9356,,69273.8,119952.0,APB,no_hyp,no_hyp,no_hyp,ok,ok,
9357,,41759.6,72311.2,APB,no_hyp,no_hyp,no_hyp,ok,ok,
9358,,6185.4,10709.9,APB,no_hyp,no_hyp,no_hyp,ok,ok,
9359,,9484.0,16378.5,APB,no_hyp,no_hyp,no_hyp,ok,ok,
9360,,104977.0,181569.1,APB,no_hyp,no_hyp,no_hyp,ok,ok,
9361,,43314.9,74911.6,APB,no_hyp,no_hyp,no_hyp,ok,ok,
9362,,4789.6,8284.7,APB,no_hyp,no_hyp,no_hyp,ok,ok,
9363,,39777.1,68819.9,APB,no_hyp,no_hyp,no_hyp,ok,ok,
9364,,23519.0,40668.7,APB,no_hyp,no_hyp,no_hyp,ok,ok,
9365,,41462.4,71733.1,APB,no_hyp,no_hyp,no_hyp,ok,ok,
9366,,22323.4,38607.3,APB,no_hyp,no_hyp,no_hyp,ok,ok,
9367,,25680.7,44399.4,APB,no_hyp,no_hyp,no_hyp,ok,ok,
9368,,10937.2,18905.6,APB,no_hyp,no_hyp,no_hyp,ok,ok,
9369,,69890.1,120065.3,APB,no_hyp,no_hyp,no_hyp,ok,ok,
9370,,13284.4,22816.8,APB,no_hyp,no_hyp,no_hyp,ok,ok,
9371,,37268.2,64007.4,APB,no_hyp,no_hyp,no_hyp,ok,ok,
9372,,24624.8,42290.7,APB,no_hyp,no_hyp,no_hyp,ok,ok,
9373,,71919.6,123492.6,APB,no_hyp,no_hyp,no_hyp,ok,ok,
9374,,31785.9,54586.1,APB,no_hyp,no_hyp,no_hyp,ok,ok,
9375,,24343.2,41802.6,APB,no_hyp,no_hyp,no_hyp,ok,ok,
9376,,9749.5,16744.6,APB,no_hyp,no_hyp,no_hyp,ok,ok,
9377,,100146.7,172081.3,APB,no_hyp,no_hyp,no_hyp,ok,ok,
9378,,69355.5,119206.7,APB,no_hyp,no_hyp,no_hyp,ok,ok,
9379,,18744.0,32213.8,APB,no_hyp,no_hyp,no_hyp,ok,ok,
9380,,48096.3,82670.3,APB,no_hyp,no_hyp,no_hyp,ok,ok,
9381,,16203.2,27851.5,APB,no_hyp,no_hyp,no_hyp,ok,ok,
9382,,52922.2,90941.1,APB,no_hyp,no_hyp,no_hyp,ok,ok,
9383,,57235.2,98357.0,APB,no_hyp,no_hyp,no_hyp,ok,ok,
9384,,25134.7,43184.7,APB,no_hyp,no_hyp,no_hyp,ok,ok,
9385,,8354.6,14073.5,APB,no_hyp,no_hyp,no_hyp,ok,ok,
9386,花家地南里,94675.0,160639.4,APB,no_hyp,no_hyp,no_hyp,ok,ok,
9387,海棠园,7446.9,12707.1,APB,no_hyp,no_hyp,no_hyp,ok,ok,
9388,,22370.5,38136.6,APB,no_hyp,no_hyp,no_hyp,ok,ok,
9389,首创·澜茵山三期,81769.0,140519.4,APB,no_hyp,no_hyp,no_hyp,ok,ok,
9390,,15944.1,27387.5,APB,no_hyp,no_hyp,no_hyp,ok,ok,
9391,,69491.6,120027.4,APB,no_hyp,no_hyp,no_hyp,ok,ok,
9392,,72370.4,124996.4,APB,no_hyp,no_hyp,no_hyp,ok,ok,
9393,,277380.6,479177.5,APB,no_hyp,no_hyp,no_hyp,ok,ok,
9394,,50184.9,86710.1,APB,no_hyp,no_hyp,no_hyp,ok,ok,
9395,,184494.8,318576.1,APB,no_hyp,no_hyp,no_hyp,ok,ok,
9396,,371211.7,640968.4,APB,no_hyp,no_hyp,no_hyp,ok,ok,
9397,,38756.7,66962.7,APB,no_hyp,no_hyp,no_hyp,ok,ok,
9398,,53244.8,92004.4,APB,no_hyp,no_hyp,no_hyp,ok,ok,
9399,,261687.6,451818.3,APB,no_hyp,no_hyp,no_hyp,ok,ok,
9400,,106748.0,184295.7,APB,no_hyp,no_hyp,no_hyp,ok,ok,
9401,,91176.5,157155.3,APB,no_hyp,no_hyp,no_hyp,ok,ok,
9402,,92450.0,158934.7,APB,no_hyp,no_hyp,no_hyp,ok,ok,
9403,,252551.3,434273.8,APB,no_hyp,no_hyp,no_hyp,ok,ok,
9404,,63522.6,109230.9,APB,no_hyp,no_hyp,no_hyp,ok,ok,
9405,,256004.8,440246.4,APB,no_hyp,no_hyp,no_hyp,ok,ok,
9406,,362080.8,622826.0,APB,no_hyp,no_hyp,no_hyp,ok,ok,
9407,,54524.1,93791.1,APB,no_hyp,no_hyp,no_hyp,ok,ok,
9408,,91661.3,157665.5,APB,no_hyp,no_hyp,no_hyp,ok,ok,
9409,,28682.8,49352.8,APB,no_hyp,no_hyp,no_hyp,ok,ok,
9410,,166569.1,286630.6,APB,no_hyp,no_hyp,no_hyp,ok,ok,
9411,,218225.0,375538.4,APB,no_hyp,no_hyp,no_hyp,ok,ok,
9412,,61671.6,106115.9,APB,no_hyp,no_hyp,no_hyp,ok,ok,
9413,,192437.0,331075.0,APB,no_hyp,no_hyp,no_hyp,ok,ok,
9414,,189246.6,325534.4,APB,no_hyp,no_hyp,no_hyp,ok,ok,
9415,睿康家园,23361.3,40169.0,APB,no_hyp,no_hyp,no_hyp,ok,ok,
9416,,138736.0,238526.9,APB,no_hyp,no_hyp,no_hyp,ok,ok,
9417,,148925.3,256017.9,APB,no_hyp,no_hyp,no_hyp,ok,ok,
9418,,338081.5,581596.2,APB,no_hyp,no_hyp,no_hyp,ok,ok,
9419,,26286.2,45217.2,APB,no_hyp,no_hyp,no_hyp,ok,ok,
9420,,36160.5,62200.9,APB,no_hyp,no_hyp,no_hyp,ok,ok,
9421,,31274.9,53809.4,APB,no_hyp,no_hyp,no_hyp,ok,ok,
9422,,44046.3,75781.2,APB,no_hyp,no_hyp,no_hyp,ok,ok,
9423,,372902.6,641805.0,APB,no_hyp,no_hyp,no_hyp,ok,ok,
9424,,370330.7,637577.2,APB,no_hyp,no_hyp,no_hyp,ok,ok,
9425,,166754.8,287141.1,APB,no_hyp,no_hyp,no_hyp,ok,ok,
9426,,91779.2,158069.7,APB,no_hyp,no_hyp,no_hyp,ok,ok,
9427,,196486.7,338389.0,APB,no_hyp,no_hyp,no_hyp,ok,ok,
9428,,117405.0,202225.6,APB,no_hyp,no_hyp,no_hyp,ok,ok,
9429,,222582.2,383343.8,APB,no_hyp,no_hyp,no_hyp,ok,ok,
9430,,239344.1,412375.7,APB,no_hyp,no_hyp,no_hyp,ok,ok,
9431,,150302.9,259009.7,APB,no_hyp,no_hyp,no_hyp,ok,ok,
9432,,74513.2,128409.0,APB,no_hyp,no_hyp,no_hyp,ok,ok,
9433,,109867.0,189352.1,APB,no_hyp,no_hyp,no_hyp,ok,ok,
9434,,48091.7,82891.4,APB,no_hyp,no_hyp,no_hyp,ok,ok,
9435,,46791.0,80659.7,APB,no_hyp,no_hyp,no_hyp,ok,ok,
9436,,148285.9,255709.7,APB,no_hyp,no_hyp,no_hyp,ok,ok,
9437,,64286.6,110855.9,APB,no_hyp,no_hyp,no_hyp,ok,ok,
9438,,141497.3,243871.0,APB,no_hyp,no_hyp,no_hyp,ok,ok,
9439,,49775.1,85773.7,APB,no_hyp,no_hyp,no_hyp,ok,ok,
9440,,103751.3,178739.9,APB,no_hyp,no_hyp,no_hyp,ok,ok,
9441,,64886.6,111772.2,APB,no_hyp,no_hyp,no_hyp,ok,ok,
9442,,162165.4,279347.6,APB,no_hyp,no_hyp,no_hyp,ok,ok,
9443,,127214.2,219137.7,APB,no_hyp,no_hyp,no_hyp,ok,ok,
9444,,439597.6,757253.6,APB,no_hyp,no_hyp,no_hyp,ok,ok,
9445,,47105.0,81145.2,APB,no_hyp,no_hyp,no_hyp,ok,ok,
9446,,445543.7,767403.4,APB,no_hyp,no_hyp,no_hyp,ok,ok,
9447,,382247.1,658368.7,APB,no_hyp,no_hyp,no_hyp,ok,ok,
9448,,456229.6,786398.5,APB,no_hyp,no_hyp,no_hyp,ok,ok,
9449,,250590.2,430477.0,APB,no_hyp,no_hyp,no_hyp,ok,ok,
9450,,31729.1,54512.6,APB,no_hyp,no_hyp,no_hyp,ok,ok,
9451,,96048.1,165005.7,APB,no_hyp,no_hyp,no_hyp,ok,ok,
9452,,208403.7,358169.8,APB,no_hyp,no_hyp,no_hyp,ok,ok,
9453,,117937.5,202631.6,APB,no_hyp,no_hyp,no_hyp,ok,ok,
9454,,130720.1,224579.3,APB,no_hyp,no_hyp,no_hyp,ok,ok,
9455,,186547.7,320533.1,APB,no_hyp,no_hyp,no_hyp,ok,ok,
9456,,291548.5,501001.6,APB,no_hyp,no_hyp,no_hyp,ok,ok,
9457,,99984.4,171873.0,APB,no_hyp,no_hyp,no_hyp,ok,ok,
9458,,174517.8,299693.1,APB,no_hyp,no_hyp,no_hyp,ok,ok,
9459,,292164.1,501668.1,APB,no_hyp,no_hyp,no_hyp,ok,ok,
9460,,36699.0,63022.4,APB,no_hyp,no_hyp,no_hyp,ok,ok,
9461,,259024.2,444983.6,APB,no_hyp,no_hyp,no_hyp,ok,ok,
9462,,125490.8,215697.2,APB,no_hyp,no_hyp,no_hyp,ok,ok,
9463,,538677.6,926017.0,APB,no_hyp,no_hyp,no_hyp,ok,ok,
9464,,103824.1,178481.4,APB,no_hyp,no_hyp,no_hyp,ok,ok,
9465,,15616.2,26848.6,APB,no_hyp,no_hyp,no_hyp,ok,ok,
9466,,121692.8,209242.6,APB,no_hyp,no_hyp,no_hyp,ok,ok,
9467,,61450.4,105666.2,APB,no_hyp,no_hyp,no_hyp,ok,ok,
9468,,372044.7,639589.8,APB,no_hyp,no_hyp,no_hyp,ok,ok,
9469,,58308.3,100190.2,APB,no_hyp,no_hyp,no_hyp,ok,ok,
9470,,90386.6,155167.0,APB,no_hyp,no_hyp,no_hyp,ok,ok,
9471,,213957.9,367912.7,APB,no_hyp,no_hyp,no_hyp,ok,ok,
9472,,223585.1,384840.9,APB,no_hyp,no_hyp,no_hyp,ok,ok,
9473,,310661.2,534718.5,APB,no_hyp,no_hyp,no_hyp,ok,ok,
9474,,79175.2,136309.0,APB,no_hyp,no_hyp,no_hyp,ok,ok,
9475,,51918.0,89396.6,APB,no_hyp,no_hyp,no_hyp,ok,ok,
9476,,11519.2,19835.6,APB,no_hyp,no_hyp,no_hyp,ok,ok,
9477,,127176.5,219007.9,APB,no_hyp,no_hyp,no_hyp,ok,ok,
9478,,279123.0,480873.3,APB,no_hyp,no_hyp,no_hyp,ok,ok,
9479,,166829.9,287378.9,APB,no_hyp,no_hyp,no_hyp,ok,ok,
9480,,248697.3,428281.7,APB,no_hyp,no_hyp,no_hyp,ok,ok,
9481,,40164.5,69174.5,APB,no_hyp,no_hyp,no_hyp,ok,ok,
9482,,370320.8,637658.5,APB,no_hyp,no_hyp,no_hyp,ok,ok,
9483,,47365.4,81657.0,APB,no_hyp,no_hyp,no_hyp,ok,ok,
9484,,302262.1,521170.3,APB,no_hyp,no_hyp,no_hyp,ok,ok,
9485,,426531.1,735374.9,APB,no_hyp,no_hyp,no_hyp,ok,ok,
9486,,172801.0,297889.2,APB,no_hyp,no_hyp,no_hyp,ok,ok,
9487,,334971.6,577536.0,APB,no_hyp,no_hyp,no_hyp,ok,ok,
9488,,110211.6,190145.7,APB,no_hyp,no_hyp,no_hyp,ok,ok,
9489,,69995.4,120787.3,APB,no_hyp,no_hyp,no_hyp,ok,ok,
9490,,252836.3,436591.2,APB,no_hyp,no_hyp,no_hyp,ok,ok,
9491,,308106.0,531817.9,APB,no_hyp,no_hyp,no_hyp,ok,ok,
9492,,606535.6,1047160.8,APB,no_hyp,no_hyp,no_hyp,ok,ok,
9493,,52067.2,89955.9,APB,no_hyp,no_hyp,no_hyp,ok,ok,
9494,,8706.1,15041.1,APB,no_hyp,no_hyp,no_hyp,ok,ok,
9495,,207286.4,357648.1,APB,no_hyp,no_hyp,no_hyp,ok,ok,
9496,,117503.7,202666.2,APB,no_hyp,no_hyp,no_hyp,ok,ok,
9497,,239683.0,413315.6,APB,no_hyp,no_hyp,no_hyp,ok,ok,
9498,,10120.0,17407.1,APB,no_hyp,no_hyp,no_hyp,ok,ok,
9499,,295243.8,508277.3,APB,no_hyp,no_hyp,no_hyp,ok,ok,
9500,,918859.5,1582369.1,APB,no_hyp,no_hyp,no_hyp,ok,ok,
9501,,125048.4,215389.4,APB,no_hyp,no_hyp,no_hyp,ok,ok,
9502,,75595.0,130276.0,APB,no_hyp,no_hyp,no_hyp,ok,ok,
9503,,266518.0,458440.2,APB,no_hyp,no_hyp,no_hyp,ok,ok,
9504,,10957.9,18840.9,APB,no_hyp,no_hyp,no_hyp,ok,ok,
9505,,447127.0,768459.0,APB,no_hyp,no_hyp,no_hyp,ok,ok,
9506,,125731.2,216091.3,APB,no_hyp,no_hyp,no_hyp,ok,ok,
9507,,13233.6,22746.4,APB,no_hyp,no_hyp,no_hyp,ok,ok,
9508,,164885.7,283503.0,APB,no_hyp,no_hyp,no_hyp,ok,ok,
9509,,19027.4,32704.4,APB,no_hyp,no_hyp,no_hyp,ok,ok,
9510,,450564.7,773785.1,APB,no_hyp,no_hyp,no_hyp,ok,ok,
9511,屯军营村,158479.6,272089.0,APB,no_hyp,no_hyp,no_hyp,ok,ok,
9512,,248474.1,426644.8,APB,no_hyp,no_hyp,no_hyp,ok,ok,
9513,,59654.8,102414.2,APB,no_hyp,no_hyp,no_hyp,ok,ok,
9514,,42222.5,72589.6,APB,no_hyp,no_hyp,no_hyp,ok,ok,
9515,,104064.0,178924.7,APB,no_hyp,no_hyp,no_hyp,ok,ok,
9516,,22414.1,38540.8,APB,no_hyp,no_hyp,no_hyp,ok,ok,
9517,,55793.4,95942.9,APB,no_hyp,no_hyp,no_hyp,ok,ok,
9518,伍福家园,29139.4,50089.4,APB,no_hyp,no_hyp,no_hyp,ok,ok,
9519,,88668.6,152874.0,APB,no_hyp,no_hyp,no_hyp,ok,ok,
9520,,8732.1,15054.6,APB,no_hyp,no_hyp,no_hyp,ok,ok,
9521,,553860.2,955054.3,APB,no_hyp,no_hyp,no_hyp,ok,ok,
9522,,144074.3,248082.3,APB,no_hyp,no_hyp,no_hyp,ok,ok,
9523,,408719.4,703911.8,APB,no_hyp,no_hyp,no_hyp,ok,ok,
9524,,99615.2,171845.4,APB,no_hyp,no_hyp,no_hyp,ok,ok,
9525,,37124.0,64053.1,APB,no_hyp,no_hyp,no_hyp,ok,ok,
9526,,73487.8,126807.0,APB,no_hyp,no_hyp,no_hyp,ok,ok,
9527,,678555.3,1170244.5,APB,no_hyp,no_hyp,no_hyp,ok,ok,
9528,,38742.5,66809.7,APB,no_hyp,no_hyp,no_hyp,ok,ok,
9529,,446945.4,770682.2,APB,no_hyp,no_hyp,no_hyp,ok,ok,
9530,,46443.1,80091.4,APB,no_hyp,no_hyp,no_hyp,ok,ok,
9531,,16127.3,27812.0,APB,no_hyp,no_hyp,no_hyp,ok,ok,
9532,,368261.1,634903.9,APB,no_hyp,no_hyp,no_hyp,ok,ok,
9533,,215720.0,371875.5,APB,no_hyp,no_hyp,no_hyp,ok,ok,
9534,,450217.0,774704.4,APB,no_hyp,no_hyp,no_hyp,ok,ok,
9535,,126452.5,217594.7,APB,no_hyp,no_hyp,no_hyp,ok,ok,
9536,,134853.5,232037.3,APB,no_hyp,no_hyp,no_hyp,ok,ok,
9537,,118240.9,203470.6,APB,no_hyp,no_hyp,no_hyp,ok,ok,
9538,,121614.4,209391.6,APB,no_hyp,no_hyp,no_hyp,ok,ok,
9539,,547738.4,943229.6,APB,no_hyp,no_hyp,no_hyp,ok,ok,
9540,,202218.9,348043.6,APB,no_hyp,no_hyp,no_hyp,ok,ok,
9541,,125549.9,216133.3,APB,no_hyp,no_hyp,no_hyp,ok,ok,
9542,,28705.6,49420.1,APB,no_hyp,no_hyp,no_hyp,ok,ok,
9543,,28420.2,48940.0,APB,no_hyp,no_hyp,no_hyp,ok,ok,
9544,,66466.7,114444.5,APB,no_hyp,no_hyp,no_hyp,ok,ok,
9545,,310343.8,534008.8,APB,no_hyp,no_hyp,no_hyp,ok,ok,
9546,,480764.2,827297.3,APB,no_hyp,no_hyp,no_hyp,ok,ok,
9547,,187906.5,323434.8,APB,no_hyp,no_hyp,no_hyp,ok,ok,
9548,,21591.0,37167.9,APB,no_hyp,no_hyp,no_hyp,ok,ok,
9549,,91015.5,156675.9,APB,no_hyp,no_hyp,no_hyp,ok,ok,
9550,,171652.5,295426.1,APB,no_hyp,no_hyp,no_hyp,ok,ok,
9551,,154009.0,264723.0,APB,no_hyp,no_hyp,no_hyp,ok,ok,
9552,,13189.4,22673.4,APB,no_hyp,no_hyp,no_hyp,ok,ok,
9553,,95422.1,163921.6,APB,no_hyp,no_hyp,no_hyp,ok,ok,
9554,,72367.6,124301.3,APB,no_hyp,no_hyp,no_hyp,ok,ok,
9555,,18850.1,32387.1,APB,no_hyp,no_hyp,no_hyp,ok,ok,
9556,,111905.0,192332.3,APB,no_hyp,no_hyp,no_hyp,ok,ok,
9557,,87338.8,150113.8,APB,no_hyp,no_hyp,no_hyp,ok,ok,
9558,,133030.3,228672.2,APB,no_hyp,no_hyp,no_hyp,ok,ok,
9559,,11623.4,19971.5,APB,no_hyp,no_hyp,no_hyp,ok,ok,
9560,北京依山小苑度假别墅,107511.4,184731.6,APB,no_hyp,no_hyp,no_hyp,ok,ok,
9561,,454163.1,780679.2,APB,no_hyp,no_hyp,no_hyp,ok,ok,
9562,首创·澜茵山,272209.7,467810.7,APB,no_hyp,no_hyp,no_hyp,ok,ok,
9563,,153037.9,263167.7,APB,no_hyp,no_hyp,no_hyp,ok,ok,
9564,,92301.1,158758.2,APB,no_hyp,no_hyp,no_hyp,ok,ok,
9565,,45889.3,78940.3,APB,no_hyp,no_hyp,no_hyp,ok,ok,
9566,,22630.5,38848.6,APB,no_hyp,no_hyp,no_hyp,ok,ok,
9567,,32036.1,55000.3,APB,no_hyp,no_hyp,no_hyp,ok,ok,
9568,,63419.4,108889.8,APB,no_hyp,no_hyp,no_hyp,ok,ok,
9569,,11494.7,19737.9,APB,no_hyp,no_hyp,no_hyp,ok,ok,
9570,,115932.0,199060.8,APB,no_hyp,no_hyp,no_hyp,ok,ok,
9571,,39897.2,68574.3,APB,no_hyp,no_hyp,no_hyp,ok,ok,
9572,,5724.0,9838.8,APB,no_hyp,no_hyp,no_hyp,ok,ok,
9573,,58755.4,100963.3,APB,no_hyp,no_hyp,no_hyp,ok,ok,
9574,,31515.5,54160.5,APB,no_hyp,no_hyp,no_hyp,ok,ok,
9575,,32256.0,55443.9,APB,no_hyp,no_hyp,no_hyp,ok,ok,
9576,,77079.7,132520.7,APB,no_hyp,no_hyp,no_hyp,ok,ok,
9577,,144045.9,247167.8,APB,no_hyp,no_hyp,no_hyp,ok,ok,
9578,军山职工生活区,18979.8,32599.9,APB,no_hyp,no_hyp,no_hyp,ok,ok,
9579,,28133.0,48423.5,APB,no_hyp,no_hyp,no_hyp,ok,ok,
9580,艾官营村2区,32336.6,55679.9,APB,no_hyp,no_hyp,no_hyp,ok,ok,
9581,,43784.1,75434.7,APB,no_hyp,no_hyp,no_hyp,ok,ok,
9582,,121731.6,209776.0,APB,no_hyp,no_hyp,no_hyp,ok,ok,
9583,,144806.2,249579.6,APB,no_hyp,no_hyp,no_hyp,ok,ok,
9584,,63254.6,109103.2,APB,no_hyp,no_hyp,no_hyp,ok,ok,
9585,,82209.7,141814.1,APB,no_hyp,no_hyp,no_hyp,ok,ok,
9586,,90581.2,156202.6,APB,no_hyp,no_hyp,no_hyp,ok,ok,
9587,,170808.3,294860.5,APB,no_hyp,no_hyp,no_hyp,ok,ok,
9588,,431181.2,744394.1,APB,no_hyp,no_hyp,no_hyp,ok,ok,
9589,,77023.8,132970.3,APB,no_hyp,no_hyp,no_hyp,ok,ok,
9590,,20383.9,35188.8,APB,no_hyp,no_hyp,no_hyp,ok,ok,
9591,,183891.1,317360.7,APB,no_hyp,no_hyp,no_hyp,ok,ok,
9592,建雄小区,38087.8,65722.0,APB,no_hyp,no_hyp,no_hyp,ok,ok,
9593,,55392.7,95583.5,APB,no_hyp,no_hyp,no_hyp,ok,ok,
9594,,546058.8,942275.5,APB,no_hyp,no_hyp,no_hyp,ok,ok,
9595,,26910.3,46275.2,APB,no_hyp,no_hyp,no_hyp,ok,ok,
9596,,70467.2,121176.2,APB,no_hyp,no_hyp,no_hyp,ok,ok,
9597,,24217.7,41647.4,APB,no_hyp,no_hyp,no_hyp,ok,ok,
9598,,56311.8,97121.1,APB,no_hyp,no_hyp,no_hyp,ok,ok,
9599,,160307.7,276382.9,APB,no_hyp,no_hyp,no_hyp,ok,ok,
9600,,36200.6,62423.3,APB,no_hyp,no_hyp,no_hyp,ok,ok,
9601,,108384.5,186810.1,APB,no_hyp,no_hyp,no_hyp,ok,ok,
9602,,19209.1,33123.7,APB,no_hyp,no_hyp,no_hyp,ok,ok,
9603,,15977.8,27550.5,APB,no_hyp,no_hyp,no_hyp,ok,ok,
9604,,11218.8,19337.4,APB,no_hyp,no_hyp,no_hyp,ok,ok,
9605,,26005.4,44813.4,APB,no_hyp,no_hyp,no_hyp,ok,ok,
9606,,9532.7,16422.3,APB,no_hyp,no_hyp,no_hyp,ok,ok,
9607,,121107.9,208593.3,APB,no_hyp,no_hyp,no_hyp,ok,ok,
9608,,74306.8,128000.7,APB,no_hyp,no_hyp,no_hyp,ok,ok,
9609,,34767.7,59917.4,APB,no_hyp,no_hyp,no_hyp,ok,ok,
9610,,28972.2,50032.7,APB,no_hyp,no_hyp,no_hyp,ok,ok,
9611,,4539.1,7842.5,APB,no_hyp,no_hyp,no_hyp,ok,ok,
9612,,224397.6,386918.7,APB,no_hyp,no_hyp,no_hyp,ok,ok,
9613,,30448.4,52510.3,APB,no_hyp,no_hyp,no_hyp,ok,ok,
9614,,10008.4,17260.9,APB,no_hyp,no_hyp,no_hyp,ok,ok,
9615,,14394.8,24832.2,APB,no_hyp,no_hyp,no_hyp,ok,ok,
9616,,88227.6,152001.2,APB,no_hyp,no_hyp,no_hyp,ok,ok,
9617,,9316.8,16053.0,APB,no_hyp,no_hyp,no_hyp,ok,ok,
9618,,227939.6,392673.5,APB,no_hyp,no_hyp,no_hyp,ok,ok,
9619,,11973.8,20631.1,APB,no_hyp,no_hyp,no_hyp,ok,ok,
9620,,62081.2,107006.6,APB,no_hyp,no_hyp,no_hyp,ok,ok,
9621,,45680.5,78661.4,APB,no_hyp,no_hyp,no_hyp,ok,ok,
9622,,89141.4,153473.9,APB,no_hyp,no_hyp,no_hyp,ok,ok,
9623,,9616.4,16557.6,APB,no_hyp,no_hyp,no_hyp,ok,ok,
9624,,25368.8,43669.1,APB,no_hyp,no_hyp,no_hyp,ok,ok,
9625,,12040.2,20723.6,APB,no_hyp,no_hyp,no_hyp,ok,ok,
9626,,66993.9,115333.1,APB,no_hyp,no_hyp,no_hyp,ok,ok,
9627,,17075.9,29388.2,APB,no_hyp,no_hyp,no_hyp,ok,ok,
9628,,44135.7,75965.7,APB,no_hyp,no_hyp,no_hyp,ok,ok,
9629,,2122.5,3653.7,APB,no_hyp,no_hyp,no_hyp,ok,ok,
9630,,8280.9,14248.1,APB,no_hyp,no_hyp,no_hyp,ok,ok,
9631,,54425.6,93610.9,APB,no_hyp,no_hyp,no_hyp,ok,ok,
9632,,75434.6,129732.3,APB,no_hyp,no_hyp,no_hyp,ok,ok,
9633,,8592.2,14776.7,APB,no_hyp,no_hyp,no_hyp,ok,ok,
9634,,12454.9,21479.4,APB,no_hyp,no_hyp,no_hyp,ok,ok,
9635,,67102.3,115704.3,APB,no_hyp,no_hyp,no_hyp,ok,ok,
9636,,20415.8,35200.5,APB,no_hyp,no_hyp,no_hyp,ok,ok,
9637,,21618.0,37280.3,APB,no_hyp,no_hyp,no_hyp,ok,ok,
9638,,49469.1,85310.0,APB,no_hyp,no_hyp,no_hyp,ok,ok,
9639,,78487.8,135303.7,APB,no_hyp,no_hyp,no_hyp,ok,ok,
9640,,83311.4,143770.9,APB,no_hyp,no_hyp,no_hyp,ok,ok,
9641,,181563.1,313400.8,APB,no_hyp,no_hyp,no_hyp,ok,ok,
9642,,51846.2,89555.1,APB,no_hyp,no_hyp,no_hyp,ok,ok,
9643,,22262.2,38415.0,APB,no_hyp,no_hyp,no_hyp,ok,ok,
9644,,11757.5,20289.6,APB,no_hyp,no_hyp,no_hyp,ok,ok,
9645,,10527.5,18164.3,APB,no_hyp,no_hyp,no_hyp,ok,ok,
9646,,155272.0,267574.9,APB,no_hyp,no_hyp,no_hyp,ok,ok,
9647,,91965.2,158034.1,APB,no_hyp,no_hyp,no_hyp,ok,ok,
9648,,524068.2,899500.2,APB,no_hyp,no_hyp,no_hyp,ok,ok,
9649,,202535.5,347681.9,APB,no_hyp,no_hyp,no_hyp,ok,ok,
9650,,29790.9,51140.2,APB,no_hyp,no_hyp,no_hyp,ok,ok,
9651,,71288.0,122733.0,APB,no_hyp,no_hyp,no_hyp,ok,ok,
9652,,84168.6,144990.5,APB,no_hyp,no_hyp,no_hyp,ok,ok,
9653,,13513.1,23285.1,APB,no_hyp,no_hyp,no_hyp,ok,ok,
9654,,163784.8,282358.8,APB,no_hyp,no_hyp,no_hyp,ok,ok,
9655,,36637.7,63169.5,APB,no_hyp,no_hyp,no_hyp,ok,ok,
9656,,41207.9,71048.9,APB,no_hyp,no_hyp,no_hyp,ok,ok,
9657,,9639.9,16620.0,APB,no_hyp,no_hyp,no_hyp,ok,ok,
9658,,68278.4,117850.2,APB,no_hyp,no_hyp,no_hyp,ok,ok,
9659,,432790.3,746620.1,APB,no_hyp,no_hyp,no_hyp,ok,ok,
9660,,50604.6,87334.3,APB,no_hyp,no_hyp,no_hyp,ok,ok,
9661,万德福广场西区,47709.2,81352.1,APB,no_hyp,no_hyp,no_hyp,ok,ok,
9662,万德福广场东区,56689.5,96664.9,APB,no_hyp,no_hyp,no_hyp,ok,ok,
9663,迎宾花园,102976.0,175566.3,APB,no_hyp,no_hyp,no_hyp,ok,ok,
9664,,26693.7,45922.9,APB,no_hyp,no_hyp,no_hyp,ok,ok,
9665,,311948.4,536550.0,APB,no_hyp,no_hyp,no_hyp,ok,ok,
9666,,54811.4,94300.7,APB,no_hyp,no_hyp,no_hyp,ok,ok,
9667,,22251.5,38284.1,APB,no_hyp,no_hyp,no_hyp,ok,ok,
9668,,84639.4,145629.3,APB,no_hyp,no_hyp,no_hyp,ok,ok,
9669,,41477.2,71494.0,APB,no_hyp,no_hyp,no_hyp,ok,ok,
9670,幸苑公寓,16007.5,27520.3,APB,no_hyp,no_hyp,no_hyp,ok,ok,
9671,,9515.6,16359.0,APB,no_hyp,no_hyp,no_hyp,ok,ok,
9672,,25580.1,43999.3,APB,no_hyp,no_hyp,no_hyp,ok,ok,
9673,,28394.9,48840.1,APB,no_hyp,no_hyp,no_hyp,ok,ok,
9674,,46161.5,79483.9,APB,no_hyp,no_hyp,no_hyp,ok,ok,
9675,,74690.8,128639.8,APB,no_hyp,no_hyp,no_hyp,ok,ok,
9676,,55149.1,94975.1,APB,no_hyp,no_hyp,no_hyp,ok,ok,
9677,香苑小区,62044.6,106801.3,APB,no_hyp,no_hyp,no_hyp,ok,ok,
9678,延庆新兴小区东区,11705.6,20151.4,APB,no_hyp,no_hyp,no_hyp,ok,ok,
9679,火车站小区,38314.6,65963.8,APB,no_hyp,no_hyp,no_hyp,ok,ok,
9680,,23265.8,40061.7,APB,no_hyp,no_hyp,no_hyp,ok,ok,
9681,,577135.3,995185.9,APB,no_hyp,no_hyp,no_hyp,ok,ok,
9682,康营家园六区,33362.1,56704.9,APB,no_hyp,no_hyp,no_hyp,ok,ok,
9683,康营家园一区,32555.0,55332.9,APB,no_hyp,no_hyp,no_hyp,ok,ok,
9684,康营家园C区,44014.4,74807.1,APB,no_hyp,no_hyp,no_hyp,ok,ok,
9685,康营家园二社区B区,36915.5,62739.2,APB,no_hyp,no_hyp,no_hyp,ok,ok,
9686,康营家园二社区A区,75491.2,128294.6,APB,no_hyp,no_hyp,no_hyp,ok,ok,
9687,康营家园25区,29469.4,50082.6,APB,no_hyp,no_hyp,no_hyp,ok,ok,
9688,康营家园11区,26399.6,44869.1,APB,no_hyp,no_hyp,no_hyp,ok,ok,
9689,康营家园五区,49973.1,84938.2,APB,no_hyp,no_hyp,no_hyp,ok,ok,
9690,康营家园15区,70148.7,119223.8,APB,no_hyp,no_hyp,no_hyp,ok,ok,
9691,康营家园23区,52425.1,89095.8,APB,no_hyp,no_hyp,no_hyp,ok,ok,
9692,康营家园17区,58855.2,100018.1,APB,no_hyp,no_hyp,no_hyp,ok,ok,
9693,康营家园32区,36868.5,62654.4,APB,no_hyp,no_hyp,no_hyp,ok,ok,
9694,康营家园24区,40688.6,69149.4,APB,no_hyp,no_hyp,no_hyp,ok,ok,
9695,康营家园14区,45077.8,76613.3,APB,no_hyp,no_hyp,no_hyp,ok,ok,
9696,康营家园七区,24577.7,41774.1,APB,no_hyp,no_hyp,no_hyp,ok,ok,
9697,康营家园12区,17655.0,30006.4,APB,no_hyp,no_hyp,no_hyp,ok,ok,
9698,,272176.5,464960.3,APB,no_hyp,no_hyp,no_hyp,ok,ok,
9699,,307835.0,525946.8,APB,no_hyp,no_hyp,no_hyp,ok,ok,
9700,,149587.2,255508.1,APB,no_hyp,no_hyp,no_hyp,ok,ok,
9701,,420834.7,718773.8,APB,no_hyp,no_hyp,no_hyp,ok,ok,
9702,中国铁建理想谷,22881.8,38914.2,APB,no_hyp,no_hyp,no_hyp,ok,ok,
9703,景联嘉园,18128.6,30626.4,APB,no_hyp,no_hyp,no_hyp,ok,ok,
9704,泰禾·拾景园,61151.2,103303.4,APB,no_hyp,no_hyp,no_hyp,ok,ok,
9705,北京冬奥会奥运村,77999.0,132349.1,APB,no_hyp,no_hyp,no_hyp,ok,ok,
9706,,67107.6,113484.7,APB,no_hyp,no_hyp,no_hyp,ok,ok,
9707,東外39號,12778.0,21659.0,APB,no_hyp,no_hyp,no_hyp,ok,ok,
9708,豆瓣胡同东区,18327.3,31051.1,APB,no_hyp,no_hyp,no_hyp,ok,ok,
9709,豆瓣胡同西区,33669.4,57042.3,APB,no_hyp,no_hyp,no_hyp,ok,ok,
9710,圆明园花园别墅,105215.3,178740.5,APB,no_hyp,no_hyp,no_hyp,ok,ok,
9711,国奥村,332671.7,564933.7,APB,no_hyp,no_hyp,no_hyp,ok,ok,
9712,蒲安西里,24050.4,40670.7,APB,no_hyp,no_hyp,no_hyp,ok,ok,
9713,蒲安里,83862.2,141814.8,APB,no_hyp,no_hyp,no_hyp,ok,ok,
9714,,352775.9,604822.0,APB,no_hyp,no_hyp,no_hyp,ok,ok,
9715,,560651.4,960832.7,APB,no_hyp,no_hyp,no_hyp,ok,ok,
9716,静园,78277.1,132160.9,APB,no_hyp,no_hyp,no_hyp,ok,ok,
9717,众勤公寓,25982.8,44578.9,APB,no_hyp,no_hyp,no_hyp,ok,ok,
9718,国锐·境界,54764.2,93945.1,APB,no_hyp,no_hyp,no_hyp,ok,ok,
9719,清华同方物业密云生活区,46881.5,80438.1,APB,no_hyp,no_hyp,no_hyp,ok,ok,
9720,同观·涧桥山,77532.6,133045.4,APB,no_hyp,no_hyp,no_hyp,ok,ok,
9721,桃源公馆,21125.2,36249.5,APB,no_hyp,no_hyp,no_hyp,ok,ok,
9722,懿品府,31593.6,54217.9,APB,no_hyp,no_hyp,no_hyp,ok,ok,
9723,瑞海姆公寓,77935.6,133747.0,APB,no_hyp,no_hyp,no_hyp,ok,ok,
9724,中加锦园,26275.0,45090.9,APB,no_hyp,no_hyp,no_hyp,ok,ok,
9725,,4861.4,8330.6,APB,no_hyp,no_hyp,no_hyp,ok,ok,
9726,永定门东街西里,32536.0,55035.3,APB,no_hyp,no_hyp,no_hyp,ok,ok,
9727,,54447.1,93796.3,APB,no_hyp,no_hyp,no_hyp,ok,ok,
9728,,428657.6,729012.1,APB,no_hyp,no_hyp,no_hyp,ok,ok,
9729,,390704.2,664507.6,APB,no_hyp,no_hyp,no_hyp,ok,ok,
9730,小苏庄,115366.4,196227.1,APB,no_hyp,no_hyp,no_hyp,ok,ok,
9731,,65019.1,110464.4,APB,no_hyp,no_hyp,no_hyp,ok,ok,
9732,,85440.9,145165.4,APB,no_hyp,no_hyp,no_hyp,ok,ok,
9733,,239491.5,406964.6,APB,no_hyp,no_hyp,no_hyp,ok,ok,
9734,,310374.2,527411.2,APB,no_hyp,no_hyp,no_hyp,ok,ok,
9735,,196919.2,334680.2,APB,no_hyp,no_hyp,no_hyp,ok,ok,
9736,,164301.3,279102.4,APB,no_hyp,no_hyp,no_hyp,ok,ok,
9737,南邵教师楼,8575.3,14648.4,APB,no_hyp,no_hyp,no_hyp,ok,ok,
9738,黄渠新村四期安置房项目,91401.2,154848.3,APB,no_hyp,no_hyp,no_hyp,ok,ok,
9739,锦都家园,7326.8,12412.3,APB,no_hyp,no_hyp,no_hyp,ok,ok,
9740,华樾国际二期·领尚,33847.4,57426.8,APB,no_hyp,no_hyp,no_hyp,ok,ok,
9741,中冶德贤御府,21474.6,36435.0,APB,no_hyp,no_hyp,no_hyp,ok,ok,
9742,晏河湾家园二区,28530.9,48400.5,APB,no_hyp,no_hyp,no_hyp,ok,ok,
9743,晏河湾家园一区,19805.2,33596.9,APB,no_hyp,no_hyp,no_hyp,ok,ok,
9744,小中富乐村,180395.3,309337.8,APB,no_hyp,no_hyp,no_hyp,ok,ok,
9745,富乐南里,104804.8,179677.4,APB,no_hyp,no_hyp,no_hyp,ok,ok,
9746,富乐南里北区,8472.0,14524.8,APB,no_hyp,no_hyp,no_hyp,ok,ok,
9747,富乐北里40号院,5050.3,8658.6,APB,no_hyp,no_hyp,no_hyp,ok,ok,
9748,南大街村,110902.9,190084.5,APB,no_hyp,no_hyp,no_hyp,ok,ok,
9749,,11265.1,19305.9,APB,no_hyp,no_hyp,no_hyp,ok,ok,
9750,南华园四区（平房区）,63529.0,108834.0,APB,no_hyp,no_hyp,no_hyp,ok,ok,
9751,南华园三区（平房区）,44403.5,76068.7,APB,no_hyp,no_hyp,no_hyp,ok,ok,
9752,南华大街2号楼,3713.0,6361.1,APB,no_hyp,no_hyp,no_hyp,ok,ok,
9753,南华园二区平房区,10636.8,18224.0,APB,no_hyp,no_hyp,no_hyp,ok,ok,
9754,,152524.7,261263.0,APB,no_hyp,no_hyp,no_hyp,ok,ok,
9755,南大街35号院,21703.0,37186.2,APB,no_hyp,no_hyp,no_hyp,ok,ok,
9756,南大街29号院,3197.5,5478.6,APB,no_hyp,no_hyp,no_hyp,ok,ok,
9757,青春路1号院,6017.6,10310.9,APB,no_hyp,no_hyp,no_hyp,ok,ok,
9758,,7842.8,13437.7,APB,no_hyp,no_hyp,no_hyp,ok,ok,
9759,兆龙居,10847.1,18589.7,APB,no_hyp,no_hyp,no_hyp,ok,ok,
9760,,23840.5,41295.7,APB,no_hyp,no_hyp,no_hyp,ok,ok,
9761,,156708.7,271366.9,APB,no_hyp,no_hyp,no_hyp,ok,ok,
9762,,12188.8,21097.5,APB,no_hyp,no_hyp,no_hyp,ok,ok,
9763,,21298.3,36860.6,APB,no_hyp,no_hyp,no_hyp,ok,ok,
9764,,33904.3,58660.5,APB,no_hyp,no_hyp,no_hyp,ok,ok,
9765,,16803.2,29066.8,APB,no_hyp,no_hyp,no_hyp,ok,ok,
9766,,7513.0,12997.6,APB,no_hyp,no_hyp,no_hyp,ok,ok,
9767,兴运嘉园,21434.9,36895.3,APB,no_hyp,no_hyp,no_hyp,ok,ok,
9768,,74086.0,126032.8,APB,no_hyp,no_hyp,no_hyp,ok,ok,
9769,腾飞园,39935.5,67897.5,APB,no_hyp,no_hyp,no_hyp,ok,ok,
9770,香醍花墅,29254.8,49738.6,APB,no_hyp,no_hyp,no_hyp,ok,ok,
9771,马坊回迁房,127053.6,216012.4,APB,no_hyp,no_hyp,no_hyp,ok,ok,
9772,龙湖长城源著,69152.3,119672.7,APB,no_hyp,no_hyp,no_hyp,ok,ok,
9773,恒富中街7号院,10369.2,17519.9,APB,no_hyp,no_hyp,no_hyp,ok,ok,
9774,城市经典东区,8687.7,14678.4,APB,no_hyp,no_hyp,no_hyp,ok,ok,
9775,天下儒寓,19421.4,32812.6,APB,no_hyp,no_hyp,no_hyp,ok,ok,
9776,宝隆温泉公寓,19206.7,32449.5,APB,no_hyp,no_hyp,no_hyp,ok,ok,
9777,泊寓·院儿成寿寺社区,12563.4,21241.8,APB,no_hyp,no_hyp,no_hyp,ok,ok,
9778,金台园（平房区）,38831.2,66557.6,APB,no_hyp,no_hyp,no_hyp,ok,ok,
9779,金台园（平房区）,28605.3,49029.3,APB,no_hyp,no_hyp,no_hyp,ok,ok,
9780,,4730.5,8177.5,APB,no_hyp,no_hyp,no_hyp,ok,ok,
9781,,11847.3,20479.6,APB,no_hyp,no_hyp,no_hyp,ok,ok,
9782,,67032.3,115882.3,APB,no_hyp,no_hyp,no_hyp,ok,ok,
9783,,78801.5,136774.1,APB,no_hyp,no_hyp,no_hyp,ok,ok,
9784,,63391.9,108381.6,APB,no_hyp,no_hyp,no_hyp,ok,ok,
9785,华龙IN巷,8673.7,14667.5,APB,no_hyp,no_hyp,no_hyp,ok,ok,
9786,大华·启宸府,18627.1,31719.3,APB,no_hyp,no_hyp,no_hyp,ok,ok,
9787,刘家窑北里,25387.8,42930.9,APB,no_hyp,no_hyp,no_hyp,ok,ok,
9788,景泰东里,35581.0,60170.1,APB,no_hyp,no_hyp,no_hyp,ok,ok,
9789,燕保台湖家园,22380.7,37799.3,APB,no_hyp,no_hyp,no_hyp,ok,ok,
9790,,25966.0,43855.5,APB,no_hyp,no_hyp,no_hyp,ok,ok,
9791,,27110.1,45786.2,APB,no_hyp,no_hyp,no_hyp,ok,ok,
9792,欧阳予倩故居,2045.7,3466.4,APB,no_hyp,no_hyp,no_hyp,ok,ok,
9793,花虎沟2号院,13734.3,23325.7,APB,no_hyp,no_hyp,no_hyp,ok,ok,
9794,Naga上院,16438.1,27860.9,APB,no_hyp,no_hyp,no_hyp,ok,ok,
9795,合生·缦云,28489.1,48159.4,APB,no_hyp,no_hyp,no_hyp,ok,ok,
9796,紫瑞家园,21484.1,36417.6,APB,no_hyp,no_hyp,no_hyp,ok,ok,
9797,乐澜宝邸,24203.3,40954.5,APB,no_hyp,no_hyp,no_hyp,ok,ok,
9798,黄金苑,24241.8,41208.3,APB,no_hyp,no_hyp,no_hyp,ok,ok,
9799,畅悦园,97040.1,164268.2,APB,no_hyp,no_hyp,no_hyp,ok,ok,
9800,环保嘉苑13号院,15418.1,26220.9,APB,no_hyp,no_hyp,no_hyp,ok,ok,
9801,富怀嘉苑 B区,37141.4,63805.0,APB,no_hyp,no_hyp,no_hyp,ok,ok,
9802,能建·京玥兰园,29318.6,49586.1,APB,no_hyp,no_hyp,no_hyp,ok,ok,
9803,招商璀璨公元,33926.7,57377.4,APB,no_hyp,no_hyp,no_hyp,ok,ok,
9804,七省办小区,5876.9,9968.7,APB,no_hyp,no_hyp,no_hyp,ok,ok,
9805,和平街十二区,18355.2,31132.9,APB,no_hyp,no_hyp,no_hyp,ok,ok,
9806,金顶山路17号院,7565.0,12823.2,APB,no_hyp,no_hyp,no_hyp,ok,ok,
9807,苹果园中路15号院,6398.5,10840.3,APB,no_hyp,no_hyp,no_hyp,ok,ok,
9808,太利花园,41789.2,70989.9,APB,no_hyp,no_hyp,no_hyp,ok,ok,
9809,东亚新华首航国际,79116.5,134830.8,APB,no_hyp,no_hyp,no_hyp,ok,ok,
9810,嘉莲苑,16530.1,27962.8,APB,no_hyp,no_hyp,no_hyp,ok,ok,
9811,紫运南里一区,29856.7,50545.6,APB,no_hyp,no_hyp,no_hyp,ok,ok,
9812,朗芳园四区,23020.5,38954.3,APB,no_hyp,no_hyp,no_hyp,ok,ok,
9813,三元街甲19号院,8461.7,14311.8,APB,no_hyp,no_hyp,no_hyp,ok,ok,
9814,安定垃圾填埋场周边综合治理村民自住楼西片区,594588.4,998745.2,APB,no_hyp,no_hyp,no_hyp,ok,ok,
9815,顺义新城05街区SY00-6005-6034地块托幼用地,8122.7,13831.6,APB,no_hyp,no_hyp,no_hyp,ok,ok,
9816,万和嘉园二区,34949.5,59450.5,APB,no_hyp,no_hyp,no_hyp,ok,ok,
9817,唐家岭西路南侧牛场宿舍小楼,8563.7,14566.0,APB,no_hyp,no_hyp,no_hyp,ok,ok,
9818,北京新干线,47916.9,81664.4,APB,no_hyp,no_hyp,no_hyp,ok,ok,
9819,建城花园,10473.5,17850.2,APB,no_hyp,no_hyp,no_hyp,ok,ok,
9820,北窑地小区,66686.9,113183.8,APB,no_hyp,no_hyp,no_hyp,ok,ok,
9821,银湖别墅,44159.6,74959.6,APB,no_hyp,no_hyp,no_hyp,ok,ok,
9822,银枫家园,60492.1,102677.8,APB,no_hyp,no_hyp,no_hyp,ok,ok,
9823,北窑地河北一号院,37697.7,63981.8,APB,no_hyp,no_hyp,no_hyp,ok,ok,
9824,礼贤三期,37479.3,62852.2,APB,no_hyp,no_hyp,no_hyp,ok,ok,
9825,鑫福海果园集租房,21271.4,35951.1,APB,no_hyp,no_hyp,no_hyp,ok,ok,
9826,和谐苑,13355.5,22569.1,APB,no_hyp,no_hyp,no_hyp,ok,ok,
9827,瑞祥家园,40207.9,68599.0,APB,no_hyp,no_hyp,no_hyp,ok,ok,
9828,格拉斯小镇,228576.0,388098.7,APB,no_hyp,no_hyp,no_hyp,ok,ok,
9829,,169674.7,288114.2,APB,no_hyp,no_hyp,no_hyp,ok,ok,
9830,,84041.0,142860.9,APB,no_hyp,no_hyp,no_hyp,ok,ok,
9831,金星小区,38054.9,64455.5,APB,no_hyp,no_hyp,no_hyp,ok,ok,
9832,首开·熙悦观湖,70592.4,119109.3,APB,no_hyp,no_hyp,no_hyp,ok,ok,
9833,,3849.8,6603.1,APB,no_hyp,no_hyp,no_hyp,ok,ok,
9834,,531529.3,895302.5,APB,no_hyp,no_hyp,no_hyp,ok,ok,
9835,,145425.6,245645.1,APB,no_hyp,no_hyp,no_hyp,ok,ok,
9836,,20625.2,35103.5,APB,no_hyp,no_hyp,no_hyp,ok,ok,
9837,广安康馨家园南区,75111.5,127062.6,APB,no_hyp,no_hyp,no_hyp,ok,ok,
9838,广安康馨家园北区,49231.8,83288.1,APB,no_hyp,no_hyp,no_hyp,ok,ok,
9839,胜古东里,18051.3,30620.1,APB,no_hyp,no_hyp,no_hyp,ok,ok,
9840,首开·梧桐山语,70784.7,120966.5,APB,no_hyp,no_hyp,no_hyp,ok,ok,
9841,御香山,40081.9,68044.6,APB,no_hyp,no_hyp,no_hyp,ok,ok,
9842,华樾国际,25382.3,43062.7,APB,no_hyp,no_hyp,no_hyp,ok,ok,
9843,京铁潞园,63366.3,107276.5,APB,no_hyp,no_hyp,no_hyp,ok,ok,
9844,凤栖西路2号院,61406.8,104402.3,APB,no_hyp,no_hyp,no_hyp,ok,ok,
9845,永靓家园58号院,47003.9,79924.1,APB,no_hyp,no_hyp,no_hyp,ok,ok,
9846,永靓家园56号院,65532.2,111430.8,APB,no_hyp,no_hyp,no_hyp,ok,ok,
9847,,11480.5,19337.9,APB,no_hyp,no_hyp,no_hyp,ok,ok,
9848,龙兴园北区,127629.8,217173.7,APB,no_hyp,no_hyp,no_hyp,ok,ok,
9849,东燊公寓,19165.4,32359.2,APB,no_hyp,no_hyp,no_hyp,ok,ok,
9850,晓康东里西区,63642.5,107489.1,APB,no_hyp,no_hyp,no_hyp,ok,ok,
9851,金色漫香林三期,10475.3,17692.4,APB,no_hyp,no_hyp,no_hyp,ok,ok,
9852,华业·东方玫瑰D区,60410.2,102204.7,APB,no_hyp,no_hyp,no_hyp,ok,ok,
9853,华业·东方玫瑰A区,94063.2,159145.4,APB,no_hyp,no_hyp,no_hyp,ok,ok,
9854,华业·东方玫瑰C区,61688.5,104360.5,APB,no_hyp,no_hyp,no_hyp,ok,ok,
9855,华业·东方玫瑰B区,42000.0,71055.1,APB,no_hyp,no_hyp,no_hyp,ok,ok,
9856,鑫苑·盛世天玺,53233.2,90054.8,APB,no_hyp,no_hyp,no_hyp,ok,ok,
9857,,35001.9,59212.4,APB,no_hyp,no_hyp,no_hyp,ok,ok,
9858,亦庄建设者之家,108946.0,183784.2,APB,no_hyp,no_hyp,no_hyp,ok,ok,
9859,西山美庐,238226.3,403903.1,APB,no_hyp,no_hyp,no_hyp,ok,ok,
9860,SXTZ-2603-002地块二类居住用地,85270.4,144609.5,APB,no_hyp,no_hyp,no_hyp,ok,ok,
9861,瑞榆东园,46726.2,79430.7,APB,no_hyp,no_hyp,no_hyp,ok,ok,
9862,画眉庭院,34277.9,58274.0,APB,no_hyp,no_hyp,no_hyp,ok,ok,
9863,北辰福第南区,35708.7,60496.8,APB,no_hyp,no_hyp,no_hyp,ok,ok,
9864,文成建筑,33543.0,56699.2,APB,no_hyp,no_hyp,no_hyp,ok,ok,
9865,金第润苑A区,29240.4,49425.4,APB,no_hyp,no_hyp,no_hyp,ok,ok,
9866,方庄公馆,8402.3,14202.4,APB,no_hyp,no_hyp,no_hyp,ok,ok,
9867,方庄南路56号院,5878.7,9936.7,APB,no_hyp,no_hyp,no_hyp,ok,ok,
9868,华芳园,25565.3,43213.3,APB,no_hyp,no_hyp,no_hyp,ok,ok,
9869,静馨嘉苑,13550.1,22904.5,APB,no_hyp,no_hyp,no_hyp,ok,ok,
9870,方庄南路18号院,59587.0,100728.1,APB,no_hyp,no_hyp,no_hyp,ok,ok,
9871,成寿寺路21号院,13154.4,22237.6,APB,no_hyp,no_hyp,no_hyp,ok,ok,
9872,有巢国际公寓,70584.4,119149.0,APB,no_hyp,no_hyp,no_hyp,ok,ok,
9873,僧王府,1908.9,3234.6,APB,no_hyp,no_hyp,no_hyp,ok,ok,
9874,玉河一号,4813.9,8157.3,APB,no_hyp,no_hyp,no_hyp,ok,ok,
9875,东下庄路38号院,20246.4,34320.9,APB,no_hyp,no_hyp,no_hyp,ok,ok,
9876,香山南路103号院,14699.3,24917.9,APB,no_hyp,no_hyp,no_hyp,ok,ok,
9877,福雅居,11153.7,18899.2,APB,no_hyp,no_hyp,no_hyp,ok,ok,
9878,恒大华府小区,37897.6,64286.8,APB,no_hyp,no_hyp,no_hyp,ok,ok,
9879,金盏嘉园F区,107332.0,182263.0,APB,no_hyp,no_hyp,no_hyp,ok,ok,
9880,光明西里,18165.1,30739.2,APB,no_hyp,no_hyp,no_hyp,ok,ok,
9881,,57756.4,97735.3,APB,no_hyp,no_hyp,no_hyp,ok,ok,
9882,龙潭北里一条,11169.1,18898.3,APB,no_hyp,no_hyp,no_hyp,ok,ok,
9883,龙潭北里二条,8484.0,14354.9,APB,no_hyp,no_hyp,no_hyp,ok,ok,
9884,龙潭北里八条,9951.2,16836.9,APB,no_hyp,no_hyp,no_hyp,ok,ok,
9885,龙潭北里七条,13915.0,23543.3,APB,no_hyp,no_hyp,no_hyp,ok,ok,
9886,龙潭北里六条,18117.1,30653.1,APB,no_hyp,no_hyp,no_hyp,ok,ok,
9887,龙潭北里五条,21109.8,35716.7,APB,no_hyp,no_hyp,no_hyp,ok,ok,
9888,龙潭北里四条,26346.3,44578.6,APB,no_hyp,no_hyp,no_hyp,ok,ok,
9889,,7095.5,12004.7,APB,no_hyp,no_hyp,no_hyp,ok,ok,
9890,,11267.3,19062.2,APB,no_hyp,no_hyp,no_hyp,ok,ok,
9891,熙和苑,30312.7,51156.4,APB,no_hyp,no_hyp,no_hyp,ok,ok,
9892,,94200.5,161933.3,APB,no_hyp,no_hyp,no_hyp,ok,ok,
9893,TBD住总万科天地6号院,15201.4,25887.7,APB,no_hyp,no_hyp,no_hyp,ok,ok,
9894,,15662.6,26558.2,APB,no_hyp,no_hyp,no_hyp,ok,ok,
9895,,16580.1,28115.7,APB,no_hyp,no_hyp,no_hyp,ok,ok,
9896,,14798.5,25120.1,APB,no_hyp,no_hyp,no_hyp,ok,ok,
9897,国风美唐二期,203524.3,346329.8,APB,no_hyp,no_hyp,no_hyp,ok,ok,
9898,颐和金茂府,56453.0,95729.3,APB,no_hyp,no_hyp,no_hyp,ok,ok,
9899,祁村家园东区,52068.2,88294.5,APB,no_hyp,no_hyp,no_hyp,ok,ok,
9900,祁村家园西区,44639.5,75698.1,APB,no_hyp,no_hyp,no_hyp,ok,ok,
9901,自如寓,8993.3,150279.4,EOB,ok,no_hyp,no_hyp,ok,ok,
9902,,107398.0,182822.1,APB,no_hyp,no_hyp,no_hyp,ok,ok,
9903,新都名苑,24563.3,41583.8,APB,no_hyp,no_hyp,no_hyp,ok,ok,
9904,体育场南街7号院,31638.1,53558.8,APB,no_hyp,no_hyp,no_hyp,ok,ok,
9905,体育场南街9号院,5698.3,9646.1,APB,no_hyp,no_hyp,no_hyp,ok,ok,
9906,建钢南里,25186.4,42641.7,APB,no_hyp,no_hyp,no_hyp,ok,ok,
9907,龙兴园中区 1-6 号楼,26349.6,44817.3,APB,no_hyp,no_hyp,no_hyp,ok,ok,
9908,龙兴园中区 7-13 号楼,41335.3,70305.2,APB,no_hyp,no_hyp,no_hyp,ok,ok,
9909,,240058.0,408594.2,APB,no_hyp,no_hyp,no_hyp,ok,ok,
9910,中弘·北京像素北区,150532.9,255035.9,APB,no_hyp,no_hyp,no_hyp,ok,ok,
9911,晏河湾家园八区,25148.9,42669.3,APB,no_hyp,no_hyp,no_hyp,ok,ok,
9912,晏河湾家园六区,28094.1,47664.5,APB,no_hyp,no_hyp,no_hyp,ok,ok,
9913,晏河湾家园七区,21339.7,36204.6,APB,no_hyp,no_hyp,no_hyp,ok,ok,
9914,晏河湾家园五区,21966.5,37266.1,APB,no_hyp,no_hyp,no_hyp,ok,ok,
9915,晏河湾家园四区,32769.7,55593.8,APB,no_hyp,no_hyp,no_hyp,ok,ok,
9916,晏河湾家园三区,23425.4,39739.3,APB,no_hyp,no_hyp,no_hyp,ok,ok,
9917,保利·天汇南区,31282.7,53078.1,APB,no_hyp,no_hyp,no_hyp,ok,ok,
9918,保利·天汇北区,24878.5,42214.5,APB,no_hyp,no_hyp,no_hyp,ok,ok,
9919,中水金海嘉苑,13300.4,22539.1,APB,no_hyp,no_hyp,no_hyp,ok,ok,
9920,华纺红星家园,8693.1,14731.2,APB,no_hyp,no_hyp,no_hyp,ok,ok,
9921,朝阳捷座,10875.3,18428.7,APB,no_hyp,no_hyp,no_hyp,ok,ok,
9922,迎曦园,13093.1,22186.7,APB,no_hyp,no_hyp,no_hyp,ok,ok,
9923,石佛营东里128号院,11863.0,20101.5,APB,no_hyp,no_hyp,no_hyp,ok,ok,
9924,幼儿园,9724.1,16369.7,APB,no_hyp,no_hyp,no_hyp,ok,ok,
9925,首开智慧社,49911.7,84918.9,APB,no_hyp,no_hyp,no_hyp,ok,ok,
9926,国土资源部回龙观职工住宅,20524.7,34909.8,APB,no_hyp,no_hyp,no_hyp,ok,ok,
9927,东交民巷10号院,16864.1,28549.5,APB,no_hyp,no_hyp,no_hyp,ok,ok,
9928,西四所,11999.5,20323.1,APB,no_hyp,no_hyp,no_hyp,ok,ok,
9929,,46129.9,79624.4,APB,no_hyp,no_hyp,no_hyp,ok,ok,
9930,,153764.5,265478.6,APB,no_hyp,no_hyp,no_hyp,ok,ok,
9931,,202853.1,350052.5,APB,no_hyp,no_hyp,no_hyp,ok,ok,
9932,,144121.2,248639.5,APB,no_hyp,no_hyp,no_hyp,ok,ok,
9933,,68825.1,118745.7,APB,no_hyp,no_hyp,no_hyp,ok,ok,
9934,,66941.0,115415.8,APB,no_hyp,no_hyp,no_hyp,ok,ok,
9935,,42200.8,72758.6,APB,no_hyp,no_hyp,no_hyp,ok,ok,
9936,,8749.4,15081.2,APB,no_hyp,no_hyp,no_hyp,ok,ok,
9937,,79323.9,136691.3,APB,no_hyp,no_hyp,no_hyp,ok,ok,
9938,,48194.7,83045.8,APB,no_hyp,no_hyp,no_hyp,ok,ok,
9939,,8756.9,15088.8,APB,no_hyp,no_hyp,no_hyp,ok,ok,
9940,,36733.6,63604.5,APB,no_hyp,no_hyp,no_hyp,ok,ok,
9941,,26237.1,45405.5,APB,no_hyp,no_hyp,no_hyp,ok,ok,
9942,干沟村,32471.7,56219.3,APB,no_hyp,no_hyp,no_hyp,ok,ok,
9943,百环花园,27919.9,47228.5,APB,no_hyp,no_hyp,no_hyp,ok,ok,
9944,双兴东区,55065.5,93868.2,APB,no_hyp,no_hyp,no_hyp,ok,ok,
9945,,465949.0,794795.9,APB,no_hyp,no_hyp,no_hyp,ok,ok,
9946,南庄,155238.6,266323.3,APB,no_hyp,no_hyp,no_hyp,ok,ok,
9947,,614121.2,1053853.2,APB,no_hyp,no_hyp,no_hyp,ok,ok,
9948,,266130.5,456480.4,APB,no_hyp,no_hyp,no_hyp,ok,ok,
9949,,159381.8,273376.1,APB,no_hyp,no_hyp,no_hyp,ok,ok,
9950,靛厂路八号院,34539.0,58448.8,APB,no_hyp,no_hyp,no_hyp,ok,ok,
9951,,18591.4,32210.9,APB,no_hyp,no_hyp,no_hyp,ok,ok,
9952,,102857.7,178190.0,APB,no_hyp,no_hyp,no_hyp,ok,ok,
9953,,135632.7,234967.4,APB,no_hyp,no_hyp,no_hyp,ok,ok,
9954,,20296.6,35161.3,APB,no_hyp,no_hyp,no_hyp,ok,ok,
9955,,58305.3,101037.4,APB,no_hyp,no_hyp,no_hyp,ok,ok,
9956,,19286.9,33422.7,APB,no_hyp,no_hyp,no_hyp,ok,ok,
9957,,128700.3,223042.3,APB,no_hyp,no_hyp,no_hyp,ok,ok,
9958,,10278.8,17814.6,APB,no_hyp,no_hyp,no_hyp,ok,ok,
9959,,11319.8,19619.4,APB,no_hyp,no_hyp,no_hyp,ok,ok,
9960,,13415.6,23251.4,APB,no_hyp,no_hyp,no_hyp,ok,ok,
9961,,8451.1,14645.6,APB,no_hyp,no_hyp,no_hyp,ok,ok,
9962,,4444.2,7701.5,APB,no_hyp,no_hyp,no_hyp,ok,ok,
9963,渡外云居,89540.8,150249.9,APB,no_hyp,no_hyp,no_hyp,ok,ok,
9964,一渡新新小镇,161242.4,270531.6,APB,no_hyp,no_hyp,no_hyp,ok,ok,
9965,一渡青青小镇七期,86970.1,145869.2,APB,no_hyp,no_hyp,no_hyp,ok,ok,
9966,,15844.9,27091.4,APB,no_hyp,no_hyp,no_hyp,ok,ok,
9967,,13341.2,23122.7,APB,no_hyp,no_hyp,no_hyp,ok,ok,
9968,,25335.1,43901.4,APB,no_hyp,no_hyp,no_hyp,ok,ok,
9969,,99960.7,173200.1,APB,no_hyp,no_hyp,no_hyp,ok,ok,
9970,,23086.9,39997.3,APB,no_hyp,no_hyp,no_hyp,ok,ok,
9971,,19335.2,33493.4,APB,no_hyp,no_hyp,no_hyp,ok,ok,
9972,,24985.6,43296.9,APB,no_hyp,no_hyp,no_hyp,ok,ok,
9973,,18199.7,31464.6,APB,no_hyp,no_hyp,no_hyp,ok,ok,
9974,,12312.7,21289.9,APB,no_hyp,no_hyp,no_hyp,ok,ok,
9975,,25881.9,44754.6,APB,no_hyp,no_hyp,no_hyp,ok,ok,
9976,,28896.8,49975.0,APB,no_hyp,no_hyp,no_hyp,ok,ok,
9977,紫霞谷,784592.6,1348581.3,APB,no_hyp,no_hyp,no_hyp,ok,ok,
9978,,114526.6,197915.8,APB,no_hyp,no_hyp,no_hyp,ok,ok,
9979,,11844.9,20316.5,APB,no_hyp,no_hyp,no_hyp,ok,ok,
9980,,18332.2,31441.8,APB,no_hyp,no_hyp,no_hyp,ok,ok,
9981,,107164.0,183889.5,APB,no_hyp,no_hyp,no_hyp,ok,ok,
9982,程家窑小区,27926.3,47917.2,APB,no_hyp,no_hyp,no_hyp,ok,ok,
9983,,30884.9,53512.7,APB,no_hyp,no_hyp,no_hyp,ok,ok,
9984,,105916.2,183586.2,APB,no_hyp,no_hyp,no_hyp,ok,ok,
9985,,28898.8,50088.8,APB,no_hyp,no_hyp,no_hyp,ok,ok,
9986,,43031.8,74647.0,APB,no_hyp,no_hyp,no_hyp,ok,ok,
9987,,2030.0,3521.7,APB,no_hyp,no_hyp,no_hyp,ok,ok,
9988,,34515.2,59907.6,APB,no_hyp,no_hyp,no_hyp,ok,ok,
9989,,19363.2,33605.9,APB,no_hyp,no_hyp,no_hyp,ok,ok,
9990,,15265.7,26462.8,APB,no_hyp,no_hyp,no_hyp,ok,ok,
9991,,6132.3,10630.5,APB,no_hyp,no_hyp,no_hyp,ok,ok,
9992,,13708.6,23765.7,APB,no_hyp,no_hyp,no_hyp,ok,ok,
9993,,2732.2,4737.2,APB,no_hyp,no_hyp,no_hyp,ok,ok,
9994,,3140.9,5446.0,APB,no_hyp,no_hyp,no_hyp,ok,ok,
9995,,15916.9,27605.6,APB,no_hyp,no_hyp,no_hyp,ok,ok,
9996,,15299.0,26535.0,APB,no_hyp,no_hyp,no_hyp,ok,ok,
9997,,19254.8,33396.3,APB,no_hyp,no_hyp,no_hyp,ok,ok,
9998,,14570.1,25271.9,APB,no_hyp,no_hyp,no_hyp,ok,ok,
9999,,17913.6,31072.8,APB,no_hyp,no_hyp,no_hyp,ok,ok,
10000,,43351.8,75201.0,APB,no_hyp,no_hyp,no_hyp,ok,ok,
10001,,26036.6,44823.5,APB,no_hyp,no_hyp,no_hyp,ok,ok,
10002,,12871.4,22283.7,APB,no_hyp,no_hyp,no_hyp,ok,ok,
10003,,19072.1,33020.9,APB,no_hyp,no_hyp,no_hyp,ok,ok,
10004,,34560.8,59906.7,APB,no_hyp,no_hyp,no_hyp,ok,ok,
10005,,6841.1,11858.9,APB,no_hyp,no_hyp,no_hyp,ok,ok,
10006,,2073.4,3595.1,APB,no_hyp,no_hyp,no_hyp,ok,ok,
10007,,6921.9,12002.5,APB,no_hyp,no_hyp,no_hyp,ok,ok,
10008,,3808.2,6605.5,APB,no_hyp,no_hyp,no_hyp,ok,ok,
10009,,21747.4,37728.4,APB,no_hyp,no_hyp,no_hyp,ok,ok,
10010,,15165.2,26318.6,APB,no_hyp,no_hyp,no_hyp,ok,ok,
10011,,6788.4,11780.4,APB,no_hyp,no_hyp,no_hyp,ok,ok,
10012,,12095.8,20997.0,APB,no_hyp,no_hyp,no_hyp,ok,ok,
10013,,64880.7,112662.8,APB,no_hyp,no_hyp,no_hyp,ok,ok,
10014,,79132.2,137368.8,APB,no_hyp,no_hyp,no_hyp,ok,ok,
10015,,49845.8,86538.5,APB,no_hyp,no_hyp,no_hyp,ok,ok,
10016,,45340.1,78711.5,APB,no_hyp,no_hyp,no_hyp,ok,ok,
10017,,12491.1,21676.6,APB,no_hyp,no_hyp,no_hyp,ok,ok,
10018,,3486.6,6051.2,APB,no_hyp,no_hyp,no_hyp,ok,ok,
10019,果岭假日,3363.3,5663.3,APB,no_hyp,no_hyp,no_hyp,ok,ok,
10020,,14268.0,24589.9,APB,no_hyp,no_hyp,no_hyp,ok,ok,
10021,,32068.5,55279.7,APB,no_hyp,no_hyp,no_hyp,ok,ok,
10022,,26122.8,45042.6,APB,no_hyp,no_hyp,no_hyp,ok,ok,
10023,,47075.4,81169.9,APB,no_hyp,no_hyp,no_hyp,ok,ok,
10024,南湖东园-二区,120338.2,204305.2,APB,no_hyp,no_hyp,no_hyp,ok,ok,
10025,南湖东园-一区,121138.1,205684.7,APB,no_hyp,no_hyp,no_hyp,ok,ok,
10026,中国科学院植物研究所宿舍,17066.1,28920.7,APB,no_hyp,no_hyp,no_hyp,ok,ok,
10027,,254568.6,439089.3,APB,no_hyp,no_hyp,no_hyp,ok,ok,
10028,,441103.2,761000.3,APB,no_hyp,no_hyp,no_hyp,ok,ok,
10029,,274160.0,472940.7,APB,no_hyp,no_hyp,no_hyp,ok,ok,
10030,,235633.9,406394.2,APB,no_hyp,no_hyp,no_hyp,ok,ok,
10031,,76384.3,131748.9,APB,no_hyp,no_hyp,no_hyp,ok,ok,
10032,,103486.5,178555.9,APB,no_hyp,no_hyp,no_hyp,ok,ok,
10033,,182783.7,315371.7,APB,no_hyp,no_hyp,no_hyp,ok,ok,
10034,,93535.4,161462.8,APB,no_hyp,no_hyp,no_hyp,ok,ok,
10035,,103463.2,178680.2,APB,no_hyp,no_hyp,no_hyp,ok,ok,
10036,,209573.7,361946.7,APB,no_hyp,no_hyp,no_hyp,ok,ok,
10037,,122018.5,210513.7,APB,no_hyp,no_hyp,no_hyp,ok,ok,
10038,云峰山,74450.5,128612.6,APB,no_hyp,no_hyp,no_hyp,ok,ok,
10039,番字牌,180661.7,313488.2,APB,no_hyp,no_hyp,no_hyp,ok,ok,
10040,,164915.5,287474.5,APB,no_hyp,no_hyp,no_hyp,ok,ok,
10041,,66634.5,116222.9,APB,no_hyp,no_hyp,no_hyp,ok,ok,
10042,,48234.7,84144.3,APB,no_hyp,no_hyp,no_hyp,ok,ok,
10043,夏都家园,25339.3,43015.6,APB,no_hyp,no_hyp,no_hyp,ok,ok,
10044,湖光中街2号院,14952.6,25383.4,APB,no_hyp,no_hyp,no_hyp,ok,ok,
10045,大西洋新城C区,46164.8,78356.4,APB,no_hyp,no_hyp,no_hyp,ok,ok,
10046,大西洋新城A区,36784.0,62432.4,APB,no_hyp,no_hyp,no_hyp,ok,ok,
10047,大西洋新城B区,21515.0,36518.4,APB,no_hyp,no_hyp,no_hyp,ok,ok,
10048,大西洋新城D区,18437.5,31296.2,APB,no_hyp,no_hyp,no_hyp,ok,ok,
10049,大西洋新城E区,9023.2,15316.9,APB,no_hyp,no_hyp,no_hyp,ok,ok,
10050,风格雅园,20989.7,35630.5,APB,no_hyp,no_hyp,no_hyp,ok,ok,
10051,,146401.4,245408.9,APB,no_hyp,no_hyp,no_hyp,ok,ok,
10052,,381317.4,638966.6,APB,no_hyp,no_hyp,no_hyp,ok,ok,
10053,,9114.4,15685.2,APB,no_hyp,no_hyp,no_hyp,ok,ok,
10054,,12628.2,21731.8,APB,no_hyp,no_hyp,no_hyp,ok,ok,
10055,望花路西里,117918.2,200136.1,APB,no_hyp,no_hyp,no_hyp,ok,ok,
10056,,19639.1,33334.2,APB,no_hyp,no_hyp,no_hyp,ok,ok,
10057,望京明苑,32708.1,55537.5,APB,no_hyp,no_hyp,no_hyp,ok,ok,
10058,湖光壹号,39098.1,66375.8,APB,no_hyp,no_hyp,no_hyp,ok,ok,
10059,银领国际,70893.6,120356.6,APB,no_hyp,no_hyp,no_hyp,ok,ok,
10060,世安家园,63992.2,108648.0,APB,no_hyp,no_hyp,no_hyp,ok,ok,
10061,花家地西里二区,84536.6,143468.7,APB,no_hyp,no_hyp,no_hyp,ok,ok,
10062,赢秋苑,101493.8,172486.4,APB,no_hyp,no_hyp,no_hyp,ok,ok,
10063,永恒·长城里,451997.1,774385.4,APB,no_hyp,no_hyp,no_hyp,ok,ok,
10064,,88258.2,148714.8,APB,no_hyp,no_hyp,no_hyp,ok,ok,
10065,,315137.8,531037.0,APB,no_hyp,no_hyp,no_hyp,ok,ok,
10066,,716446.6,1207313.1,APB,no_hyp,no_hyp,no_hyp,ok,ok,
10067,,327919.7,552541.3,APB,no_hyp,no_hyp,no_hyp,ok,ok,
10068,,595986.1,1005076.4,APB,no_hyp,no_hyp,no_hyp,ok,ok,
10069,,50703.1,87011.1,APB,no_hyp,no_hyp,no_hyp,ok,ok,
10070,,11950.9,20524.2,APB,no_hyp,no_hyp,no_hyp,ok,ok,
10071,,64975.6,111622.5,APB,no_hyp,no_hyp,no_hyp,ok,ok,
10072,,13165.8,22628.5,APB,no_hyp,no_hyp,no_hyp,ok,ok,
10073,,66174.3,113732.9,APB,no_hyp,no_hyp,no_hyp,ok,ok,
10074,,80538.5,138511.0,APB,no_hyp,no_hyp,no_hyp,ok,ok,
10075,,128407.5,220822.3,APB,no_hyp,no_hyp,no_hyp,ok,ok,
10076,,181084.5,311575.1,APB,no_hyp,no_hyp,no_hyp,ok,ok,
10077,,119711.8,206041.7,APB,no_hyp,no_hyp,no_hyp,ok,ok,
10078,,65909.0,113430.0,APB,no_hyp,no_hyp,no_hyp,ok,ok,
10079,,52134.8,89689.6,APB,no_hyp,no_hyp,no_hyp,ok,ok,
10080,,13547.3,23304.2,APB,no_hyp,no_hyp,no_hyp,ok,ok,
10081,,63164.9,108721.1,APB,no_hyp,no_hyp,no_hyp,ok,ok,
10082,,179160.7,308309.6,APB,no_hyp,no_hyp,no_hyp,ok,ok,
10083,,45856.6,79123.7,APB,no_hyp,no_hyp,no_hyp,ok,ok,
10084,,9897.8,17052.8,APB,no_hyp,no_hyp,no_hyp,ok,ok,
10085,,94154.3,162268.1,APB,no_hyp,no_hyp,no_hyp,ok,ok,
10086,,123092.7,212762.3,APB,no_hyp,no_hyp,no_hyp,ok,ok,
10087,,56541.6,97796.1,APB,no_hyp,no_hyp,no_hyp,ok,ok,
10088,,64676.9,111875.8,APB,no_hyp,no_hyp,no_hyp,ok,ok,
10089,,6334.3,10933.3,APB,no_hyp,no_hyp,no_hyp,ok,ok,
10090,,17863.7,30832.3,APB,no_hyp,no_hyp,no_hyp,ok,ok,
10091,,19632.4,33921.0,APB,no_hyp,no_hyp,no_hyp,ok,ok,
10092,,16268.4,28097.2,APB,no_hyp,no_hyp,no_hyp,ok,ok,
10093,,34575.1,59725.2,APB,no_hyp,no_hyp,no_hyp,ok,ok,
10094,,28490.0,49220.8,APB,no_hyp,no_hyp,no_hyp,ok,ok,
10095,,35832.9,61918.7,APB,no_hyp,no_hyp,no_hyp,ok,ok,
10096,,10094.1,17460.0,APB,no_hyp,no_hyp,no_hyp,ok,ok,
10097,,127630.2,220338.5,APB,no_hyp,no_hyp,no_hyp,ok,ok,
10098,,85937.9,148368.9,APB,no_hyp,no_hyp,no_hyp,ok,ok,
10099,,87845.9,151807.7,APB,no_hyp,no_hyp,no_hyp,ok,ok,
10100,,10688.6,18473.9,APB,no_hyp,no_hyp,no_hyp,ok,ok,
10101,,6025.1,10416.0,APB,no_hyp,no_hyp,no_hyp,ok,ok,
10102,,9985.9,17292.0,APB,no_hyp,no_hyp,no_hyp,ok,ok,
10103,,142035.0,246895.8,APB,no_hyp,no_hyp,no_hyp,ok,ok,
10104,,17458.5,30282.1,APB,no_hyp,no_hyp,no_hyp,ok,ok,
10105,,28680.6,49744.6,APB,no_hyp,no_hyp,no_hyp,ok,ok,
10106,,31418.4,54507.7,APB,no_hyp,no_hyp,no_hyp,ok,ok,
10107,,13881.8,24031.1,APB,no_hyp,no_hyp,no_hyp,ok,ok,
10108,,13670.6,23670.1,APB,no_hyp,no_hyp,no_hyp,ok,ok,
10109,,27719.8,48002.9,APB,no_hyp,no_hyp,no_hyp,ok,ok,
10110,鹿鸣山居,16855.2,29191.0,APB,no_hyp,no_hyp,no_hyp,ok,ok,
10111,,58707.1,101642.3,APB,no_hyp,no_hyp,no_hyp,ok,ok,
10112,,88195.1,152064.7,APB,no_hyp,no_hyp,no_hyp,ok,ok,
10113,,109868.7,189465.5,APB,no_hyp,no_hyp,no_hyp,ok,ok,
10114,,38154.2,66077.0,APB,no_hyp,no_hyp,no_hyp,ok,ok,
10115,,48791.7,84559.3,APB,no_hyp,no_hyp,no_hyp,ok,ok,
10116,,5738.5,9945.7,APB,no_hyp,no_hyp,no_hyp,ok,ok,
10117,,8474.6,14682.6,APB,no_hyp,no_hyp,no_hyp,ok,ok,
10118,,56376.3,97634.1,APB,no_hyp,no_hyp,no_hyp,ok,ok,
10119,,6202.0,10736.2,APB,no_hyp,no_hyp,no_hyp,ok,ok,
10120,,50616.7,87874.6,APB,no_hyp,no_hyp,no_hyp,ok,ok,
10121,,5821.1,10114.3,APB,no_hyp,no_hyp,no_hyp,ok,ok,
10122,,108782.2,188888.9,APB,no_hyp,no_hyp,no_hyp,ok,ok,
10123,,16321.2,28338.5,APB,no_hyp,no_hyp,no_hyp,ok,ok,
10124,,19483.6,33827.5,APB,no_hyp,no_hyp,no_hyp,ok,ok,
10125,,84856.9,147364.3,APB,no_hyp,no_hyp,no_hyp,ok,ok,
10126,,36593.7,63545.9,APB,no_hyp,no_hyp,no_hyp,ok,ok,
10127,,12063.7,20947.9,APB,no_hyp,no_hyp,no_hyp,ok,ok,
10128,,19324.0,33562.4,APB,no_hyp,no_hyp,no_hyp,ok,ok,
10129,,9866.7,17132.9,APB,no_hyp,no_hyp,no_hyp,ok,ok,
10130,,91608.6,159037.9,APB,no_hyp,no_hyp,no_hyp,ok,ok,
10131,,9786.0,16986.8,APB,no_hyp,no_hyp,no_hyp,ok,ok,
10132,,20207.3,35064.0,APB,no_hyp,no_hyp,no_hyp,ok,ok,
10133,,36981.2,64234.5,APB,no_hyp,no_hyp,no_hyp,ok,ok,
10134,,55190.5,95869.0,APB,no_hyp,no_hyp,no_hyp,ok,ok,
10135,,12690.0,22044.5,APB,no_hyp,no_hyp,no_hyp,ok,ok,
10136,,23527.0,40880.9,APB,no_hyp,no_hyp,no_hyp,ok,ok,
10137,,27879.1,47971.0,APB,no_hyp,no_hyp,no_hyp,ok,ok,
10138,,27613.5,46409.0,APB,no_hyp,no_hyp,no_hyp,ok,ok,
10139,,14597.0,24533.8,APB,no_hyp,no_hyp,no_hyp,ok,ok,
10140,,34252.4,57573.4,APB,no_hyp,no_hyp,no_hyp,ok,ok,
10141,,81693.2,140653.3,APB,no_hyp,no_hyp,no_hyp,ok,ok,
10142,,46898.7,78900.8,APB,no_hyp,no_hyp,no_hyp,ok,ok,
10143,,39220.6,65987.7,APB,no_hyp,no_hyp,no_hyp,ok,ok,
10144,,7069.5,11896.5,APB,no_hyp,no_hyp,no_hyp,ok,ok,
10145,,2230.1,3753.0,APB,no_hyp,no_hyp,no_hyp,ok,ok,
10146,,1274.3,2144.6,APB,no_hyp,no_hyp,no_hyp,ok,ok,
10147,,4455.9,7499.6,APB,no_hyp,no_hyp,no_hyp,ok,ok,
10148,,2389.4,4021.4,APB,no_hyp,no_hyp,no_hyp,ok,ok,
10149,,10391.7,17491.8,APB,no_hyp,no_hyp,no_hyp,ok,ok,
10150,,24575.8,41319.5,APB,no_hyp,no_hyp,no_hyp,ok,ok,
10151,,15616.5,26257.0,APB,no_hyp,no_hyp,no_hyp,ok,ok,
10152,,29641.9,49836.1,APB,no_hyp,no_hyp,no_hyp,ok,ok,
10153,,1639.4,2756.5,APB,no_hyp,no_hyp,no_hyp,ok,ok,
10154,,22069.3,37174.3,APB,no_hyp,no_hyp,no_hyp,ok,ok,
10155,,7211.2,12148.5,APB,no_hyp,no_hyp,no_hyp,ok,ok,
10156,,42750.2,72042.2,APB,no_hyp,no_hyp,no_hyp,ok,ok,
10157,,100890.9,172029.5,APB,no_hyp,no_hyp,no_hyp,ok,ok,
10158,,507644.8,866956.0,APB,no_hyp,no_hyp,no_hyp,ok,ok,
10159,,375303.6,641253.5,APB,no_hyp,no_hyp,no_hyp,ok,ok,
10160,,92322.2,158805.1,APB,no_hyp,no_hyp,no_hyp,ok,ok,
10161,,81217.7,139730.5,APB,no_hyp,no_hyp,no_hyp,ok,ok,
10162,,166244.3,285976.5,APB,no_hyp,no_hyp,no_hyp,ok,ok,
10163,,220989.2,380117.8,APB,no_hyp,no_hyp,no_hyp,ok,ok,
10164,,15719.6,26442.3,APB,no_hyp,no_hyp,no_hyp,ok,ok,
10165,,12615.4,21221.6,APB,no_hyp,no_hyp,no_hyp,ok,ok,
10166,牌楼营村,247986.6,418973.3,APB,no_hyp,no_hyp,no_hyp,ok,ok,
10167,,612818.9,1034783.4,APB,no_hyp,no_hyp,no_hyp,ok,ok,
10168,,341345.6,576801.0,APB,no_hyp,no_hyp,no_hyp,ok,ok,
10169,,92745.2,156481.3,APB,no_hyp,no_hyp,no_hyp,ok,ok,
10170,,175218.7,295647.5,APB,no_hyp,no_hyp,no_hyp,ok,ok,
10171,燕保·南苑家园,274426.1,463114.2,APB,no_hyp,no_hyp,no_hyp,ok,ok,
10172,,115609.8,198244.4,APB,no_hyp,no_hyp,no_hyp,ok,ok,
10173,,47711.3,81793.1,APB,no_hyp,no_hyp,no_hyp,ok,ok,
10174,,75280.4,129073.6,APB,no_hyp,no_hyp,no_hyp,ok,ok,
10175,,185217.8,317474.2,APB,no_hyp,no_hyp,no_hyp,ok,ok,
10176,,83271.6,142720.3,APB,no_hyp,no_hyp,no_hyp,ok,ok,
10177,,28521.2,48879.6,APB,no_hyp,no_hyp,no_hyp,ok,ok,
10178,,14530.7,25172.8,APB,no_hyp,no_hyp,no_hyp,ok,ok,
10179,,5645.4,9780.8,APB,no_hyp,no_hyp,no_hyp,ok,ok,
10180,,2481.5,4299.4,APB,no_hyp,no_hyp,no_hyp,ok,ok,
10181,,665.2,1152.6,APB,no_hyp,no_hyp,no_hyp,ok,ok,
10182,,14216.4,24640.2,APB,no_hyp,no_hyp,no_hyp,ok,ok,
10183,,6819.5,11816.6,APB,no_hyp,no_hyp,no_hyp,ok,ok,
10184,,16828.9,29155.7,APB,no_hyp,no_hyp,no_hyp,ok,ok,
10185,,13449.4,22676.6,APB,no_hyp,no_hyp,no_hyp,ok,ok,
10186,,14126.2,24369.8,APB,no_hyp,no_hyp,no_hyp,ok,ok,
10187,,7540.2,13007.3,APB,no_hyp,no_hyp,no_hyp,ok,ok,
10188,,14612.8,25213.8,APB,no_hyp,no_hyp,no_hyp,ok,ok,
10189,,12851.8,22185.8,APB,no_hyp,no_hyp,no_hyp,ok,ok,
10190,,36877.9,63666.0,APB,no_hyp,no_hyp,no_hyp,ok,ok,
10191,,52996.3,91495.4,APB,no_hyp,no_hyp,no_hyp,ok,ok,
10192,,19552.2,33760.3,APB,no_hyp,no_hyp,no_hyp,ok,ok,
10193,,21457.6,37053.3,APB,no_hyp,no_hyp,no_hyp,ok,ok,
10194,,32640.5,56366.2,APB,no_hyp,no_hyp,no_hyp,ok,ok,
10195,,4352.3,7522.2,APB,no_hyp,no_hyp,no_hyp,ok,ok,
10196,,25817.3,44578.6,APB,no_hyp,no_hyp,no_hyp,ok,ok,
10197,,37592.8,64919.2,APB,no_hyp,no_hyp,no_hyp,ok,ok,
10198,,12551.7,21670.7,APB,no_hyp,no_hyp,no_hyp,ok,ok,
10199,,11986.5,20700.9,APB,no_hyp,no_hyp,no_hyp,ok,ok,
10200,,14246.1,24603.0,APB,no_hyp,no_hyp,no_hyp,ok,ok,
10201,,18740.1,32365.8,APB,no_hyp,no_hyp,no_hyp,ok,ok,
10202,,11413.7,19713.5,APB,no_hyp,no_hyp,no_hyp,ok,ok,
10203,,22026.9,38100.9,APB,no_hyp,no_hyp,no_hyp,ok,ok,
10204,,11181.4,19337.4,APB,no_hyp,no_hyp,no_hyp,ok,ok,
10205,,13416.7,23201.8,APB,no_hyp,no_hyp,no_hyp,ok,ok,
10206,,3446.6,5957.1,APB,no_hyp,no_hyp,no_hyp,ok,ok,
10207,,36223.9,62595.7,APB,no_hyp,no_hyp,no_hyp,ok,ok,
10208,,2965.5,5124.1,APB,no_hyp,no_hyp,no_hyp,ok,ok,
10209,,40648.5,70205.7,APB,no_hyp,no_hyp,no_hyp,ok,ok,
10210,,16162.1,27915.6,APB,no_hyp,no_hyp,no_hyp,ok,ok,
10211,,46878.1,80973.0,APB,no_hyp,no_hyp,no_hyp,ok,ok,
10212,,11931.4,20641.9,APB,no_hyp,no_hyp,no_hyp,ok,ok,
10213,,12298.1,21276.0,APB,no_hyp,no_hyp,no_hyp,ok,ok,
10214,,4321.9,7475.9,APB,no_hyp,no_hyp,no_hyp,ok,ok,
10215,,5681.3,9827.5,APB,no_hyp,no_hyp,no_hyp,ok,ok,
10216,,46255.9,80053.3,APB,no_hyp,no_hyp,no_hyp,ok,ok,
10217,,7124.0,12333.3,APB,no_hyp,no_hyp,no_hyp,ok,ok,
10218,,5742.9,9945.1,APB,no_hyp,no_hyp,no_hyp,ok,ok,
10219,,11980.1,20749.7,APB,no_hyp,no_hyp,no_hyp,ok,ok,
10220,,19908.9,34487.4,APB,no_hyp,no_hyp,no_hyp,ok,ok,
10221,,9454.8,16378.9,APB,no_hyp,no_hyp,no_hyp,ok,ok,
10222,,6041.0,10464.7,APB,no_hyp,no_hyp,no_hyp,ok,ok,
10223,,7004.6,12135.6,APB,no_hyp,no_hyp,no_hyp,ok,ok,
10224,,16317.5,28275.5,APB,no_hyp,no_hyp,no_hyp,ok,ok,
10225,,28142.8,48758.9,APB,no_hyp,no_hyp,no_hyp,ok,ok,
10226,,16124.9,27936.0,APB,no_hyp,no_hyp,no_hyp,ok,ok,
10227,,7514.0,13017.7,APB,no_hyp,no_hyp,no_hyp,ok,ok,
10228,,3068.4,5314.8,APB,no_hyp,no_hyp,no_hyp,ok,ok,
10229,,9042.5,15660.9,APB,no_hyp,no_hyp,no_hyp,ok,ok,
10230,,9965.9,17255.8,APB,no_hyp,no_hyp,no_hyp,ok,ok,
10231,,9445.0,16354.3,APB,no_hyp,no_hyp,no_hyp,ok,ok,
10232,,26561.0,45959.2,APB,no_hyp,no_hyp,no_hyp,ok,ok,
10233,,2272.1,3931.3,APB,no_hyp,no_hyp,no_hyp,ok,ok,
10234,,29760.1,51262.4,APB,no_hyp,no_hyp,no_hyp,ok,ok,
10235,,8501.8,14638.9,APB,no_hyp,no_hyp,no_hyp,ok,ok,
10236,,38283.2,65871.2,APB,no_hyp,no_hyp,no_hyp,ok,ok,
10237,,67599.4,116322.5,APB,no_hyp,no_hyp,no_hyp,ok,ok,
10238,,72684.1,125039.5,APB,no_hyp,no_hyp,no_hyp,ok,ok,
10239,,8699.3,14938.9,APB,no_hyp,no_hyp,no_hyp,ok,ok,
10240,,45818.1,78690.9,APB,no_hyp,no_hyp,no_hyp,ok,ok,
10241,疃里集租房,69952.4,118589.5,APB,no_hyp,no_hyp,no_hyp,ok,ok,
10242,刘庄新村,116858.1,198057.3,APB,no_hyp,no_hyp,no_hyp,ok,ok,
10243,,7163.7,12189.1,APB,no_hyp,no_hyp,no_hyp,ok,ok,
10244,,530792.4,894153.4,APB,no_hyp,no_hyp,no_hyp,ok,ok,
10245,,4304.9,7356.2,APB,no_hyp,no_hyp,no_hyp,ok,ok,
10246,,4138.1,7071.3,APB,no_hyp,no_hyp,no_hyp,ok,ok,
10247,,25666.9,43365.5,APB,no_hyp,no_hyp,no_hyp,ok,ok,
10248,,7889.9,13330.5,APB,no_hyp,no_hyp,no_hyp,ok,ok,
10249,,184406.3,311472.1,APB,no_hyp,no_hyp,no_hyp,ok,ok,
10250,,39012.9,65881.1,APB,no_hyp,no_hyp,no_hyp,ok,ok,
10251,原北京安徽会馆东路,1610.2,2725.3,APB,no_hyp,no_hyp,no_hyp,ok,ok,
10252,原北京安徽会馆中路南部分,636.5,1077.3,APB,no_hyp,no_hyp,no_hyp,ok,ok,
10253,原北京安徽会馆西路,2121.0,3589.8,APB,no_hyp,no_hyp,no_hyp,ok,ok,
10254,,30812.4,53548.6,APB,no_hyp,no_hyp,no_hyp,ok,ok,
10255,,129603.3,225274.2,APB,no_hyp,no_hyp,no_hyp,ok,ok,
10256,,82527.4,143326.6,APB,no_hyp,no_hyp,no_hyp,ok,ok,
10257,,36820.1,63913.3,APB,no_hyp,no_hyp,no_hyp,ok,ok,
10258,,64965.0,112752.7,APB,no_hyp,no_hyp,no_hyp,ok,ok,
10259,,66042.0,114519.0,APB,no_hyp,no_hyp,no_hyp,ok,ok,
10260,碧桂园·琅辉,24578.0,42205.8,APB,no_hyp,no_hyp,no_hyp,ok,ok,
10261,福星家园,32091.8,55104.4,APB,no_hyp,no_hyp,no_hyp,ok,ok,
10262,京熙福邸小区,23673.0,39760.0,APB,no_hyp,no_hyp,no_hyp,ok,ok,
10263,,576897.5,970426.3,APB,no_hyp,no_hyp,no_hyp,ok,ok,
10264,,395601.8,665360.2,APB,no_hyp,no_hyp,no_hyp,ok,ok,
10265,燕彩公寓,14419.2,24414.6,APB,no_hyp,no_hyp,no_hyp,ok,ok,
10266,行政办公区工勤人员召里宿舍区,50182.8,85013.1,APB,no_hyp,no_hyp,no_hyp,ok,ok,
10267,清韵北里三区,41381.2,70062.9,APB,no_hyp,no_hyp,no_hyp,ok,ok,
10268,阳光假日别墅·金阳苑,90969.6,156044.4,APB,no_hyp,no_hyp,no_hyp,ok,ok,
10269,阳光假日别墅·祥云苑,77501.1,132949.8,APB,no_hyp,no_hyp,no_hyp,ok,ok,
10270,阳光假日别墅·绿野苑,72410.6,124207.4,APB,no_hyp,no_hyp,no_hyp,ok,ok,
10271,阳光假日别墅·星晴苑,58060.0,99586.7,APB,no_hyp,no_hyp,no_hyp,ok,ok,
10272,阳光假日别墅·美澜苑,94572.1,162205.6,APB,no_hyp,no_hyp,no_hyp,ok,ok,
10273,阳光假日别墅·珍露苑,52449.9,89959.1,APB,no_hyp,no_hyp,no_hyp,ok,ok,
10274,阳光假日别墅·凌澜苑,72579.8,124476.9,APB,no_hyp,no_hyp,no_hyp,ok,ok,
10275,阳光别墅·金棕苑,49797.2,85446.6,APB,no_hyp,no_hyp,no_hyp,ok,ok,
10276,阳光别墅·依兰苑,44162.3,75774.3,APB,no_hyp,no_hyp,no_hyp,ok,ok,
10277,阳光别墅·凤葵苑,89626.5,153778.5,APB,no_hyp,no_hyp,no_hyp,ok,ok,
10278,阳光别墅·绿椤苑,73602.5,126286.9,APB,no_hyp,no_hyp,no_hyp,ok,ok,
10279,阳光假日别墅·奥锦苑,66574.2,114189.0,APB,no_hyp,no_hyp,no_hyp,ok,ok,
10280,阳光假日别墅·紫云苑,54161.9,92900.9,APB,no_hyp,no_hyp,no_hyp,ok,ok,
10281,,386917.0,662313.1,APB,no_hyp,no_hyp,no_hyp,ok,ok,
10282,,543169.3,929327.3,APB,no_hyp,no_hyp,no_hyp,ok,ok,
10283,,286586.5,490270.0,APB,no_hyp,no_hyp,no_hyp,ok,ok,
10284,,315331.3,539318.0,APB,no_hyp,no_hyp,no_hyp,ok,ok,
10285,,133312.4,229200.6,APB,no_hyp,no_hyp,no_hyp,ok,ok,
10286,,6383.3,10974.4,APB,no_hyp,no_hyp,no_hyp,ok,ok,
10287,,48260.0,82972.6,APB,no_hyp,no_hyp,no_hyp,ok,ok,
10288,,30816.2,52979.4,APB,no_hyp,no_hyp,no_hyp,ok,ok,
10289,,118429.1,203662.7,APB,no_hyp,no_hyp,no_hyp,ok,ok,
10290,,8370.3,14404.1,APB,no_hyp,no_hyp,no_hyp,ok,ok,
10291,,20010.0,34447.7,APB,no_hyp,no_hyp,no_hyp,ok,ok,
10292,,467210.9,801688.6,APB,no_hyp,no_hyp,no_hyp,ok,ok,
10293,,243214.0,416521.0,APB,no_hyp,no_hyp,no_hyp,ok,ok,
10294,,48394.5,82822.5,APB,no_hyp,no_hyp,no_hyp,ok,ok,
10295,东沟小区,30594.7,52482.0,APB,no_hyp,no_hyp,no_hyp,ok,ok,
10296,,60861.4,102856.9,APB,no_hyp,no_hyp,no_hyp,ok,ok,
10297,,62899.3,106300.4,APB,no_hyp,no_hyp,no_hyp,ok,ok,
10298,,42436.8,71718.4,APB,no_hyp,no_hyp,no_hyp,ok,ok,
10299,,43667.6,73794.0,APB,no_hyp,no_hyp,no_hyp,ok,ok,
10300,,62457.6,105547.7,APB,no_hyp,no_hyp,no_hyp,ok,ok,
10301,,41237.4,69688.5,APB,no_hyp,no_hyp,no_hyp,ok,ok,
10302,,165668.1,284130.6,APB,no_hyp,no_hyp,no_hyp,ok,ok,
10303,,38181.6,65516.3,APB,no_hyp,no_hyp,no_hyp,ok,ok,
10304,,21307.2,36569.3,APB,no_hyp,no_hyp,no_hyp,ok,ok,
10305,,9481.9,16273.9,APB,no_hyp,no_hyp,no_hyp,ok,ok,
10306,,10292.9,17667.4,APB,no_hyp,no_hyp,no_hyp,ok,ok,
10307,,8906.6,15287.6,APB,no_hyp,no_hyp,no_hyp,ok,ok,
10308,,10597.8,18192.0,APB,no_hyp,no_hyp,no_hyp,ok,ok,
10309,,4561.2,7830.0,APB,no_hyp,no_hyp,no_hyp,ok,ok,
10310,,10125.7,17382.8,APB,no_hyp,no_hyp,no_hyp,ok,ok,
10311,,118500.6,203091.7,APB,no_hyp,no_hyp,no_hyp,ok,ok,
10312,,113970.1,195336.4,APB,no_hyp,no_hyp,no_hyp,ok,ok,
10313,,150444.4,257854.3,APB,no_hyp,no_hyp,no_hyp,ok,ok,
10314,,30154.2,51763.7,APB,no_hyp,no_hyp,no_hyp,ok,ok,
10315,,18467.2,31713.5,APB,no_hyp,no_hyp,no_hyp,ok,ok,
10316,,15066.3,25873.5,APB,no_hyp,no_hyp,no_hyp,ok,ok,
10317,,64672.6,111136.6,APB,no_hyp,no_hyp,no_hyp,ok,ok,
10318,,26219.0,45055.5,APB,no_hyp,no_hyp,no_hyp,ok,ok,
10319,,55366.6,95141.4,APB,no_hyp,no_hyp,no_hyp,ok,ok,
10320,,14321.9,24159.6,APB,no_hyp,no_hyp,no_hyp,ok,ok,
10321,,95301.2,160752.0,APB,no_hyp,no_hyp,no_hyp,ok,ok,
10322,,3858.2,6509.3,APB,no_hyp,no_hyp,no_hyp,ok,ok,
10323,,2039.6,3440.0,APB,no_hyp,no_hyp,no_hyp,ok,ok,
10324,,9513.8,16050.7,APB,no_hyp,no_hyp,no_hyp,ok,ok,
10325,,3107.5,5239.5,APB,no_hyp,no_hyp,no_hyp,ok,ok,
10326,,15591.9,26289.0,APB,no_hyp,no_hyp,no_hyp,ok,ok,
10327,,8599.8,14499.4,APB,no_hyp,no_hyp,no_hyp,ok,ok,
10328,,39660.6,66840.0,APB,no_hyp,no_hyp,no_hyp,ok,ok,
10329,,10097.8,17005.4,APB,no_hyp,no_hyp,no_hyp,ok,ok,
10330,,2207.2,3717.6,APB,no_hyp,no_hyp,no_hyp,ok,ok,
10331,,5446.9,9177.7,APB,no_hyp,no_hyp,no_hyp,ok,ok,
10332,,6008.1,10123.0,APB,no_hyp,no_hyp,no_hyp,ok,ok,
10333,,4124.3,7141.2,APB,no_hyp,no_hyp,no_hyp,ok,ok,
10334,含章园F区,59879.0,101447.8,APB,no_hyp,no_hyp,no_hyp,ok,ok,
10335,首善人家北京人寿康养中心,80443.2,136350.8,APB,no_hyp,no_hyp,no_hyp,ok,ok,
10336,,354736.7,608993.4,APB,no_hyp,no_hyp,no_hyp,ok,ok,
10337,,311384.3,533965.4,APB,no_hyp,no_hyp,no_hyp,ok,ok,
10338,,852099.2,1450303.7,APB,no_hyp,no_hyp,no_hyp,ok,ok,
10339,,380580.3,647537.2,APB,no_hyp,no_hyp,no_hyp,ok,ok,
10340,,264893.7,450729.8,APB,no_hyp,no_hyp,no_hyp,ok,ok,
10341,,193994.0,330119.4,APB,no_hyp,no_hyp,no_hyp,ok,ok,
10342,,346081.2,589103.5,APB,no_hyp,no_hyp,no_hyp,ok,ok,
10343,,35138.8,59791.8,APB,no_hyp,no_hyp,no_hyp,ok,ok,
10344,,404573.0,688277.6,APB,no_hyp,no_hyp,no_hyp,ok,ok,
10345,,366753.4,623969.8,APB,no_hyp,no_hyp,no_hyp,ok,ok,
10346,,250136.2,425578.6,APB,no_hyp,no_hyp,no_hyp,ok,ok,
10347,,228040.9,388057.7,APB,no_hyp,no_hyp,no_hyp,ok,ok,
10348,,189120.7,321847.5,APB,no_hyp,no_hyp,no_hyp,ok,ok,
10349,,117369.6,199584.7,APB,no_hyp,no_hyp,no_hyp,ok,ok,
10350,,339444.6,577220.1,APB,no_hyp,no_hyp,no_hyp,ok,ok,
10351,,231401.5,393547.7,APB,no_hyp,no_hyp,no_hyp,ok,ok,
10352,,281356.8,478612.9,APB,no_hyp,no_hyp,no_hyp,ok,ok,
10353,,444529.3,756251.1,APB,no_hyp,no_hyp,no_hyp,ok,ok,
10354,,139950.2,238273.8,APB,no_hyp,no_hyp,no_hyp,ok,ok,
10355,,180762.3,307793.2,APB,no_hyp,no_hyp,no_hyp,ok,ok,
10356,,87170.0,148435.7,APB,no_hyp,no_hyp,no_hyp,ok,ok,
10357,,146350.3,249180.3,APB,no_hyp,no_hyp,no_hyp,ok,ok,
10358,,111867.7,190306.6,APB,no_hyp,no_hyp,no_hyp,ok,ok,
10359,,363418.8,617985.9,APB,no_hyp,no_hyp,no_hyp,ok,ok,
10360,,397101.0,675515.9,APB,no_hyp,no_hyp,no_hyp,ok,ok,
10361,,100503.1,170853.4,APB,no_hyp,no_hyp,no_hyp,ok,ok,
10362,清韵北里一区,23093.7,39099.1,APB,no_hyp,no_hyp,no_hyp,ok,ok,
10363,清韵北里四区,30152.0,51047.8,APB,no_hyp,no_hyp,no_hyp,ok,ok,
10364,清韵北里二区,47630.4,80636.2,APB,no_hyp,no_hyp,no_hyp,ok,ok,
10365,清韵南里,137092.8,232030.5,APB,no_hyp,no_hyp,no_hyp,ok,ok,
10366,嘉铭桐城A区,39703.2,67411.3,APB,no_hyp,no_hyp,no_hyp,ok,ok,
10367,嘉铭桐城B区,37301.5,63329.9,APB,no_hyp,no_hyp,no_hyp,ok,ok,
10368,嘉铭桐城C区,38615.9,65568.4,APB,no_hyp,no_hyp,no_hyp,ok,ok,
10369,嘉铭桐城D区,46035.8,78164.6,APB,no_hyp,no_hyp,no_hyp,ok,ok,
10370,嘉铭桐城E区,29004.5,49244.0,APB,no_hyp,no_hyp,no_hyp,ok,ok,
10371,嘉铭桐城F区,30974.2,52593.8,APB,no_hyp,no_hyp,no_hyp,ok,ok,
10372,,14985.0,25545.8,APB,no_hyp,no_hyp,no_hyp,ok,ok,
10373,,348684.9,584863.0,APB,no_hyp,no_hyp,no_hyp,ok,ok,
10374,,178725.9,299850.8,APB,no_hyp,no_hyp,no_hyp,ok,ok,
10375,,270556.7,454033.5,APB,no_hyp,no_hyp,no_hyp,ok,ok,
10376,北京大学中关园南区,27727.1,47059.1,APB,no_hyp,no_hyp,no_hyp,ok,ok,
10377,华贸公寓区,35110.9,59457.5,APB,no_hyp,no_hyp,no_hyp,ok,ok,
10378,,12694.6,21500.4,APB,no_hyp,no_hyp,no_hyp,ok,ok,
10379,,9673.5,16871.1,APB,no_hyp,no_hyp,no_hyp,ok,ok,
10380,,17898.1,31215.8,APB,no_hyp,no_hyp,no_hyp,ok,ok,
10381,,21982.4,38307.0,APB,no_hyp,no_hyp,no_hyp,ok,ok,
10382,,42930.8,74887.6,APB,no_hyp,no_hyp,no_hyp,ok,ok,
10383,,30548.3,53293.7,APB,no_hyp,no_hyp,no_hyp,ok,ok,
10384,,28087.5,48986.3,APB,no_hyp,no_hyp,no_hyp,ok,ok,
10385,,19032.4,33189.7,APB,no_hyp,no_hyp,no_hyp,ok,ok,
10386,东方太阳城,2599952.1,4425541.2,APB,no_hyp,no_hyp,no_hyp,ok,ok,
10387,都丽华府,54803.0,93405.8,APB,no_hyp,no_hyp,no_hyp,ok,ok,
10388,都丽华府,59638.0,101646.0,APB,no_hyp,no_hyp,no_hyp,ok,ok,
10389,都丽华府,35419.7,60367.5,APB,no_hyp,no_hyp,no_hyp,ok,ok,
10390,林荫家园,149853.4,255425.2,APB,no_hyp,no_hyp,no_hyp,ok,ok,
10391,中海·京西里,15959.8,26880.0,APB,no_hyp,no_hyp,no_hyp,ok,ok,
10392,关庄路6号院,15990.1,27147.6,APB,no_hyp,no_hyp,no_hyp,ok,ok,
10393,怀柔新城14街区14E-08-A地块人才公租房项目,25500.0,43664.6,APB,no_hyp,no_hyp,no_hyp,ok,ok,
10394,怀柔新城14街区14E-08-B地块人才公租房项目,28175.5,48245.1,APB,no_hyp,no_hyp,no_hyp,ok,ok,
10395,陈营,5778.8,51198.0,EOB,ok,no_hyp,no_hyp,ok,ok,
10396,水恋晶城,50946.0,86287.5,APB,no_hyp,no_hyp,no_hyp,ok,ok,
10397,海户西里南社区,66845.9,112998.7,APB,no_hyp,no_hyp,no_hyp,ok,ok,
10398,海户西里北社区,85683.5,144857.2,APB,no_hyp,no_hyp,no_hyp,ok,ok,
10399,,280322.9,472351.8,APB,no_hyp,no_hyp,no_hyp,ok,ok,
10400,连心园西区,165641.3,280569.2,APB,no_hyp,no_hyp,no_hyp,ok,ok,
10401,连心园东区,56930.2,96431.2,APB,no_hyp,no_hyp,no_hyp,ok,ok,
10402,北京新天地,278782.4,472145.0,APB,no_hyp,no_hyp,no_hyp,ok,ok,
10403,甘露园中街7号院,16169.1,27387.7,APB,no_hyp,no_hyp,no_hyp,ok,ok,
10404,建材经贸小区,16222.1,27479.2,APB,no_hyp,no_hyp,no_hyp,ok,ok,
10405,东潞苑东二区,94880.9,160781.8,APB,no_hyp,no_hyp,no_hyp,ok,ok,
10406,孙各庄家园西区,45087.6,76384.0,APB,no_hyp,no_hyp,no_hyp,ok,ok,
10407,金隅凤栖家园南区,33216.5,56470.6,APB,no_hyp,no_hyp,no_hyp,ok,ok,
10408,京杭府,13388.2,22670.2,APB,no_hyp,no_hyp,no_hyp,ok,ok,
10409,长城脚下的公社,296118.2,507804.0,APB,no_hyp,no_hyp,no_hyp,ok,ok,
10410,金地北京壹街区,153404.4,260261.8,APB,no_hyp,no_hyp,no_hyp,ok,ok,
10411,兴惠园,26822.3,45498.7,APB,no_hyp,no_hyp,no_hyp,ok,ok,
10412,河口新村,70190.7,121549.6,APB,no_hyp,no_hyp,no_hyp,ok,ok,
10413,,48546.8,84115.4,APB,no_hyp,no_hyp,no_hyp,ok,ok,
10414,,9737.4,16481.1,APB,no_hyp,no_hyp,no_hyp,ok,ok,
10415,,217940.6,368474.8,APB,no_hyp,no_hyp,no_hyp,ok,ok,
10416,,174712.9,295324.9,APB,no_hyp,no_hyp,no_hyp,ok,ok,
10417,,211770.9,357940.7,APB,no_hyp,no_hyp,no_hyp,ok,ok,
10418,北京大学中关新园,93976.6,159503.7,APB,no_hyp,no_hyp,no_hyp,ok,ok,
10419,,104971.4,176045.7,APB,no_hyp,no_hyp,no_hyp,ok,ok,
10420,,4161.3,7020.7,APB,no_hyp,no_hyp,no_hyp,ok,ok,
10421,民大附中家属区,4265.0,7230.5,APB,no_hyp,no_hyp,no_hyp,ok,ok,
10422,后屯路32号院（冶金社区南区）,21968.0,37339.0,APB,no_hyp,no_hyp,no_hyp,ok,ok,
10423,和平村小区E区,27634.3,46762.0,APB,no_hyp,no_hyp,no_hyp,ok,ok,
10424,丽湾家园,8556.6,14512.4,APB,no_hyp,no_hyp,no_hyp,ok,ok,
10425,圣馨大地家园,30789.5,52266.6,APB,no_hyp,no_hyp,no_hyp,ok,ok,
10426,白庙新村,70892.9,120151.1,APB,no_hyp,no_hyp,no_hyp,ok,ok,
10427,亮马桥外交人员馆舍,6322.6,10718.8,APB,no_hyp,no_hyp,no_hyp,ok,ok,
10428,长寿家园,8886.9,15207.5,APB,no_hyp,no_hyp,no_hyp,ok,ok,
10429,,65804.6,114006.6,APB,no_hyp,no_hyp,no_hyp,ok,ok,
10430,,10903.7,18890.2,APB,no_hyp,no_hyp,no_hyp,ok,ok,
10431,西便门国务院宿舍,51644.4,87430.9,APB,no_hyp,no_hyp,no_hyp,ok,ok,
10432,礼亲王府,47439.8,80355.8,APB,no_hyp,no_hyp,no_hyp,ok,ok,
10433,泰隆温馨家园,5784.4,9804.1,APB,no_hyp,no_hyp,no_hyp,ok,ok,
10434,,6533.9,11013.9,APB,no_hyp,no_hyp,no_hyp,ok,ok,
10435,,20988.4,35372.5,APB,no_hyp,no_hyp,no_hyp,ok,ok,
10436,五机床宿舍,22348.8,38013.0,APB,no_hyp,no_hyp,no_hyp,ok,ok,
10437,科印小区,73855.6,125023.8,APB,no_hyp,no_hyp,no_hyp,ok,ok,
10438,,200213.9,338089.3,APB,no_hyp,no_hyp,no_hyp,ok,ok,
10439,龙虎台小区,45871.1,78431.4,APB,no_hyp,no_hyp,no_hyp,ok,ok,
10440,,580524.1,988404.0,APB,no_hyp,no_hyp,no_hyp,ok,ok,
10441,京西花园,65160.7,112055.6,APB,no_hyp,no_hyp,no_hyp,ok,ok,
10442,丽晶苑,5683.1,9622.6,APB,no_hyp,no_hyp,no_hyp,ok,ok,
10443,通用时代国际公寓,32181.7,54485.6,APB,no_hyp,no_hyp,no_hyp,ok,ok,
10444,万豪国际公寓,14310.5,24228.7,APB,no_hyp,no_hyp,no_hyp,ok,ok,
10445,花香小镇一期,172441.5,290278.0,APB,no_hyp,no_hyp,no_hyp,ok,ok,
10446,,104159.2,175302.0,APB,no_hyp,no_hyp,no_hyp,ok,ok,
10447,,200651.8,337780.8,APB,no_hyp,no_hyp,no_hyp,ok,ok,
10448,花香小镇二期,48692.1,81971.2,APB,no_hyp,no_hyp,no_hyp,ok,ok,
10449,京港家园,7635.2,12856.4,APB,no_hyp,no_hyp,no_hyp,ok,ok,
10450,巨富·九璟湾,65582.4,110348.6,APB,no_hyp,no_hyp,no_hyp,ok,ok,
10451,,606851.8,1024896.6,APB,no_hyp,no_hyp,no_hyp,ok,ok,
10452,万润北京运河湾,60636.9,102329.7,APB,no_hyp,no_hyp,no_hyp,ok,ok,
10453,,32944.1,55523.5,APB,no_hyp,no_hyp,no_hyp,ok,ok,
10454,旅游新村,16456.3,27859.8,APB,no_hyp,no_hyp,no_hyp,ok,ok,
10455,,65412.8,112833.7,APB,no_hyp,no_hyp,no_hyp,ok,ok,
10456,,37519.3,64709.3,APB,no_hyp,no_hyp,no_hyp,ok,ok,
10457,,69638.8,120090.7,APB,no_hyp,no_hyp,no_hyp,ok,ok,
10458,珠江阙,44078.1,74652.3,APB,no_hyp,no_hyp,no_hyp,ok,ok,
10459,月亮河·七星公馆,77746.4,131688.7,APB,no_hyp,no_hyp,no_hyp,ok,ok,
10460,中骏·云景台一期,63448.8,106742.1,APB,no_hyp,no_hyp,no_hyp,ok,ok,
10461,中骏·云景台二期,51371.8,86424.4,APB,no_hyp,no_hyp,no_hyp,ok,ok,
10462,中骏·云景台三期,37060.4,62347.8,APB,no_hyp,no_hyp,no_hyp,ok,ok,
10463,金融街·金悦嘉苑,69174.2,116351.2,APB,no_hyp,no_hyp,no_hyp,ok,ok,
10464,博世庄园,55566.5,95347.9,APB,no_hyp,no_hyp,no_hyp,ok,ok,
10465,厢红旗干休所,20088.4,34107.6,APB,no_hyp,no_hyp,no_hyp,ok,ok,
10466,,140636.1,239270.9,APB,no_hyp,no_hyp,no_hyp,ok,ok,
10467,,165839.3,282245.1,APB,no_hyp,no_hyp,no_hyp,ok,ok,
10468,,596147.8,1014668.9,APB,no_hyp,no_hyp,no_hyp,ok,ok,
10469,前门天街苑,24798.0,41971.1,APB,no_hyp,no_hyp,no_hyp,ok,ok,
10470,龙海花园,20616.8,34621.8,APB,no_hyp,no_hyp,no_hyp,ok,ok,
10471,,225846.3,381587.7,APB,no_hyp,no_hyp,no_hyp,ok,ok,
10472,金地·大湖风华,61905.3,104440.9,APB,no_hyp,no_hyp,no_hyp,ok,ok,
10473,祥和乐园,150972.0,255122.8,APB,no_hyp,no_hyp,no_hyp,ok,ok,
10474,,72412.0,122504.1,APB,no_hyp,no_hyp,no_hyp,ok,ok,
10475,,39602.6,66994.9,APB,no_hyp,no_hyp,no_hyp,ok,ok,
10476,,39717.7,67189.8,APB,no_hyp,no_hyp,no_hyp,ok,ok,
10477,,47285.1,79994.7,APB,no_hyp,no_hyp,no_hyp,ok,ok,
10478,,110902.8,188216.0,APB,no_hyp,no_hyp,no_hyp,ok,ok,
10479,金华园,224420.0,378435.2,APB,no_hyp,no_hyp,no_hyp,ok,ok,
10480,金荣园,79718.9,134430.4,APB,no_hyp,no_hyp,no_hyp,ok,ok,
10481,,28663.9,48923.4,APB,no_hyp,no_hyp,no_hyp,ok,ok,
10482,,58954.8,100601.9,APB,no_hyp,no_hyp,no_hyp,ok,ok,
10483,,20196.4,34207.3,APB,no_hyp,no_hyp,no_hyp,ok,ok,
10484,张卫东运输站宿舍,39598.1,67616.5,APB,no_hyp,no_hyp,no_hyp,ok,ok,
10485,金朝玉玛员工宿舍,16768.6,28633.6,APB,no_hyp,no_hyp,no_hyp,ok,ok,
10486,牛栏山市场小区,13680.8,23371.2,APB,no_hyp,no_hyp,no_hyp,ok,ok,
10487,万泉庄小区,52360.6,88809.9,APB,no_hyp,no_hyp,no_hyp,ok,ok,
10488,小南庄新区社区,40299.3,68354.4,APB,no_hyp,no_hyp,no_hyp,ok,ok,
10489,紫金长河,56225.1,95407.0,APB,no_hyp,no_hyp,no_hyp,ok,ok,
10490,金鱼池中街2号院,28115.5,47583.1,APB,no_hyp,no_hyp,no_hyp,ok,ok,
10491,金鱼池中街1号院,17828.0,30172.2,APB,no_hyp,no_hyp,no_hyp,ok,ok,
10492,中海馥园,32781.4,55540.2,APB,no_hyp,no_hyp,no_hyp,ok,ok,
10493,苏州桥西社区,14816.5,25129.6,APB,no_hyp,no_hyp,no_hyp,ok,ok,
10494,小南庄甲26号院,8223.0,13947.2,APB,no_hyp,no_hyp,no_hyp,ok,ok,
10495,,91192.8,154312.1,APB,no_hyp,no_hyp,no_hyp,ok,ok,
10496,,58036.2,98209.5,APB,no_hyp,no_hyp,no_hyp,ok,ok,
10497,小街之春嘉园,52826.9,89367.6,APB,no_hyp,no_hyp,no_hyp,ok,ok,
10498,玫瑰东筑,10092.0,17072.2,APB,no_hyp,no_hyp,no_hyp,ok,ok,
10499,香溪家园,39670.5,67105.7,APB,no_hyp,no_hyp,no_hyp,ok,ok,
10500,中关村东大院,5997.0,10176.5,APB,no_hyp,no_hyp,no_hyp,ok,ok,
10501,平乐园10号院,15095.2,25545.0,APB,no_hyp,no_hyp,no_hyp,ok,ok,
10502,东方雅苑,52085.8,88139.6,APB,no_hyp,no_hyp,no_hyp,ok,ok,
10503,风度柏林,49859.1,84377.7,APB,no_hyp,no_hyp,no_hyp,ok,ok,
10504,海淀区永丰产业基地（新）HD00-0401-0162,8445.6,14374.3,APB,no_hyp,no_hyp,no_hyp,ok,ok,
10505,泰胡路小区,19404.1,33208.0,APB,no_hyp,no_hyp,no_hyp,ok,ok,
10506,枫林别院,15348.7,26265.2,APB,no_hyp,no_hyp,no_hyp,ok,ok,
10507,北京圣世恒业职工公寓,10402.4,17803.3,APB,no_hyp,no_hyp,no_hyp,ok,ok,
10508,胡庄社区平房家属院,4094.9,7007.9,APB,no_hyp,no_hyp,no_hyp,ok,ok,
10509,金隅·万科城（2期）,80588.9,137660.8,APB,no_hyp,no_hyp,no_hyp,ok,ok,
10510,金隅·万科城（1期）,70088.1,119731.2,APB,no_hyp,no_hyp,no_hyp,ok,ok,
10511,石榴园南里,153191.9,258906.9,APB,no_hyp,no_hyp,no_hyp,ok,ok,
10512,石榴园北区,221263.5,373994.2,APB,no_hyp,no_hyp,no_hyp,ok,ok,
10513,建邦华府,89153.7,150709.3,APB,no_hyp,no_hyp,no_hyp,ok,ok,
10514,贾家花园,66474.8,112370.7,APB,no_hyp,no_hyp,no_hyp,ok,ok,
10515,红松园小区,18794.3,31874.1,APB,no_hyp,no_hyp,no_hyp,ok,ok,
10516,逸华苑,11978.3,20578.2,APB,no_hyp,no_hyp,no_hyp,ok,ok,
10517,北医三院家属区小区,122071.8,207148.6,APB,no_hyp,no_hyp,no_hyp,ok,ok,
10518,方丹苑,49644.2,83986.9,APB,no_hyp,no_hyp,no_hyp,ok,ok,
10519,榕城家园,10996.2,18570.2,APB,no_hyp,no_hyp,no_hyp,ok,ok,
10520,光谷公寓,23431.8,39567.3,APB,no_hyp,no_hyp,no_hyp,ok,ok,
10521,,55872.4,94803.6,APB,no_hyp,no_hyp,no_hyp,ok,ok,
10522,,17031.5,28861.3,APB,no_hyp,no_hyp,no_hyp,ok,ok,
10523,,35736.5,60430.0,APB,no_hyp,no_hyp,no_hyp,ok,ok,
10524,,31997.3,54105.1,APB,no_hyp,no_hyp,no_hyp,ok,ok,
10525,紫光园小区,16168.9,27284.2,APB,no_hyp,no_hyp,no_hyp,ok,ok,
10526,华润八号院华中园,140109.3,238940.7,APB,no_hyp,no_hyp,no_hyp,ok,ok,
10527,北京乡村高尔夫别墅,78877.2,134540.5,APB,no_hyp,no_hyp,no_hyp,ok,ok,
10528,旭辉空港中心,52173.1,88876.7,APB,no_hyp,no_hyp,no_hyp,ok,ok,
10529,,2383.2,4059.6,APB,no_hyp,no_hyp,no_hyp,ok,ok,
10530,宏远·航城广场,63858.7,108776.1,APB,no_hyp,no_hyp,no_hyp,ok,ok,
10531,景昌南街5号院,46918.2,80162.4,APB,no_hyp,no_hyp,no_hyp,ok,ok,
10532,,191318.4,325874.6,APB,no_hyp,no_hyp,no_hyp,ok,ok,
10533,鲁能·钓鱼台·美高梅公馆,73329.6,123937.9,APB,no_hyp,no_hyp,no_hyp,ok,ok,
10534,宋家庄家园四区,15550.7,26284.2,APB,no_hyp,no_hyp,no_hyp,ok,ok,
10535,石榴庄南里甲8号院,8466.0,14306.6,APB,no_hyp,no_hyp,no_hyp,ok,ok,
10536,北京金茂府二期,25698.6,43431.7,APB,no_hyp,no_hyp,no_hyp,ok,ok,
10537,首开石榴派,14460.5,24441.1,APB,no_hyp,no_hyp,no_hyp,ok,ok,
10538,牛街东里小区,77919.2,131855.3,APB,no_hyp,no_hyp,no_hyp,ok,ok,
10539,似海怡家,15653.1,26489.3,APB,no_hyp,no_hyp,no_hyp,ok,ok,
10540,牛街东里小区二区,11123.0,18821.9,APB,no_hyp,no_hyp,no_hyp,ok,ok,
10541,牛街西里一区,27563.1,46642.5,APB,no_hyp,no_hyp,no_hyp,ok,ok,
10542,牛街西里二区,35509.7,60086.0,APB,no_hyp,no_hyp,no_hyp,ok,ok,
10543,法源寺西里,36226.0,61298.5,APB,no_hyp,no_hyp,no_hyp,ok,ok,
10544,牛街春风社区,69448.0,117510.3,APB,no_hyp,no_hyp,no_hyp,ok,ok,
10545,枫桦豪景,46468.7,78635.4,APB,no_hyp,no_hyp,no_hyp,ok,ok,
10546,白广路6号院,80759.3,136657.3,APB,no_hyp,no_hyp,no_hyp,ok,ok,
10547,金宸国际公寓,26034.5,44088.4,APB,no_hyp,no_hyp,no_hyp,ok,ok,
10548,,49863.9,84093.7,APB,no_hyp,no_hyp,no_hyp,ok,ok,
10549,,20634.0,34823.8,APB,no_hyp,no_hyp,no_hyp,ok,ok,
10550,,52811.3,89132.6,APB,no_hyp,no_hyp,no_hyp,ok,ok,
10551,盆儿胡同61号院,3886.5,6575.3,APB,no_hyp,no_hyp,no_hyp,ok,ok,
10552,白纸坊东街25号院,11467.7,19401.0,APB,no_hyp,no_hyp,no_hyp,ok,ok,
10553,双槐里小区,53076.7,89801.5,APB,no_hyp,no_hyp,no_hyp,ok,ok,
10554,平原里小区-南区,44016.8,74469.9,APB,no_hyp,no_hyp,no_hyp,ok,ok,
10555,盆儿胡同62号院,11842.1,20034.5,APB,no_hyp,no_hyp,no_hyp,ok,ok,
10556,永乐里小区,4378.1,7406.4,APB,no_hyp,no_hyp,no_hyp,ok,ok,
10557,里仁街2号院,1567.5,2651.6,APB,no_hyp,no_hyp,no_hyp,ok,ok,
10558,里仁街1号院,2917.2,4934.8,APB,no_hyp,no_hyp,no_hyp,ok,ok,
10559,里仁街3号院,40136.3,67897.9,APB,no_hyp,no_hyp,no_hyp,ok,ok,
10560,半步桥胡同6号园,5173.2,8751.6,APB,no_hyp,no_hyp,no_hyp,ok,ok,
10561,信建里,36140.2,61137.5,APB,no_hyp,no_hyp,no_hyp,ok,ok,
10562,,13985.6,23659.9,APB,no_hyp,no_hyp,no_hyp,ok,ok,
10563,半步桥街13号院,24086.2,40742.0,APB,no_hyp,no_hyp,no_hyp,ok,ok,
10564,里仁街6号院,28780.0,48682.9,APB,no_hyp,no_hyp,no_hyp,ok,ok,
10565,华龙美钰,16940.3,28653.4,APB,no_hyp,no_hyp,no_hyp,ok,ok,
10566,清芷园,118107.7,199781.4,APB,no_hyp,no_hyp,no_hyp,ok,ok,
10567,臻品园5号院,26581.0,45544.5,APB,no_hyp,no_hyp,no_hyp,ok,ok,
10568,臻品园7号院,53174.9,91104.2,APB,no_hyp,no_hyp,no_hyp,ok,ok,
10569,北樱桃园17号院,14376.1,24323.3,APB,no_hyp,no_hyp,no_hyp,ok,ok,
10570,白广路东里,27854.1,47127.8,APB,no_hyp,no_hyp,no_hyp,ok,ok,
10571,白广路东里1号院,7178.9,12146.5,APB,no_hyp,no_hyp,no_hyp,ok,ok,
10572,樱桃园二条8号院,7335.7,12411.1,APB,no_hyp,no_hyp,no_hyp,ok,ok,
10573,中上园5号院,16897.4,28608.6,APB,no_hyp,no_hyp,no_hyp,ok,ok,
10574,中上园,89803.6,152039.2,APB,no_hyp,no_hyp,no_hyp,ok,ok,
10575,大有庄100号院,39612.0,67274.5,APB,no_hyp,no_hyp,no_hyp,ok,ok,
10576,哨子营,39545.4,67162.5,APB,no_hyp,no_hyp,no_hyp,ok,ok,
10577,柳泽湾东区,44943.2,76090.3,APB,no_hyp,no_hyp,no_hyp,ok,ok,
10578,柳泽湾西区,84680.9,143365.1,APB,no_hyp,no_hyp,no_hyp,ok,ok,
10579,红霞公寓,21263.6,36007.5,APB,no_hyp,no_hyp,no_hyp,ok,ok,
10580,霞公府,16977.6,28748.5,APB,no_hyp,no_hyp,no_hyp,ok,ok,
10581,白广路西里,12862.4,21762.1,APB,no_hyp,no_hyp,no_hyp,ok,ok,
10582,中兴巷,8138.8,13769.2,APB,no_hyp,no_hyp,no_hyp,ok,ok,
10583,恬心家园,12371.1,20929.2,APB,no_hyp,no_hyp,no_hyp,ok,ok,
10584,白纸坊中里,25100.7,42464.7,APB,no_hyp,no_hyp,no_hyp,ok,ok,
10585,菜园街10号院,9781.3,16549.4,APB,no_hyp,no_hyp,no_hyp,ok,ok,
10586,白广路二条4号院,4323.5,7315.9,APB,no_hyp,no_hyp,no_hyp,ok,ok,
10587,白广路小区,7642.4,12932.7,APB,no_hyp,no_hyp,no_hyp,ok,ok,
10588,团结大院,23559.5,39926.0,APB,no_hyp,no_hyp,no_hyp,ok,ok,
10589,进步巷小区,5149.4,8726.7,APB,no_hyp,no_hyp,no_hyp,ok,ok,
10590,坡头西街社区,8928.2,15130.0,APB,no_hyp,no_hyp,no_hyp,ok,ok,
10591,北京大学燕东园,108478.6,184154.4,APB,no_hyp,no_hyp,no_hyp,ok,ok,
10592,燕东园北区,26094.8,44300.0,APB,no_hyp,no_hyp,no_hyp,ok,ok,
10593,北京大学承泽园,49081.5,83314.1,APB,no_hyp,no_hyp,no_hyp,ok,ok,
10594,北京大学中关园北区,54332.7,92221.0,APB,no_hyp,no_hyp,no_hyp,ok,ok,
10595,东亚家园东区,24822.7,41948.3,APB,no_hyp,no_hyp,no_hyp,ok,ok,
10596,东亚家园西区,28378.4,47957.0,APB,no_hyp,no_hyp,no_hyp,ok,ok,
10597,金果林家园,244043.4,409459.8,APB,no_hyp,no_hyp,no_hyp,ok,ok,
10598,双榆树北路6号院,6223.9,10558.0,APB,no_hyp,no_hyp,no_hyp,ok,ok,
10599,商务部绿化基地|退潜别墅,21820.9,37136.7,APB,no_hyp,no_hyp,no_hyp,ok,ok,
10600,北京大学畅春园,72553.8,123156.8,APB,no_hyp,no_hyp,no_hyp,ok,ok,
10601,北京大学蔚秀园,114560.4,194473.1,APB,no_hyp,no_hyp,no_hyp,ok,ok,
10602,新街口外大街甲四号院,5943.4,10080.2,APB,no_hyp,no_hyp,no_hyp,ok,ok,
10603,藤花紫院小区,10691.0,18141.6,APB,no_hyp,no_hyp,no_hyp,ok,ok,
10604,北京香颂一期,13166.2,22349.2,APB,no_hyp,no_hyp,no_hyp,ok,ok,
10605,北京香颂三期,14682.1,24919.6,APB,no_hyp,no_hyp,no_hyp,ok,ok,
10606,益田·影人峰汇,12329.4,21111.6,APB,no_hyp,no_hyp,no_hyp,ok,ok,
10607,天天朝阳,12411.5,21021.4,APB,no_hyp,no_hyp,no_hyp,ok,ok,
10608,十里堡北里,141478.2,239651.4,APB,no_hyp,no_hyp,no_hyp,ok,ok,
10609,新华联丽景,33469.2,56692.5,APB,no_hyp,no_hyp,no_hyp,ok,ok,
10610,育慧西里,37163.1,63086.7,APB,no_hyp,no_hyp,no_hyp,ok,ok,
10611,太和小区,14833.1,25181.0,APB,no_hyp,no_hyp,no_hyp,ok,ok,
10612,,29715.8,50442.6,APB,no_hyp,no_hyp,no_hyp,ok,ok,
10613,凯旋城小区,69052.2,117225.7,APB,no_hyp,no_hyp,no_hyp,ok,ok,
10614,,5062.1,8592.7,APB,no_hyp,no_hyp,no_hyp,ok,ok,
10615,花园路5号院,75240.2,127643.8,APB,no_hyp,no_hyp,no_hyp,ok,ok,
10616,,882186.6,1502821.7,APB,no_hyp,no_hyp,no_hyp,ok,ok,
10617,清华大学西南社区,67329.2,114292.5,APB,no_hyp,no_hyp,no_hyp,ok,ok,
10618,南楼社区,59215.4,100522.6,APB,no_hyp,no_hyp,no_hyp,ok,ok,
10619,清华大学东南小区,31614.5,74663.0,EOB,ok,no_hyp,no_hyp,ok,ok,
10620,西楼社区,79009.9,134136.4,APB,no_hyp,no_hyp,no_hyp,ok,ok,
10621,清华大学公寓,51259.4,87020.9,APB,no_hyp,no_hyp,no_hyp,ok,ok,
10622,碧海方舟,175782.2,298410.0,APB,no_hyp,no_hyp,no_hyp,ok,ok,
10623,元大都小区,14180.0,24059.1,APB,no_hyp,no_hyp,no_hyp,ok,ok,
10624,湖光小区32号院,7384.4,12660.0,APB,no_hyp,no_hyp,no_hyp,ok,ok,
10625,湖光小区丙31号院,9739.1,16696.6,APB,no_hyp,no_hyp,no_hyp,ok,ok,
10626,,4617.9,7833.7,APB,no_hyp,no_hyp,no_hyp,ok,ok,
10627,风格派,6170.5,10474.9,APB,no_hyp,no_hyp,no_hyp,ok,ok,
10628,欧陆经典万兴苑,70222.3,119204.9,APB,no_hyp,no_hyp,no_hyp,ok,ok,
10629,嘉铭园,15552.5,26405.7,APB,no_hyp,no_hyp,no_hyp,ok,ok,
10630,,16942.3,28764.9,APB,no_hyp,no_hyp,no_hyp,ok,ok,
10631,,317245.0,541373.1,APB,no_hyp,no_hyp,no_hyp,ok,ok,
10632,,64216.5,107688.8,APB,no_hyp,no_hyp,no_hyp,ok,ok,
10633,,48096.5,80657.0,APB,no_hyp,no_hyp,no_hyp,ok,ok,
10634,,50734.6,85080.8,APB,no_hyp,no_hyp,no_hyp,ok,ok,
10635,,43221.7,72476.8,APB,no_hyp,no_hyp,no_hyp,ok,ok,
10636,,46887.9,78625.3,APB,no_hyp,no_hyp,no_hyp,ok,ok,
10637,,49131.0,82387.4,APB,no_hyp,no_hyp,no_hyp,ok,ok,
10638,,41883.5,70232.5,APB,no_hyp,no_hyp,no_hyp,ok,ok,
10639,,50783.9,85151.7,APB,no_hyp,no_hyp,no_hyp,ok,ok,
10640,,48394.6,81140.7,APB,no_hyp,no_hyp,no_hyp,ok,ok,
10641,,42284.7,70891.3,APB,no_hyp,no_hyp,no_hyp,ok,ok,
10642,,54761.2,91803.0,APB,no_hyp,no_hyp,no_hyp,ok,ok,
10643,,28915.8,48475.2,APB,no_hyp,no_hyp,no_hyp,ok,ok,
10644,,23577.9,39526.7,APB,no_hyp,no_hyp,no_hyp,ok,ok,
10645,,32843.5,55062.8,APB,no_hyp,no_hyp,no_hyp,ok,ok,
10646,铁路巷小区,21119.4,35790.7,APB,no_hyp,no_hyp,no_hyp,ok,ok,
10647,北礼士路75号院,16404.3,27799.1,APB,no_hyp,no_hyp,no_hyp,ok,ok,
10648,,38242.1,65259.0,APB,no_hyp,no_hyp,no_hyp,ok,ok,
10649,利泽西园,102801.4,174599.7,APB,no_hyp,no_hyp,no_hyp,ok,ok,
10650,季景沁园,95094.3,161428.3,APB,no_hyp,no_hyp,no_hyp,ok,ok,
10651,,56322.7,95593.2,APB,no_hyp,no_hyp,no_hyp,ok,ok,
10652,金樾和著,78372.1,131839.2,APB,no_hyp,no_hyp,no_hyp,ok,ok,
10653,City Xinhai'an Elegant Garden,23330.7,39597.4,APB,no_hyp,no_hyp,no_hyp,ok,ok,
10654,首开富力·金禧璞瑅 - 东区,50564.9,86257.0,APB,no_hyp,no_hyp,no_hyp,ok,ok,
10655,首开富力·金禧璞瑅 - 西区,85388.3,145662.0,APB,no_hyp,no_hyp,no_hyp,ok,ok,
10656,HNA Guoxing Chengbai,35522.2,60497.7,APB,no_hyp,no_hyp,no_hyp,ok,ok,
10657,北洼路32号院,10573.6,17916.9,APB,no_hyp,no_hyp,no_hyp,ok,ok,
10658,京贸家园,84203.3,142625.6,APB,no_hyp,no_hyp,no_hyp,ok,ok,
10659,通胡大街15号院,20197.2,34206.9,APB,no_hyp,no_hyp,no_hyp,ok,ok,
10660,城市亮点,10351.0,17506.2,APB,no_hyp,no_hyp,no_hyp,ok,ok,
10661,民主北街,11694.7,19778.0,APB,no_hyp,no_hyp,no_hyp,ok,ok,
10662,琉璃井83号,1827.1,3089.9,APB,no_hyp,no_hyp,no_hyp,ok,ok,
10663,规划望坛公园,13201.8,22326.3,APB,no_hyp,no_hyp,no_hyp,ok,ok,
10664,革新里24号院,15011.3,25387.3,APB,no_hyp,no_hyp,no_hyp,ok,ok,
10665,东革新里40号院,18078.4,30573.4,APB,no_hyp,no_hyp,no_hyp,ok,ok,
10666,革新南路2号院,8029.3,13578.0,APB,no_hyp,no_hyp,no_hyp,ok,ok,
10667,中关村北一条小区,23575.8,40011.4,APB,no_hyp,no_hyp,no_hyp,ok,ok,
10668,青年公寓,23015.3,39085.2,APB,no_hyp,no_hyp,no_hyp,ok,ok,
10669,久润花园西区,21141.6,36309.7,APB,no_hyp,no_hyp,no_hyp,ok,ok,
10670,檀营小区,55643.8,95559.5,APB,no_hyp,no_hyp,no_hyp,ok,ok,
10671,百合园小区,33834.6,58104.8,APB,no_hyp,no_hyp,no_hyp,ok,ok,
10672,上营小区北区,21922.0,37638.4,APB,no_hyp,no_hyp,no_hyp,ok,ok,
10673,,232957.7,400013.3,APB,no_hyp,no_hyp,no_hyp,ok,ok,
10674,北一公寓,22152.9,37510.4,APB,no_hyp,no_hyp,no_hyp,ok,ok,
10675,北二公寓,36891.3,62468.7,APB,no_hyp,no_hyp,no_hyp,ok,ok,
10676,漷县村,893522.6,1507131.6,APB,no_hyp,no_hyp,no_hyp,ok,ok,
10677,,869218.2,1465433.1,APB,no_hyp,no_hyp,no_hyp,ok,ok,
10678,牛堡屯中街小区,73073.8,123206.6,APB,no_hyp,no_hyp,no_hyp,ok,ok,
10679,,139404.9,235095.1,APB,no_hyp,no_hyp,no_hyp,ok,ok,
10680,,209577.8,353418.4,APB,no_hyp,no_hyp,no_hyp,ok,ok,
10681,欢乐嘉苑南区,85295.7,143820.9,APB,no_hyp,no_hyp,no_hyp,ok,ok,
10682,欢乐嘉苑北区,30770.7,51887.7,APB,no_hyp,no_hyp,no_hyp,ok,ok,
10683,后南关村,110214.4,185846.9,APB,no_hyp,no_hyp,no_hyp,ok,ok,
10684,前南关村,58312.2,98319.5,APB,no_hyp,no_hyp,no_hyp,ok,ok,
10685,,322429.4,543825.2,APB,no_hyp,no_hyp,no_hyp,ok,ok,
10686,,187830.7,316824.3,APB,no_hyp,no_hyp,no_hyp,ok,ok,
10687,前青山村,124986.4,210749.9,APB,no_hyp,no_hyp,no_hyp,ok,ok,
10688,后青山村,61989.1,104530.1,APB,no_hyp,no_hyp,no_hyp,ok,ok,
10689,,290859.4,490356.3,APB,no_hyp,no_hyp,no_hyp,ok,ok,
10690,,496019.7,835665.8,APB,no_hyp,no_hyp,no_hyp,ok,ok,
10691,,400873.5,675096.9,APB,no_hyp,no_hyp,no_hyp,ok,ok,
10692,,118277.0,199091.4,APB,no_hyp,no_hyp,no_hyp,ok,ok,
10693,,594168.8,1000025.7,APB,no_hyp,no_hyp,no_hyp,ok,ok,
10694,,169596.1,285389.4,APB,no_hyp,no_hyp,no_hyp,ok,ok,
10695,,509214.4,856503.0,APB,no_hyp,no_hyp,no_hyp,ok,ok,
10696,,164892.6,277334.5,APB,no_hyp,no_hyp,no_hyp,ok,ok,
10697,,284513.2,478295.3,APB,no_hyp,no_hyp,no_hyp,ok,ok,
10698,,296081.4,497573.4,APB,no_hyp,no_hyp,no_hyp,ok,ok,
10699,,1074005.9,1804202.4,APB,no_hyp,no_hyp,no_hyp,ok,ok,
10700,,574729.1,965577.4,APB,no_hyp,no_hyp,no_hyp,ok,ok,
10701,齐善庄村,274253.7,463306.2,APB,no_hyp,no_hyp,no_hyp,ok,ok,
10702,,43729.1,73796.7,APB,no_hyp,no_hyp,no_hyp,ok,ok,
10703,北大化村,538765.6,909223.5,APB,no_hyp,no_hyp,no_hyp,ok,ok,
10704,,165255.5,278768.1,APB,no_hyp,no_hyp,no_hyp,ok,ok,
10705,,616730.3,1038358.2,APB,no_hyp,no_hyp,no_hyp,ok,ok,
10706,,220408.2,370868.7,APB,no_hyp,no_hyp,no_hyp,ok,ok,
10707,,169458.3,285078.5,APB,no_hyp,no_hyp,no_hyp,ok,ok,
10708,,71154.8,119698.0,APB,no_hyp,no_hyp,no_hyp,ok,ok,
10709,,375283.2,631343.7,APB,no_hyp,no_hyp,no_hyp,ok,ok,
10710,,254200.1,427606.9,APB,no_hyp,no_hyp,no_hyp,ok,ok,
10711,,73471.4,123570.1,APB,no_hyp,no_hyp,no_hyp,ok,ok,
10712,,314711.3,529278.7,APB,no_hyp,no_hyp,no_hyp,ok,ok,
10713,,43155.9,72578.6,APB,no_hyp,no_hyp,no_hyp,ok,ok,
10714,,216438.2,364244.4,APB,no_hyp,no_hyp,no_hyp,ok,ok,
10715,,13009.5,21881.9,APB,no_hyp,no_hyp,no_hyp,ok,ok,
10716,,204698.7,344017.4,APB,no_hyp,no_hyp,no_hyp,ok,ok,
10717,,193015.8,324427.4,APB,no_hyp,no_hyp,no_hyp,ok,ok,
10718,,857237.6,1440325.6,APB,no_hyp,no_hyp,no_hyp,ok,ok,
10719,,79094.3,134123.2,APB,no_hyp,no_hyp,no_hyp,ok,ok,
10720,,123034.3,207935.5,APB,no_hyp,no_hyp,no_hyp,ok,ok,
10721,环湖小镇西区,128190.4,216636.2,APB,no_hyp,no_hyp,no_hyp,ok,ok,
10722,玉甫上营村,225464.8,380923.1,APB,no_hyp,no_hyp,no_hyp,ok,ok,
10723,西下营村,188402.8,318299.7,APB,no_hyp,no_hyp,no_hyp,ok,ok,
10724,东下营村,117255.7,198109.4,APB,no_hyp,no_hyp,no_hyp,ok,ok,
10725,唐大庄村,128084.6,216404.3,APB,no_hyp,no_hyp,no_hyp,ok,ok,
10726,,62361.7,105345.6,APB,no_hyp,no_hyp,no_hyp,ok,ok,
10727,,81659.9,137932.3,APB,no_hyp,no_hyp,no_hyp,ok,ok,
10728,,236826.5,400006.7,APB,no_hyp,no_hyp,no_hyp,ok,ok,
10729,,178710.7,301866.6,APB,no_hyp,no_hyp,no_hyp,ok,ok,
10730,,62561.2,105669.3,APB,no_hyp,no_hyp,no_hyp,ok,ok,
10731,旭辉御锦,104275.6,177061.2,APB,no_hyp,no_hyp,no_hyp,ok,ok,
10732,首开·香溪郡北区,74067.3,125785.5,APB,no_hyp,no_hyp,no_hyp,ok,ok,
10733,融创千章墅,166083.0,282015.3,APB,no_hyp,no_hyp,no_hyp,ok,ok,
10734,云景西里南区,142114.0,240432.0,APB,no_hyp,no_hyp,no_hyp,ok,ok,
10735,云景西里北区,52061.6,88089.2,APB,no_hyp,no_hyp,no_hyp,ok,ok,
10736,云景里北区,79662.8,134773.7,APB,no_hyp,no_hyp,no_hyp,ok,ok,
10737,云景里南区,82072.5,138842.2,APB,no_hyp,no_hyp,no_hyp,ok,ok,
10738,公庄,43004.0,72744.8,APB,no_hyp,no_hyp,no_hyp,ok,ok,
10739,幸福时光,38558.6,65220.3,APB,no_hyp,no_hyp,no_hyp,ok,ok,
10740,群芳三园,35787.1,60534.4,APB,no_hyp,no_hyp,no_hyp,ok,ok,
10741,群芳三园西区,35898.7,60718.7,APB,no_hyp,no_hyp,no_hyp,ok,ok,
10742,戎泰院,21648.1,36614.8,APB,no_hyp,no_hyp,no_hyp,ok,ok,
10743,云景北里,67106.4,113549.2,APB,no_hyp,no_hyp,no_hyp,ok,ok,
10744,园景小区西区,44735.8,75689.7,APB,no_hyp,no_hyp,no_hyp,ok,ok,
10745,金侨时代家园,73189.1,123813.2,APB,no_hyp,no_hyp,no_hyp,ok,ok,
10746,云景豪庭,44779.4,75755.7,APB,no_hyp,no_hyp,no_hyp,ok,ok,
10747,花涧溪·启明星苑,71804.0,121462.3,APB,no_hyp,no_hyp,no_hyp,ok,ok,
10748,,34516.2,58541.5,APB,no_hyp,no_hyp,no_hyp,ok,ok,
10749,开发区保安公司,19925.7,33598.9,APB,no_hyp,no_hyp,no_hyp,ok,ok,
10750,一区,10098.6,17145.3,APB,no_hyp,no_hyp,no_hyp,ok,ok,
10751,,31992.4,54259.0,APB,no_hyp,no_hyp,no_hyp,ok,ok,
10752,,172854.9,291619.6,APB,no_hyp,no_hyp,no_hyp,ok,ok,
10753,,389566.2,660655.6,APB,no_hyp,no_hyp,no_hyp,ok,ok,
10754,,316002.4,535837.4,APB,no_hyp,no_hyp,no_hyp,ok,ok,
10755,,502206.8,851856.0,APB,no_hyp,no_hyp,no_hyp,ok,ok,
10756,,470973.8,798928.0,APB,no_hyp,no_hyp,no_hyp,ok,ok,
10757,,133545.4,226691.6,APB,no_hyp,no_hyp,no_hyp,ok,ok,
10758,,180070.6,305706.6,APB,no_hyp,no_hyp,no_hyp,ok,ok,
10759,,544962.7,925302.5,APB,no_hyp,no_hyp,no_hyp,ok,ok,
10760,,248957.0,422668.0,APB,no_hyp,no_hyp,no_hyp,ok,ok,
10761,,260604.0,442497.1,APB,no_hyp,no_hyp,no_hyp,ok,ok,
10762,,151914.4,257984.3,APB,no_hyp,no_hyp,no_hyp,ok,ok,
10763,,409432.3,697183.3,APB,no_hyp,no_hyp,no_hyp,ok,ok,
10764,,309606.6,527534.8,APB,no_hyp,no_hyp,no_hyp,ok,ok,
10765,,133057.2,226585.0,APB,no_hyp,no_hyp,no_hyp,ok,ok,
10766,,667323.3,1137001.9,APB,no_hyp,no_hyp,no_hyp,ok,ok,
10767,,354676.0,604510.2,APB,no_hyp,no_hyp,no_hyp,ok,ok,
10768,十里堡南区,31915.8,54065.4,APB,no_hyp,no_hyp,no_hyp,ok,ok,
10769,晨光家园A区,37770.3,63984.8,APB,no_hyp,no_hyp,no_hyp,ok,ok,
10770,十里堡北区,39451.6,66844.7,APB,no_hyp,no_hyp,no_hyp,ok,ok,
10771,八里庄南里,70846.2,120006.8,APB,no_hyp,no_hyp,no_hyp,ok,ok,
10772,八里庄东里北巷,26779.9,45360.3,APB,no_hyp,no_hyp,no_hyp,ok,ok,
10773,八里庄东里社区,281995.3,477622.7,APB,no_hyp,no_hyp,no_hyp,ok,ok,
10774,京棉新城东区,20249.5,34297.8,APB,no_hyp,no_hyp,no_hyp,ok,ok,
10775,十里堡东里,318102.6,538776.9,APB,no_hyp,no_hyp,no_hyp,ok,ok,
10776,韩庄子三里,33636.3,56838.0,APB,no_hyp,no_hyp,no_hyp,ok,ok,
10777,大稿新村,55197.0,93371.0,APB,no_hyp,no_hyp,no_hyp,ok,ok,
10778,中泽家园,40420.8,68376.2,APB,no_hyp,no_hyp,no_hyp,ok,ok,
10779,馨悦家园一区,25127.2,42820.6,APB,no_hyp,no_hyp,no_hyp,ok,ok,
10780,馨悦家园四区,36856.3,62806.3,APB,no_hyp,no_hyp,no_hyp,ok,ok,
10781,馨悦家园五区,25161.5,42877.7,APB,no_hyp,no_hyp,no_hyp,ok,ok,
10782,菜市口西片区,14555.3,24630.9,APB,no_hyp,no_hyp,no_hyp,ok,ok,
10783,教师公寓,114158.8,192759.6,APB,no_hyp,no_hyp,no_hyp,ok,ok,
10784,西罗园第四社区,68946.7,116588.4,APB,no_hyp,no_hyp,no_hyp,ok,ok,
10785,紫荆学生公寓,373868.0,634943.9,APB,no_hyp,no_hyp,no_hyp,ok,ok,
10786,中楼社区,23282.3,39527.4,APB,no_hyp,no_hyp,no_hyp,ok,ok,
10787,惠新里小区,48743.1,82704.3,APB,no_hyp,no_hyp,no_hyp,ok,ok,
10788,,1859.8,3162.4,APB,no_hyp,no_hyp,no_hyp,ok,ok,
10789,北京金茂府,24347.3,41146.1,APB,no_hyp,no_hyp,no_hyp,ok,ok,
10790,宋庄路81号院,10958.5,18519.4,APB,no_hyp,no_hyp,no_hyp,ok,ok,
10791,顶秀金石家园,62269.2,105217.4,APB,no_hyp,no_hyp,no_hyp,ok,ok,
10792,世华水岸,43908.3,74191.3,APB,no_hyp,no_hyp,no_hyp,ok,ok,
10793,中海丽春湖墅东区,98329.7,167632.4,APB,no_hyp,no_hyp,no_hyp,ok,ok,
10794,,148494.3,251677.4,APB,no_hyp,no_hyp,no_hyp,ok,ok,
10795,,281687.1,478778.2,APB,no_hyp,no_hyp,no_hyp,ok,ok,
10796,,535708.6,908092.3,APB,no_hyp,no_hyp,no_hyp,ok,ok,
10797,全国妇联宿舍,5276.8,8937.4,APB,no_hyp,no_hyp,no_hyp,ok,ok,
10798,,93577.9,158709.2,APB,no_hyp,no_hyp,no_hyp,ok,ok,
10799,,10227.3,17345.2,APB,no_hyp,no_hyp,no_hyp,ok,ok,
10800,,37189.0,63068.8,APB,no_hyp,no_hyp,no_hyp,ok,ok,
10801,园丁小区南区,15694.9,26764.5,APB,no_hyp,no_hyp,no_hyp,ok,ok,
10802,中昂邑上原著,99017.4,168871.8,APB,no_hyp,no_hyp,no_hyp,ok,ok,
10803,园丁西园,9656.8,16469.1,APB,no_hyp,no_hyp,no_hyp,ok,ok,
10804,腾龙源城,36099.0,61569.4,APB,no_hyp,no_hyp,no_hyp,ok,ok,
10805,海关西园东区,35573.7,60638.8,APB,no_hyp,no_hyp,no_hyp,ok,ok,
10806,乐园西小区-北区,158006.8,269482.9,APB,no_hyp,no_hyp,no_hyp,ok,ok,
10807,永安家园,64585.9,110142.1,APB,no_hyp,no_hyp,no_hyp,ok,ok,
10808,金海小区,58458.6,99649.2,APB,no_hyp,no_hyp,no_hyp,ok,ok,
10809,东方国际公寓,19318.7,32932.4,APB,no_hyp,no_hyp,no_hyp,ok,ok,
10810,金谷东园北区,15630.9,26649.6,APB,no_hyp,no_hyp,no_hyp,ok,ok,
10811,温泉别墅,74760.7,127437.5,APB,no_hyp,no_hyp,no_hyp,ok,ok,
10812,海关西园西区,34021.9,57993.9,APB,no_hyp,no_hyp,no_hyp,ok,ok,
10813,金谷东园,37242.2,63493.2,APB,no_hyp,no_hyp,no_hyp,ok,ok,
10814,燕谷嘉苑,12512.0,21340.5,APB,no_hyp,no_hyp,no_hyp,ok,ok,
10815,兴谷家园,81399.1,138859.3,APB,no_hyp,no_hyp,no_hyp,ok,ok,
10816,园丁小区北区,46578.4,79437.7,APB,no_hyp,no_hyp,no_hyp,ok,ok,
10817,平谷大街38号院,17999.1,30699.2,APB,no_hyp,no_hyp,no_hyp,ok,ok,
10818,紫贵庄园,66845.9,113968.8,APB,no_hyp,no_hyp,no_hyp,ok,ok,
10819,园丁小区,41017.8,69951.1,APB,no_hyp,no_hyp,no_hyp,ok,ok,
10820,瑞丰花园,20494.1,34954.9,APB,no_hyp,no_hyp,no_hyp,ok,ok,
10821,兴谷别墅,46051.2,78557.4,APB,no_hyp,no_hyp,no_hyp,ok,ok,
10822,春曦园小区,66642.4,113661.6,APB,no_hyp,no_hyp,no_hyp,ok,ok,
10823,海纳幸福城,18455.4,31475.1,APB,no_hyp,no_hyp,no_hyp,ok,ok,
10824,海关西园,50315.0,85767.0,APB,no_hyp,no_hyp,no_hyp,ok,ok,
10825,平房青年公寓,10604.1,17970.9,APB,no_hyp,no_hyp,no_hyp,ok,ok,
10826,,20366.3,34424.3,APB,no_hyp,no_hyp,no_hyp,ok,ok,
10827,,26220.7,45394.2,APB,no_hyp,no_hyp,no_hyp,ok,ok,
10828,,2079.8,3600.5,APB,no_hyp,no_hyp,no_hyp,ok,ok,
10829,,4307.2,7457.2,APB,no_hyp,no_hyp,no_hyp,ok,ok,
10830,,2806.5,4858.5,APB,no_hyp,no_hyp,no_hyp,ok,ok,
10831,,2742.9,4748.6,APB,no_hyp,no_hyp,no_hyp,ok,ok,
10832,,8429.6,14584.7,APB,no_hyp,no_hyp,no_hyp,ok,ok,
10833,,16895.0,29238.0,APB,no_hyp,no_hyp,no_hyp,ok,ok,
10834,,7947.0,13753.5,APB,no_hyp,no_hyp,no_hyp,ok,ok,
10835,,966.4,1672.6,APB,no_hyp,no_hyp,no_hyp,ok,ok,
10836,,3160.6,5470.0,APB,no_hyp,no_hyp,no_hyp,ok,ok,
10837,,2111.5,3653.6,APB,no_hyp,no_hyp,no_hyp,ok,ok,
10838,,2326.1,4024.8,APB,no_hyp,no_hyp,no_hyp,ok,ok,
10839,,12328.4,21361.0,APB,no_hyp,no_hyp,no_hyp,ok,ok,
10840,,23888.0,41390.9,APB,no_hyp,no_hyp,no_hyp,ok,ok,
10841,,11576.1,20058.2,APB,no_hyp,no_hyp,no_hyp,ok,ok,
10842,,81898.9,141891.9,APB,no_hyp,no_hyp,no_hyp,ok,ok,
10843,,5949.1,10294.4,APB,no_hyp,no_hyp,no_hyp,ok,ok,
10844,,4464.1,7724.8,APB,no_hyp,no_hyp,no_hyp,ok,ok,
10845,,1359.8,2352.9,APB,no_hyp,no_hyp,no_hyp,ok,ok,
10846,,44406.1,76879.0,APB,no_hyp,no_hyp,no_hyp,ok,ok,
10847,,23055.9,39917.5,APB,no_hyp,no_hyp,no_hyp,ok,ok,
10848,,1987.4,3440.6,APB,no_hyp,no_hyp,no_hyp,ok,ok,
10849,,4391.8,7603.6,APB,no_hyp,no_hyp,no_hyp,ok,ok,
10850,,2599.7,4497.7,APB,no_hyp,no_hyp,no_hyp,ok,ok,
10851,,952.0,1647.0,APB,no_hyp,no_hyp,no_hyp,ok,ok,
10852,,5629.3,9739.1,APB,no_hyp,no_hyp,no_hyp,ok,ok,
10853,,6137.7,10618.5,APB,no_hyp,no_hyp,no_hyp,ok,ok,
10854,,2893.3,5005.4,APB,no_hyp,no_hyp,no_hyp,ok,ok,
10855,,17625.8,30510.8,APB,no_hyp,no_hyp,no_hyp,ok,ok,
10856,,1577.3,2730.6,APB,no_hyp,no_hyp,no_hyp,ok,ok,
10857,,607.7,1052.0,APB,no_hyp,no_hyp,no_hyp,ok,ok,
10858,,3368.7,5831.2,APB,no_hyp,no_hyp,no_hyp,ok,ok,
10859,,1691.0,2927.2,APB,no_hyp,no_hyp,no_hyp,ok,ok,
10860,,1678.0,2904.0,APB,no_hyp,no_hyp,no_hyp,ok,ok,
10861,,910.0,1574.8,APB,no_hyp,no_hyp,no_hyp,ok,ok,
10862,,727380.7,1235363.3,APB,no_hyp,no_hyp,no_hyp,ok,ok,
10863,,317418.6,539267.3,APB,no_hyp,no_hyp,no_hyp,ok,ok,
10864,,226397.7,384578.0,APB,no_hyp,no_hyp,no_hyp,ok,ok,
10865,莱茵湾小区,64493.2,109557.8,APB,no_hyp,no_hyp,no_hyp,ok,ok,
10866,,1147563.7,1949063.0,APB,no_hyp,no_hyp,no_hyp,ok,ok,
10867,北许场新村,35601.8,60192.3,APB,no_hyp,no_hyp,no_hyp,ok,ok,
10868,芳草园小区,36002.1,60865.7,APB,no_hyp,no_hyp,no_hyp,ok,ok,
10869,棉花片A3地块,34701.3,58726.8,APB,no_hyp,no_hyp,no_hyp,ok,ok,
10870,富卓花园,20340.8,34427.2,APB,no_hyp,no_hyp,no_hyp,ok,ok,
10871,华威北里,14832.1,25094.2,APB,no_hyp,no_hyp,no_hyp,ok,ok,
10872,,4765.6,8062.9,APB,no_hyp,no_hyp,no_hyp,ok,ok,
10873,国贤府,111204.1,189477.8,APB,no_hyp,no_hyp,no_hyp,ok,ok,
10874,,199825.0,337677.1,APB,no_hyp,no_hyp,no_hyp,ok,ok,
10875,,396031.6,669073.0,APB,no_hyp,no_hyp,no_hyp,ok,ok,
10876,,139296.5,235338.7,APB,no_hyp,no_hyp,no_hyp,ok,ok,
10877,,191426.8,323325.5,APB,no_hyp,no_hyp,no_hyp,ok,ok,
10878,,180162.2,306351.2,APB,no_hyp,no_hyp,no_hyp,ok,ok,
10879,,217700.2,370110.1,APB,no_hyp,no_hyp,no_hyp,ok,ok,
10880,,209974.4,357028.2,APB,no_hyp,no_hyp,no_hyp,ok,ok,
10881,,531508.8,903550.7,APB,no_hyp,no_hyp,no_hyp,ok,ok,
10882,,214297.4,364272.3,APB,no_hyp,no_hyp,no_hyp,ok,ok,
10883,,245131.9,416811.6,APB,no_hyp,no_hyp,no_hyp,ok,ok,
10884,,170504.1,290288.3,APB,no_hyp,no_hyp,no_hyp,ok,ok,
10885,,1080367.9,1838799.1,APB,no_hyp,no_hyp,no_hyp,ok,ok,
10886,,133875.8,227853.8,APB,no_hyp,no_hyp,no_hyp,ok,ok,
10887,,247037.5,419722.6,APB,no_hyp,no_hyp,no_hyp,ok,ok,
10888,,19850.2,33789.8,APB,no_hyp,no_hyp,no_hyp,ok,ok,
10889,瑞平家园A区,53992.2,91749.7,APB,no_hyp,no_hyp,no_hyp,ok,ok,
10890,瑞平家园2号院,56328.9,95720.8,APB,no_hyp,no_hyp,no_hyp,ok,ok,
10891,华樾北京二期,29732.2,50515.2,APB,no_hyp,no_hyp,no_hyp,ok,ok,
10892,百葛路三号院二区,113756.2,194115.7,APB,no_hyp,no_hyp,no_hyp,ok,ok,
10893,广电总局家属院,16358.0,27694.9,APB,no_hyp,no_hyp,no_hyp,ok,ok,
10894,天璟方隅服务公寓,2837.9,4811.3,APB,no_hyp,no_hyp,no_hyp,ok,ok,
10895,城子大街126号楼,4796.7,8131.2,APB,no_hyp,no_hyp,no_hyp,ok,ok,
10896,紫薇·天悦,53279.2,90454.9,APB,no_hyp,no_hyp,no_hyp,ok,ok,
10897,紫薇天悦21号院,14984.2,25439.0,APB,no_hyp,no_hyp,no_hyp,ok,ok,
10898,蓝珏苑,20081.2,34078.3,APB,no_hyp,no_hyp,no_hyp,ok,ok,
10899,,28791.8,49849.4,APB,no_hyp,no_hyp,no_hyp,ok,ok,
10900,,12693.1,21976.2,APB,no_hyp,no_hyp,no_hyp,ok,ok,
10901,,86590.9,149901.0,APB,no_hyp,no_hyp,no_hyp,ok,ok,
10902,,280392.2,485401.3,APB,no_hyp,no_hyp,no_hyp,ok,ok,
10903,,40375.2,69865.1,APB,no_hyp,no_hyp,no_hyp,ok,ok,
10904,晴翠园,369125.3,626966.8,APB,no_hyp,no_hyp,no_hyp,ok,ok,
10905,秀山公寓,12983.1,22068.5,APB,no_hyp,no_hyp,no_hyp,ok,ok,
10906,秀山公寓（南区）,4555.2,7742.7,APB,no_hyp,no_hyp,no_hyp,ok,ok,
10907,秀山家园,9107.5,15480.5,APB,no_hyp,no_hyp,no_hyp,ok,ok,
10908,颐西庄园,62894.1,106892.1,APB,no_hyp,no_hyp,no_hyp,ok,ok,
10909,西山雅园,37832.9,64299.4,APB,no_hyp,no_hyp,no_hyp,ok,ok,
10910,白家疃小区,357711.5,607941.5,APB,no_hyp,no_hyp,no_hyp,ok,ok,
10911,四海孔子书院同园,7964.1,13534.8,APB,no_hyp,no_hyp,no_hyp,ok,ok,
10912,,2923.5,4975.0,APB,no_hyp,no_hyp,no_hyp,ok,ok,
10913,,7041.2,11978.4,APB,no_hyp,no_hyp,no_hyp,ok,ok,
10914,,10951.8,18636.7,APB,no_hyp,no_hyp,no_hyp,ok,ok,
10915,,6864.8,11682.2,APB,no_hyp,no_hyp,no_hyp,ok,ok,
10916,,2311.4,3932.4,APB,no_hyp,no_hyp,no_hyp,ok,ok,
10917,,6091.7,10363.9,APB,no_hyp,no_hyp,no_hyp,ok,ok,
10918,佃起,479332.3,809228.1,APB,no_hyp,no_hyp,no_hyp,ok,ok,
10919,,326975.0,560964.7,APB,no_hyp,no_hyp,no_hyp,ok,ok,
10920,,8502.2,14585.5,APB,no_hyp,no_hyp,no_hyp,ok,ok,
10921,,96879.9,166244.4,APB,no_hyp,no_hyp,no_hyp,ok,ok,
10922,,66999.9,114983.9,APB,no_hyp,no_hyp,no_hyp,ok,ok,
10923,,307264.0,527324.6,APB,no_hyp,no_hyp,no_hyp,ok,ok,
10924,,282559.4,484709.3,APB,no_hyp,no_hyp,no_hyp,ok,ok,
10925,,388859.6,666571.9,APB,no_hyp,no_hyp,no_hyp,ok,ok,
10926,城与墅,34164.9,57754.9,APB,no_hyp,no_hyp,no_hyp,ok,ok,
10927,朗悦花园北区,72738.4,122977.0,APB,no_hyp,no_hyp,no_hyp,ok,ok,
10928,水郡长安一号院,79734.6,135000.8,APB,no_hyp,no_hyp,no_hyp,ok,ok,
10929,水郡长安二号院,83273.1,140990.6,APB,no_hyp,no_hyp,no_hyp,ok,ok,
10930,双惠苑三号院,33742.5,57133.1,APB,no_hyp,no_hyp,no_hyp,ok,ok,
10931,艺水芳园,101798.3,172353.4,APB,no_hyp,no_hyp,no_hyp,ok,ok,
10932,北花园小区一号院,66087.9,111893.2,APB,no_hyp,no_hyp,no_hyp,ok,ok,
10933,北花园小区二号院,67068.1,113552.6,APB,no_hyp,no_hyp,no_hyp,ok,ok,
10934,北花园小区三号院,76388.2,129326.9,APB,no_hyp,no_hyp,no_hyp,ok,ok,
10935,北花园小区四号院,58658.0,99308.7,APB,no_hyp,no_hyp,no_hyp,ok,ok,
10936,双桥铁路小区,66512.2,112602.6,APB,no_hyp,no_hyp,no_hyp,ok,ok,
10937,双柳巷小区,77168.9,130662.9,APB,no_hyp,no_hyp,no_hyp,ok,ok,
10938,金隅康惠园二号院,67988.2,115111.5,APB,no_hyp,no_hyp,no_hyp,ok,ok,
10939,金隅康惠园一号院,66728.9,112979.4,APB,no_hyp,no_hyp,no_hyp,ok,ok,
10940,金隅康惠园三号院,67243.9,113851.3,APB,no_hyp,no_hyp,no_hyp,ok,ok,
10941,双桥小区,39963.7,67645.2,APB,no_hyp,no_hyp,no_hyp,ok,ok,
10942,乐成养老双桥恭和家园,33162.3,56130.2,APB,no_hyp,no_hyp,no_hyp,ok,ok,
10943,双桥西大院,20460.2,34630.5,APB,no_hyp,no_hyp,no_hyp,ok,ok,
10944,双旭花园,152150.9,257197.1,APB,no_hyp,no_hyp,no_hyp,ok,ok,
10945,青荷里晨风园一期,50639.1,85628.5,APB,no_hyp,no_hyp,no_hyp,ok,ok,
10946,青荷里南山园,61172.0,103439.6,APB,no_hyp,no_hyp,no_hyp,ok,ok,
10947,青荷里晨风园二期,118372.7,200183.0,APB,no_hyp,no_hyp,no_hyp,ok,ok,
10948,半壁店新村A区,134028.8,226822.2,APB,no_hyp,no_hyp,no_hyp,ok,ok,
10949,BBD TIME B区小郊亭新村,93660.8,158504.2,APB,no_hyp,no_hyp,no_hyp,ok,ok,
10950,CBD高尔夫球会别墅,98480.8,166575.1,APB,no_hyp,no_hyp,no_hyp,ok,ok,
10951,盛腾公寓,31828.8,53837.8,APB,no_hyp,no_hyp,no_hyp,ok,ok,
10952,,34156.8,58189.4,APB,no_hyp,no_hyp,no_hyp,ok,ok,
10953,,276027.0,470196.3,APB,no_hyp,no_hyp,no_hyp,ok,ok,
10954,,46466.8,79138.7,APB,no_hyp,no_hyp,no_hyp,ok,ok,
10955,,28677.2,48841.1,APB,no_hyp,no_hyp,no_hyp,ok,ok,
10956,,71014.9,120972.6,APB,no_hyp,no_hyp,no_hyp,ok,ok,
10957,,67654.5,115217.5,APB,no_hyp,no_hyp,no_hyp,ok,ok,
10958,,7300.6,12433.6,APB,no_hyp,no_hyp,no_hyp,ok,ok,
10959,,53238.2,90665.6,APB,no_hyp,no_hyp,no_hyp,ok,ok,
10960,明光北里南区,15177.8,25740.7,APB,no_hyp,no_hyp,no_hyp,ok,ok,
10961,和平门小区,87442.1,148037.5,APB,no_hyp,no_hyp,no_hyp,ok,ok,
10962,京城雅居,210862.8,356600.0,APB,no_hyp,no_hyp,no_hyp,ok,ok,
10963,万科青青家园北区,33445.4,56562.3,APB,no_hyp,no_hyp,no_hyp,ok,ok,
10964,,28103.7,47406.3,APB,no_hyp,no_hyp,no_hyp,ok,ok,
10965,,23034.0,38849.7,APB,no_hyp,no_hyp,no_hyp,ok,ok,
10966,,81083.9,136754.7,APB,no_hyp,no_hyp,no_hyp,ok,ok,
10967,,33866.4,57116.1,APB,no_hyp,no_hyp,no_hyp,ok,ok,
10968,,18423.4,31070.1,APB,no_hyp,no_hyp,no_hyp,ok,ok,
10969,,16521.7,27862.3,APB,no_hyp,no_hyp,no_hyp,ok,ok,
10970,,112065.4,188872.7,APB,no_hyp,no_hyp,no_hyp,ok,ok,
10971,,153810.3,259205.2,APB,no_hyp,no_hyp,no_hyp,ok,ok,
10972,,50117.0,84530.1,APB,no_hyp,no_hyp,no_hyp,ok,ok,
10973,,24994.3,42152.0,APB,no_hyp,no_hyp,no_hyp,ok,ok,
10974,,180488.8,304653.6,APB,no_hyp,no_hyp,no_hyp,ok,ok,
10975,Xiaoyouying,52201.4,88187.6,APB,no_hyp,no_hyp,no_hyp,ok,ok,
10976,高家寨胡同小区,14089.3,23841.6,APB,no_hyp,no_hyp,no_hyp,ok,ok,
10977,,27341.3,46212.0,APB,no_hyp,no_hyp,no_hyp,ok,ok,
10978,,11687.5,19830.9,APB,no_hyp,no_hyp,no_hyp,ok,ok,
10979,,15017.1,25482.4,APB,no_hyp,no_hyp,no_hyp,ok,ok,
10980,玉桥中路2号院,19587.2,33158.1,APB,no_hyp,no_hyp,no_hyp,ok,ok,
10981,,22815.7,38715.1,APB,no_hyp,no_hyp,no_hyp,ok,ok,
10982,展思门南里6号院,12253.1,20883.6,APB,no_hyp,no_hyp,no_hyp,ok,ok,
10983,展思门路10号院,15007.2,25577.8,APB,no_hyp,no_hyp,no_hyp,ok,ok,
10984,展思门路12号院,1293.7,2204.9,APB,no_hyp,no_hyp,no_hyp,ok,ok,
10985,展思门路16号院,12892.2,21972.8,APB,no_hyp,no_hyp,no_hyp,ok,ok,
10986,镇辽门南路居民区,8255.8,14068.2,APB,no_hyp,no_hyp,no_hyp,ok,ok,
10987,佳美小区,14730.1,25105.7,APB,no_hyp,no_hyp,no_hyp,ok,ok,
10988,石油宿舍,7109.4,12117.1,APB,no_hyp,no_hyp,no_hyp,ok,ok,
10989,农机供应公司家属院,5977.5,10187.9,APB,no_hyp,no_hyp,no_hyp,ok,ok,
10990,中海・安德鲁斯庄园西区,129872.9,219754.1,APB,no_hyp,no_hyp,no_hyp,ok,ok,
10991,中海・安德鲁斯庄园,253828.1,429494.2,APB,no_hyp,no_hyp,no_hyp,ok,ok,
10992,中海・安德鲁斯庄园东区,123955.2,209740.0,APB,no_hyp,no_hyp,no_hyp,ok,ok,
10993,观音惠园,83292.7,140958.7,APB,no_hyp,no_hyp,no_hyp,ok,ok,
10994,鲁谷路74号院,101006.8,171009.9,APB,no_hyp,no_hyp,no_hyp,ok,ok,
10995,倒座庙1号院,21590.3,36627.1,APB,no_hyp,no_hyp,no_hyp,ok,ok,
10996,海淀南路24号院,27557.2,46751.2,APB,no_hyp,no_hyp,no_hyp,ok,ok,
10997,,45794.8,77582.2,APB,no_hyp,no_hyp,no_hyp,ok,ok,
10998,,7034.2,11912.1,APB,no_hyp,no_hyp,no_hyp,ok,ok,
10999,,480142.4,818282.8,APB,no_hyp,no_hyp,no_hyp,ok,ok,
11000,,22363.3,38114.9,APB,no_hyp,no_hyp,no_hyp,ok,ok,
11001,,304894.9,519881.4,APB,no_hyp,no_hyp,no_hyp,ok,ok,
11002,,47021.7,80194.1,APB,no_hyp,no_hyp,no_hyp,ok,ok,
11003,璟悦府南区,36430.9,62125.2,APB,no_hyp,no_hyp,no_hyp,ok,ok,
11004,璟悦府北区,49509.0,84430.8,APB,no_hyp,no_hyp,no_hyp,ok,ok,
11005,仁和温泉家园,43452.5,74066.0,APB,no_hyp,no_hyp,no_hyp,ok,ok,
11006,,6647.8,11329.6,APB,no_hyp,no_hyp,no_hyp,ok,ok,
11007,,13063.5,22267.2,APB,no_hyp,no_hyp,no_hyp,ok,ok,
11008,南小区北区,14196.1,24197.2,APB,no_hyp,no_hyp,no_hyp,ok,ok,
11009,啤酒厂家属楼,10007.0,17055.3,APB,no_hyp,no_hyp,no_hyp,ok,ok,
11010,北小区,70000.0,119324.8,APB,no_hyp,no_hyp,no_hyp,ok,ok,
11011,航宇北街小区,22850.6,38946.8,APB,no_hyp,no_hyp,no_hyp,ok,ok,
11012,五斗村,20533.4,34706.7,APB,no_hyp,no_hyp,no_hyp,ok,ok,
11013,,84829.3,143684.3,APB,no_hyp,no_hyp,no_hyp,ok,ok,
11014,,52952.4,89811.6,APB,no_hyp,no_hyp,no_hyp,ok,ok,
11015,,311055.2,527614.7,APB,no_hyp,no_hyp,no_hyp,ok,ok,
11016,,662315.5,1123977.4,APB,no_hyp,no_hyp,no_hyp,ok,ok,
11017,,43068.8,73045.6,APB,no_hyp,no_hyp,no_hyp,ok,ok,
11018,,25359.2,43229.2,APB,no_hyp,no_hyp,no_hyp,ok,ok,
11019,,11659.7,19874.5,APB,no_hyp,no_hyp,no_hyp,ok,ok,
11020,,26706.6,45522.8,APB,no_hyp,no_hyp,no_hyp,ok,ok,
11021,,8468.8,14435.2,APB,no_hyp,no_hyp,no_hyp,ok,ok,
11022,,61534.7,104884.4,APB,no_hyp,no_hyp,no_hyp,ok,ok,
11023,,9024.3,15381.7,APB,no_hyp,no_hyp,no_hyp,ok,ok,
11024,,61614.0,105028.8,APB,no_hyp,no_hyp,no_hyp,ok,ok,
11025,,35352.6,60266.0,APB,no_hyp,no_hyp,no_hyp,ok,ok,
11026,,38646.4,65880.4,APB,no_hyp,no_hyp,no_hyp,ok,ok,
11027,,12988.7,22141.7,APB,no_hyp,no_hyp,no_hyp,ok,ok,
11028,,6275.5,10697.7,APB,no_hyp,no_hyp,no_hyp,ok,ok,
11029,,24857.7,42374.7,APB,no_hyp,no_hyp,no_hyp,ok,ok,
11030,,32435.9,55290.8,APB,no_hyp,no_hyp,no_hyp,ok,ok,
11031,,30993.7,52816.9,APB,no_hyp,no_hyp,no_hyp,ok,ok,
11032,,4462.8,7606.7,APB,no_hyp,no_hyp,no_hyp,ok,ok,
11033,,8309.5,14162.8,APB,no_hyp,no_hyp,no_hyp,ok,ok,
11034,,115210.7,196376.6,APB,no_hyp,no_hyp,no_hyp,ok,ok,
11035,,6432.6,10964.7,APB,no_hyp,no_hyp,no_hyp,ok,ok,
11036,,50202.1,85570.4,APB,no_hyp,no_hyp,no_hyp,ok,ok,
11037,,14469.5,24665.6,APB,no_hyp,no_hyp,no_hyp,ok,ok,
11038,,33341.9,56836.5,APB,no_hyp,no_hyp,no_hyp,ok,ok,
11039,,5508.2,9389.4,APB,no_hyp,no_hyp,no_hyp,ok,ok,
11040,,4446.4,7579.3,APB,no_hyp,no_hyp,no_hyp,ok,ok,
11041,,57235.0,97553.9,APB,no_hyp,no_hyp,no_hyp,ok,ok,
11042,,89665.7,152839.6,APB,no_hyp,no_hyp,no_hyp,ok,ok,
11043,,264243.0,450389.3,APB,no_hyp,no_hyp,no_hyp,ok,ok,
11044,,58965.9,100499.2,APB,no_hyp,no_hyp,no_hyp,ok,ok,
11045,,12567.9,21419.1,APB,no_hyp,no_hyp,no_hyp,ok,ok,
11046,,87907.4,149825.2,APB,no_hyp,no_hyp,no_hyp,ok,ok,
11047,,53915.8,91898.3,APB,no_hyp,no_hyp,no_hyp,ok,ok,
11048,,10066.1,17156.5,APB,no_hyp,no_hyp,no_hyp,ok,ok,
11049,金鱼池东区,28085.3,47529.4,APB,no_hyp,no_hyp,no_hyp,ok,ok,
11050,北京大学医学部草岚子学生宿舍,6134.5,10392.6,APB,no_hyp,no_hyp,no_hyp,ok,ok,
11051,,1485.4,2532.3,APB,no_hyp,no_hyp,no_hyp,ok,ok,
11052,,3361.2,5730.2,APB,no_hyp,no_hyp,no_hyp,ok,ok,
11053,,78043.3,133060.4,APB,no_hyp,no_hyp,no_hyp,ok,ok,
11054,,52701.5,89853.2,APB,no_hyp,no_hyp,no_hyp,ok,ok,
11055,,82065.4,139912.6,APB,no_hyp,no_hyp,no_hyp,ok,ok,
11056,,7612.7,12978.0,APB,no_hyp,no_hyp,no_hyp,ok,ok,
11057,,42574.0,72580.6,APB,no_hyp,no_hyp,no_hyp,ok,ok,
11058,,19022.1,32429.0,APB,no_hyp,no_hyp,no_hyp,ok,ok,
11059,,13733.9,23416.0,APB,no_hyp,no_hyp,no_hyp,ok,ok,
11060,,8575.8,14621.1,APB,no_hyp,no_hyp,no_hyp,ok,ok,
11061,,6475.2,11039.6,APB,no_hyp,no_hyp,no_hyp,ok,ok,
11062,国贤府,68053.3,115954.3,APB,no_hyp,no_hyp,no_hyp,ok,ok,
11063,国贤府,58808.5,100196.1,APB,no_hyp,no_hyp,no_hyp,ok,ok,
11064,新街口西里,98696.2,167293.9,APB,no_hyp,no_hyp,no_hyp,ok,ok,
11065,新街口西里一区,37952.4,64332.0,APB,no_hyp,no_hyp,no_hyp,ok,ok,
11066,如意里,53886.5,91335.3,APB,no_hyp,no_hyp,no_hyp,ok,ok,
11067,德胜门西大街7号院,23026.0,39032.1,APB,no_hyp,no_hyp,no_hyp,ok,ok,
11068,熙府桃园,20997.7,35591.8,APB,no_hyp,no_hyp,no_hyp,ok,ok,
11069,金晖嘉园,42464.9,71983.2,APB,no_hyp,no_hyp,no_hyp,ok,ok,
11070,远洋风景,37338.3,63292.8,APB,no_hyp,no_hyp,no_hyp,ok,ok,
11071,,41180.3,69734.0,APB,no_hyp,no_hyp,no_hyp,ok,ok,
11072,,28590.8,48427.1,APB,no_hyp,no_hyp,no_hyp,ok,ok,
11073,中建长安麓院,30669.3,51928.1,APB,no_hyp,no_hyp,no_hyp,ok,ok,
11074,桃花溪东路10号院,3223.7,5453.7,APB,no_hyp,no_hyp,no_hyp,ok,ok,
11075,,249294.1,424644.8,APB,no_hyp,no_hyp,no_hyp,ok,ok,
11076,东高地小区,322605.0,544650.3,APB,no_hyp,no_hyp,no_hyp,ok,ok,
11077,绿城西山云庐东区,45309.7,76804.7,APB,no_hyp,no_hyp,no_hyp,ok,ok,
11078,绿城西山云庐西区,29661.8,50278.0,APB,no_hyp,no_hyp,no_hyp,ok,ok,
11079,远洋源山春秋一期,32519.6,55121.5,APB,no_hyp,no_hyp,no_hyp,ok,ok,
11080,远洋源山春秋,19085.1,32349.3,APB,no_hyp,no_hyp,no_hyp,ok,ok,
11081,Airport Milan Garden,14076.2,23947.4,APB,no_hyp,no_hyp,no_hyp,ok,ok,
11082,,61538.5,104825.6,APB,no_hyp,no_hyp,no_hyp,ok,ok,
11083,小米青年公寓,17030.7,29011.0,APB,no_hyp,no_hyp,no_hyp,ok,ok,
11084,新源街小区,193816.6,328589.9,APB,no_hyp,no_hyp,no_hyp,ok,ok,
11085,月坛街道,5535531.4,9372985.1,APB,no_hyp,no_hyp,no_hyp,ok,ok,
11086,,48555.7,82290.3,APB,no_hyp,no_hyp,no_hyp,ok,ok,
11087,,216819.0,367584.3,APB,no_hyp,no_hyp,no_hyp,ok,ok,
11088,,38044.6,64489.4,APB,no_hyp,no_hyp,no_hyp,ok,ok,
11089,,61942.9,104974.7,APB,no_hyp,no_hyp,no_hyp,ok,ok,
11090,,817605.0,1383004.9,APB,no_hyp,no_hyp,no_hyp,ok,ok,
11091,龙凤山语,45170.1,77137.9,APB,no_hyp,no_hyp,no_hyp,ok,ok,
11092,复兴路49号院,5758.7,9750.9,APB,no_hyp,no_hyp,no_hyp,ok,ok,
11093,清枫华景园,70740.6,120140.7,APB,no_hyp,no_hyp,no_hyp,ok,ok,
11094,城华园,38016.7,64565.8,APB,no_hyp,no_hyp,no_hyp,ok,ok,
11095,御宸上院,58740.4,99436.9,APB,no_hyp,no_hyp,no_hyp,ok,ok,
11096,Lianzhu Garden,75221.5,127972.5,APB,no_hyp,no_hyp,no_hyp,ok,ok,
11097,Tianheng Garden,16881.5,28719.0,APB,no_hyp,no_hyp,no_hyp,ok,ok,
11098,Lantingyuan,38175.7,64942.6,APB,no_hyp,no_hyp,no_hyp,ok,ok,
11099,,475684.3,804818.5,APB,no_hyp,no_hyp,no_hyp,ok,ok,
11100,芳星园一区南区,30236.3,51129.6,APB,no_hyp,no_hyp,no_hyp,ok,ok,
11101,芳星园三区,193867.6,327808.9,APB,no_hyp,no_hyp,no_hyp,ok,ok,
11102,芳星园一区,14954.4,25289.5,APB,no_hyp,no_hyp,no_hyp,ok,ok,
11103,金海街36号院,7509.7,12718.1,APB,no_hyp,no_hyp,no_hyp,ok,ok,
11104,金龙街60号楼,6101.3,10333.3,APB,no_hyp,no_hyp,no_hyp,ok,ok,
11105,杨家洼,322323.0,543583.8,APB,no_hyp,no_hyp,no_hyp,ok,ok,
11106,丰户营小区,64669.2,109796.9,APB,no_hyp,no_hyp,no_hyp,ok,ok,
11107,,75515.6,127573.4,APB,no_hyp,no_hyp,no_hyp,ok,ok,
11108,,44563.8,75291.0,APB,no_hyp,no_hyp,no_hyp,ok,ok,
11109,八大处甲七号院,30220.6,51231.1,APB,no_hyp,no_hyp,no_hyp,ok,ok,
11110,八大处甲九号院,24797.7,42037.7,APB,no_hyp,no_hyp,no_hyp,ok,ok,
11111,八大处甲十号院,17073.5,28942.5,APB,no_hyp,no_hyp,no_hyp,ok,ok,
11112,鑫玉园,15863.0,26706.7,APB,no_hyp,no_hyp,no_hyp,ok,ok,
11113,芳星园二区,78211.8,132263.2,APB,no_hyp,no_hyp,no_hyp,ok,ok,
11114,厢白旗甲-七号院,52502.3,89131.8,APB,no_hyp,no_hyp,no_hyp,ok,ok,
11115,西山试验林场-家属区,2674.8,4540.9,APB,no_hyp,no_hyp,no_hyp,ok,ok,
11116,西小府甲22号院,32400.4,55006.6,APB,no_hyp,no_hyp,no_hyp,ok,ok,
11117,半山枫林,31629.5,53697.8,APB,no_hyp,no_hyp,no_hyp,ok,ok,
11118,香山81号院,34581.5,58709.5,APB,no_hyp,no_hyp,no_hyp,ok,ok,
11119,,36471.0,62013.8,APB,no_hyp,no_hyp,no_hyp,ok,ok,
11120,北京维尼纶厂第二生活区,18749.6,32032.4,APB,no_hyp,no_hyp,no_hyp,ok,ok,
11121,维顺家园,7424.2,12682.9,APB,no_hyp,no_hyp,no_hyp,ok,ok,
11122,群芳三园北区,13137.0,22222.0,APB,no_hyp,no_hyp,no_hyp,ok,ok,
11123,,17659.8,29889.8,APB,no_hyp,no_hyp,no_hyp,ok,ok,
11124,,149728.2,253430.3,APB,no_hyp,no_hyp,no_hyp,ok,ok,
11125,,42216.1,71460.9,APB,no_hyp,no_hyp,no_hyp,ok,ok,
11126,,5312.9,8992.9,APB,no_hyp,no_hyp,no_hyp,ok,ok,
11127,,5916.2,10014.2,APB,no_hyp,no_hyp,no_hyp,ok,ok,
11128,,3527.4,5970.4,APB,no_hyp,no_hyp,no_hyp,ok,ok,
11129,,22440.1,37980.3,APB,no_hyp,no_hyp,no_hyp,ok,ok,
11130,,10780.9,18248.2,APB,no_hyp,no_hyp,no_hyp,ok,ok,
11131,,6957.3,11776.4,APB,no_hyp,no_hyp,no_hyp,ok,ok,
11132,,10472.8,17727.7,APB,no_hyp,no_hyp,no_hyp,ok,ok,
11133,,24199.1,40960.3,APB,no_hyp,no_hyp,no_hyp,ok,ok,
11134,,14542.7,24616.4,APB,no_hyp,no_hyp,no_hyp,ok,ok,
11135,新街口外大街甲8号院,51063.1,86599.9,APB,no_hyp,no_hyp,no_hyp,ok,ok,
11136,马南里西区,54124.8,91950.3,APB,no_hyp,no_hyp,no_hyp,ok,ok,
11137,马南里东区,53475.7,90849.3,APB,no_hyp,no_hyp,no_hyp,ok,ok,
11138,阜南社区,26300.0,44550.6,APB,no_hyp,no_hyp,no_hyp,ok,ok,
11139,阜南小区,15729.1,26643.9,APB,no_hyp,no_hyp,no_hyp,ok,ok,
11140,阜外医院宿舍,9451.1,16009.3,APB,no_hyp,no_hyp,no_hyp,ok,ok,
11141,银闸小区,10119.5,17141.4,APB,no_hyp,no_hyp,no_hyp,ok,ok,
11142,阜石路59号院A区,32261.6,54656.7,APB,no_hyp,no_hyp,no_hyp,ok,ok,
11143,田家府南小区,6288.9,10627.4,APB,no_hyp,no_hyp,no_hyp,ok,ok,
11144,映翠居,14061.8,23790.5,APB,no_hyp,no_hyp,no_hyp,ok,ok,
11145,,1726.6,2937.1,APB,no_hyp,no_hyp,no_hyp,ok,ok,
11146,,549.5,934.7,APB,no_hyp,no_hyp,no_hyp,ok,ok,
11147,,3878.8,6598.1,APB,no_hyp,no_hyp,no_hyp,ok,ok,
11148,,4396.8,7479.2,APB,no_hyp,no_hyp,no_hyp,ok,ok,
11149,,20335.0,34622.5,APB,no_hyp,no_hyp,no_hyp,ok,ok,
11150,坤玉湾·启辰院,52130.5,88754.3,APB,no_hyp,no_hyp,no_hyp,ok,ok,
11151,,700.4,1189.6,APB,no_hyp,no_hyp,no_hyp,ok,ok,
11152,人才公寓,12252.5,20800.7,APB,no_hyp,no_hyp,no_hyp,ok,ok,
11153,工美院小区,7190.7,12208.5,APB,no_hyp,no_hyp,no_hyp,ok,ok,
11154,阿那亚·金山岭,681240.7,1180419.0,APB,no_hyp,no_hyp,no_hyp,ok,ok,
11155,雕塑园南街18号院,18354.5,31070.2,APB,no_hyp,no_hyp,no_hyp,ok,ok,
11156,玉兴园小区,21631.9,36619.0,APB,no_hyp,no_hyp,no_hyp,ok,ok,
11157,瑞达小区,26339.5,44589.1,APB,no_hyp,no_hyp,no_hyp,ok,ok,
11158,远洋·沁山水上品,54420.6,92122.2,APB,no_hyp,no_hyp,no_hyp,ok,ok,
11159,玉泉路65号院,37713.1,63840.9,APB,no_hyp,no_hyp,no_hyp,ok,ok,
11160,,26267.4,45314.5,APB,no_hyp,no_hyp,no_hyp,ok,ok,
11161,,41689.4,71915.1,APB,no_hyp,no_hyp,no_hyp,ok,ok,
11162,,63692.9,109874.0,APB,no_hyp,no_hyp,no_hyp,ok,ok,
11163,,22168.5,38245.2,APB,no_hyp,no_hyp,no_hyp,ok,ok,
11164,汽车南院,10675.1,18121.9,APB,no_hyp,no_hyp,no_hyp,ok,ok,
11165,风林绿洲,97856.0,166138.4,APB,no_hyp,no_hyp,no_hyp,ok,ok,
11166,科学园南里四区,30904.0,52465.7,APB,no_hyp,no_hyp,no_hyp,ok,ok,
11167,五建小区,33183.3,56333.8,APB,no_hyp,no_hyp,no_hyp,ok,ok,
11168,南沙滩小区44-51号楼,28961.0,49167.9,APB,no_hyp,no_hyp,no_hyp,ok,ok,
11169,科学园南里三区,62625.0,106322.3,APB,no_hyp,no_hyp,no_hyp,ok,ok,
11170,定安西里,33520.2,56677.4,APB,no_hyp,no_hyp,no_hyp,ok,ok,
11171,定安里,24805.7,41944.2,APB,no_hyp,no_hyp,no_hyp,ok,ok,
11172,富莱茵花园,52658.8,89040.0,APB,no_hyp,no_hyp,no_hyp,ok,ok,
11173,安乐林二条,18487.5,31262.1,APB,no_hyp,no_hyp,no_hyp,ok,ok,
11174,景泰西里西区,39260.0,66389.4,APB,no_hyp,no_hyp,no_hyp,ok,ok,
11175,新奥洋房,54759.2,92600.4,APB,no_hyp,no_hyp,no_hyp,ok,ok,
11176,景泰西里,17971.4,30389.4,APB,no_hyp,no_hyp,no_hyp,ok,ok,
11177,定安里,18605.3,31461.3,APB,no_hyp,no_hyp,no_hyp,ok,ok,
11178,华龙美晟,41196.8,69664.0,APB,no_hyp,no_hyp,no_hyp,ok,ok,
11179,天天家园,35738.2,60436.1,APB,no_hyp,no_hyp,no_hyp,ok,ok,
11180,宝华家园,5593.6,9458.3,APB,no_hyp,no_hyp,no_hyp,ok,ok,
11181,北京城建·天坛府,149828.6,253389.4,APB,no_hyp,no_hyp,no_hyp,ok,ok,
11182,大井中里,23837.2,40313.9,APB,no_hyp,no_hyp,no_hyp,ok,ok,
11183,运河明珠家园,81492.2,137957.2,APB,no_hyp,no_hyp,no_hyp,ok,ok,
11184,烛光小区,42047.9,71369.6,APB,no_hyp,no_hyp,no_hyp,ok,ok,
11185,烛光小区东区,23698.8,40225.0,APB,no_hyp,no_hyp,no_hyp,ok,ok,
11186,道桥公司家属楼,15215.7,25826.3,APB,no_hyp,no_hyp,no_hyp,ok,ok,
11187,现代生活小区,14333.6,24300.5,APB,no_hyp,no_hyp,no_hyp,ok,ok,
11188,京投发展·北熙区,69400.0,117736.9,APB,no_hyp,no_hyp,no_hyp,ok,ok,
11189,,1163.4,1969.6,APB,no_hyp,no_hyp,no_hyp,ok,ok,
11190,京旺家园十二区,77408.8,131463.5,APB,no_hyp,no_hyp,no_hyp,ok,ok,
11191,京旺家园十区,46041.0,78193.3,APB,no_hyp,no_hyp,no_hyp,ok,ok,
11192,京旺家园十一区,63430.0,107730.2,APB,no_hyp,no_hyp,no_hyp,ok,ok,
11193,交大嘉园,37764.9,64022.1,APB,no_hyp,no_hyp,no_hyp,ok,ok,
11194,远洋山水北区,217401.1,368050.0,APB,no_hyp,no_hyp,no_hyp,ok,ok,
11195,远洋山水南区,196903.0,333312.5,APB,no_hyp,no_hyp,no_hyp,ok,ok,
11196,,107124.8,181823.4,APB,no_hyp,no_hyp,no_hyp,ok,ok,
11197,,54146.8,91895.8,APB,no_hyp,no_hyp,no_hyp,ok,ok,
11198,,56837.4,96001.6,APB,no_hyp,no_hyp,no_hyp,ok,ok,
11199,,58048.6,98035.5,APB,no_hyp,no_hyp,no_hyp,ok,ok,
11200,,97627.0,164828.0,APB,no_hyp,no_hyp,no_hyp,ok,ok,
11201,,180122.6,304162.9,APB,no_hyp,no_hyp,no_hyp,ok,ok,
11202,,85094.2,143813.2,APB,no_hyp,no_hyp,no_hyp,ok,ok,
11203,,213072.6,360046.0,APB,no_hyp,no_hyp,no_hyp,ok,ok,
11204,,37328.0,63114.3,APB,no_hyp,no_hyp,no_hyp,ok,ok,
11205,,72836.9,123126.4,APB,no_hyp,no_hyp,no_hyp,ok,ok,
11206,,35573.1,60016.9,APB,no_hyp,no_hyp,no_hyp,ok,ok,
11207,,16800.9,28334.1,APB,no_hyp,no_hyp,no_hyp,ok,ok,
11208,,308577.0,520843.2,APB,no_hyp,no_hyp,no_hyp,ok,ok,
11209,,72039.4,121590.3,APB,no_hyp,no_hyp,no_hyp,ok,ok,
11210,,55892.6,94327.6,APB,no_hyp,no_hyp,no_hyp,ok,ok,
11211,,107524.6,181492.8,APB,no_hyp,no_hyp,no_hyp,ok,ok,
11212,,116626.1,196868.0,APB,no_hyp,no_hyp,no_hyp,ok,ok,
11213,,92028.3,155513.0,APB,no_hyp,no_hyp,no_hyp,ok,ok,
11214,,33586.9,56662.7,APB,no_hyp,no_hyp,no_hyp,ok,ok,
11215,,43958.8,74152.2,APB,no_hyp,no_hyp,no_hyp,ok,ok,
11216,,105860.9,178903.0,APB,no_hyp,no_hyp,no_hyp,ok,ok,
11217,,68777.1,117658.3,APB,no_hyp,no_hyp,no_hyp,ok,ok,
11218,,56943.4,97451.2,APB,no_hyp,no_hyp,no_hyp,ok,ok,
11219,,93269.9,159670.5,APB,no_hyp,no_hyp,no_hyp,ok,ok,
11220,,27103.3,46631.7,APB,no_hyp,no_hyp,no_hyp,ok,ok,
11221,,24751.0,42356.9,APB,no_hyp,no_hyp,no_hyp,ok,ok,
11222,,84825.0,144538.6,APB,no_hyp,no_hyp,no_hyp,ok,ok,
11223,,159622.2,272108.6,APB,no_hyp,no_hyp,no_hyp,ok,ok,
11224,,377832.4,644152.2,APB,no_hyp,no_hyp,no_hyp,ok,ok,
11225,,23648.0,40318.9,APB,no_hyp,no_hyp,no_hyp,ok,ok,
11226,,79461.2,135450.8,APB,no_hyp,no_hyp,no_hyp,ok,ok,
