{"type": "FeatureCollection", "features": [{"type": "Feature", "geometry": {"type": "Polygon", "coordinates": [[[116.2765257, 39.8091671], [116.2767702, 39.8092607], [116.2771432, 39.8093494], [116.2782042, 39.8096018], [116.277539, 39.8115468], [116.2818967, 39.8124485], [116.2823439, 39.8119638], [116.2832914, 39.8116844], [116.2836756, 39.8111953], [116.284003, 39.8112434], [116.2841436, 39.8108882], [116.2842432, 39.8106365], [116.2847628, 39.8094532], [116.2854919, 39.8077417], [116.2861905, 39.80796], [116.2862909, 39.8077985], [116.2866636, 39.8071926], [116.2852313, 39.8066332], [116.2850717, 39.8065611], [116.2845728, 39.8063736], [116.2844534, 39.8062932], [116.2831163, 39.8057925], [116.2833175, 39.8054989], [116.2819692, 39.8049759], [116.2814443, 39.8055468], [116.2803983, 39.8076691], [116.2776463, 39.8068655], [116.2765257, 39.8091671]]]}, "properties": {"name": "世界公园30景区", "grade": "4A", "amap_name": "世界公园", "district": "丰台", "disposition": "OSM_MATCH", "source": "theme_park(poi)", "conf": 0.75, "area_m2": 0, "status": "OK"}}, {"type": "Feature", "geometry": {"type": "Polygon", "coordinates": [[[116.3450869, 39.8301158], [116.3451025, 39.8308066], [116.3454154, 39.8308006], [116.3453685, 39.8326267], [116.3451495, 39.8330171], [116.3451416, 39.8335938], [116.3453215, 39.8342064], [116.3455249, 39.8358883], [116.3456735, 39.8362787], [116.3463775, 39.8377143], [116.3466748, 39.8379185], [116.3469095, 39.8380867], [116.3471989, 39.8381047], [116.3475665, 39.8382849], [116.3477453, 39.8382945], [116.3487946, 39.8383509], [116.348598, 39.8364623], [116.3485443, 39.8350203], [116.3487007, 39.8347831], [116.3487242, 39.8342365], [116.3488181, 39.8331613], [116.3489902, 39.8329871], [116.3493891, 39.8300977], [116.3450869, 39.8301158]]]}, "properties": {"name": "世界花卉大观园景区", "grade": "4A", "amap_name": "世界花卉大观园", "district": "丰台", "disposition": "OSM_MATCH", "source": "park(landuse)", "conf": 1.0, "area_m2": 0, "status": "OK"}}, {"type": "Feature", "geometry": {"type": "Polygon", "coordinates": [[[116.4285735, 39.8796357], [116.4302395, 39.8796871], [116.4343626, 39.8798142], [116.4358508, 39.8798601], [116.4378096, 39.8791348], [116.438842, 39.8787944], [116.4389785, 39.8780649], [116.438973, 39.8776652], [116.4389392, 39.8772074], [116.4388186, 39.8767825], [116.4378229, 39.874846], [116.4372049, 39.8739238], [116.4368959, 39.8733573], [116.4352671, 39.873875], [116.4338069, 39.8739732], [116.4333168, 39.8750963], [116.4316534, 39.8765396], [116.4316088, 39.8765783], [116.429372, 39.8785687], [116.4285735, 39.8796357]]]}, "properties": {"name": "东城区龙潭公园景区", "grade": "4A", "amap_name": "龙潭公园", "district": "东城", "disposition": "OSM_MATCH", "source": "park(landuse)", "conf": 0.67, "area_m2": 0, "status": "OK"}}, {"type": "Feature", "geometry": {"type": "Polygon", "coordinates": [[[115.8147476, 39.5500739], [115.8147638, 39.5500988], [115.814797, 39.55011], [115.8168481, 39.550469], [115.8168941, 39.5504637], [115.8169213, 39.5504453], [115.8178013, 39.5484687], [115.8178047, 39.5484254], [115.8177877, 39.5483913], [115.8177519, 39.548365], [115.8158421, 39.5478728], [115.8157774, 39.5478676], [115.815706, 39.547882], [115.8156549, 39.5479109], [115.8147476, 39.5500739]]]}, "properties": {"name": "中华石雕艺术园景区", "grade": "2A", "amap_name": "中华石雕艺术园", "district": "房山", "disposition": "OSM_MATCH", "source": "park(landuse)", "conf": 1.0, "area_m2": 0, "status": "OK"}}, {"type": "Feature", "geometry": {"type": "Polygon", "coordinates": [[[116.2191778, 39.8511016], [116.2192273, 39.8511763], [116.2192768, 39.8511933], [116.2192632, 39.8512641], [116.2192973, 39.8513008], [116.2201067, 39.851445], [116.220175, 39.8514214], [116.2202126, 39.8512903], [116.2202638, 39.8513008], [116.2203218, 39.8512746], [116.2204516, 39.850821], [116.2204243, 39.8507738], [116.2199083, 39.8506915], [116.2193724, 39.8506061], [116.2193041, 39.8506349], [116.2191778, 39.8511016]], [[116.2194055, 39.8509408], [116.2194248, 39.8508768], [116.2195537, 39.8508998], [116.2195343, 39.8509638], [116.2194055, 39.8509408]], [[116.2201588, 39.8510675], [116.2201781, 39.8510035], [116.220307, 39.8510265], [116.2202876, 39.8510905], [116.2201588, 39.8510675]]]}, "properties": {"name": "中国人民抗日战争纪念馆景区", "grade": "4A", "amap_name": "中国人民抗日战争纪念馆", "district": "丰台", "disposition": "OSM_MATCH", "source": "museum(poi)", "conf": 1.0, "area_m2": 0, "status": "OK"}}, {"type": "Feature", "geometry": {"type": "Polygon", "coordinates": [[[116.3248109, 39.7421516], [116.3250897, 39.7421501], [116.3250917, 39.742185], [116.3254911, 39.7421835], [116.325495, 39.7421698], [116.3256315, 39.7421698], [116.3256334, 39.7421197], [116.3257798, 39.7421166], [116.3257798, 39.7419509], [116.3255089, 39.7417578], [116.3253167, 39.7417647], [116.3253107, 39.7418506], [116.3251075, 39.7418491], [116.3251095, 39.7418126], [116.3250858, 39.7417883], [116.3248386, 39.7417898], [116.3248169, 39.741808], [116.3248109, 39.7421516]]]}, "properties": {"name": "中国印刷博物馆景区", "grade": "3A", "amap_name": "中国印刷博物馆", "district": "大兴", "disposition": "OSM_MATCH", "source": "museum(poi)", "conf": 1.0, "area_m2": 0, "status": "OK"}}, {"type": "Feature", "geometry": {"type": "Polygon", "coordinates": [[[116.3658099, 39.9220252], [116.3658115, 39.9221849], [116.3664084, 39.9221815], [116.3664021, 39.921539], [116.3661706, 39.9215404], [116.3661725, 39.9217265], [116.3661754, 39.922023], [116.3658099, 39.9220252]]]}, "properties": {"name": "中国地质博物馆", "grade": "3A", "amap_name": "中国地质博物馆", "district": "西城", "disposition": "OSM_MATCH", "source": "museum(poi)", "conf": 1.0, "area_m2": 0, "status": "OK"}}, {"type": "Feature", "geometry": {"type": "Polygon", "coordinates": [[[116.5194538, 39.9103893], [116.5204972, 39.9105075], [116.5208819, 39.9085108], [116.5198382, 39.9083925], [116.5194538, 39.9103893]]]}, "properties": {"name": "中国紫檀博物馆", "grade": "4A", "amap_name": "中国紫檀博物馆", "district": "朝阳", "disposition": "OSM_MATCH", "source": "museum(poi)", "conf": 1.0, "area_m2": 0, "status": "OK"}}, {"type": "Feature", "geometry": {"type": "Polygon", "coordinates": [[[116.3552624, 40.1804659], [116.3557634, 40.1811682], [116.3556551, 40.1812121], [116.3558886, 40.1815428], [116.3558558, 40.181664], [116.3562531, 40.1816949], [116.3562584, 40.182219], [116.356251, 40.1876445], [116.3581361, 40.1876445], [116.3582537, 40.1876445], [116.363081, 40.1876445], [116.3630601, 40.1851131], [116.3630697, 40.1850586], [116.3630653, 40.1834167], [116.3654539, 40.1829223], [116.3644063, 40.1811346], [116.3626663, 40.1802959], [116.3609263, 40.1799667], [116.3590074, 40.1797803], [116.3572369, 40.1800482], [116.3562562, 40.1800839], [116.3559966, 40.1801828], [116.355588, 40.1803357], [116.3555014, 40.1803703], [116.3552624, 40.1804659]]]}, "properties": {"name": "中国航空博物馆旅游区", "grade": "4A", "amap_name": "中国航空博物馆(暂停营业)", "district": "昌平", "disposition": "OSM_MATCH", "source": "museum(poi)", "conf": 1.0, "area_m2": 0, "status": "OK"}}, {"type": "Feature", "geometry": {"type": "Polygon", "coordinates": [[[116.2998802, 39.9181612], [116.2998925, 39.9182569], [116.2999411, 39.9183455], [116.3000215, 39.9184192], [116.3001267, 39.9184715], [116.3002473, 39.9184976], [116.3003727, 39.9184954], [116.3004915, 39.9184649], [116.3005934, 39.9184088], [116.3006692, 39.9183323], [116.3007122, 39.918242], [116.3007186, 39.918146], [116.3006878, 39.9180528], [116.3006613, 39.9180128], [116.3006063, 39.9179587], [116.3005287, 39.917907], [116.3004145, 39.9178673], [116.3002902, 39.9178553], [116.3001667, 39.9178718], [116.3000551, 39.9179156], [116.2999653, 39.9179826], [116.2999052, 39.918067], [116.2998802, 39.9181612]]]}, "properties": {"name": "中央电视塔景区", "grade": "4A", "amap_name": "中央电视塔", "district": "海淀", "disposition": "OSM_MATCH", "source": "attraction(poi)", "conf": 1.0, "area_m2": 0, "status": "OK"}}, {"type": "Feature", "geometry": {"type": "Polygon", "coordinates": [[[116.3664563, 39.8558205], [116.3665341, 39.856413], [116.3675505, 39.8572369], [116.3686644, 39.8580608], [116.3696239, 39.8585914], [116.3701899, 39.8592137], [116.3704903, 39.8594278], [116.3712604, 39.8589732], [116.3712211, 39.8580283], [116.3712043, 39.8573371], [116.3719821, 39.8573479], [116.371987, 39.8561459], [116.3684245, 39.8560259], [116.3681356, 39.8560183], [116.3679041, 39.8559649], [116.3675905, 39.855907], [116.3670688, 39.8558496], [116.3664563, 39.8558205]]]}, "properties": {"name": "丰台区万芳亭公园景区", "grade": "2A", "amap_name": "万芳亭公园", "district": "丰台", "disposition": "OSM_MATCH", "source": "park(landuse)", "conf": 0.73, "area_m2": 0, "status": "OK"}}, {"type": "Feature", "geometry": {"type": "Polygon", "coordinates": [[[115.6513969, 39.6104398], [115.6525578, 39.6122175], [115.6551627, 39.6142897], [115.6569889, 39.6174305], [115.6603157, 39.6189081], [115.660572, 39.6188405], [115.6606974, 39.6188074], [115.6631166, 39.6181694], [115.6632933, 39.6154574], [115.6612358, 39.6148894], [115.6600043, 39.6141043], [115.6605989, 39.6118795], [115.6596928, 39.6097527], [115.6567765, 39.608673], [115.6534638, 39.6088584], [115.6513969, 39.6104398]]]}, "properties": {"name": "乐谷银滩风景区", "grade": "3A", "amap_name": "北京乐谷", "district": "房山", "disposition": "OSM_MATCH", "source": "park(landuse)", "conf": 1.0, "area_m2": 0, "status": "OK"}}, {"type": "Feature", "geometry": {"type": "Polygon", "coordinates": [[[115.9986422, 40.3560296], [115.9992296, 40.3568196], [116.0037297, 40.3554033], [116.0050291, 40.3569009], [116.0057455, 40.3583878], [116.0051065, 40.3590517], [116.005644, 40.3599136], [116.0049633, 40.3613532], [116.006247, 40.360597], [116.0106138, 40.3630713], [116.0153062, 40.3640991], [116.0198657, 40.3635389], [116.0185612, 40.3567173], [116.0132775, 40.3504993], [116.0131076, 40.3503885], [116.012155, 40.3503026], [116.0075592, 40.3519712], [116.006818, 40.3517723], [116.0059123, 40.3504549], [116.0011472, 40.3503284], [116.000126, 40.3511112], [115.9995517, 40.3536682], [115.9986422, 40.3560296]]]}, "properties": {"name": "八达岭", "grade": "5A", "amap_name": "八达岭", "district": NaN, "disposition": "OSM_MATCH", "source": "attraction(poi)", "conf": 0.67, "area_m2": 0, "status": "OK"}}, {"type": "Feature", "geometry": {"type": "Polygon", "coordinates": [[[115.9986422, 40.3560296], [115.9992296, 40.3568196], [116.0037297, 40.3554033], [116.0050291, 40.3569009], [116.0057455, 40.3583878], [116.0051065, 40.3590517], [116.005644, 40.3599136], [116.0049633, 40.3613532], [116.006247, 40.360597], [116.0106138, 40.3630713], [116.0153062, 40.3640991], [116.0198657, 40.3635389], [116.0185612, 40.3567173], [116.0132775, 40.3504993], [116.0131076, 40.3503885], [116.012155, 40.3503026], [116.0075592, 40.3519712], [116.006818, 40.3517723], [116.0059123, 40.3504549], [116.0011472, 40.3503284], [116.000126, 40.3511112], [115.9995517, 40.3536682], [115.9986422, 40.3560296]]]}, "properties": {"name": "八达岭水关长城景区", "grade": "4A", "amap_name": "八达岭水关长城", "district": "延庆", "disposition": "OSM_MATCH", "source": "attraction(poi)", "conf": 0.6, "area_m2": 0, "status": "OK"}}, {"type": "Feature", "geometry": {"type": "Polygon", "coordinates": [[[116.5232681, 39.9117303], [116.5235256, 39.9117961], [116.5234485, 39.9125614], [116.5237495, 39.9126849], [116.5243877, 39.912694], [116.5244827, 39.9128451], [116.5252602, 39.9129189], [116.525547, 39.9127705], [116.5260685, 39.9126778], [116.5261394, 39.9127764], [116.5259503, 39.9139357], [116.5252422, 39.9139028], [116.5252872, 39.9142691], [116.5254482, 39.9144871], [116.5255845, 39.9145844], [116.5255705, 39.9153841], [116.5266053, 39.9153269], [116.5266706, 39.9144794], [116.5273816, 39.9144741], [116.5274218, 39.9149962], [116.5281714, 39.9149315], [116.5281492, 39.9147561], [116.5285863, 39.9147254], [116.5287132, 39.914738], [116.5287398, 39.9141168], [116.5330313, 39.9141168], [116.5329424, 39.9127922], [116.5319631, 39.9127869], [116.5317579, 39.9089403], [116.5317653, 39.9087347], [116.5239547, 39.9087347], [116.5235899, 39.9112201], [116.5232681, 39.9117303]]]}, "properties": {"name": "兴隆公园景区", "grade": "3A", "amap_name": "兴隆公园·湖东游乐场", "district": "朝阳", "disposition": "OSM_MATCH", "source": "park(landuse)", "conf": 1.0, "area_m2": 0, "status": "OK"}}, {"type": "Feature", "geometry": {"type": "Polygon", "coordinates": [[[115.9258493, 40.4327904], [115.92593, 40.4337669], [115.9260466, 40.4350119], [115.9262871, 40.4364148], [115.9356236, 40.4427687], [115.9377657, 40.4435892], [115.9425949, 40.4439963], [115.944319, 40.4498199], [115.9459302, 40.4507999], [115.9499696, 40.4512092], [115.954597, 40.4511555], [115.9587292, 40.4514251], [115.9592481, 40.4498142], [115.9579499, 40.4493601], [115.9579508, 40.4493025], [115.9585461, 40.4465887], [115.958532, 40.444514], [115.9578977, 40.443873], [115.9579655, 40.4438793], [115.9584775, 40.4439583], [115.9590226, 40.4439814], [115.9588515, 40.4437871], [115.9586791, 40.4435531], [115.95845, 40.4432479], [115.9583647, 40.4431343], [115.9571312, 40.441491], [115.9570806, 40.4414196], [115.9569927, 40.4412955], [115.9569224, 40.4411963], [115.9568646, 40.4411147], [115.9558948, 40.4397455], [115.9552644, 40.4388554], [115.9551396, 40.4386847], [115.9528397, 40.43554], [115.9501146, 40.4350174], [115.9454265, 40.4343921], [115.9453626, 40.4343943], [115.9451096, 40.4343611], [115.943972, 40.4342116], [115.9436026, 40.4341631], [115.9406442, 40.4337876], [115.9401095, 40.4337119], [115.9388587, 40.433535], [115.9386182, 40.433506], [115.9385288, 40.4334809], [115.9384698, 40.4334643], [115.9329699, 40.4327308], [115.931661, 40.4324368], [115.9296011, 40.4317345], [115.926324, 40.4304534], [115.9259751, 40.4318723], [115.9258493, 40.4327904]]]}, "properties": {"name": "北京世园公园", "grade": "4A", "amap_name": "北京世园公园-卡塔尔园", "district": "延庆", "disposition": "OSM_MATCH", "source": "park(landuse)", "conf": 1.0, "area_m2": 0, "status": "OK"}}, {"type": "Feature", "geometry": {"type": "Polygon", "coordinates": [[[116.3221801, 39.9409042], [116.3222259, 39.9411779], [116.3230182, 39.9415466], [116.3236496, 39.9417939], [116.3241347, 39.9418989], [116.3250141, 39.9420875], [116.3252964, 39.9421317], [116.3258646, 39.942533], [116.3261143, 39.94263], [116.3264006, 39.9426963], [116.3264283, 39.9426947], [116.3266932, 39.9426796], [116.3269182, 39.9426048], [116.3269702, 39.9427446], [116.3291822, 39.9430457], [116.3317359, 39.9436247], [116.3317359, 39.9438879], [116.3327658, 39.9439998], [116.3332808, 39.9444275], [116.3336223, 39.9449131], [116.3337656, 39.9449264], [116.3338985, 39.9448576], [116.3343819, 39.9448528], [116.3344992, 39.9444473], [116.3362849, 39.9443749], [116.3368446, 39.9420287], [116.3369, 39.9405482], [116.3368541, 39.9399538], [116.3366435, 39.9399483], [116.3364243, 39.9399426], [116.3364181, 39.9398184], [116.3364268, 39.9391424], [116.3362885, 39.9390927], [116.3362455, 39.9389469], [116.3362716, 39.9388191], [116.3364284, 39.9387271], [116.3364356, 39.9375283], [116.3324875, 39.9373641], [116.3313793, 39.9373158], [116.3311294, 39.937241], [116.3279338, 39.9371822], [116.3279975, 39.9375154], [116.3279791, 39.9382208], [116.3243848, 39.9382464], [116.3241173, 39.9385882], [116.3229246, 39.9386921], [116.3221801, 39.9409042]]]}, "properties": {"name": "北京动物园景区", "grade": "4A", "amap_name": "北京动物园", "district": "西城", "disposition": "OSM_MATCH", "source": "zoo(poi)", "conf": 1.0, "area_m2": 0, "status": "OK"}}, {"type": "Feature", "geometry": {"type": "Polygon", "coordinates": [[[116.1579678, 39.8849579], [116.1638257, 39.8885705], [116.167731, 39.8860068], [116.1693908, 39.8851078], [116.1713651, 39.8844002], [116.1726018, 39.8836594], [116.1763769, 39.8822692], [116.1779824, 39.8817031], [116.1807487, 39.8816199], [116.1840248, 39.8817115], [116.1856737, 39.8819779], [116.1877239, 39.8825356], [116.1898068, 39.8828686], [116.1913146, 39.8826272], [116.1924108, 39.88259], [116.1944964, 39.8813063], [116.1958794, 39.8804419], [116.1976527, 39.8790725], [116.1989688, 39.8782251], [116.2008425, 39.8762565], [116.2014559, 39.8750154], [116.2020216, 39.8725873], [116.2026942, 39.8706557], [116.2035078, 39.8694318], [116.2051133, 39.8671338], [116.2069467, 39.864461], [116.2072938, 39.8638116], [116.207083, 39.8634971], [116.2019814, 39.8611924], [116.2015293, 39.8610271], [116.2006603, 39.8607077], [116.199539, 39.8604654], [116.1988539, 39.860408], [116.1984037, 39.8603996], [116.1973863, 39.8603946], [116.1971314, 39.8606098], [116.1967162, 39.8606689], [116.1953053, 39.8630878], [116.1949259, 39.8635], [116.1944597, 39.8639454], [116.1937894, 39.8642775], [116.1912904, 39.865065], [116.1903987, 39.8654642], [116.1895442, 39.8661059], [116.1880835, 39.8677834], [116.1864435, 39.8698542], [116.1854807, 39.8709785], [116.1849166, 39.8714579], [116.1836345, 39.8722373], [116.1729332, 39.8783975], [116.1713763, 39.8764709], [116.1690728, 39.876143], [116.1682926, 39.8758293], [116.167178, 39.875088], [116.1645959, 39.8747744], [116.1637785, 39.8741613], [116.1623853, 39.8757438], [116.159896, 39.8769841], [116.1592644, 39.8774831], [116.1594513, 39.882435], [116.1594347, 39.8827112], [116.1594009, 39.882994], [116.1593301, 39.8832261], [116.1592314, 39.8835098], [116.1591235, 39.8837586], [116.1590095, 39.8839423], [116.1588354, 39.8841326], [116.1579678, 39.8849579]]]}, "properties": {"name": "北京园博园景区", "grade": "4A", "amap_name": "北京园博园", "district": "丰台", "disposition": "OSM_MATCH", "source": "park(landuse)", "conf": 1.0, "area_m2": 0, "status": "OK"}}, {"type": "Feature", "geometry": {"type": "Polygon", "coordinates": [[[116.7840901, 40.1845095], [116.7946505, 40.1865496], [116.7953181, 40.1830258], [116.7946505, 40.1828519], [116.7952422, 40.1795829], [116.7960087, 40.1796694], [116.7968091, 40.1753168], [116.7891882, 40.1751196], [116.7891579, 40.1758268], [116.7858502, 40.1758616], [116.7840901, 40.1845095]]]}, "properties": {"name": "北京国际鲜花港景区", "grade": "4A", "amap_name": "北京国际鲜花港", "district": "顺义", "disposition": "OSM_MATCH", "source": "park(landuse)", "conf": 0.67, "area_m2": 0, "status": "OK"}}, {"type": "Feature", "geometry": {"type": "Polygon", "coordinates": [[[116.3480715, 39.8708374], [116.3491335, 39.8708724], [116.3492621, 39.8709688], [116.3492833, 39.8716364], [116.3494054, 39.8716409], [116.3493991, 39.8717507], [116.3503779, 39.8717313], [116.35037, 39.8715755], [116.3508846, 39.8715796], [116.3512576, 39.8715355], [116.351756, 39.871525], [116.3517589, 39.8713669], [116.3520372, 39.8713671], [116.3520718, 39.8697638], [116.3520759, 39.8696894], [116.3510503, 39.8696581], [116.3510868, 39.8684661], [116.3500504, 39.8683498], [116.348391, 39.8683663], [116.3483888, 39.86845], [116.3481937, 39.8684505], [116.3480715, 39.8708374]]]}, "properties": {"name": "北京大观园", "grade": "3A", "amap_name": "大观园", "district": "西城", "disposition": "OSM_MATCH", "source": "park(landuse)", "conf": 1.0, "area_m2": 0, "status": "OK"}}, {"type": "Feature", "geometry": {"type": "Polygon", "coordinates": [[[116.3806123, 40.0087083], [116.3935515, 40.008556], [116.3945884, 39.9872121], [116.3886114, 39.9869575], [116.3816752, 39.9868086], [116.3812399, 39.9957776], [116.3806123, 40.0087083]]]}, "properties": {"name": "北京奥林匹克公园", "grade": "5A", "amap_name": "北京奥林匹克公园", "district": NaN, "disposition": "OSM_MATCH", "source": "park(landuse)", "conf": 0.83, "area_m2": 0, "status": "OK"}}, {"type": "Feature", "geometry": {"type": "Polygon", "coordinates": [[[116.3854936, 39.9109645], [116.3858338, 39.9109773], [116.3858164, 39.9115288], [116.3898881, 39.9116893], [116.3899282, 39.9116908], [116.3899466, 39.9111686], [116.3902957, 39.9111774], [116.3903649, 39.9096463], [116.3903412, 39.9096457], [116.3903484, 39.9094852], [116.3903721, 39.9094858], [116.390381, 39.909291], [116.3904772, 39.9092936], [116.390486, 39.9091591], [116.3905005, 39.9088116], [116.3904994, 39.9087973], [116.3904472, 39.9087961], [116.3904636, 39.9083581], [116.390422, 39.9083572], [116.3904264, 39.9082401], [116.390433, 39.908063], [116.3904747, 39.908064], [116.390491, 39.9076293], [116.3905656, 39.9076309], [116.3905678, 39.907495], [116.3905809, 39.9071808], [116.3898956, 39.9071649], [116.389419, 39.9071541], [116.388936, 39.9071433], [116.388313, 39.9071288], [116.388331, 39.9066681], [116.3858229, 39.9066105], [116.3858257, 39.9067769], [116.3860622, 39.9067838], [116.3865617, 39.9072255], [116.3864748, 39.9090804], [116.3864109, 39.9090799], [116.3864002, 39.9092815], [116.3856035, 39.9092713], [116.3855613, 39.9106333], [116.3855526, 39.9108822], [116.3854966, 39.910882], [116.3854936, 39.9109645]], [[116.387317, 39.9109972], [116.3873728, 39.9098207], [116.3873382, 39.9098197], [116.3873409, 39.9097633], [116.3873438, 39.9097025], [116.3873772, 39.9097034], [116.3874309, 39.9085721], [116.3885749, 39.908604], [116.3885757, 39.9085866], [116.3886469, 39.9085886], [116.3887233, 39.9085907], [116.3887225, 39.9086075], [116.3898606, 39.9086392], [116.3898064, 39.9097831], [116.3898452, 39.9097842], [116.3898426, 39.9098399], [116.3898397, 39.909902], [116.3898019, 39.909901], [116.3897467, 39.9110644], [116.3886379, 39.9110334], [116.3886366, 39.911061], [116.3885193, 39.9110577], [116.3883993, 39.9110543], [116.3884006, 39.9110275], [116.387317, 39.9109972]]]}, "properties": {"name": "北京市中山公园景区", "grade": "4A", "amap_name": "中山公园", "district": "东城", "disposition": "OSM_MATCH", "source": "park(landuse)", "conf": 0.67, "area_m2": 0, "status": "OK"}}, {"type": "Feature", "geometry": {"type": "Polygon", "coordinates": [[[116.3781237, 39.930306], [116.3804848, 39.9304055], [116.3810459, 39.9304259], [116.3810385, 39.9305454], [116.3809888, 39.9313477], [116.380985, 39.9316778], [116.3824863, 39.9317303], [116.3832441, 39.9317568], [116.3833853, 39.9317012], [116.3836357, 39.9317099], [116.3836789, 39.9317114], [116.3858272, 39.9318269], [116.385894, 39.931894], [116.3863216, 39.9319126], [116.3867787, 39.9317846], [116.3867891, 39.9315179], [116.3868759, 39.9303324], [116.386659, 39.9303281], [116.3866932, 39.9296676], [116.3867279, 39.9285241], [116.3868533, 39.9271861], [116.3866177, 39.9270526], [116.3865112, 39.9267136], [116.386508, 39.926293], [116.3864011, 39.9262938], [116.3863715, 39.9259962], [116.3863196, 39.9258204], [116.3863016, 39.9256914], [116.386083, 39.925368], [116.3860158, 39.9254186], [116.3858654, 39.9253249], [116.3849985, 39.9251077], [116.3847725, 39.9249927], [116.3846717, 39.9247714], [116.3847281, 39.9245895], [116.3848365, 39.9244787], [116.3849528, 39.9243257], [116.3850124, 39.9242959], [116.3851085, 39.9241946], [116.385163, 39.9240319], [116.3852283, 39.9229671], [116.3851866, 39.9225201], [116.3851108, 39.9223601], [116.3849586, 39.9221891], [116.3843543, 39.9216851], [116.3843406, 39.9216858], [116.3839873, 39.9217019], [116.3838054, 39.9215071], [116.3835765, 39.9215071], [116.3834438, 39.9215027], [116.3833496, 39.9214987], [116.383284, 39.9212226], [116.3831728, 39.921129], [116.3831182, 39.921083], [116.3829998, 39.9210577], [116.3828147, 39.9210639], [116.3826838, 39.9210695], [116.3825358, 39.9211112], [116.3824499, 39.9211997], [116.3822416, 39.9212663], [116.3821103, 39.9212503], [116.3807998, 39.921198], [116.3807025, 39.9212142], [116.3806109, 39.9212576], [116.3805501, 39.9212917], [116.3803377, 39.9212852], [116.3801612, 39.9212797], [116.3799688, 39.9226084], [116.3798394, 39.9228083], [116.3793739, 39.9235271], [116.379068, 39.9243132], [116.3789768, 39.9246793], [116.37884, 39.9250146], [116.3783846, 39.9265108], [116.3781237, 39.930306]]]}, "properties": {"name": "北京市北海公园旅游区", "grade": "4A", "amap_name": "北海公园", "district": "西城", "disposition": "OSM_MATCH", "source": "park(landuse)", "conf": 0.67, "area_m2": 0, "status": "OK"}}, {"type": "Feature", "geometry": {"type": "Polygon", "coordinates": [[[116.3511151, 39.8946992], [116.3516698, 39.8947586], [116.3530135, 39.8947851], [116.3550505, 39.8947848], [116.3550405, 39.8933318], [116.3548091, 39.8933258], [116.3548138, 39.8932268], [116.3548151, 39.893137], [116.3548193, 39.8930638], [116.3543534, 39.8930486], [116.3543456, 39.8929883], [116.3533864, 39.8929548], [116.3530546, 39.8926822], [116.3528247, 39.8924639], [116.3528161, 39.8923558], [116.35269, 39.8923487], [116.3525957, 39.8920294], [116.3522722, 39.8919998], [116.3522405, 39.8919974], [116.351971, 39.8919765], [116.3518113, 39.892092], [116.3517348, 39.8928276], [116.3516644, 39.8928638], [116.3515163, 39.8930894], [116.3513623, 39.8934563], [116.3512114, 39.8941728], [116.3511436, 39.8941735], [116.3511151, 39.8946992]]]}, "properties": {"name": "北京市宣武艺园景区", "grade": "3A", "amap_name": "宣武艺园", "district": "西城", "disposition": "OSM_MATCH", "source": "park(landuse)", "conf": 0.67, "area_m2": 0, "status": "OK"}}, {"type": "Feature", "geometry": {"type": "Polygon", "coordinates": [[[115.8667725, 39.5828948], [115.866776, 39.5850375], [115.867545, 39.5847238], [115.8683471, 39.5844864], [115.8690291, 39.5843751], [115.869786, 39.5843], [115.8698069, 39.5829497], [115.8667725, 39.5828948]]]}, "properties": {"name": "北京市房山世界地质公园博物馆景区", "grade": "3A", "amap_name": "中国房山世界地质公园博物馆", "district": "房山", "disposition": "OSM_MATCH", "source": "museum(poi)", "conf": 0.87, "area_m2": 0, "status": "OK"}}, {"type": "Feature", "geometry": {"type": "Polygon", "coordinates": [[[116.3877719, 39.9267147], [116.3883018, 39.9267366], [116.3895216, 39.926773], [116.3903184, 39.926789], [116.3911428, 39.9268055], [116.3923039, 39.9268293], [116.3927842, 39.9268364], [116.3928311, 39.9259358], [116.3928623, 39.9253497], [116.3928719, 39.9251803], [116.3928844, 39.9249925], [116.3929054, 39.9245419], [116.3929022, 39.924508], [116.3929033, 39.9244098], [116.392904, 39.9243392], [116.3929945, 39.9221658], [116.3906651, 39.9220833], [116.3906673, 39.922038], [116.3905185, 39.9220337], [116.3903729, 39.9220295], [116.3903708, 39.9220726], [116.3880669, 39.9219905], [116.3880666, 39.9220768], [116.3880225, 39.9221082], [116.3879052, 39.9240882], [116.3879585, 39.9241252], [116.3879558, 39.9241573], [116.3879211, 39.9241569], [116.3879197, 39.9242367], [116.3879181, 39.9243342], [116.3879558, 39.9243345], [116.3879532, 39.924368], [116.3878935, 39.9244086], [116.3878753, 39.9249879], [116.3878732, 39.9250815], [116.3878668, 39.9251855], [116.3877719, 39.9267147]]]}, "properties": {"name": "北京市景山公园景区", "grade": "4A", "amap_name": "景山公园", "district": "西城", "disposition": "OSM_MATCH", "source": "park(landuse)", "conf": 0.67, "area_m2": 0, "status": "OK"}}, {"type": "Feature", "geometry": {"type": "Polygon", "coordinates": [[[116.455958, 39.9247456], [116.4559687, 39.9255519], [116.4566819, 39.9255519], [116.4567892, 39.9258481], [116.4568697, 39.9258623], [116.4568697, 39.9260003], [116.458361, 39.9260063], [116.458361, 39.9261443], [116.4583878, 39.926424], [116.4586399, 39.926393], [116.4598899, 39.9258399], [116.4599006, 39.9251693], [116.4602654, 39.9251794], [116.4602761, 39.925231], [116.4607321, 39.9252393], [116.4607321, 39.9251801], [116.4607321, 39.9241285], [116.4605443, 39.9241285], [116.4605443, 39.9238959], [116.4603029, 39.9239082], [116.4602385, 39.9238835], [116.4600615, 39.9237089], [116.4598469, 39.9235114], [116.4598308, 39.9234086], [116.4596324, 39.9232687], [116.4594714, 39.9231636], [116.4590798, 39.9231636], [116.4588277, 39.9230918], [116.458597, 39.9231], [116.4585434, 39.9230301], [116.4582108, 39.9230506], [116.4580338, 39.9228861], [116.4580391, 39.9227316], [116.4579587, 39.9226475], [116.4579694, 39.9225899], [116.4578889, 39.9225899], [116.4578782, 39.9225158], [116.4565585, 39.922557], [116.4566122, 39.9234145], [116.4565317, 39.9236266], [116.456521, 39.9237231], [116.4564674, 39.9237231], [116.4564781, 39.9240915], [116.4562262, 39.9240915], [116.4562155, 39.924437], [116.4562691, 39.9244288], [116.4562689, 39.9245541], [116.4562635, 39.9247392], [116.455958, 39.9247456]]]}, "properties": {"name": "北京市朝阳区团结湖公园景区", "grade": "3A", "amap_name": "团结湖公园", "district": "朝阳", "disposition": "OSM_MATCH", "source": "park(landuse)", "conf": 0.57, "area_m2": 0, "status": "OK"}}, {"type": "Feature", "geometry": {"type": "Polygon", "coordinates": [[[116.4836034, 40.0028271], [116.4836455, 40.0029262], [116.484964, 40.0027269], [116.4875008, 40.0024495], [116.4890715, 40.002228], [116.4900087, 40.0012438], [116.4900786, 40.0008703], [116.4903789, 40.0007484], [116.4903468, 40.000492], [116.490578, 40.0003755], [116.4906339, 40.0001483], [116.4906243, 39.9999222], [116.4905393, 39.9995595], [116.4905817, 39.9984844], [116.4904665, 39.9977869], [116.4903438, 39.9973319], [116.4901557, 39.9967348], [116.4896348, 39.9957934], [116.4894127, 39.9953977], [116.4890853, 39.9950074], [116.4882114, 39.994131], [116.4870204, 39.992915], [116.4869319, 39.9929134], [116.486256, 39.9935895], [116.4870213, 39.9943337], [116.4874754, 39.9951119], [116.4877474, 39.9956777], [116.4878276, 39.9962632], [116.4878842, 39.9969922], [116.4877439, 39.9978541], [116.4878549, 39.9980644], [116.4874926, 39.9988461], [116.4873248, 39.9987896], [116.4868407, 39.9994884], [116.4861364, 40.0002194], [116.4862436, 40.0002895], [116.4854201, 40.0010766], [116.4853499, 40.0010356], [116.4845962, 40.0017808], [116.4836034, 40.0028271]]]}, "properties": {"name": "北京市朝阳区大望京公园景区", "grade": "3A", "amap_name": "大望京公园", "district": "朝阳", "disposition": "OSM_MATCH", "source": "park(landuse)", "conf": 0.57, "area_m2": 0, "status": "OK"}}, {"type": "Feature", "geometry": {"type": "Polygon", "coordinates": [[[116.4842792, 39.9239392], [116.4842792, 39.9240071], [116.4842792, 39.9242272], [116.4843141, 39.9267366], [116.4843811, 39.9267428], [116.4843731, 39.9270554], [116.4843543, 39.9270863], [116.4842964, 39.9271299], [116.484309, 39.9286223], [116.4845689, 39.9284109], [116.4845743, 39.9283183], [116.484703, 39.9278041], [116.4847567, 39.9277794], [116.4857705, 39.9279481], [116.4858456, 39.9279461], [116.485918, 39.9279152], [116.4861273, 39.9277301], [116.4864572, 39.9277774], [116.4866905, 39.9275943], [116.4871921, 39.9277116], [116.4874308, 39.9276972], [116.488155, 39.9270637], [116.488206, 39.9269711], [116.4881657, 39.9263952], [116.4882006, 39.9263396], [116.4888229, 39.9263643], [116.4888411, 39.9259882], [116.4888631, 39.9255313], [116.4889436, 39.9255251], [116.4889226, 39.9242911], [116.4889221, 39.9242621], [116.4889892, 39.9242313], [116.489311, 39.9242333], [116.4893058, 39.9242873], [116.4896329, 39.9242827], [116.4896195, 39.9237067], [116.4898609, 39.923717], [116.4898609, 39.9232419], [116.4895873, 39.9230197], [116.4889488, 39.9225075], [116.4886538, 39.9224623], [116.4886908, 39.9219809], [116.4872404, 39.9219912], [116.4872404, 39.9220591], [116.4872216, 39.9220591], [116.4871989, 39.9227118], [116.486653, 39.9227543], [116.4866449, 39.9227029], [116.4862614, 39.922707], [116.4862506, 39.9228305], [116.4862548, 39.9230882], [116.4862292, 39.9230938], [116.4862575, 39.9233803], [116.4862292, 39.9233941], [116.4862763, 39.9239398], [116.4861434, 39.9239453], [116.4861487, 39.9240852], [116.4862775, 39.9243321], [116.4853789, 39.9245583], [116.4852502, 39.9242374], [116.4848747, 39.924079], [116.4847352, 39.9240009], [116.4846267, 39.9238904], [116.4845153, 39.9237396], [116.4844536, 39.9237376], [116.4844804, 39.9234661], [116.4844187, 39.9234702], [116.4843811, 39.9234887], [116.4843275, 39.9236471], [116.4842873, 39.9237767], [116.4842792, 39.9239392]]]}, "properties": {"name": "北京市朝阳区红领巾公园景区", "grade": "3A", "amap_name": "红领巾公园", "district": "朝阳", "disposition": "OSM_MATCH", "source": "park(landuse)", "conf": 0.57, "area_m2": 0, "status": "OK"}}, {"type": "Feature", "geometry": {"type": "Polygon", "coordinates": [[[116.4825293, 39.8644923], [116.4827288, 39.8655566], [116.4830265, 39.8658296], [116.4831521, 39.8665785], [116.4834831, 39.8672092], [116.483785, 39.8675857], [116.4858761, 39.8689147], [116.487052, 39.8694154], [116.4934893, 39.8692837], [116.4936738, 39.8669127], [116.4937253, 39.8642973], [116.4935657, 39.8643393], [116.4931174, 39.8643685], [116.4923505, 39.8643751], [116.4863653, 39.8644263], [116.4840478, 39.8643275], [116.4825293, 39.8644923]]]}, "properties": {"name": "北京市欢乐谷景区", "grade": "4A", "amap_name": "北京欢乐谷", "district": "朝阳", "disposition": "OSM_MATCH", "source": "theme_park(poi)", "conf": 0.67, "area_m2": 0, "status": "OK"}}, {"type": "Feature", "geometry": {"type": "Polygon", "coordinates": [[[116.3045761, 39.9138475], [116.3045761, 39.9183042], [116.3045996, 39.9201053], [116.3053853, 39.9201061], [116.3054156, 39.9186003], [116.3062562, 39.9186027], [116.3063533, 39.9190332], [116.3064352, 39.9190332], [116.3067417, 39.919231], [116.3073547, 39.9193777], [116.307969, 39.9193357], [116.3079369, 39.9188463], [116.3102409, 39.9187321], [116.3102409, 39.9192061], [116.3133167, 39.918654], [116.3132736, 39.9184588], [116.3165495, 39.9180738], [116.3195702, 39.9180798], [116.3206377, 39.9183144], [116.3212464, 39.9176201], [116.3229301, 39.9177125], [116.3230137, 39.9166589], [116.3234827, 39.9160834], [116.3234944, 39.9155349], [116.3237166, 39.9145827], [116.3238464, 39.914173], [116.3242319, 39.9136286], [116.3243166, 39.913418], [116.3245153, 39.913258], [116.325402, 39.9127922], [116.3256065, 39.9127994], [116.3266634, 39.9120946], [116.3281312, 39.912084], [116.3281113, 39.9117351], [116.326626, 39.9117464], [116.3250991, 39.9127781], [116.3236915, 39.9132319], [116.3199652, 39.9132448], [116.3189832, 39.9132168], [116.3186024, 39.9130901], [116.3170312, 39.9121214], [116.3167972, 39.9120015], [116.3164275, 39.911965], [116.3157341, 39.9121358], [116.3147174, 39.9120057], [116.3145253, 39.9120154], [116.3136976, 39.9121083], [116.3134263, 39.9117905], [116.3130036, 39.9115208], [116.3126022, 39.9114521], [116.311273, 39.911681], [116.3106825, 39.9116294], [116.3094999, 39.9119357], [116.3091083, 39.9122433], [116.3053172, 39.9129769], [116.3048897, 39.9137106], [116.3045761, 39.9138475]]]}, "properties": {"name": "北京市玉渊潭公园景区", "grade": "4A", "amap_name": "玉渊潭公园", "district": "海淀", "disposition": "OSM_MATCH", "source": "park(landuse)", "conf": 0.73, "area_m2": 0, "status": "OK"}}, {"type": "Feature", "geometry": {"type": "Polygon", "coordinates": [[[116.3688951, 39.8714208], [116.3694404, 39.8714216], [116.3694535, 39.8717496], [116.3701573, 39.8718023], [116.3702947, 39.8720263], [116.3712216, 39.8720526], [116.371359, 39.8721383], [116.3713246, 39.8735089], [116.3730922, 39.8735537], [116.3729876, 39.8742808], [116.3731099, 39.8748588], [116.3736592, 39.8748785], [116.373685, 39.8751025], [116.3736421, 39.875939], [116.3737451, 39.876051], [116.3740434, 39.876056], [116.374039, 39.8761608], [116.3741766, 39.8761663], [116.3741768, 39.8763871], [116.3743205, 39.8763896], [116.3742686, 39.8768382], [116.3743918, 39.8769253], [116.3745385, 39.8769318], [116.3746077, 39.8770668], [116.3745978, 39.8773274], [116.3756226, 39.8773395], [116.3756421, 39.8771136], [116.3757383, 39.8771224], [116.3765311, 39.8771915], [116.3765002, 39.8766834], [116.3770115, 39.8766525], [116.3770134, 39.875925], [116.3767577, 39.8759325], [116.3767835, 39.8757151], [116.3771354, 39.8756887], [116.377666, 39.8754619], [116.3777708, 39.8753377], [116.3790752, 39.8752869], [116.3792666, 39.8759192], [116.3793787, 39.87674], [116.3797984, 39.8766571], [116.3804482, 39.8765648], [116.3809826, 39.8765603], [116.3810305, 39.8752707], [116.3810382, 39.874896], [116.380742, 39.8748933], [116.380753, 39.8747381], [116.3807571, 39.8744879], [116.3810531, 39.8744953], [116.3811872, 39.8724497], [116.381295, 39.8710058], [116.3812902, 39.8709456], [116.3812724, 39.8708978], [116.381225, 39.8708581], [116.3812005, 39.8708486], [116.3811573, 39.8708319], [116.3791181, 39.870756], [116.3787967, 39.8707277], [116.3780056, 39.8704623], [116.3747041, 39.8702081], [116.3746829, 39.8703723], [116.374172, 39.8703431], [116.3732161, 39.8702856], [116.3732418, 39.8700977], [116.3694607, 39.8697767], [116.3694186, 39.8700963], [116.3692483, 39.8700888], [116.3690674, 39.8701623], [116.3690642, 39.8705057], [116.3691895, 39.870591], [116.3690507, 39.8709137], [116.3689175, 39.8709123], [116.3688986, 39.8713421], [116.3688969, 39.8713801], [116.3688951, 39.8714208]]]}, "properties": {"name": "北京市陶然亭公园景区", "grade": "4A", "amap_name": "陶然亭公园", "district": "西城", "disposition": "OSM_MATCH", "source": "park(landuse)", "conf": 0.73, "area_m2": 0, "status": "OK"}}, {"type": "Feature", "geometry": {"type": "Polygon", "coordinates": [[[116.666119, 40.5277097], [116.6665802, 40.5290087], [116.6666686, 40.5294361], [116.6668171, 40.5299019], [116.667351, 40.5299979], [116.6676668, 40.5296089], [116.6686114, 40.5296065], [116.6686019, 40.5294361], [116.6680364, 40.5293112], [116.6678311, 40.528783], [116.66761, 40.5284349], [116.6672973, 40.5279234], [116.666735, 40.5275945], [116.666119, 40.5277097]]]}, "properties": {"name": "北京幽谷神潭自然风景区", "grade": "3A", "amap_name": "幽谷神潭", "district": "怀柔", "disposition": "OSM_MATCH", "source": "theme_park(poi)", "conf": 0.6, "area_m2": 0, "status": "OK"}}, {"type": "Feature", "geometry": {"type": "Polygon", "coordinates": [[[116.3444479, 39.9140403], [116.3446088, 39.9141596], [116.344582, 39.9146164], [116.3446625, 39.9147274], [116.3448717, 39.9148242], [116.3448994, 39.9149002], [116.3448846, 39.9156681], [116.3448657, 39.9158312], [116.344832, 39.9167622], [116.3461183, 39.9167986], [116.3463831, 39.9167951], [116.346414, 39.9165769], [116.3471562, 39.9165899], [116.3473298, 39.9149536], [116.3472471, 39.914277], [116.3472228, 39.9142222], [116.3470052, 39.9137319], [116.3466973, 39.9137841], [116.3466205, 39.9136906], [116.3466009, 39.9136154], [116.34654, 39.9136247], [116.3444755, 39.9136048], [116.3444479, 39.9140403]]]}, "properties": {"name": "北京月坛公园", "grade": "3A", "amap_name": "月坛公园", "district": "西城", "disposition": "OSM_MATCH", "source": "park(landuse)", "conf": 0.75, "area_m2": 0, "status": "OK"}}, {"type": "Feature", "geometry": {"type": "Polygon", "coordinates": [[[116.2956547, 39.8274868], [116.2956586, 39.8275841], [116.2956728, 39.8276486], [116.2957065, 39.827742], [116.295784, 39.8278472], [116.2958577, 39.8279425], [116.29589, 39.8280497], [116.2958874, 39.8281947], [116.2958823, 39.8284231], [116.2960219, 39.8284241], [116.2960943, 39.8282543], [116.2961745, 39.8281351], [116.2963037, 39.8280358], [116.2964201, 39.8279564], [116.2965507, 39.8278542], [116.2966244, 39.8277757], [116.29668, 39.8276774], [116.2966968, 39.8275652], [116.29668, 39.827456], [116.2966308, 39.8273478], [116.2965558, 39.8272515], [116.2964266, 39.8271383], [116.2962999, 39.8270331], [116.2961473, 39.8269209], [116.2960452, 39.8268017], [116.295965, 39.8266389], [116.295806, 39.8266389], [116.2958797, 39.8268514], [116.2958952, 39.8269546], [116.2958939, 39.827041], [116.29585, 39.8271592], [116.2957672, 39.8272733], [116.2956845, 39.8273756], [116.2956547, 39.8274868]]]}, "properties": {"name": "北京汽车博物馆景区", "grade": "4A", "amap_name": "北京汽车博物馆", "district": "丰台", "disposition": "OSM_MATCH", "source": "museum(poi)", "conf": 1.0, "area_m2": 0, "status": "OK"}}, {"type": "Feature", "geometry": {"type": "Polygon", "coordinates": [[[116.3774043, 39.8871807], [116.3774177, 39.8875425], [116.3774214, 39.8876432], [116.3774261, 39.8877684], [116.3775988, 39.8877637], [116.3775992, 39.8877706], [116.3779018, 39.8877631], [116.3778933, 39.8875294], [116.3779117, 39.8875288], [116.3779072, 39.8874412], [116.3779363, 39.8874404], [116.3779324, 39.8873905], [116.3779047, 39.8873911], [116.3779034, 39.8873649], [116.3778861, 39.8873649], [116.3778818, 39.8872968], [116.3778917, 39.8872966], [116.3778903, 39.8872679], [116.3778805, 39.8872682], [116.3778794, 39.8872544], [116.3778826, 39.8872544], [116.3778809, 39.8872185], [116.3778214, 39.8872202], [116.3778215, 39.8871654], [116.3777426, 39.8871628], [116.3777358, 39.8871902], [116.3774043, 39.8871807]]]}, "properties": {"name": "北京湖广会馆大戏楼景区", "grade": "3A", "amap_name": "北京湖广会馆大戏楼-湖广会馆", "district": "西城", "disposition": "OSM_MATCH", "source": "attraction(poi)", "conf": 0.77, "area_m2": 0, "status": "OK"}}, {"type": "Feature", "geometry": {"type": "Polygon", "coordinates": [[[116.8632191, 40.2329256], [116.8641378, 40.2331672], [116.8643577, 40.232342], [116.8636563, 40.2321833], [116.8634941, 40.2322642], [116.8632191, 40.2329256]]]}, "properties": {"name": "北京焦庄户地道战遗址纪念馆景区", "grade": "3A", "amap_name": "北京焦庄户地道战遗址纪念馆", "district": "顺义", "disposition": "OSM_MATCH", "source": "museum(poi)", "conf": 0.91, "area_m2": 0, "status": "OK"}}, {"type": "Feature", "geometry": {"type": "Polygon", "coordinates": [[[116.1991603, 39.9063245], [116.2002654, 39.907559], [116.2002792, 39.9080022], [116.2003088, 39.9081271], [116.2003373, 39.9083325], [116.2004195, 39.9085047], [116.2004425, 39.908966], [116.2004401, 39.9093784], [116.2004692, 39.9102419], [116.2007257, 39.9153778], [116.2029443, 39.9153535], [116.2035938, 39.9153464], [116.2046788, 39.9153345], [116.2047071, 39.9127107], [116.2045783, 39.9097975], [116.2045891, 39.9064562], [116.204514, 39.9063492], [116.2044281, 39.9062916], [116.2014398, 39.9063103], [116.1991603, 39.9063245]]]}, "properties": {"name": "北京石景山游乐园景区", "grade": "4A", "amap_name": "石景山游乐园", "district": "石景山", "disposition": "OSM_MATCH", "source": "theme_park(poi)", "conf": 1.0, "area_m2": 0, "status": "OK"}}, {"type": "Feature", "geometry": {"type": "Polygon", "coordinates": [[[116.1984381, 39.7829452], [116.1993443, 39.7864319], [116.1994698, 39.7864428], [116.1994593, 39.7879883], [116.2040526, 39.788359], [116.2042343, 39.7883737], [116.2041749, 39.7900788], [116.2064474, 39.7903105], [116.2084358, 39.7855113], [116.2093695, 39.7827635], [116.2056093, 39.7820976], [116.2026977, 39.782027], [116.1985176, 39.7820384], [116.1984381, 39.7829452]]]}, "properties": {"name": "北京莱恩堡国际酒庄景区", "grade": "3A", "amap_name": "北京莱恩堡国际酒庄", "district": "房山", "disposition": "OSM_MATCH", "source": "park(landuse)", "conf": 1.0, "area_m2": 0, "status": "OK"}}, {"type": "Feature", "geometry": {"type": "Polygon", "coordinates": [[[116.3167983, 39.4951267], [116.3169988, 39.4969991], [116.3216328, 39.4969727], [116.3216408, 39.4970649], [116.3218036, 39.4989491], [116.3232753, 39.4989051], [116.3234542, 39.5008062], [116.3331243, 39.5008341], [116.3398436, 39.5008535], [116.3383442, 39.4901667], [116.3379099, 39.4901919], [116.3378819, 39.4886674], [116.317833, 39.4905374], [116.3180302, 39.4926108], [116.3189548, 39.4925104], [116.3190326, 39.4931419], [116.3192499, 39.4949073], [116.3167983, 39.4951267]]]}, "properties": {"name": "北京野生动物园景区", "grade": "4A", "amap_name": "北京野生动物园", "district": "大兴", "disposition": "OSM_MATCH", "source": "zoo(poi)", "conf": 1.0, "area_m2": 0, "status": "OK"}}, {"type": "Feature", "geometry": {"type": "Polygon", "coordinates": [[[116.0788495, 39.8001283], [116.078935, 39.8001681], [116.0794071, 39.8003453], [116.0797236, 39.8004195], [116.0801423, 39.800469], [116.0804907, 39.8005102], [116.0827223, 39.800708], [116.0833124, 39.8006709], [116.0837147, 39.7980511], [116.0842619, 39.7973051], [116.0847606, 39.7949347], [116.0848831, 39.7943523], [116.0851031, 39.793434], [116.0850816, 39.7932774], [116.0846847, 39.7929352], [116.0848992, 39.792387], [116.0854517, 39.7924076], [116.0854203, 39.7915741], [116.0851444, 39.7915745], [116.0852123, 39.7907558], [116.0855805, 39.7907858], [116.0856556, 39.7902334], [116.0855322, 39.7902293], [116.0855537, 39.7899119], [116.0838356, 39.7905055], [116.0838142, 39.7906497], [116.0831651, 39.7906539], [116.082375, 39.7907774], [116.0822667, 39.7908277], [116.081987, 39.7908381], [116.0818427, 39.7908987], [116.0817773, 39.7909906], [116.0804783, 39.7915761], [116.0798486, 39.792025], [116.0798343, 39.7921256], [116.0801529, 39.7927522], [116.0800846, 39.792833], [116.0795991, 39.7929233], [116.0794968, 39.7932907], [116.0791709, 39.7935904], [116.0791771, 39.7936762], [116.0792985, 39.7937156], [116.0793838, 39.7941804], [116.0794957, 39.794332], [116.0795393, 39.7943451], [116.0799287, 39.7950885], [116.0799078, 39.7952823], [116.0799818, 39.7954453], [116.0799685, 39.7956508], [116.0801164, 39.7962461], [116.0801639, 39.7967372], [116.0801733, 39.7969145], [116.080327, 39.7973036], [116.080272, 39.7974408], [116.0798054, 39.79769], [116.0794944, 39.7977659], [116.0793274, 39.7980224], [116.0788495, 39.8001283]]]}, "properties": {"name": "北京青龙湖公园景区", "grade": "3A", "amap_name": "北京青龙湖公园", "district": "丰台", "disposition": "OSM_MATCH", "source": "park(landuse)", "conf": 0.8, "area_m2": 0, "status": "OK"}}, {"type": "Feature", "geometry": {"type": "Polygon", "coordinates": [[[116.4455622, 40.001221], [116.4456795, 40.0017228], [116.4461119, 40.0029474], [116.4471311, 40.0060128], [116.447453, 40.0061771], [116.4480935, 40.0063004], [116.4478954, 40.0058205], [116.4489395, 40.0059987], [116.4493488, 40.0057662], [116.4498638, 40.0057662], [116.450379, 40.0057507], [116.4503746, 40.0059114], [116.4508094, 40.0058996], [116.4507757, 40.0045746], [116.4501795, 40.0045588], [116.4501975, 40.0040882], [116.4500262, 40.0040923], [116.4500247, 40.0036952], [116.4514227, 40.003687], [116.4514037, 40.0033563], [116.4513875, 40.0030757], [116.4506807, 40.0031137], [116.4506433, 40.0030595], [116.4506315, 40.0027736], [116.4508532, 40.0024803], [116.4507745, 40.0024429], [116.450045, 40.0020648], [116.4492135, 40.0017977], [116.4485, 40.0016169], [116.4472072, 40.001358], [116.4467351, 40.0012676], [116.4464025, 40.0011937], [116.4462094, 40.0012019], [116.4460056, 40.001243], [116.4457695, 40.0012389], [116.4455622, 40.001221]]]}, "properties": {"name": "北小河公园景区", "grade": "3A", "amap_name": "北小河公园", "district": "朝阳", "disposition": "OSM_MATCH", "source": "park(landuse)", "conf": 1.0, "area_m2": 0, "status": "OK"}}, {"type": "Feature", "geometry": {"type": "Polygon", "coordinates": [[[116.1389285, 39.7937172], [116.1414441, 39.7946527], [116.1419133, 39.7949136], [116.1419104, 39.7949534], [116.1440375, 39.7966784], [116.1449441, 39.7962309], [116.1455613, 39.7959263], [116.1460457, 39.7947941], [116.1466019, 39.7905113], [116.1440051, 39.7902907], [116.1434352, 39.7902465], [116.1434611, 39.7901713], [116.1415384, 39.7898794], [116.1402962, 39.7898399], [116.1402804, 39.7900257], [116.1397133, 39.7923568], [116.1396788, 39.7924386], [116.1391693, 39.7927925], [116.1389285, 39.7937172]]]}, "properties": {"name": "南宫旅游景区", "grade": "4A", "amap_name": "南宫五洲植物乐园", "district": "丰台", "disposition": "OSM_MATCH", "source": "park(landuse)", "conf": 0.75, "area_m2": 0, "status": "OK"}}, {"type": "Feature", "geometry": {"type": "Polygon", "coordinates": [[[116.3596614, 39.8187097], [116.3605909, 39.8210124], [116.3606868, 39.8210934], [116.3659398, 39.8212116], [116.3675985, 39.8212621], [116.3707602, 39.8215259], [116.3718191, 39.8215309], [116.3736111, 39.8214734], [116.3768584, 39.8214581], [116.3780979, 39.8214832], [116.3781311, 39.8211453], [116.3785229, 39.820854], [116.3793598, 39.8207268], [116.3815093, 39.8202193], [116.3843827, 39.8195741], [116.3843061, 39.8193263], [116.3802792, 39.8161229], [116.3802949, 39.8159964], [116.3805908, 39.8159393], [116.3813803, 39.8159962], [116.3833613, 39.8157901], [116.3839399, 39.8144102], [116.3842625, 39.8136409], [116.3830094, 39.8131794], [116.3830265, 39.8129288], [116.380649, 39.8124937], [116.3805718, 39.812375], [116.3805718, 39.8119531], [116.3805031, 39.8116762], [116.3796791, 39.8113663], [116.3796191, 39.8111289], [116.3806935, 39.8101469], [116.3830621, 39.8108739], [116.3833135, 39.81088], [116.3833038, 39.8102008], [116.3831488, 39.810173], [116.3829454, 39.8099082], [116.3827282, 39.8093122], [116.384146, 39.8071546], [116.3846167, 39.807056], [116.3844799, 39.8065885], [116.3839205, 39.8067094], [116.3810272, 39.8065145], [116.3808601, 39.8065428], [116.3807249, 39.8066103], [116.3784897, 39.809368], [116.3778343, 39.8090684], [116.3792048, 39.8075615], [116.3790151, 39.8074357], [116.37933, 39.8069425], [116.3791331, 39.8068434], [116.3795535, 39.8064109], [116.3798012, 39.8062227], [116.3800745, 39.8061114], [116.3803173, 39.8055521], [116.3798818, 39.8046622], [116.3795923, 39.8043863], [116.3786358, 39.8035725], [116.3779371, 39.803182], [116.3772117, 39.8029827], [116.3763826, 39.8028952], [116.375688, 39.802913], [116.3753979, 39.8031274], [116.3747724, 39.8037054], [116.3716939, 39.8067902], [116.3721773, 39.8074813], [116.3723009, 39.8074428], [116.3725434, 39.8078533], [116.3726051, 39.8080296], [116.3729288, 39.8082943], [116.3733311, 39.8085884], [116.3741813, 39.8091496], [116.374341, 39.8092934], [116.3744619, 39.8092866], [116.3744506, 39.8091648], [116.3751308, 39.8091657], [116.3751713, 39.8094456], [116.3756034, 39.8094683], [116.3757597, 39.8097971], [116.3767584, 39.8097099], [116.3770569, 39.8100274], [116.3771482, 39.8099723], [116.3776209, 39.810377], [116.3770871, 39.8108125], [116.3765892, 39.8109905], [116.3762717, 39.8111026], [116.3759499, 39.8116436], [116.3754489, 39.8123897], [116.3749979, 39.8131263], [116.374599, 39.8133983], [116.3735757, 39.8139511], [116.3720811, 39.8152998], [116.3711025, 39.8157374], [116.3712233, 39.8159281], [116.3722166, 39.8155614], [116.3727374, 39.8161695], [116.3743222, 39.8180198], [116.3719037, 39.8192108], [116.3716512, 39.8192487], [116.3711454, 39.8172845], [116.3709702, 39.8173002], [116.3709237, 39.81737], [116.3708062, 39.8174888], [116.3705819, 39.8175733], [116.3680926, 39.817894], [116.3644669, 39.8179101], [116.3642641, 39.817906], [116.3639606, 39.8178186], [116.3637849, 39.8177142], [116.3635437, 39.8175121], [116.3633686, 39.8174381], [116.3631623, 39.817433], [116.3623262, 39.8175592], [116.3619684, 39.8178457], [116.3618041, 39.8179139], [116.3610797, 39.8178555], [116.3608773, 39.817933], [116.3596614, 39.8187097]]]}, "properties": {"name": "南苑森林湿地公园", "grade": "3A", "amap_name": "南苑森林湿地公园", "district": "丰台", "disposition": "OSM_MATCH", "source": "park(landuse)", "conf": 1.0, "area_m2": 0, "status": "OK"}}, {"type": "Feature", "geometry": {"type": "Polygon", "coordinates": [[[116.2816412, 40.0119641], [116.2927305, 40.0128648], [116.3026697, 40.0136207], [116.3029443, 40.0123257], [116.305588, 40.0125533], [116.3055596, 40.0128018], [116.3069396, 40.0129242], [116.3069928, 40.0126852], [116.3117248, 40.0130817], [116.3119459, 40.0113507], [116.3126654, 40.0057173], [116.3126069, 40.005545], [116.3124873, 40.0053937], [116.3123215, 40.005281], [116.311996, 40.0051921], [116.3097454, 40.0051548], [116.3072629, 40.0049228], [116.3072468, 40.0051376], [116.3068925, 40.005127], [116.3069747, 40.0048279], [116.3073466, 40.0047136], [116.3074427, 40.0031243], [116.3076022, 40.0026935], [116.3083167, 40.0004025], [116.3071281, 40.0002864], [116.3075022, 39.9992732], [116.3075427, 39.9991178], [116.3073372, 39.9990827], [116.3072869, 39.9992264], [116.3070555, 39.9991851], [116.3069887, 39.9993967], [116.3068058, 39.9993613], [116.3067896, 39.9993994], [116.306561, 39.999353], [116.3064403, 39.9993288], [116.3063207, 39.9993029], [116.306091, 39.9992529], [116.3061055, 39.9992015], [116.305928, 39.999164], [116.3059801, 39.9989825], [116.3058175, 39.9989487], [116.3058422, 39.9988827], [116.3057219, 39.9988566], [116.3041355, 39.99862], [116.3040742, 39.9985465], [116.3038605, 39.9986275], [116.3034946, 39.9985825], [116.3031193, 39.9985363], [116.3025893, 39.9982956], [116.3018222, 39.997746], [116.301051, 39.9970006], [116.300757, 39.9968245], [116.3003763, 39.9966817], [116.2982846, 39.9965414], [116.2981573, 39.9966778], [116.2980475, 39.9968489], [116.297957, 39.9969893], [116.2978668, 39.9980408], [116.297815, 39.9985866], [116.2980001, 39.9985902], [116.2979814, 39.9991518], [116.2989183, 39.999236], [116.2991604, 39.9994591], [116.2995328, 39.999504], [116.2999689, 39.9998477], [116.3000409, 39.9998918], [116.3000912, 39.9999304], [116.3001243, 39.9999862], [116.3001965, 40.0001078], [116.3002511, 40.00024], [116.3002899, 40.0003011], [116.3003375, 40.0003454], [116.300406, 40.000395], [116.3004667, 40.0004238], [116.3005058, 40.0004512], [116.3005648, 40.0005313], [116.300287, 40.002892], [116.3008438, 40.0029376], [116.3008159, 40.0031381], [116.300805, 40.0032561], [116.3006792, 40.0037877], [116.3004426, 40.0037653], [116.3002895, 40.0046954], [116.2994102, 40.0046105], [116.2993369, 40.0045954], [116.2983991, 40.0045143], [116.2979458, 40.0044741], [116.2975085, 40.0044359], [116.2973126, 40.0044206], [116.2952371, 40.0042064], [116.2953103, 40.0036605], [116.2953259, 40.0033649], [116.2954128, 40.0028976], [116.2955617, 40.0023402], [116.2956225, 40.0019471], [116.2954415, 40.0019157], [116.2954593, 40.0018401], [116.2946757, 40.0017855], [116.2946581, 40.0017843], [116.2946458, 40.0018507], [116.2862491, 40.0011141], [116.2832936, 40.0008545], [116.2816412, 40.0119641]]]}, "properties": {"name": "圆明园遗址公园景区", "grade": "5A", "amap_name": "圆明园遗址公园", "district": NaN, "disposition": "OSM_MATCH", "source": "park(landuse)", "conf": 1.0, "area_m2": 0, "status": "OK"}}, {"type": "Feature", "geometry": {"type": "Polygon", "coordinates": [[[115.8264849, 39.703724], [115.8271247, 39.7044354], [115.82811, 39.7039396], [115.829511, 39.7035803], [115.8321454, 39.7031376], [115.8352932, 39.7017741], [115.8353643, 39.7017295], [115.8381047, 39.7000123], [115.8400683, 39.6976181], [115.8405906, 39.6961224], [115.8391582, 39.6950726], [115.8383133, 39.6944608], [115.8378654, 39.693655], [115.8348601, 39.6941628], [115.8323288, 39.6969331], [115.8277687, 39.6989812], [115.8268754, 39.7015721], [115.8264849, 39.703724]]]}, "properties": {"name": "坡峰岭风景区", "grade": "3A", "amap_name": "坡峰岭", "district": "房山", "disposition": "OSM_MATCH", "source": "park(landuse)", "conf": 1.0, "area_m2": 0, "status": "OK"}}, {"type": "Feature", "geometry": {"type": "Polygon", "coordinates": [[[116.3941455, 39.8826783], [116.3941519, 39.8827055], [116.3942099, 39.8829504], [116.3942634, 39.8831877], [116.3942964, 39.8833327], [116.3943801, 39.8836522], [116.3945114, 39.8839612], [116.3946838, 39.884255], [116.3948079, 39.8844729], [116.394979, 39.8847099], [116.3951951, 39.8849622], [116.395469, 39.8852431], [116.3969174, 39.8853408], [116.396941, 39.8853984], [116.3968943, 39.8859864], [116.397199, 39.8860848], [116.3980129, 39.8862803], [116.3987283, 39.8864124], [116.3994288, 39.8865053], [116.3998477, 39.886547], [116.400297, 39.886571], [116.4011759, 39.8866046], [116.4022119, 39.8866373], [116.4060558, 39.8867319], [116.4060828, 39.886733], [116.4062131, 39.8867379], [116.4063786, 39.8867441], [116.406676, 39.8867552], [116.4086483, 39.8868246], [116.4090701, 39.8868254], [116.4095082, 39.8867942], [116.409862, 39.886755], [116.4102185, 39.8866984], [116.4106394, 39.886573], [116.4112022, 39.8864048], [116.4116808, 39.8862116], [116.4120415, 39.8860111], [116.4123848, 39.8857815], [116.4126495, 39.8855324], [116.4128582, 39.8853175], [116.4130556, 39.8850993], [116.4132553, 39.8848339], [116.4133926, 39.8846357], [116.4135701, 39.884347], [116.4136915, 39.8841217], [116.4137897, 39.8838838], [116.4139015, 39.8835458], [116.4139765, 39.8832573], [116.4140932, 39.8827414], [116.4141092, 39.882667], [116.4141261, 39.8826069], [116.4141635, 39.8824743], [116.4141663, 39.8824642], [116.4141963, 39.8823241], [116.4142112, 39.8822059], [116.4142197, 39.8821377], [116.4134748, 39.8821217], [116.4134765, 39.8820719], [116.4135033, 39.8812593], [116.4135088, 39.8811274], [116.4128966, 39.8811156], [116.4128906, 39.8813001], [116.4117298, 39.8812775], [116.4114342, 39.8812769], [116.4114561, 39.8809367], [116.4114673, 39.8802469], [116.4114736, 39.8800392], [116.4115235, 39.8790916], [116.4115623, 39.8782922], [116.4116347, 39.8770956], [116.4118612, 39.8739288], [116.4118726, 39.87371], [116.4118905, 39.8733686], [116.4117077, 39.8733627], [116.4072918, 39.873221], [116.4072415, 39.8732191], [116.4071536, 39.8732164], [116.4070721, 39.8732139], [116.4069904, 39.8732114], [116.4069327, 39.8732091], [116.4000516, 39.8729688], [116.3997804, 39.872961], [116.3996884, 39.8729584], [116.399668, 39.8733306], [116.3996611, 39.8735649], [116.399493, 39.8767131], [116.3994693, 39.8771146], [116.3966403, 39.877023], [116.396592, 39.8776775], [116.3994283, 39.8777704], [116.3993458, 39.8792764], [116.3943327, 39.8791901], [116.3943126, 39.8795076], [116.394309, 39.8795745], [116.3943049, 39.8796488], [116.3943009, 39.8797229], [116.3942677, 39.8797741], [116.3942299, 39.8807573], [116.3942113, 39.8811817], [116.3941455, 39.8826783]]]}, "properties": {"name": "天坛公园", "grade": "5A", "amap_name": "天坛公园", "district": NaN, "disposition": "OSM_MATCH", "source": "park(landuse)", "conf": 1.0, "area_m2": 0, "status": "OK"}}, {"type": "Feature", "geometry": {"type": "Polygon", "coordinates": [[[116.3756155, 39.9439514], [116.3756893, 39.9440537], [116.3757948, 39.9442032], [116.3762033, 39.9447787], [116.3763607, 39.9450005], [116.3764575, 39.9451366], [116.3765936, 39.945328], [116.3772162, 39.9450274], [116.3773247, 39.944975], [116.3779439, 39.9446879], [116.378226, 39.9445491], [116.3773797, 39.9432854], [116.3773129, 39.9431974], [116.3772099, 39.9432434], [116.3771695, 39.9432651], [116.3771559, 39.943273], [116.3760259, 39.9437774], [116.3756155, 39.9439514]]]}, "properties": {"name": "宋庆龄故居景区", "grade": "3A", "amap_name": "宋庆龄故居西广场", "district": "西城", "disposition": "OSM_MATCH", "source": "museum(poi)", "conf": 1.0, "area_m2": 0, "status": "OK"}}, {"type": "Feature", "geometry": {"type": "Polygon", "coordinates": [[[116.047149, 39.9081026], [116.0471758, 39.9082055], [116.0472161, 39.9083248], [116.0472402, 39.908438], [116.0472627, 39.9085896], [116.0472776, 39.9087008], [116.0472925, 39.9088263], [116.0473284, 39.9089056], [116.0474756, 39.9089708], [116.0475593, 39.9089876], [116.0476381, 39.9089715], [116.0476858, 39.9089062], [116.0477078, 39.9087864], [116.0476774, 39.9086335], [116.0476579, 39.9084856], [116.0476606, 39.908393], [116.0476858, 39.9083206], [116.0477445, 39.908222], [116.0478071, 39.9081552], [116.0478511, 39.9080988], [116.0479751, 39.9080656], [116.0481607, 39.9080028], [116.0482138, 39.907973], [116.048246, 39.9079298], [116.0481249, 39.9077568], [116.0480382, 39.9075905], [116.0479751, 39.9073764], [116.0479606, 39.9071709], [116.0479832, 39.9070492], [116.0480502, 39.907006], [116.0482085, 39.9069731], [116.0484123, 39.9069319], [116.0486215, 39.9068826], [116.0487768, 39.9068167], [116.0488978, 39.9067653], [116.0490239, 39.9067426], [116.0492304, 39.9066603], [116.0492882, 39.9066253], [116.0497237, 39.9066406], [116.0497266, 39.9065184], [116.0498245, 39.9065101], [116.0498878, 39.9064929], [116.0499278, 39.9064772], [116.049968, 39.9064525], [116.050031, 39.9064042], [116.0500766, 39.9063795], [116.0501128, 39.9063744], [116.0501437, 39.9063558], [116.0501692, 39.9063239], [116.0501692, 39.9062828], [116.0501612, 39.9062452], [116.0500927, 39.9061779], [116.0500431, 39.9061511], [116.0499895, 39.9061316], [116.0499358, 39.9061069], [116.0498688, 39.9060822], [116.0497521, 39.9060575], [116.0496394, 39.9060328], [116.0495616, 39.9060143], [116.049504, 39.9059783], [116.0494562, 39.9059426], [116.0494529, 39.9058842], [116.0494762, 39.9057167], [116.0494232, 39.9057148], [116.0493872, 39.9057135], [116.0488312, 39.905859], [116.0489871, 39.9057233], [116.0491472, 39.9055513], [116.0491731, 39.9053396], [116.0491805, 39.9051451], [116.0492599, 39.905074], [116.0493952, 39.9049755], [116.0494369, 39.9048847], [116.0495147, 39.9048045], [116.0496032, 39.9046892], [116.0496595, 39.9046357], [116.0497937, 39.9046193], [116.0498902, 39.9046543], [116.0499734, 39.9047242], [116.050086, 39.9047468], [116.0501075, 39.9046604], [116.0500753, 39.9045493], [116.049968, 39.9044794], [116.0497722, 39.9044053], [116.0495201, 39.9043456], [116.0493967, 39.90436], [116.0492545, 39.9044341], [116.049107, 39.9045473], [116.0489836, 39.9046779], [116.0489286, 39.9047252], [116.0488938, 39.9047757], [116.0488254, 39.9048487], [116.0487838, 39.9048909], [116.0487516, 39.9050308], [116.0487302, 39.9051625], [116.0487114, 39.9053137], [116.0486698, 39.9054464], [116.0486189, 39.9055452], [116.0485907, 39.9055776], [116.0485484, 39.9055843], [116.0484888, 39.9055781], [116.0483104, 39.9055709], [116.0481696, 39.9055832], [116.0480341, 39.9056038], [116.0479765, 39.9056208], [116.0479242, 39.9056625], [116.0478598, 39.9057509], [116.0478061, 39.9058209], [116.0477203, 39.9059443], [116.0476667, 39.9060081], [116.0475942, 39.9060616], [116.0474762, 39.9062036], [116.0474145, 39.9063147], [116.0473663, 39.9064484], [116.0473087, 39.9065563], [116.0472536, 39.9066459], [116.0472037, 39.9068207], [116.0471927, 39.9069845], [116.0471798, 39.9071375], [116.0472135, 39.907365], [116.0472232, 39.9075344], [116.0472003, 39.9076989], [116.0471597, 39.9078722], [116.0471517, 39.9080121], [116.047149, 39.9081026]]]}, "properties": {"name": "定都阁景区", "grade": "3A", "amap_name": "定都阁(暂停开放)", "district": "门头沟", "disposition": "OSM_MATCH", "source": "attraction(poi)", "conf": 1.0, "area_m2": 0, "status": "OK"}}, {"type": "Feature", "geometry": {"type": "Polygon", "coordinates": [[[116.5036905, 39.9637958], [116.5037551, 39.9681007], [116.5038299, 39.9730832], [116.5039158, 39.9738972], [116.5041056, 39.9743093], [116.5046914, 39.9749898], [116.5051981, 39.975385], [116.5057135, 39.9753393], [116.5057797, 39.9755709], [116.5056968, 39.9757553], [116.5055871, 39.9758501], [116.5063188, 39.9762616], [116.5065516, 39.9759535], [116.5064165, 39.975097], [116.5065724, 39.9750761], [116.506397, 39.9733464], [116.5065349, 39.97302], [116.5065885, 39.9730537], [116.5078582, 39.9738512], [116.5094188, 39.9724693], [116.510099, 39.9729021], [116.5094381, 39.973501], [116.5098144, 39.9737155], [116.5088806, 39.9744766], [116.510117, 39.975281], [116.5118234, 39.9762733], [116.5123417, 39.9754766], [116.5127393, 39.9749664], [116.5134353, 39.9744977], [116.5142576, 39.9736805], [116.5146224, 39.97307], [116.5149751, 39.9725375], [116.5156129, 39.9716725], [116.5082273, 39.9691391], [116.5082752, 39.9685846], [116.508277, 39.9685602], [116.5083455, 39.9676089], [116.5074371, 39.9675534], [116.5075944, 39.9661011], [116.5084834, 39.9661524], [116.5086038, 39.9647799], [116.508635, 39.9644192], [116.5076649, 39.9643216], [116.5065107, 39.9642054], [116.5036905, 39.9637958]]]}, "properties": {"name": "将府公园旅游景区", "grade": "3A", "amap_name": "将府公园", "district": "朝阳", "disposition": "OSM_MATCH", "source": "park(landuse)", "conf": 0.75, "area_m2": 0, "status": "OK"}}, {"type": "Feature", "geometry": {"type": "Polygon", "coordinates": [[[115.9811093, 40.3540912], [115.9811093, 40.3542194], [115.9812611, 40.354482], [115.9812878, 40.3547805], [115.9820308, 40.355299], [115.9824305, 40.3556694], [115.9829854, 40.3566344], [115.9830936, 40.356791], [115.9834925, 40.3571868], [115.9838205, 40.357373], [115.9844708, 40.3575735], [115.9849426, 40.3575148], [115.9854101, 40.3571898], [115.9855478, 40.3570524], [115.9860254, 40.3568618], [115.9862061, 40.3568643], [115.9865809, 40.3570674], [115.9870448, 40.3574249], [115.9873693, 40.3576142], [115.9876318, 40.3579862], [115.9878718, 40.358141], [115.9878882, 40.3582926], [115.9872364, 40.3585739], [115.9867771, 40.3588817], [115.9862718, 40.359254], [115.9857961, 40.359767], [115.9860885, 40.3601104], [115.9864619, 40.3601583], [115.9870134, 40.3602694], [115.9875241, 40.3604758], [115.9883344, 40.3605633], [115.9886184, 40.3605477], [115.9893999, 40.3606086], [115.989642, 40.3605398], [115.9900994, 40.3606024], [115.9904768, 40.3601772], [115.9907743, 40.3599693], [115.9910286, 40.3595538], [115.9915127, 40.3589802], [115.9916891, 40.3586658], [115.9917014, 40.3584251], [115.9917876, 40.3581516], [115.9920194, 40.3576727], [115.9920214, 40.3575008], [115.9919373, 40.3572835], [115.9914614, 40.3570038], [115.9911845, 40.3569115], [115.9909773, 40.3567162], [115.991147, 40.3563285], [115.9912249, 40.356266], [115.9917972, 40.3562081], [115.9918875, 40.3561081], [115.9919141, 40.3555094], [115.9920208, 40.3553531], [115.992189, 40.3553078], [115.9926259, 40.3550874], [115.9930546, 40.3551108], [115.99335, 40.3550733], [115.9934854, 40.3548451], [115.9937797, 40.35458], [115.9941763, 40.3543433], [115.9944102, 40.3542448], [115.9946994, 40.3539822], [115.9950215, 40.3537821], [115.9950215, 40.3536868], [115.9951035, 40.3535899], [115.9954994, 40.3533085], [115.9957839, 40.3527844], [115.9959767, 40.3527079], [115.9967446, 40.3521826], [115.9974872, 40.3523061], [115.9976964, 40.352131], [115.9981669, 40.3514256], [115.9983904, 40.3513287], [115.9988725, 40.3510192], [115.9995816, 40.3509426], [116.0000062, 40.3507566], [116.0006072, 40.3502892], [116.0008196, 40.3502923], [116.0010165, 40.3502047], [116.0016543, 40.3496866], [116.0016036, 40.3492211], [116.0017382, 40.3490403], [116.001692, 40.3487988], [116.0019313, 40.3482666], [116.0026309, 40.3478695], [116.0021658, 40.3463982], [116.0013598, 40.3447242], [116.0000722, 40.3430529], [115.9986926, 40.3424985], [115.9977916, 40.3421835], [115.996979, 40.3410336], [115.9967857, 40.3397467], [115.9964491, 40.3385651], [115.9940128, 40.3378994], [115.9934059, 40.3379246], [115.9931343, 40.3380147], [115.9927486, 40.3379707], [115.9921465, 40.3378201], [115.9920177, 40.3375554], [115.9915638, 40.3364013], [115.9897183, 40.3362629], [115.9883266, 40.3360163], [115.9868827, 40.3352769], [115.9855622, 40.3351359], [115.9856428, 40.3352868], [115.9857495, 40.3357204], [115.9856346, 40.3359189], [115.9857474, 40.3360831], [115.9857331, 40.3362317], [115.985448, 40.3364693], [115.9852941, 40.3367164], [115.9852469, 40.3368711], [115.9854151, 40.3371072], [115.9852408, 40.3373902], [115.9851505, 40.3377686], [115.9849598, 40.3381517], [115.9850316, 40.3383237], [115.984931, 40.3384669], [115.9849167, 40.3385779], [115.9849413, 40.3388374], [115.9849064, 40.3390032], [115.9850028, 40.3391658], [115.9850213, 40.3394066], [115.9852264, 40.3396583], [115.9853515, 40.3397318], [115.9856285, 40.3399223], [115.9857372, 40.34026], [115.985971, 40.3405834], [115.98593, 40.3412098], [115.9858131, 40.34146], [115.9856244, 40.3415726], [115.9852695, 40.3415444], [115.9851423, 40.3416882], [115.985089, 40.3420609], [115.9851485, 40.342261], [115.9850541, 40.3425002], [115.9848818, 40.3426972], [115.9848346, 40.3428374], [115.9848428, 40.3430453], [115.9849803, 40.3432829], [115.9849372, 40.3433627], [115.9847687, 40.3434862], [115.9849228, 40.3436965], [115.9850316, 40.3437653], [115.9853987, 40.3442344], [115.9859238, 40.3442922], [115.986453, 40.3445502], [115.986635, 40.3445001], [115.9869037, 40.3445298], [115.9876093, 40.3449989], [115.9877406, 40.345002], [115.9881222, 40.3448785], [115.9884463, 40.3450567], [115.9892189, 40.3451975], [115.9897887, 40.3452427], [115.9903549, 40.3451739], [115.9905313, 40.3452865], [115.9905518, 40.3455132], [115.9904882, 40.345668], [115.9905169, 40.3457508], [115.9905178, 40.3460714], [115.9905097, 40.3461386], [115.9902857, 40.3464286], [115.9903044, 40.3465149], [115.9904596, 40.3467554], [115.9904861, 40.3469643], [115.9904061, 40.3471371], [115.9903918, 40.347431], [115.9902851, 40.3475139], [115.9901067, 40.3476608], [115.9899549, 40.3476155], [115.9898523, 40.3476402], [115.9896574, 40.3477887], [115.989481, 40.3479763], [115.9892985, 40.348031], [115.9887857, 40.3483218], [115.9887569, 40.3483999], [115.9888903, 40.3487078], [115.9889087, 40.349133], [115.9887364, 40.3493847], [115.9880985, 40.3498615], [115.9877457, 40.3498959], [115.9874023, 40.3502128], [115.9868493, 40.350334], [115.9864787, 40.3506572], [115.9862145, 40.3513992], [115.9856381, 40.35164], [115.9855355, 40.3517603], [115.9849079, 40.3516572], [115.9847889, 40.3517369], [115.9843868, 40.3523653], [115.9842145, 40.3525185], [115.9833953, 40.3527952], [115.9830158, 40.3528077], [115.982866, 40.3528483], [115.9823031, 40.3535471], [115.9818314, 40.3534017], [115.9816467, 40.353408], [115.9814683, 40.3535471], [115.9812037, 40.3538753], [115.9811093, 40.3540912]]]}, "properties": {"name": "延庆区八达岭野生动物世界景区", "grade": "3A", "amap_name": "八达岭野生动物世界", "district": "延庆", "disposition": "OSM_MATCH", "source": "zoo(poi)", "conf": 0.84, "area_m2": 0, "status": "OK"}}, {"type": "Feature", "geometry": {"type": "Polygon", "coordinates": [[[116.3784474, 39.9372193], [116.3806452, 39.937428], [116.3808797, 39.9366845], [116.3809215, 39.9362582], [116.3808525, 39.9361016], [116.3811538, 39.9343239], [116.3810988, 39.9343194], [116.380613, 39.9343108], [116.3803011, 39.9342697], [116.379987, 39.9342283], [116.3798558, 39.9342563], [116.3797671, 39.9343343], [116.3795834, 39.9345096], [116.3788728, 39.9360004], [116.3786488, 39.9366423], [116.3784474, 39.9372193]]]}, "properties": {"name": "恭王府景区", "grade": "5A", "amap_name": "恭王府博物馆", "district": NaN, "disposition": "OSM_MATCH", "source": "museum(poi)", "conf": 1.0, "area_m2": 0, "status": "OK"}}, {"type": "Feature", "geometry": {"type": "Polygon", "coordinates": [[[116.2175044, 39.8480001], [116.2240812, 39.8490957], [116.2242741, 39.8483914], [116.2243529, 39.8481812], [116.2240836, 39.8481372], [116.224208, 39.8478108], [116.2229802, 39.8475048], [116.221937, 39.847253], [116.2219968, 39.8471222], [116.2217322, 39.8470638], [116.2217552, 39.8470007], [116.2218142, 39.8470076], [116.2220123, 39.8465897], [116.2219518, 39.8465771], [116.221981, 39.8464603], [116.2211012, 39.8462722], [116.2204444, 39.8461442], [116.2182769, 39.8467646], [116.2177941, 39.8470199], [116.2177088, 39.8473085], [116.2176393, 39.8475436], [116.2175163, 39.8479598], [116.2175044, 39.8480001]]]}, "properties": {"name": "抗日战争纪念雕塑园", "grade": "3A", "amap_name": "中国人民抗日战争纪念雕塑园", "district": "丰台", "disposition": "OSM_MATCH", "source": "park(landuse)", "conf": 0.8, "area_m2": 0, "status": "OK"}}, {"type": "Feature", "geometry": {"type": "Polygon", "coordinates": [[[116.216374, 40.2536127], [116.218327, 40.257233], [116.2194222, 40.2592126], [116.2200523, 40.2602142], [116.2201586, 40.2603438], [116.2208887, 40.2613227], [116.221664, 40.2623973], [116.2223203, 40.2632554], [116.2226392, 40.263708], [116.2230203, 40.2640454], [116.2235318, 40.264699], [116.2241754, 40.2644395], [116.22447, 40.2643207], [116.2238568, 40.2629972], [116.2234934, 40.2624066], [116.2231963, 40.2619475], [116.2226885, 40.2612803], [116.222122, 40.2605014], [116.2216165, 40.2597839], [116.2214343, 40.2595691], [116.2215082, 40.2595104], [116.2214739, 40.2594499], [116.2213396, 40.2592476], [116.2212579, 40.2592752], [116.2208952, 40.2586503], [116.2206804, 40.2582984], [116.2204139, 40.2578294], [116.2198932, 40.2568609], [116.2195849, 40.256308], [116.219251, 40.255687], [116.2187025, 40.2546755], [116.2180412, 40.2534434], [116.2177026, 40.2528562], [116.2169848, 40.2530659], [116.2165468, 40.2531939], [116.216374, 40.2536127]]]}, "properties": {"name": "明十三陵景区", "grade": "5A", "amap_name": "明十三陵景区", "district": NaN, "disposition": "OSM_MATCH", "source": "park(landuse)", "conf": 0.75, "area_m2": 0, "status": "OK"}}, {"type": "Feature", "geometry": {"type": "Polygon", "coordinates": [[[116.4136174, 39.8997439], [116.4136215, 39.8998049], [116.4136889, 39.8998961], [116.4138481, 39.8999563], [116.4140958, 39.9000647], [116.4144702, 39.9001921], [116.4144882, 39.9001374], [116.4145705, 39.8999371], [116.4146666, 39.8997795], [116.415, 39.899783], [116.415006, 39.8996473], [116.4151352, 39.8996507], [116.4151294, 39.8997794], [116.4161836, 39.899808], [116.4161896, 39.8996796], [116.4163401, 39.8996838], [116.4163341, 39.8998111], [116.4173193, 39.8998391], [116.417325, 39.8997215], [116.4174736, 39.8997258], [116.4174675, 39.8998489], [116.4180539, 39.8998663], [116.4180792, 39.8998671], [116.4184757, 39.8998789], [116.4184822, 39.8997509], [116.4186167, 39.899755], [116.4186102, 39.8998797], [116.4191254, 39.8998956], [116.4195983, 39.8999102], [116.4196051, 39.8997806], [116.4197566, 39.8997853], [116.4197511, 39.8998894], [116.4207361, 39.8999202], [116.4207471, 39.8997129], [116.4211668, 39.899726], [116.4211553, 39.8999432], [116.4220987, 39.8999724], [116.4221059, 39.8998345], [116.4223311, 39.8998413], [116.4223242, 39.8999754], [116.4227054, 39.8999867], [116.4232371, 39.9000025], [116.4232435, 39.8998733], [116.4234774, 39.89988], [116.4234712, 39.9000089], [116.423921, 39.9000214], [116.4243738, 39.900034], [116.4243801, 39.8998997], [116.4246061, 39.8999058], [116.4246002, 39.9000367], [116.4254978, 39.90006], [116.4255043, 39.8999116], [116.425766, 39.8999182], [116.4257597, 39.9000659], [116.4266621, 39.9000883], [116.426667, 39.8999695], [116.4268692, 39.8999745], [116.4268639, 39.9001047], [116.4274022, 39.9001178], [116.4274169, 39.8997585], [116.4271207, 39.8996925], [116.4269777, 39.8995496], [116.4154017, 39.8992435], [116.4149117, 39.8992561], [116.4146173, 39.8993547], [116.4139909, 39.8995192], [116.4138442, 39.8995714], [116.4137201, 39.89964], [116.4136464, 39.8996966], [116.4136174, 39.8997439]]]}, "properties": {"name": "明城墙遗址公园", "grade": "4A", "amap_name": "北京明城墙遗址公园", "district": "东城", "disposition": "OSM_MATCH", "source": "park(landuse)", "conf": 1.0, "area_m2": 0, "status": "OK"}}, {"type": "Feature", "geometry": {"type": "Polygon", "coordinates": [[[116.467934, 39.9451761], [116.4682881, 39.9452398], [116.4688379, 39.9454372], [116.4688594, 39.9454002], [116.4695233, 39.9456268], [116.4695255, 39.9457709], [116.4694843, 39.9458835], [116.46933, 39.945826], [116.4692161, 39.9458156], [116.468787, 39.9457395], [116.4684088, 39.9457087], [116.4683027, 39.9462064], [116.4682747, 39.9462865], [116.4683, 39.9462989], [116.4694338, 39.9466111], [116.4704568, 39.9470042], [116.4707093, 39.9469533], [116.4706806, 39.947037], [116.4706803, 39.9470633], [116.4706946, 39.9471702], [116.4707593, 39.9472409], [116.4709547, 39.9472771], [116.4709942, 39.9472232], [116.4710799, 39.9472274], [116.4711391, 39.9472745], [116.4711073, 39.9473427], [116.4714212, 39.9473764], [116.4716795, 39.9474154], [116.4718819, 39.9474829], [116.4720963, 39.9475758], [116.4723345, 39.9476011], [116.472587, 39.9476743], [116.4727441, 39.94783], [116.4727737, 39.947825], [116.4728038, 39.9478272], [116.4728315, 39.9478366], [116.472854, 39.9478522], [116.472869, 39.9478723], [116.4728751, 39.9478973], [116.4728698, 39.9479223], [116.4728536, 39.9479445], [116.4728285, 39.9479611], [116.4728472, 39.948127], [116.4727319, 39.9482751], [116.4725629, 39.9483492], [116.4724004, 39.9486271], [116.4722786, 39.9487582], [116.4723016, 39.9488718], [116.4723949, 39.9489635], [116.4724374, 39.9489678], [116.4725442, 39.948977], [116.4725926, 39.9489498], [116.4724481, 39.9494574], [116.4722605, 39.9499475], [116.4722094, 39.9499817], [116.4721852, 39.9500372], [116.4720913, 39.9500186], [116.4720331, 39.9501089], [116.4719733, 39.9502016], [116.4718257, 39.9504196], [116.4716283, 39.9507035], [116.4734333, 39.9516488], [116.4735355, 39.9515275], [116.4740771, 39.9517037], [116.4742238, 39.9516637], [116.4735951, 39.9520769], [116.4728238, 39.9531999], [116.4729174, 39.9532467], [116.4732796, 39.9533661], [116.4745721, 39.9537921], [116.4748058, 39.9538677], [116.4748728, 39.9538923], [116.4752966, 39.954026], [116.4753637, 39.9540507], [116.475656, 39.9541494], [116.4757365, 39.954174], [116.475994, 39.9542522], [116.4762324, 39.9543284], [116.4764463, 39.9543967], [116.476863, 39.9545359], [116.4769157, 39.9545509], [116.4773995, 39.9547004], [116.4774665, 39.954725], [116.4775218, 39.9547436], [116.4779567, 39.9548897], [116.478092, 39.954654], [116.4786212, 39.954828], [116.4784837, 39.9550577], [116.4789712, 39.9552431], [116.4809337, 39.9560403], [116.4810258, 39.9558785], [116.4810811, 39.955728], [116.4812028, 39.9555125], [116.4825452, 39.9526506], [116.4825654, 39.9520665], [116.4825671, 39.9519561], [116.4825948, 39.9514846], [116.4826404, 39.9512276], [116.4827021, 39.9503908], [116.4828148, 39.9503085], [116.4828979, 39.9493421], [116.4828806, 39.9492933], [116.4828979, 39.9492496], [116.483016, 39.9479027], [116.4830178, 39.9478258], [116.4830186, 39.9477896], [116.4830723, 39.9469918], [116.4830911, 39.9465518], [116.4831461, 39.9456134], [116.4831662, 39.9452707], [116.4832386, 39.9449973], [116.4832353, 39.9448656], [116.4832198, 39.9442426], [116.4831756, 39.9433647], [116.4831809, 39.9432865], [116.4831814, 39.9432597], [116.4831947, 39.9426116], [116.4831908, 39.9423959], [116.4831867, 39.9421729], [116.4831715, 39.9416022], [116.4831759, 39.9413139], [116.4831905, 39.9402978], [116.4831769, 39.9400393], [116.4831743, 39.9393421], [116.4831769, 39.938756], [116.4831777, 39.9386608], [116.4831733, 39.9376871], [116.4822372, 39.937683], [116.4818237, 39.9376743], [116.4814509, 39.93752], [116.4791923, 39.9375366], [116.4791911, 39.9375056], [116.4787821, 39.9375056], [116.4785286, 39.9375056], [116.4783811, 39.9373349], [116.4780578, 39.9373542], [116.4779798, 39.9372619], [116.4778508, 39.9369462], [116.4777884, 39.9366996], [116.477806, 39.9364428], [116.4778809, 39.9361032], [116.4781073, 39.9361304], [116.4781066, 39.9360994], [116.4782123, 39.936099], [116.4782148, 39.9360763], [116.4785112, 39.9360722], [116.47853, 39.936031], [116.4786185, 39.9360269], [116.4786399, 39.9359693], [116.4785903, 39.9343487], [116.4785233, 39.9343487], [116.4785152, 39.934252], [116.4783221, 39.9342726], [116.4783087, 39.9341862], [116.4782961, 39.934105], [116.4782872, 39.9339415], [116.4773096, 39.9339353], [116.4773024, 39.9329999], [116.4772627, 39.9330015], [116.4770749, 39.9330036], [116.4770856, 39.9329748], [116.4770722, 39.9328987], [116.4769918, 39.9328473], [116.4769318, 39.9328273], [116.4768335, 39.932837], [116.4767665, 39.9328617], [116.4767477, 39.932872], [116.4766833, 39.9329255], [116.4766431, 39.9329645], [116.4765948, 39.9329913], [116.4765143, 39.9330016], [116.4764687, 39.9330365], [116.4764392, 39.9330694], [116.4764392, 39.9330982], [116.476348, 39.9330838], [116.47622, 39.9330708], [116.4761469, 39.9330633], [116.4759055, 39.933053], [116.4758652, 39.9330571], [116.4757865, 39.9330144], [116.4754916, 39.9330185], [116.475494, 39.9330659], [116.4754656, 39.9330345], [116.4752313, 39.9331625], [116.475023, 39.9331579], [116.4750221, 39.9330987], [116.4750677, 39.9330987], [116.475057, 39.9328992], [116.4746331, 39.9328953], [116.4733634, 39.9328835], [116.473014, 39.9328802], [116.4729229, 39.9329008], [116.4728078, 39.9329504], [116.4727271, 39.9329563], [116.4727261, 39.9328183], [116.4727337, 39.9327774], [116.4721959, 39.9327774], [116.4722013, 39.9328288], [116.4710453, 39.9328185], [116.4710238, 39.9328864], [116.4685979, 39.9328803], [116.4684653, 39.9337675], [116.4684249, 39.9340381], [116.4683912, 39.9340587], [116.4683089, 39.9340742], [116.4682952, 39.9343228], [116.4683226, 39.9343232], [116.4683184, 39.9344741], [116.4682827, 39.9344753], [116.4682771, 39.9346502], [116.4684702, 39.9348677], [116.4684976, 39.9348525], [116.4687507, 39.9351069], [116.4687762, 39.9351323], [116.4687996, 39.9351558], [116.468921, 39.9352762], [116.4688798, 39.9353241], [116.4686876, 39.9354058], [116.4687288, 39.9354468], [116.4687681, 39.935486], [116.4689372, 39.9354342], [116.4689961, 39.9354161], [116.4690873, 39.9355847], [116.4691356, 39.9357246], [116.469149, 39.9358356], [116.4692429, 39.9358254], [116.4694109, 39.9358258], [116.4699858, 39.9358274], [116.4701146, 39.9358315], [116.4702692, 39.9358403], [116.4704623, 39.9358156], [116.4708736, 39.9357225], [116.4708871, 39.9357472], [116.4710721, 39.9357122], [116.4710439, 39.9356835], [116.4710544, 39.9355588], [116.4710708, 39.9354643], [116.4714624, 39.9354713], [116.4718567, 39.9357284], [116.4719649, 39.9360581], [116.4719228, 39.9364194], [116.4717433, 39.936871], [116.4716101, 39.9370073], [116.4715617, 39.9370361], [116.4706017, 39.9368444], [116.4704088, 39.9368399], [116.4703968, 39.9368396], [116.4699001, 39.9369753], [116.4698305, 39.9371953], [116.469773, 39.9371832], [116.4697309, 39.9371847], [116.469629, 39.9376269], [116.4708092, 39.9375035], [116.4709218, 39.9381863], [116.4690716, 39.9383752], [116.468938, 39.9383748], [116.4689478, 39.9383138], [116.4689612, 39.9381699], [116.4690268, 39.9381706], [116.4690408, 39.93794], [116.4690444, 39.9378943], [116.4688137, 39.9378881], [116.4686796, 39.9396032], [116.4686331, 39.9402679], [116.4686314, 39.9402926], [116.4686284, 39.9403461], [116.4685508, 39.941709], [116.4685276, 39.9419092], [116.468879, 39.9418663], [116.4702672, 39.9419023], [116.4709144, 39.9418247], [116.4714146, 39.9417026], [116.4715695, 39.9416227], [116.4719103, 39.9414233], [116.4722147, 39.9412649], [116.4725107, 39.941171], [116.4729094, 39.94116], [116.473352, 39.9412875], [116.4734378, 39.9412114], [116.4735853, 39.9411333], [116.4736829, 39.9411098], [116.4737281, 39.9411082], [116.4738805, 39.9411072], [116.4740224, 39.9411084], [116.4740252, 39.9410115], [116.4742181, 39.9410007], [116.4743639, 39.9410812], [116.4744912, 39.9410954], [116.4746061, 39.9410764], [116.4747396, 39.9409972], [116.4749433, 39.9409958], [116.4749445, 39.9410999], [116.4750607, 39.9410991], [116.4752166, 39.9410981], [116.4752426, 39.9412668], [116.4754268, 39.9412682], [116.4754393, 39.9414597], [116.4751249, 39.9414829], [116.4748647, 39.9415528], [116.4748862, 39.941596], [116.4748647, 39.9416454], [116.4748835, 39.9418675], [116.4748647, 39.9419641], [116.4748111, 39.9420155], [116.474736, 39.9420422], [116.4745965, 39.9420422], [116.4741057, 39.9424268], [116.4740131, 39.9424515], [116.4735102, 39.9424618], [116.4734432, 39.9419929], [116.4733841, 39.9419703], [116.4733493, 39.9416536], [116.4734512, 39.9414623], [116.4732018, 39.9413698], [116.4729671, 39.941304], [116.4728155, 39.9412937], [116.4727141, 39.941294], [116.4725694, 39.9412921], [116.4723035, 39.9413702], [116.4720575, 39.9414584], [116.4717752, 39.9416478], [116.4714494, 39.9418186], [116.4713443, 39.9418544], [116.4712804, 39.9418762], [116.4707076, 39.9419597], [116.4706657, 39.9419625], [116.470636, 39.94196], [116.469923, 39.9419958], [116.4692129, 39.9419626], [116.4689837, 39.9419805], [116.4685088, 39.9420118], [116.4684518, 39.9425174], [116.4684329, 39.942614], [116.4683313, 39.9434619], [116.4682866, 39.9438354], [116.4683444, 39.9438416], [116.468333, 39.9439552], [116.4683081, 39.9439523], [116.4683062, 39.9439907], [116.4682893, 39.9440493], [116.46839, 39.9440822], [116.4684624, 39.9441645], [116.4684436, 39.9442961], [116.4684624, 39.9443475], [116.4684985, 39.9443845], [116.468846, 39.9444523], [116.4689372, 39.9444935], [116.4688192, 39.9448431], [116.4684356, 39.9447793], [116.4681968, 39.9448271], [116.4680386, 39.9448102], [116.467934, 39.9451761]]]}, "properties": {"name": "朝阳公园景区", "grade": "4A", "amap_name": "朝阳公园", "district": "朝阳", "disposition": "OSM_MATCH", "source": "park(landuse)", "conf": 1.0, "area_m2": 0, "status": "OK"}}, {"type": "Feature", "geometry": {"type": "Polygon", "coordinates": [[[116.022394, 39.904367], [116.0229838, 39.9048962], [116.0240251, 39.9050593], [116.0254792, 39.9048989], [116.0265088, 39.9047363], [116.0263825, 39.9037797], [116.026282, 39.9019071], [116.0260013, 39.9006433], [116.025653, 39.8999434], [116.0253741, 39.8994982], [116.0238837, 39.8991749], [116.0233348, 39.9003515], [116.0235401, 39.9005323], [116.0239722, 39.9009362], [116.0240747, 39.9010923], [116.0240977, 39.9012298], [116.0240853, 39.9013405], [116.0240172, 39.901393], [116.0239185, 39.9014499], [116.0237707, 39.9015106], [116.0234273, 39.9015988], [116.0231077, 39.9016493], [116.022784, 39.9016565], [116.022394, 39.904367]]]}, "properties": {"name": "潭柘寺景区", "grade": "4A", "amap_name": "潭柘寺", "district": "门头沟", "disposition": "OSM_MATCH", "source": "park(landuse)", "conf": 1.0, "area_m2": 0, "status": "OK"}}, {"type": "Feature", "geometry": {"type": "Polygon", "coordinates": [[[116.0852047, 40.3720404], [116.0853886, 40.372592], [116.0857564, 40.3727], [116.086151, 40.3726008], [116.0867181, 40.372271], [116.0875572, 40.3719265], [116.0884844, 40.3718798], [116.0897488, 40.3720875], [116.0903034, 40.3720875], [116.0910177, 40.3720123], [116.0911397, 40.3716407], [116.0909335, 40.3710832], [116.0906751, 40.3706894], [116.0905212, 40.3701961], [116.0905212, 40.3698952], [116.0907832, 40.3693891], [116.0911374, 40.3692852], [116.0913842, 40.3692741], [116.0917065, 40.3693316], [116.0919533, 40.3694533], [116.0924702, 40.3697143], [116.092746, 40.3697542], [116.0932372, 40.3697948], [116.0937412, 40.3697093], [116.0941087, 40.3696154], [116.0942077, 40.3694863], [116.0941549, 40.369265], [116.0941857, 40.3690454], [116.0946082, 40.3687201], [116.0947975, 40.3686413], [116.0949559, 40.3685709], [116.095187, 40.3686547], [116.0952948, 40.368638], [116.095484, 40.3685223], [116.0956271, 40.3684016], [116.0957745, 40.3682289], [116.0958647, 40.368083], [116.095796, 40.3679094], [116.0957537, 40.3676179], [116.09452, 40.3675274], [116.0914273, 40.3672466], [116.0903592, 40.3674144], [116.0886985, 40.3676508], [116.0876136, 40.3680326], [116.0866955, 40.3696848], [116.0864503, 40.3702219], [116.0859598, 40.3708408], [116.0852047, 40.3720404]]]}, "properties": {"name": "碓臼石景区", "grade": "3A", "amap_name": "碓臼石景区", "district": "延庆", "disposition": "OSM_MATCH", "source": "park(landuse)", "conf": 1.0, "area_m2": 0, "status": "OK"}}, {"type": "Feature", "geometry": {"type": "Polygon", "coordinates": [[[116.3074902, 39.9415455], [116.3075906, 39.9421619], [116.3076081, 39.9422694], [116.3077819, 39.9422628], [116.3077788, 39.9420708], [116.3089171, 39.9420147], [116.3092391, 39.9423615], [116.3097461, 39.9424671], [116.3100244, 39.942518], [116.3109663, 39.94293], [116.311162, 39.9433615], [116.3112409, 39.9435355], [116.3119942, 39.9435801], [116.3119439, 39.9444274], [116.3121874, 39.9444469], [116.314641, 39.9446437], [116.3147256, 39.9441565], [116.3154176, 39.9442173], [116.316056, 39.9407716], [116.3161391, 39.9402491], [116.3172795, 39.9401536], [116.3184318, 39.9403126], [116.3184635, 39.9401972], [116.3188063, 39.9402479], [116.3189167, 39.9392646], [116.3185083, 39.9392433], [116.3185145, 39.9391204], [116.3185327, 39.9389625], [116.3188828, 39.9389765], [116.3190149, 39.9380891], [116.318901, 39.9379826], [116.314181, 39.9382596], [116.3126324, 39.9384097], [116.3117597, 39.938544], [116.3101374, 39.939036], [116.3092579, 39.9393915], [116.3087194, 39.9396092], [116.3086004, 39.9398071], [116.30854, 39.9402544], [116.3085436, 39.9408773], [116.3086041, 39.9415346], [116.3074902, 39.9415455]]]}, "properties": {"name": "紫竹院公园景区", "grade": "4A", "amap_name": "紫竹院公园", "district": "海淀", "disposition": "OSM_MATCH", "source": "park(landuse)", "conf": 1.0, "area_m2": 0, "status": "OK"}}, {"type": "Feature", "geometry": {"type": "Polygon", "coordinates": [[[116.3047397, 39.8927221], [116.3047427, 39.8930819], [116.3052439, 39.89334], [116.3060475, 39.8933374], [116.3060581, 39.8932069], [116.3061966, 39.8932006], [116.3062176, 39.8930914], [116.3063098, 39.8930914], [116.3063045, 39.8931962], [116.3063652, 39.8932038], [116.3064043, 39.8938491], [116.3077256, 39.8938611], [116.3084972, 39.8937815], [116.3091731, 39.893647], [116.3098278, 39.8934907], [116.3110607, 39.8931177], [116.3119691, 39.8927543], [116.3125205, 39.8925337], [116.3127417, 39.8924434], [116.3129373, 39.8921143], [116.3131952, 39.8913992], [116.3135939, 39.8913445], [116.3137837, 39.8912898], [116.3140413, 39.8907787], [116.3131576, 39.890508], [116.3132085, 39.8902147], [116.3133565, 39.8899317], [116.3131347, 39.889592], [116.3126884, 39.8888676], [116.3120704, 39.8886239], [116.3117443, 39.8883956], [116.3119467, 39.88804], [116.3114806, 39.887833], [116.311199, 39.8877394], [116.3110176, 39.8877189], [116.3107285, 39.887689], [116.3063487, 39.8877778], [116.3064416, 39.8884363], [116.3072844, 39.8884169], [116.3073303, 39.8886437], [116.3065146, 39.8887398], [116.3055229, 39.8888123], [116.3053965, 39.8891003], [116.3051252, 39.8895331], [116.304763, 39.8898189], [116.3047397, 39.8927221]]]}, "properties": {"name": "莲花池公园景区", "grade": "2A", "amap_name": "莲花池公园", "district": "丰台", "disposition": "OSM_MATCH", "source": "park(landuse)", "conf": 1.0, "area_m2": 0, "status": "OK"}}, {"type": "Feature", "geometry": {"type": "Polygon", "coordinates": [[[116.0475763, 39.9893561], [116.0479951, 39.9895523], [116.0480398, 39.9898296], [116.048365, 39.9899261], [116.0484911, 39.9904837], [116.0483041, 39.9907983], [116.0475885, 39.9916492], [116.0480317, 39.9919108], [116.0485724, 39.9920354], [116.0491253, 39.9923157], [116.0495603, 39.9926334], [116.0499262, 39.9929044], [116.0502677, 39.9930321], [116.0508816, 39.9932283], [116.0513003, 39.9933903], [116.0517963, 39.9934806], [116.0525606, 39.9935367], [116.0530769, 39.9933124], [116.0535729, 39.9932283], [116.0539469, 39.993029], [116.0541746, 39.9926957], [116.0544388, 39.9926428], [116.0547031, 39.9925618], [116.0550365, 39.991832], [116.0552845, 39.9917043], [116.0559959, 39.991399], [116.0561707, 39.9911374], [116.0561951, 39.9908913], [116.0559959, 39.9907138], [116.055878, 39.9905113], [116.0556234, 39.9905684], [116.0552198, 39.990592], [116.0546405, 39.9904858], [116.0542985, 39.99033], [116.0535968, 39.9898887], [116.0531211, 39.9897174], [116.0526495, 39.989652], [116.0515198, 39.9894464], [116.0504506, 39.9893094], [116.0499994, 39.9891474], [116.0489789, 39.9886522], [116.0487878, 39.9885961], [116.0484911, 39.9885774], [116.0482675, 39.9886709], [116.0480113, 39.9888172], [116.0475763, 39.9893561]]]}, "properties": {"name": "谷山村景区", "grade": "4A", "amap_name": "谷山村景区", "district": "门头沟", "disposition": "OSM_MATCH", "source": "park(landuse)", "conf": 1.0, "area_m2": 0, "status": "OK"}}, {"type": "Feature", "geometry": {"type": "Polygon", "coordinates": [[[116.3427983, 39.8694396], [116.3431388, 39.8711417], [116.3433277, 39.8726489], [116.3433854, 39.8730737], [116.3434008, 39.8733628], [116.3434635, 39.8738492], [116.3435444, 39.8743797], [116.3444842, 39.8676889], [116.3441704, 39.867561], [116.3434449, 39.8680481], [116.3430972, 39.8684503], [116.342919, 39.8688116], [116.3427983, 39.8694396]]]}, "properties": {"name": "金中都公园景区", "grade": "3A", "amap_name": "金中都公园", "district": "西城", "disposition": "OSM_MATCH", "source": "park(landuse)", "conf": 1.0, "area_m2": 0, "status": "OK"}}, {"type": "Feature", "geometry": {"type": "Polygon", "coordinates": [[[116.2547821, 39.990963], [116.2555804, 39.9922781], [116.2573193, 39.9944408], [116.2576055, 39.9943881], [116.2576875, 39.9947785], [116.2588076, 39.995875], [116.2597002, 39.9967364], [116.2601637, 39.997407], [116.2605156, 39.9979133], [116.2607302, 39.9989259], [116.2608332, 39.9994979], [116.2610564, 39.9998333], [116.2619833, 40.0004447], [116.262789, 40.0005398], [116.2635197, 40.0006223], [116.2644209, 40.0006223], [116.2651333, 40.0008064], [116.2659916, 40.000951], [116.2667298, 40.0009905], [116.2679142, 40.0010102], [116.26903, 40.0011285], [116.2698623, 40.0011293], [116.2741904, 40.0005258], [116.2759256, 40.0003334], [116.2761424, 40.0003051], [116.2762752, 40.0002844], [116.2764488, 40.0001346], [116.2765549, 40.0000251], [116.2765797, 39.9999407], [116.2767508, 39.9990037], [116.2770684, 39.9973993], [116.2758026, 39.9972672], [116.275823, 39.9971599], [116.2757035, 39.9971069], [116.2755611, 39.996912], [116.2755965, 39.9966755], [116.2756325, 39.9964193], [116.2757301, 39.9961775], [116.2760464, 39.996171], [116.2760887, 39.99592], [116.2757843, 39.9958855], [116.2758014, 39.9957121], [116.275561, 39.9955817], [116.2754773, 39.9942473], [116.2753281, 39.9935871], [116.2744717, 39.9898977], [116.2739395, 39.9897727], [116.2735791, 39.9892401], [116.2730727, 39.9889113], [116.2726521, 39.9885956], [116.2724547, 39.9881024], [116.2720169, 39.9861098], [116.2716736, 39.9847288], [116.2714848, 39.9842355], [116.2714419, 39.9839922], [116.2715706, 39.9837291], [116.2719569, 39.9833148], [116.2725834, 39.9826111], [116.273313, 39.9816904], [116.2739052, 39.9807038], [116.2746266, 39.9793886], [116.2739692, 39.9792274], [116.2737627, 39.9793824], [116.2735758, 39.9794631], [116.2731477, 39.9795204], [116.2724613, 39.9795673], [116.2717099, 39.9796134], [116.2714877, 39.9796021], [116.2712334, 39.9795561], [116.270984, 39.9795469], [116.2706608, 39.9795726], [116.2702381, 39.9796533], [116.2693047, 39.9801119], [116.268249, 39.9807301], [116.2678112, 39.980717], [116.2674632, 39.9807129], [116.2671539, 39.9807508], [116.2666063, 39.9809712], [116.2662258, 39.9811893], [116.2651215, 39.9811561], [116.2646915, 39.9810708], [116.2644007, 39.9810992], [116.2640418, 39.981149], [116.2637263, 39.9811822], [116.2634639, 39.9813318], [116.2630474, 39.981854], [116.2629342, 39.9820288], [116.2627589, 39.9821975], [116.2613824, 39.9832696], [116.2611909, 39.9832486], [116.2602993, 39.9838381], [116.2596401, 39.9842092], [116.2588823, 39.9850695], [116.2587491, 39.9853204], [116.2586375, 39.9855305], [116.2583422, 39.9856587], [116.258281, 39.985709], [116.2582115, 39.9859191], [116.2581639, 39.9860901], [116.2582497, 39.9863137], [116.2579579, 39.9869253], [116.257563, 39.9872212], [116.2566447, 39.987596], [116.255958, 39.9882405], [116.2553229, 39.9890165], [116.2551223, 39.9895642], [116.2549023, 39.9902988], [116.2547986, 39.9906032], [116.2547821, 39.990963]]]}, "properties": {"name": "颐和园", "grade": "5A", "amap_name": "颐和园", "district": NaN, "disposition": "OSM_MATCH", "source": "park(landuse)", "conf": 1.0, "area_m2": 0, "status": "OK"}}, {"type": "Feature", "geometry": {"type": "Polygon", "coordinates": [[[116.3348822, 39.9046212], [116.3348888, 39.905427], [116.3368649, 39.9054175], [116.3368583, 39.9046117], [116.3348822, 39.9046212]]]}, "properties": {"name": "首都博物馆", "grade": "4A", "amap_name": "首都博物馆", "district": "西城", "disposition": "OSM_MATCH", "source": "museum(poi)", "conf": 1.0, "area_m2": 0, "status": "OK"}}, {"type": "Feature", "geometry": {"type": "Polygon", "coordinates": [[[116.6912083, 40.2945242], [116.6912195, 40.2950289], [116.6934463, 40.2948889], [116.6934963, 40.2957374], [116.6986188, 40.2953563], [116.6985257, 40.2939865], [116.6991824, 40.29396], [116.6990751, 40.293379], [116.6988069, 40.2916687], [116.6935414, 40.2919716], [116.6935302, 40.2927585], [116.6928478, 40.292756], [116.692467, 40.2928325], [116.6925764, 40.2944639], [116.6912083, 40.2945242]]]}, "properties": {"name": "鹿世界主题园景区", "grade": "2A", "amap_name": "北京鹿世界主题园(暂停开放)", "district": "怀柔", "disposition": "OSM_MATCH", "source": "park(landuse)", "conf": 0.73, "area_m2": 0, "status": "OK"}}, {"type": "Feature", "geometry": {"type": "Polygon", "coordinates": [[[115.8868516, 39.6183269], [115.8869009, 39.6185286], [115.8869571, 39.618939], [115.8869469, 39.6193033], [115.8869931, 39.6195762], [115.8872057, 39.6197186], [115.8877664, 39.6197566], [115.8903975, 39.6196978], [115.8912802, 39.6196654], [115.8919373, 39.6195953], [115.8923132, 39.6195161], [115.8926868, 39.6200359], [115.8932239, 39.62025], [115.8935848, 39.6202661], [115.8945234, 39.6203219], [115.8948994, 39.6200845], [115.8952239, 39.6200503], [115.8959315, 39.6200467], [115.8957603, 39.6197905], [115.8954107, 39.6196997], [115.8950936, 39.619625], [115.8942317, 39.6193902], [115.8941016, 39.6190989], [115.8938902, 39.6187075], [115.8938861, 39.6185321], [115.8941138, 39.6183818], [115.894191, 39.6181031], [115.8941707, 39.6178932], [115.8938455, 39.6177461], [115.8937032, 39.617602], [115.8937032, 39.6174861], [115.893756, 39.6173233], [115.8939065, 39.6172168], [115.8943943, 39.6171573], [115.8948334, 39.6169224], [115.8952481, 39.6166061], [115.8955936, 39.6164558], [115.8954147, 39.6161363], [115.8950814, 39.6158294], [115.8950407, 39.6153291], [115.8953497, 39.6149564], [115.8957888, 39.6142124], [115.8961872, 39.6133417], [115.8959536, 39.6131791], [115.8957239, 39.6126271], [115.8960297, 39.6125515], [115.8954904, 39.6112494], [115.8951775, 39.6113214], [115.8950887, 39.6111181], [115.8949782, 39.6111215], [115.8932367, 39.6104663], [115.8930734, 39.6104901], [115.8929317, 39.6105494], [115.8914046, 39.6127746], [115.8906805, 39.614292], [115.8903971, 39.6145033], [115.889415, 39.6161267], [115.8891932, 39.6162739], [115.889033, 39.6163569], [115.888617, 39.6165326], [115.8886324, 39.6167106], [115.8882165, 39.6174297], [115.8879022, 39.6176481], [115.8877297, 39.6178593], [115.8874924, 39.6178949], [115.887135, 39.6179186], [115.8869286, 39.6181133], [115.8868516, 39.6183269]]]}, "properties": {"name": "龙门生态园景区", "grade": "3A", "amap_name": "龙门生态园景区", "district": "房山", "disposition": "OSM_MATCH", "source": "park(landuse)", "conf": 0.73, "area_m2": 0, "status": "OK"}}, {"type": "Feature", "geometry": {"type": "Polygon", "coordinates": [[[115.81971911174992, 39.681087], [115.81967585561151, 39.68020650107501], [115.81954650377654, 39.679334481836], [115.81933230197389, 39.67847934030493], [115.81903531308402, 39.67764931196222], [115.81865839727227, 39.67685239043455], [115.81820518444397, 39.67609625051186], [115.81768003928642, 39.67538817423496], [115.81708801923452, 39.67473498076548], [115.81643482576504, 39.67414296071359], [115.81572674948815, 39.67361781555603], [115.81497060956546, 39.67316460272774], [115.81417368803778, 39.672787686915996], [115.81334365969506, 39.67249069802612], [115.812488518164, 39.67227649622347], [115.81161649892499, 39.6721471443885], [115.810736, 39.672103888250085], [115.80985550107502, 39.6721471443885], [115.80898348183601, 39.67227649622347], [115.80812834030495, 39.67249069802612], [115.80729831196223, 39.672787686915996], [115.80650139043455, 39.67316460272774], [115.80574525051186, 39.67361781555603], [115.80503717423497, 39.67414296071359], [115.8043839807655, 39.67473498076548], [115.8037919607136, 39.67538817423496], [115.80326681555604, 39.67609625051186], [115.80281360272774, 39.67685239043455], [115.802436686916, 39.67764931196222], [115.80213969802612, 39.67847934030493], [115.80192549622348, 39.679334481836], [115.8017961443885, 39.68020650107501], [115.80175288825009, 39.681087], [115.8017961443885, 39.68196749892498], [115.80192549622348, 39.682839518163995], [115.80213969802612, 39.683694659695064], [115.802436686916, 39.684524688037776], [115.80281360272774, 39.68532160956545], [115.80326681555604, 39.686077749488135], [115.8037919607136, 39.686785825765035], [115.8043839807655, 39.68743901923452], [115.80503717423497, 39.68803103928641], [115.80574525051186, 39.68855618444397], [115.80650139043455, 39.68900939727226], [115.80729831196223, 39.689386313084], [115.80812834030495, 39.68968330197388], [115.80898348183601, 39.68989750377653], [115.80985550107502, 39.6900268556115], [115.810736, 39.69007011174991], [115.81161649892499, 39.6900268556115], [115.812488518164, 39.68989750377653], [115.81334365969506, 39.68968330197388], [115.81417368803778, 39.689386313084], [115.81497060956546, 39.68900939727226], [115.81572674948815, 39.68855618444397], [115.81643482576504, 39.68803103928641], [115.81708801923452, 39.68743901923452], [115.81768003928642, 39.686785825765035], [115.81820518444397, 39.686077749488135], [115.81865839727227, 39.68532160956545], [115.81903531308402, 39.684524688037776], [115.81933230197389, 39.683694659695064], [115.81954650377654, 39.682839518163995], [115.81967585561151, 39.68196749892498], [115.81971911174992, 39.681087]]]}, "properties": {"name": "上方山景区", "grade": "3A", "amap_name": "上方山", "district": "房山", "disposition": "CONSTRUCTED", "source": "buffer 1000.0m", "conf": 0.4, "radius_m": 1000, "status": "KNOWN_ISSUE", "issue": "approximate boundary - needs verification"}}, {"type": "Feature", "geometry": {"type": "Polygon", "coordinates": [[[116.17275062234998, 39.877697], [116.17274197112229, 39.877520900215], [116.1727161007553, 39.877346496367196], [116.17267326039477, 39.87717546806098], [116.1726138626168, 39.877009462392444], [116.17253847945445, 39.87685007808691], [116.1724478368888, 39.87669885010237], [116.17234280785728, 39.87655723484699], [116.1722244038469, 39.876426596153095], [116.17209376515301, 39.876308192142716], [116.17195214989762, 39.87620316311121], [116.17180092191309, 39.87611252054555], [116.17164153760756, 39.8760371373832], [116.17147553193901, 39.87597773960522], [116.1713045036328, 39.87593489924469], [116.17113009978499, 39.8759090288777], [116.170954, 39.87590037765001], [116.170777900215, 39.8759090288777], [116.17060349636719, 39.87593489924469], [116.17043246806098, 39.87597773960522], [116.17026646239243, 39.8760371373832], [116.1701070780869, 39.87611252054555], [116.16995585010237, 39.87620316311121], [116.16981423484698, 39.876308192142716], [116.16968359615309, 39.876426596153095], [116.16956519214271, 39.87655723484699], [116.1694601631112, 39.87669885010237], [116.16936952054554, 39.87685007808691], [116.16929413738319, 39.877009462392444], [116.16923473960522, 39.87717546806098], [116.1691918992447, 39.877346496367196], [116.1691660288777, 39.877520900215], [116.16915737765001, 39.877697], [116.1691660288777, 39.87787309978499], [116.1691918992447, 39.8780475036328], [116.16923473960522, 39.87821853193901], [116.16929413738319, 39.87838453760755], [116.16936952054554, 39.878543921913085], [116.1694601631112, 39.878695149897624], [116.16956519214271, 39.878836765153004], [116.16968359615309, 39.8789674038469], [116.16981423484698, 39.87908580785728], [116.16995585010237, 39.87919083688879], [116.1701070780869, 39.87928147945445], [116.17026646239243, 39.879356862616795], [116.17043246806098, 39.87941626039478], [116.17060349636719, 39.879459100755305], [116.170777900215, 39.879484971122295], [116.170954, 39.87949362234998], [116.17113009978499, 39.879484971122295], [116.1713045036328, 39.879459100755305], [116.17147553193901, 39.87941626039478], [116.17164153760756, 39.879356862616795], [116.17180092191309, 39.87928147945445], [116.17195214989762, 39.87919083688879], [116.17209376515301, 39.87908580785728], [116.1722244038469, 39.8789674038469], [116.17234280785728, 39.878836765153004], [116.1724478368888, 39.878695149897624], [116.17253847945445, 39.878543921913085], [116.1726138626168, 39.87838453760755], [116.17267326039477, 39.87821853193901], [116.1727161007553, 39.8780475036328], [116.17274197112229, 39.87787309978499], [116.17275062234998, 39.877697]]]}, "properties": {"name": "丰台区中国园林博物馆景区", "grade": "4A", "amap_name": "中国园林博物馆", "district": "丰台", "disposition": "CONSTRUCTED", "source": "buffer 200.0m", "conf": 0.4, "radius_m": 200, "status": "KNOWN_ISSUE", "issue": "approximate boundary - needs verification"}}, {"type": "Feature", "geometry": {"type": "Polygon", "coordinates": [[[116.18743324469997, 40.231623], [116.1874159422446, 40.23127080043], [116.18736420151062, 40.2309219927344], [116.18727852078956, 40.23057993612198], [116.1871597252336, 40.23024792478489], [116.1870089589089, 40.22992915617382], [116.18682767377759, 40.22962670020474], [116.18661761571457, 40.22934346969399], [116.18638080769381, 40.229082192306194], [116.18611953030602, 40.228845384285435], [116.18583629979526, 40.22863532622241], [116.18553384382618, 40.22845404109109], [116.18521507521511, 40.2283032747664], [116.18488306387803, 40.22818447921045], [116.18454100726561, 40.228098798489384], [116.18419219956999, 40.2280470577554], [116.18384, 40.228029755300035], [116.18348780043002, 40.2280470577554], [116.1831389927344, 40.228098798489384], [116.18279693612197, 40.22818447921045], [116.1824649247849, 40.2283032747664], [116.18214615617383, 40.22845404109109], [116.18184370020475, 40.22863532622241], [116.18156046969399, 40.228845384285435], [116.1812991923062, 40.229082192306194], [116.18106238428544, 40.22934346969399], [116.18085232622242, 40.22962670020474], [116.1806710410911, 40.22992915617382], [116.18052027476641, 40.23024792478489], [116.18040147921045, 40.23057993612198], [116.18031579848939, 40.2309219927344], [116.18026405775541, 40.23127080043], [116.18024675530003, 40.231623], [116.18026405775541, 40.231975199569995], [116.18031579848939, 40.232324007265596], [116.18040147921045, 40.23266606387802], [116.18052027476641, 40.23299807521511], [116.1806710410911, 40.23331684382618], [116.18085232622242, 40.23361929979526], [116.18106238428544, 40.23390253030601], [116.1812991923062, 40.234163807693804], [116.18156046969399, 40.23440061571456], [116.18184370020475, 40.23461067377759], [116.18214615617383, 40.23479195890891], [116.1824649247849, 40.2349427252336], [116.18279693612197, 40.23506152078955], [116.1831389927344, 40.235147201510614], [116.18348780043002, 40.2351989422446], [116.18384, 40.23521624469996], [116.18419219956999, 40.2351989422446], [116.18454100726561, 40.235147201510614], [116.18488306387803, 40.23506152078955], [116.18521507521511, 40.2349427252336], [116.18553384382618, 40.23479195890891], [116.18583629979526, 40.23461067377759], [116.18611953030602, 40.23440061571456], [116.18638080769381, 40.234163807693804], [116.18661761571457, 40.23390253030601], [116.18682767377759, 40.23361929979526], [116.1870089589089, 40.23331684382618], [116.1871597252336, 40.23299807521511], [116.18727852078956, 40.23266606387802], [116.18736420151062, 40.232324007265596], [116.1874159422446, 40.231975199569995], [116.18743324469997, 40.231623]]]}, "properties": {"name": "乐多港假日广场景区", "grade": "4A", "amap_name": "乐多港假日广场", "district": "昌平", "disposition": "CONSTRUCTED", "source": "buffer 400.0m", "conf": 0.4, "radius_m": 400, "status": "KNOWN_ISSUE", "issue": "approximate boundary - needs verification"}}, {"type": "Feature", "geometry": {"type": "Polygon", "coordinates": [[[116.69186924469997, 40.614259], [116.6918519422446, 40.61390680043], [116.69180020151062, 40.6135579927344], [116.69171452078956, 40.613215936121975], [116.6915957252336, 40.61288392478489], [116.6914449589089, 40.612565156173815], [116.69126367377758, 40.61226270020474], [116.69105361571457, 40.611979469693985], [116.6908168076938, 40.61171819230619], [116.69055553030601, 40.61148138428543], [116.69027229979525, 40.61127132622241], [116.68996984382618, 40.61109004109109], [116.68965107521511, 40.610939274766395], [116.68931906387803, 40.610820479210446], [116.6889770072656, 40.61073479848938], [116.68862819956999, 40.610683057755395], [116.688276, 40.61066575530003], [116.68792380043001, 40.610683057755395], [116.6875749927344, 40.61073479848938], [116.68723293612197, 40.610820479210446], [116.6869009247849, 40.610939274766395], [116.68658215617383, 40.61109004109109], [116.68627970020475, 40.61127132622241], [116.68599646969399, 40.61148138428543], [116.6857351923062, 40.61171819230619], [116.68549838428544, 40.611979469693985], [116.68528832622242, 40.61226270020474], [116.6851070410911, 40.612565156173815], [116.6849562747664, 40.61288392478489], [116.68483747921044, 40.613215936121975], [116.68475179848939, 40.6135579927344], [116.6847000577554, 40.61390680043], [116.68468275530003, 40.614259], [116.6847000577554, 40.61461119956999], [116.68475179848939, 40.614960007265594], [116.68483747921044, 40.61530206387802], [116.6849562747664, 40.615634075215105], [116.6851070410911, 40.61595284382618], [116.68528832622242, 40.616255299795256], [116.68549838428544, 40.61653853030601], [116.6857351923062, 40.6167998076938], [116.68599646969399, 40.61703661571456], [116.68627970020475, 40.617246673777586], [116.68658215617383, 40.617427958908905], [116.6869009247849, 40.6175787252336], [116.68723293612197, 40.61769752078955], [116.6875749927344, 40.61778320151061], [116.68792380043001, 40.6178349422446], [116.688276, 40.61785224469996], [116.68862819956999, 40.6178349422446], [116.6889770072656, 40.61778320151061], [116.68931906387803, 40.61769752078955], [116.68965107521511, 40.6175787252336], [116.68996984382618, 40.617427958908905], [116.69027229979525, 40.617246673777586], [116.69055553030601, 40.61703661571456], [116.6908168076938, 40.6167998076938], [116.69105361571457, 40.61653853030601], [116.69126367377758, 40.616255299795256], [116.6914449589089, 40.61595284382618], [116.6915957252336, 40.615634075215105], [116.69171452078956, 40.61530206387802], [116.69180020151062, 40.614960007265594], [116.6918519422446, 40.61461119956999], [116.69186924469997, 40.614259]]]}, "properties": {"name": "云梦仙境景区", "grade": "3A", "amap_name": "云梦仙境", "district": "怀柔", "disposition": "CONSTRUCTED", "source": "buffer 400.0m", "conf": 0.4, "radius_m": 400, "status": "KNOWN_ISSUE", "issue": "approximate boundary - needs verification"}}, {"type": "Feature", "geometry": {"type": "Polygon", "coordinates": [[[116.78827811174992, 40.591561], [116.7882348556115, 40.59068050107501], [116.78810550377653, 40.589808481836], [116.78789130197389, 40.58895334030493], [116.78759431308401, 40.58812331196222], [116.78721739727227, 40.58732639043455], [116.78676418444397, 40.58657025051186], [116.78623903928641, 40.58586217423496], [116.78564701923452, 40.58520898076548], [116.78499382576504, 40.58461696071359], [116.78428574948815, 40.58409181555603], [116.78352960956546, 40.58363860272774], [116.78273268803778, 40.583261686915996], [116.78190265969506, 40.58296469802612], [116.781047518164, 40.58275049622347], [116.78017549892499, 40.5826211443885], [116.779295, 40.582577888250086], [116.77841450107502, 40.5826211443885], [116.77754248183601, 40.58275049622347], [116.77668734030495, 40.58296469802612], [116.77585731196223, 40.583261686915996], [116.77506039043455, 40.58363860272774], [116.77430425051186, 40.58409181555603], [116.77359617423497, 40.58461696071359], [116.77294298076549, 40.58520898076548], [116.7723509607136, 40.58586217423496], [116.77182581555604, 40.58657025051186], [116.77137260272774, 40.58732639043455], [116.770995686916, 40.58812331196222], [116.77069869802612, 40.58895334030493], [116.77048449622347, 40.589808481836], [116.7703551443885, 40.59068050107501], [116.77031188825009, 40.591561], [116.7703551443885, 40.592441498924984], [116.77048449622347, 40.593313518163995], [116.77069869802612, 40.594168659695065], [116.770995686916, 40.594998688037776], [116.77137260272774, 40.59579560956545], [116.77182581555604, 40.596551749488135], [116.7723509607136, 40.597259825765036], [116.77294298076549, 40.59791301923452], [116.77359617423497, 40.59850503928641], [116.77430425051186, 40.59903018444397], [116.77506039043455, 40.59948339727226], [116.77585731196223, 40.599860313084], [116.77668734030495, 40.60015730197388], [116.77754248183601, 40.60037150377653], [116.77841450107502, 40.6005008556115], [116.779295, 40.60054411174991], [116.78017549892499, 40.6005008556115], [116.781047518164, 40.60037150377653], [116.78190265969506, 40.60015730197388], [116.78273268803778, 40.599860313084], [116.78352960956546, 40.59948339727226], [116.78428574948815, 40.59903018444397], [116.78499382576504, 40.59850503928641], [116.78564701923452, 40.59791301923452], [116.78623903928641, 40.597259825765036], [116.78676418444397, 40.596551749488135], [116.78721739727227, 40.59579560956545], [116.78759431308401, 40.594998688037776], [116.78789130197389, 40.594168659695065], [116.78810550377653, 40.593313518163995], [116.7882348556115, 40.592441498924984], [116.78827811174992, 40.591561]]]}, "properties": {"name": "京都第一瀑景区", "grade": "2A", "amap_name": "北京京都第一瀑旅游度假村(清凉谷风景区店)", "district": "密云", "disposition": "CONSTRUCTED", "source": "buffer 1000.0m", "conf": 0.4, "radius_m": 1000, "status": "KNOWN_ISSUE", "issue": "approximate boundary - needs verification"}}, {"type": "Feature", "geometry": {"type": "Polygon", "coordinates": [[[117.24045311174991, 40.587461], [117.2404098556115, 40.58658050107501], [117.24028050377653, 40.585708481836], [117.24006630197388, 40.58485334030493], [117.23976931308401, 40.58402331196222], [117.23939239727227, 40.58322639043455], [117.23893918444396, 40.58247025051186], [117.23841403928641, 40.58176217423496], [117.23782201923451, 40.58110898076548], [117.23716882576504, 40.58051696071359], [117.23646074948815, 40.57999181555603], [117.23570460956546, 40.57953860272774], [117.23490768803778, 40.579161686915995], [117.23407765969506, 40.578864698026116], [117.233222518164, 40.57865049622347], [117.23235049892499, 40.578521144388496], [117.23147, 40.578477888250085], [117.23058950107502, 40.578521144388496], [117.229717481836, 40.57865049622347], [117.22886234030494, 40.578864698026116], [117.22803231196222, 40.579161686915995], [117.22723539043454, 40.57953860272774], [117.22647925051186, 40.57999181555603], [117.22577117423496, 40.58051696071359], [117.22511798076549, 40.58110898076548], [117.22452596071359, 40.58176217423496], [117.22400081555604, 40.58247025051186], [117.22354760272773, 40.58322639043455], [117.22317068691599, 40.58402331196222], [117.22287369802612, 40.58485334030493], [117.22265949622347, 40.585708481836], [117.2225301443885, 40.58658050107501], [117.22248688825009, 40.587461], [117.2225301443885, 40.58834149892498], [117.22265949622347, 40.589213518163994], [117.22287369802612, 40.59006865969506], [117.22317068691599, 40.590898688037775], [117.22354760272773, 40.59169560956545], [117.22400081555604, 40.592451749488134], [117.22452596071359, 40.593159825765035], [117.22511798076549, 40.59381301923452], [117.22577117423496, 40.59440503928641], [117.22647925051186, 40.59493018444397], [117.22723539043454, 40.59538339727226], [117.22803231196222, 40.595760313084], [117.22886234030494, 40.59605730197388], [117.229717481836, 40.59627150377653], [117.23058950107502, 40.5964008556115], [117.23147, 40.59644411174991], [117.23235049892499, 40.5964008556115], [117.233222518164, 40.59627150377653], [117.23407765969506, 40.59605730197388], [117.23490768803778, 40.595760313084], [117.23570460956546, 40.59538339727226], [117.23646074948815, 40.59493018444397], [117.23716882576504, 40.59440503928641], [117.23782201923451, 40.59381301923452], [117.23841403928641, 40.593159825765035], [117.23893918444396, 40.592451749488134], [117.23939239727227, 40.59169560956545], [117.23976931308401, 40.590898688037775], [117.24006630197388, 40.59006865969506], [117.24028050377653, 40.589213518163994], [117.2404098556115, 40.58834149892498], [117.24045311174991, 40.587461]]]}, "properties": {"name": "仙居谷风景区", "grade": "4A", "amap_name": "仙居谷自然风景区", "district": "密云", "disposition": "CONSTRUCTED", "source": "buffer 1000.0m", "conf": 0.4, "radius_m": 1000, "status": "KNOWN_ISSUE", "issue": "approximate boundary - needs verification"}}, {"type": "Feature", "geometry": {"type": "Polygon", "coordinates": [[[115.74833486704995, 39.658273], [115.74830891336691, 39.65774470064501], [115.74823130226592, 39.6572214891016], [115.74810278118433, 39.656708404182965], [115.7479245878504, 39.65621038717734], [115.74769843836336, 39.65573223426073], [115.74742651066639, 39.655278550307116], [115.74711142357185, 39.65485370454098], [115.74675621154071, 39.654461788459294], [115.74636429545903, 39.654106576428156], [115.74593944969288, 39.65379148933362], [115.74548576573928, 39.65351956163664], [115.74500761282268, 39.6532934121496], [115.74450959581705, 39.65311521881567], [115.7439965108984, 39.652986697734086], [115.743473299355, 39.6529090866331], [115.742945, 39.65288313295005], [115.74241670064501, 39.6529090866331], [115.74189348910161, 39.652986697734086], [115.74138040418296, 39.65311521881567], [115.74088238717734, 39.6532934121496], [115.74040423426074, 39.65351956163664], [115.73995055030713, 39.65379148933362], [115.73952570454098, 39.654106576428156], [115.7391337884593, 39.654461788459294], [115.73877857642816, 39.65485370454098], [115.73846348933363, 39.655278550307116], [115.73819156163665, 39.65573223426073], [115.7379654121496, 39.65621038717734], [115.73778721881568, 39.656708404182965], [115.73765869773409, 39.6572214891016], [115.7375810866331, 39.65774470064501], [115.73755513295006, 39.658273], [115.7375810866331, 39.65880129935499], [115.73765869773409, 39.6593245108984], [115.73778721881568, 39.65983759581704], [115.7379654121496, 39.660335612822664], [115.73819156163665, 39.66081376573927], [115.73846348933363, 39.661267449692886], [115.73877857642816, 39.66169229545902], [115.7391337884593, 39.66208421154071], [115.73952570454098, 39.66243942357185], [115.73995055030713, 39.66275451066638], [115.74040423426074, 39.66302643836336], [115.74088238717734, 39.6632525878504], [115.74138040418296, 39.66343078118433], [115.74189348910161, 39.66355930226592], [115.74241670064501, 39.6636369133669], [115.742945, 39.66366286704995], [115.743473299355, 39.6636369133669], [115.7439965108984, 39.66355930226592], [115.74450959581705, 39.66343078118433], [115.74500761282268, 39.6632525878504], [115.74548576573928, 39.66302643836336], [115.74593944969288, 39.66275451066638], [115.74636429545903, 39.66243942357185], [115.74675621154071, 39.66208421154071], [115.74711142357185, 39.66169229545902], [115.74742651066639, 39.661267449692886], [115.74769843836336, 39.66081376573927], [115.7479245878504, 39.660335612822664], [115.74810278118433, 39.65983759581704], [115.74823130226592, 39.6593245108984], [115.74830891336691, 39.65880129935499], [115.74833486704995, 39.658273]]]}, "properties": {"name": "仙栖洞景区", "grade": "3A", "amap_name": "仙栖洞", "district": "房山", "disposition": "CONSTRUCTED", "source": "buffer 600.0m", "conf": 0.4, "radius_m": 600, "status": "KNOWN_ISSUE", "issue": "approximate boundary - needs verification"}}, {"type": "Feature", "geometry": {"type": "Polygon", "coordinates": [[[116.18270055587494, 39.961392], [116.18267892780574, 39.960951750537504], [116.18261425188825, 39.960515740918], [116.18250715098694, 39.96008817015247], [116.182358656542, 39.95967315598111], [116.18217019863613, 39.95927469521727], [116.18194359222198, 39.958896625255925], [116.1816810196432, 39.95854258711748], [116.18138500961726, 39.95821599038274], [116.1810584128825, 39.95791998035679], [116.18070437474407, 39.957657407778015], [116.18032630478272, 39.95743080136386], [116.17992784401888, 39.95724234345799], [116.17951282984752, 39.957093849013056], [116.179085259082, 39.95698674811173], [116.1786492494625, 39.956922072194246], [116.178209, 39.95690044412504], [116.1777687505375, 39.956922072194246], [116.17733274091799, 39.95698674811173], [116.17690517015247, 39.957093849013056], [116.17649015598111, 39.95724234345799], [116.17609169521727, 39.95743080136386], [116.17571362525592, 39.957657407778015], [116.17535958711748, 39.95791998035679], [116.17503299038273, 39.95821599038274], [116.1747369803568, 39.95854258711748], [116.174474407778, 39.958896625255925], [116.17424780136386, 39.95927469521727], [116.174059343458, 39.95967315598111], [116.17391084901305, 39.96008817015247], [116.17380374811174, 39.960515740918], [116.17373907219425, 39.960951750537504], [116.17371744412505, 39.961392], [116.17373907219425, 39.96183224946249], [116.17380374811174, 39.962268259081995], [116.17391084901305, 39.962695829847526], [116.174059343458, 39.963110844018885], [116.17424780136386, 39.963509304782725], [116.174474407778, 39.96388737474407], [116.1747369803568, 39.964241412882515], [116.17503299038273, 39.96456800961725], [116.17535958711748, 39.9648640196432], [116.17571362525592, 39.96512659222198], [116.17609169521727, 39.96535319863613], [116.17649015598111, 39.965541656542], [116.17690517015247, 39.96569015098694], [116.17733274091799, 39.96579725188826], [116.1777687505375, 39.96586192780575], [116.178209, 39.96588355587495], [116.1786492494625, 39.96586192780575], [116.179085259082, 39.96579725188826], [116.17951282984752, 39.96569015098694], [116.17992784401888, 39.965541656542], [116.18032630478272, 39.96535319863613], [116.18070437474407, 39.96512659222198], [116.1810584128825, 39.9648640196432], [116.18138500961726, 39.96456800961725], [116.1816810196432, 39.964241412882515], [116.18194359222198, 39.96388737474407], [116.18217019863613, 39.963509304782725], [116.182358656542, 39.963110844018885], [116.18250715098694, 39.962695829847526], [116.18261425188825, 39.962268259081995], [116.18267892780574, 39.96183224946249], [116.18270055587494, 39.961392]]]}, "properties": {"name": "八大处公园", "grade": "4A", "amap_name": "八大处公园", "district": "石景山", "disposition": "CONSTRUCTED", "source": "buffer 500.0m", "conf": 0.4, "radius_m": 500, "status": "KNOWN_ISSUE", "issue": "approximate boundary - needs verification"}}, {"type": "Feature", "geometry": {"type": "Polygon", "coordinates": [[[116.02905886704994, 39.893253], [116.0290329133669, 39.89272470064501], [116.02895530226591, 39.8922014891016], [116.02882678118432, 39.891688404182965], [116.0286485878504, 39.89119038717734], [116.02842243836335, 39.89071223426073], [116.02815051066638, 39.89025855030712], [116.02783542357184, 39.88983370454098], [116.0274802115407, 39.889441788459294], [116.02708829545902, 39.889086576428156], [116.02666344969288, 39.88877148933362], [116.02620976573927, 39.88849956163664], [116.02573161282267, 39.8882734121496], [116.02523359581704, 39.88809521881567], [116.02472051089839, 39.887966697734086], [116.024197299355, 39.8878890866331], [116.023669, 39.88786313295005], [116.023140700645, 39.8878890866331], [116.0226174891016, 39.887966697734086], [116.02210440418295, 39.88809521881567], [116.02160638717733, 39.8882734121496], [116.02112823426073, 39.88849956163664], [116.02067455030712, 39.88877148933362], [116.02024970454097, 39.889086576428156], [116.01985778845929, 39.889441788459294], [116.01950257642815, 39.88983370454098], [116.01918748933362, 39.89025855030712], [116.01891556163665, 39.89071223426073], [116.0186894121496, 39.89119038717734], [116.01851121881568, 39.891688404182965], [116.01838269773408, 39.8922014891016], [116.01830508663309, 39.89272470064501], [116.01827913295006, 39.893253], [116.01830508663309, 39.89378129935499], [116.01838269773408, 39.8943045108984], [116.01851121881568, 39.89481759581704], [116.0186894121496, 39.895315612822664], [116.01891556163665, 39.89579376573927], [116.01918748933362, 39.896247449692886], [116.01950257642815, 39.89667229545902], [116.01985778845929, 39.89706421154071], [116.02024970454097, 39.89741942357185], [116.02067455030712, 39.89773451066638], [116.02112823426073, 39.89800643836336], [116.02160638717733, 39.8982325878504], [116.02210440418295, 39.89841078118433], [116.0226174891016, 39.89853930226592], [116.023140700645, 39.8986169133669], [116.023669, 39.89864286704995], [116.024197299355, 39.8986169133669], [116.02472051089839, 39.89853930226592], [116.02523359581704, 39.89841078118433], [116.02573161282267, 39.8982325878504], [116.02620976573927, 39.89800643836336], [116.02666344969288, 39.89773451066638], [116.02708829545902, 39.89741942357185], [116.0274802115407, 39.89706421154071], [116.02783542357184, 39.89667229545902], [116.02815051066638, 39.896247449692886], [116.02842243836335, 39.89579376573927], [116.0286485878504, 39.895315612822664], [116.02882678118432, 39.89481759581704], [116.02895530226591, 39.8943045108984], [116.0290329133669, 39.89378129935499], [116.02905886704994, 39.893253]]]}, "properties": {"name": "八奇洞景区", "grade": "4A", "amap_name": "八奇洞", "district": "门头沟", "disposition": "CONSTRUCTED", "source": "buffer 600.0m", "conf": 0.4, "radius_m": 600, "status": "KNOWN_ISSUE", "issue": "approximate boundary - needs verification"}}, {"type": "Feature", "geometry": {"type": "Polygon", "coordinates": [[[115.98489466762486, 40.337743], [115.98482978341724, 40.336422251612525], [115.98463575566478, 40.33511422275401], [115.98431445296082, 40.33383151045741], [115.983868969626, 40.332586467943344], [115.9833035959084, 40.33139108565182], [115.98262377666595, 40.330256875767795], [115.9818360589296, 40.329194761352454], [115.98094802885177, 40.32821497114823], [115.97996823864754, 40.327326941070396], [115.9789061242322, 40.32653922333405], [115.97777191434817, 40.32585940409161], [115.97657653205665, 40.325294030373996], [115.97533148954258, 40.32484854703918], [115.974048777246, 40.32452724433521], [115.97274074838748, 40.32433321658275], [115.97142, 40.32426833237514], [115.97009925161251, 40.32433321658275], [115.96879122275399, 40.32452724433521], [115.9675085104574, 40.32484854703918], [115.96626346794334, 40.325294030373996], [115.96506808565182, 40.32585940409161], [115.9639338757678, 40.32653922333405], [115.96287176135245, 40.327326941070396], [115.96189197114822, 40.32821497114823], [115.96100394107039, 40.329194761352454], [115.96021622333404, 40.330256875767795], [115.9595364040916, 40.33139108565182], [115.95897103037399, 40.332586467943344], [115.95852554703917, 40.33383151045741], [115.9582042443352, 40.33511422275401], [115.95801021658275, 40.336422251612525], [115.95794533237513, 40.337743], [115.95801021658275, 40.33906374838748], [115.9582042443352, 40.340371777246], [115.95852554703917, 40.3416544895426], [115.95897103037399, 40.34289953205666], [115.9595364040916, 40.34409491434818], [115.96021622333404, 40.34522912423221], [115.96100394107039, 40.34629123864755], [115.96189197114822, 40.34727102885178], [115.96287176135245, 40.34815905892961], [115.9639338757678, 40.348946776665954], [115.96506808565182, 40.3496265959084], [115.96626346794334, 40.35019196962601], [115.9675085104574, 40.350637452960825], [115.96879122275399, 40.3509587556648], [115.97009925161251, 40.351152783417255], [115.97142, 40.351217667624866], [115.97274074838748, 40.351152783417255], [115.974048777246, 40.3509587556648], [115.97533148954258, 40.350637452960825], [115.97657653205665, 40.35019196962601], [115.97777191434817, 40.3496265959084], [115.9789061242322, 40.348946776665954], [115.97996823864754, 40.34815905892961], [115.98094802885177, 40.34727102885178], [115.9818360589296, 40.34629123864755], [115.98262377666595, 40.34522912423221], [115.9833035959084, 40.34409491434818], [115.983868969626, 40.34289953205666], [115.98431445296082, 40.3416544895426], [115.98463575566478, 40.340371777246], [115.98482978341724, 40.33906374838748], [115.98489466762486, 40.337743]]]}, "properties": {"name": "八达岭古长城景区", "grade": "3A", "amap_name": "八达岭古长城自然风景区", "district": "延庆", "disposition": "CONSTRUCTED", "source": "buffer 1500.0m", "conf": 0.4, "radius_m": 1500, "status": "KNOWN_ISSUE", "issue": "approximate boundary - needs verification"}}, {"type": "Feature", "geometry": {"type": "Polygon", "coordinates": [[[116.3986684, 39.891563], [116.390642, 39.8921513], [116.3899939, 39.8944062], [116.3972939, 39.8995575], [116.4006342, 39.9011299], [116.399929, 39.8922283], [116.3986684, 39.891563]]]}, "properties": {"name": "前门大街景区", "grade": "3A", "amap_name": "前门大街", "district": "东城", "disposition": "CONSTRUCTED", "source": "POI-HULL(7 facilities)", "conf": 0.7, "radius_m": 400, "status": "KNOWN_ISSUE", "issue": "approximate boundary - needs verification"}}, {"type": "Feature", "geometry": {"type": "Polygon", "coordinates": [[[116.40473824469997, 39.902776], [116.4047209422446, 39.90242380043001], [116.40466920151061, 39.902074992734406], [116.40458352078956, 39.90173293612198], [116.4044647252336, 39.901400924784895], [116.4043139589089, 39.90108215617382], [116.40413267377758, 39.900779700204744], [116.40392261571456, 39.90049646969399], [116.4036858076938, 39.9002351923062], [116.40342453030601, 39.89999838428544], [116.40314129979525, 39.899788326222414], [116.40283884382617, 39.899607041091095], [116.40252007521511, 39.8994562747664], [116.40218806387803, 39.89933747921045], [116.4018460072656, 39.89925179848939], [116.40149719956999, 39.8992000577554], [116.401145, 39.89918275530004], [116.40079280043001, 39.8992000577554], [116.4004439927344, 39.89925179848939], [116.40010193612197, 39.89933747921045], [116.39976992478489, 39.8994562747664], [116.39945115617382, 39.899607041091095], [116.39914870020475, 39.899788326222414], [116.39886546969399, 39.89999838428544], [116.3986041923062, 39.9002351923062], [116.39836738428544, 39.90049646969399], [116.39815732622242, 39.900779700204744], [116.3979760410911, 39.90108215617382], [116.3978252747664, 39.901400924784895], [116.39770647921044, 39.90173293612198], [116.39762079848938, 39.902074992734406], [116.3975690577554, 39.90242380043001], [116.39755175530003, 39.902776], [116.3975690577554, 39.90312819957], [116.39762079848938, 39.9034770072656], [116.39770647921044, 39.903819063878025], [116.3978252747664, 39.90415107521511], [116.3979760410911, 39.904469843826185], [116.39815732622242, 39.90477229979526], [116.39836738428544, 39.905055530306015], [116.3986041923062, 39.90531680769381], [116.39886546969399, 39.90555361571457], [116.39914870020475, 39.90576367377759], [116.39945115617382, 39.90594495890891], [116.39976992478489, 39.906095725233605], [116.40010193612197, 39.906214520789554], [116.4004439927344, 39.90630020151062], [116.40079280043001, 39.906351942244605], [116.401145, 39.90636924469997], [116.40149719956999, 39.906351942244605], [116.4018460072656, 39.90630020151062], [116.40218806387803, 39.906214520789554], [116.40252007521511, 39.906095725233605], [116.40283884382617, 39.90594495890891], [116.40314129979525, 39.90576367377759], [116.40342453030601, 39.90555361571457], [116.4036858076938, 39.90531680769381], [116.40392261571456, 39.905055530306015], [116.40413267377758, 39.90477229979526], [116.4043139589089, 39.904469843826185], [116.4044647252336, 39.90415107521511], [116.40458352078956, 39.903819063878025], [116.40466920151061, 39.9034770072656], [116.4047209422446, 39.90312819957], [116.40473824469997, 39.902776]]]}, "properties": {"name": "北京", "grade": "5A", "amap_name": "北京市", "district": NaN, "disposition": "CONSTRUCTED", "source": "buffer 400.0m", "conf": 0.4, "radius_m": 400, "status": "KNOWN_ISSUE", "issue": "approximate boundary - needs verification"}}, {"type": "Feature", "geometry": {"type": "Polygon", "coordinates": [[[117.02307524469997, 40.256624], [117.02305794224459, 40.25627180043001], [117.02300620151061, 40.255922992734405], [117.02292052078955, 40.25558093612198], [117.02280172523359, 40.255248924784894], [117.0226509589089, 40.25493015617382], [117.02246967377758, 40.25462770020474], [117.02225961571456, 40.25434446969399], [117.0220228076938, 40.2540831923062], [117.02176153030601, 40.25384638428544], [117.02147829979525, 40.25363632622241], [117.02117584382617, 40.253455041091094], [117.0208570752151, 40.2533042747664], [117.02052506387803, 40.25318547921045], [117.0201830072656, 40.25309979848939], [117.01983419956998, 40.2530480577554], [117.019482, 40.25303075530004], [117.01912980043001, 40.2530480577554], [117.01878099273439, 40.25309979848939], [117.01843893612197, 40.25318547921045], [117.01810692478489, 40.2533042747664], [117.01778815617382, 40.253455041091094], [117.01748570020474, 40.25363632622241], [117.01720246969398, 40.25384638428544], [117.01694119230619, 40.2540831923062], [117.01670438428543, 40.25434446969399], [117.01649432622241, 40.25462770020474], [117.0163130410911, 40.25493015617382], [117.0161622747664, 40.255248924784894], [117.01604347921044, 40.25558093612198], [117.01595779848938, 40.255922992734405], [117.0159060577554, 40.25627180043001], [117.01588875530003, 40.256624], [117.0159060577554, 40.25697619957], [117.01595779848938, 40.2573250072656], [117.01604347921044, 40.257667063878024], [117.0161622747664, 40.25799907521511], [117.0163130410911, 40.258317843826184], [117.01649432622241, 40.25862029979526], [117.01670438428543, 40.258903530306014], [117.01694119230619, 40.25916480769381], [117.01720246969398, 40.259401615714566], [117.01748570020474, 40.25961167377759], [117.01778815617382, 40.25979295890891], [117.01810692478489, 40.259943725233605], [117.01843893612197, 40.26006252078955], [117.01878099273439, 40.26014820151062], [117.01912980043001, 40.260199942244604], [117.019482, 40.260217244699966], [117.01983419956998, 40.260199942244604], [117.0201830072656, 40.26014820151062], [117.02052506387803, 40.26006252078955], [117.0208570752151, 40.259943725233605], [117.02117584382617, 40.25979295890891], [117.02147829979525, 40.25961167377759], [117.02176153030601, 40.259401615714566], [117.0220228076938, 40.25916480769381], [117.02225961571456, 40.258903530306014], [117.02246967377758, 40.25862029979526], [117.0226509589089, 40.258317843826184], [117.02280172523359, 40.25799907521511], [117.02292052078955, 40.257667063878024], [117.02300620151061, 40.2573250072656], [117.02305794224459, 40.25697619957], [117.02307524469997, 40.256624]]]}, "properties": {"name": "北京丛海逸园景区", "grade": "2A", "amap_name": "丛海逸园", "district": "平谷", "disposition": "CONSTRUCTED", "source": "buffer 400.0m", "conf": 0.4, "radius_m": 400, "status": "KNOWN_ISSUE", "issue": "approximate boundary - needs verification"}}, {"type": "Feature", "geometry": {"type": "Polygon", "coordinates": [[[116.66104762234998, 40.32515], [116.6610389711223, 40.32497390021501], [116.6610131007553, 40.3247994963672], [116.66097026039478, 40.324628468060986], [116.6609108626168, 40.32446246239245], [116.66083547945445, 40.32430307808691], [116.6607448368888, 40.324151850102375], [116.66063980785728, 40.324010234846995], [116.6605214038469, 40.3238795961531], [116.66039076515301, 40.32376119214272], [116.66024914989762, 40.32365616311121], [116.66009792191309, 40.32356552054555], [116.65993853760756, 40.3234901373832], [116.65977253193901, 40.32343073960522], [116.6596015036328, 40.32338789924469], [116.65942709978499, 40.3233620288777], [116.659251, 40.323353377650015], [116.659074900215, 40.3233620288777], [116.6589004963672, 40.32338789924469], [116.65872946806098, 40.32343073960522], [116.65856346239244, 40.3234901373832], [116.6584040780869, 40.32356552054555], [116.65825285010237, 40.32365616311121], [116.65811123484698, 40.32376119214272], [116.6579805961531, 40.3238795961531], [116.65786219214272, 40.324010234846995], [116.6577571631112, 40.324151850102375], [116.65766652054555, 40.32430307808691], [116.65759113738319, 40.32446246239245], [116.65753173960522, 40.324628468060986], [116.6574888992447, 40.3247994963672], [116.6574630288777, 40.32497390021501], [116.65745437765001, 40.32515], [116.6574630288777, 40.325326099784995], [116.6574888992447, 40.3255005036328], [116.65753173960522, 40.325671531939015], [116.65759113738319, 40.325837537607555], [116.65766652054555, 40.32599692191309], [116.6577571631112, 40.32614814989763], [116.65786219214272, 40.32628976515301], [116.6579805961531, 40.3264204038469], [116.65811123484698, 40.32653880785728], [116.65825285010237, 40.32664383688879], [116.6584040780869, 40.32673447945445], [116.65856346239244, 40.3268098626168], [116.65872946806098, 40.32686926039478], [116.6589004963672, 40.32691210075531], [116.659074900215, 40.3269379711223], [116.659251, 40.326946622349986], [116.65942709978499, 40.3269379711223], [116.6596015036328, 40.32691210075531], [116.65977253193901, 40.32686926039478], [116.65993853760756, 40.3268098626168], [116.66009792191309, 40.32673447945445], [116.66024914989762, 40.32664383688879], [116.66039076515301, 40.32653880785728], [116.6605214038469, 40.3264204038469], [116.66063980785728, 40.32628976515301], [116.6607448368888, 40.32614814989763], [116.66083547945445, 40.32599692191309], [116.6609108626168, 40.325837537607555], [116.66097026039478, 40.325671531939015], [116.6610131007553, 40.3255005036328], [116.6610389711223, 40.325326099784995], [116.66104762234998, 40.32515]]]}, "properties": {"name": "北京二锅头酒博物馆景区", "grade": "3A", "amap_name": "北京二锅头酒博物馆(暂停开放)", "district": "怀柔", "disposition": "CONSTRUCTED", "source": "buffer 200.0m", "conf": 0.4, "radius_m": 200, "status": "KNOWN_ISSUE", "issue": "approximate boundary - needs verification"}}, {"type": "Feature", "geometry": {"type": "Polygon", "coordinates": [[[116.9572421117499, 40.585974], [116.9571988556115, 40.585093501075015], [116.95706950377652, 40.584221481836], [116.95685530197387, 40.583366340304934], [116.956558313084, 40.58253631196222], [116.95618139727226, 40.58173939043455], [116.95572818444396, 40.58098325051186], [116.9552030392864, 40.58027517423496], [116.9546110192345, 40.57962198076548], [116.95395782576503, 40.57902996071359], [116.95324974948814, 40.57850481555603], [116.95249360956545, 40.57805160272774], [116.95169668803777, 40.577674686916], [116.95086665969505, 40.57737769802612], [116.95001151816399, 40.57716349622347], [116.94913949892498, 40.5770341443885], [116.948259, 40.57699088825009], [116.94737850107501, 40.5770341443885], [116.946506481836, 40.57716349622347], [116.94565134030493, 40.57737769802612], [116.94482131196222, 40.577674686916], [116.94402439043454, 40.57805160272774], [116.94326825051185, 40.57850481555603], [116.94256017423496, 40.57902996071359], [116.94190698076548, 40.57962198076548], [116.94131496071358, 40.58027517423496], [116.94078981555603, 40.58098325051186], [116.94033660272773, 40.58173939043455], [116.93995968691598, 40.58253631196222], [116.93966269802611, 40.583366340304934], [116.93944849622346, 40.584221481836], [116.93931914438849, 40.585093501075015], [116.93927588825008, 40.585974], [116.93931914438849, 40.586854498924986], [116.93944849622346, 40.587726518164], [116.93966269802611, 40.588581659695066], [116.93995968691598, 40.58941168803778], [116.94033660272773, 40.59020860956545], [116.94078981555603, 40.59096474948814], [116.94131496071358, 40.59167282576504], [116.94190698076548, 40.59232601923452], [116.94256017423496, 40.59291803928641], [116.94326825051185, 40.59344318444397], [116.94402439043454, 40.59389639727226], [116.94482131196222, 40.594273313084], [116.94565134030493, 40.59457030197388], [116.946506481836, 40.59478450377653], [116.94737850107501, 40.5949138556115], [116.948259, 40.59495711174991], [116.94913949892498, 40.5949138556115], [116.95001151816399, 40.59478450377653], [116.95086665969505, 40.59457030197388], [116.95169668803777, 40.594273313084], [116.95249360956545, 40.59389639727226], [116.95324974948814, 40.59344318444397], [116.95395782576503, 40.59291803928641], [116.9546110192345, 40.59232601923452], [116.9552030392864, 40.59167282576504], [116.95572818444396, 40.59096474948814], [116.95618139727226, 40.59020860956545], [116.956558313084, 40.58941168803778], [116.95685530197387, 40.588581659695066], [116.95706950377652, 40.587726518164], [116.9571988556115, 40.586854498924986], [116.9572421117499, 40.585974]]]}, "properties": {"name": "北京云峰山景区", "grade": "3A", "amap_name": "云峰山自然风景区", "district": "密云", "disposition": "CONSTRUCTED", "source": "buffer 1000.0m", "conf": 0.4, "radius_m": 1000, "status": "KNOWN_ISSUE", "issue": "approximate boundary - needs verification"}}, {"type": "Feature", "geometry": {"type": "Polygon", "coordinates": [[[116.04699724469997, 39.964807], [116.04697994224459, 39.964454800430005], [116.04692820151061, 39.9641059927344], [116.04684252078955, 39.96376393612198], [116.04672372523359, 39.96343192478489], [116.0465729589089, 39.96311315617382], [116.04639167377758, 39.96281070020474], [116.04618161571456, 39.96252746969399], [116.0459448076938, 39.962266192306195], [116.04568353030601, 39.96202938428544], [116.04540029979525, 39.96181932622241], [116.04509784382617, 39.96163804109109], [116.0447790752151, 39.9614872747664], [116.04444706387802, 39.96136847921045], [116.0441050072656, 39.961282798489385], [116.04375619956998, 39.9612310577554], [116.043404, 39.96121375530004], [116.04305180043, 39.9612310577554], [116.04270299273439, 39.961282798489385], [116.04236093612197, 39.96136847921045], [116.04202892478489, 39.9614872747664], [116.04171015617382, 39.96163804109109], [116.04140770020474, 39.96181932622241], [116.04112446969398, 39.96202938428544], [116.04086319230619, 39.962266192306195], [116.04062638428543, 39.96252746969399], [116.04041632622241, 39.96281070020474], [116.0402350410911, 39.96311315617382], [116.0400842747664, 39.96343192478489], [116.03996547921044, 39.96376393612198], [116.03987979848938, 39.9641059927344], [116.0398280577554, 39.964454800430005], [116.03981075530002, 39.964807], [116.0398280577554, 39.965159199569996], [116.03987979848938, 39.9655080072656], [116.03996547921044, 39.96585006387802], [116.0400842747664, 39.96618207521511], [116.0402350410911, 39.96650084382618], [116.04041632622241, 39.96680329979526], [116.04062638428543, 39.96708653030601], [116.04086319230619, 39.967347807693805], [116.04112446969398, 39.967584615714564], [116.04140770020474, 39.96779467377759], [116.04171015617382, 39.96797595890891], [116.04202892478489, 39.9681267252336], [116.04236093612197, 39.96824552078955], [116.04270299273439, 39.968331201510615], [116.04305180043, 39.9683829422446], [116.043404, 39.968400244699964], [116.04375619956998, 39.9683829422446], [116.0441050072656, 39.968331201510615], [116.04444706387802, 39.96824552078955], [116.0447790752151, 39.9681267252336], [116.04509784382617, 39.96797595890891], [116.04540029979525, 39.96779467377759], [116.04568353030601, 39.967584615714564], [116.0459448076938, 39.967347807693805], [116.04618161571456, 39.96708653030601], [116.04639167377758, 39.96680329979526], [116.0465729589089, 39.96650084382618], [116.04672372523359, 39.96618207521511], [116.04684252078955, 39.96585006387802], [116.04692820151061, 39.9655080072656], [116.04697994224459, 39.965159199569996], [116.04699724469997, 39.964807]]]}, "properties": {"name": "北京京西古道景区", "grade": "3A", "amap_name": "京西古道风景区", "district": "门头沟", "disposition": "CONSTRUCTED", "source": "buffer 400.0m", "conf": 0.4, "radius_m": 400, "status": "KNOWN_ISSUE", "issue": "approximate boundary - needs verification"}}, {"type": "Feature", "geometry": {"type": "Polygon", "coordinates": [[[116.0798692, 40.0997444], [116.0779658, 40.1096817], [116.0847315, 40.1089712], [116.0837711, 40.1032672], [116.0798692, 40.0997444]]]}, "properties": {"name": "北京凤凰岭景区", "grade": "4A", "amap_name": "北京凤凰岭景区", "district": "海淀", "disposition": "CONSTRUCTED", "source": "POI-HULL(9 facilities)", "conf": 0.7, "radius_m": 400, "status": "KNOWN_ISSUE", "issue": "approximate boundary - needs verification"}}, {"type": "Feature", "geometry": {"type": "Polygon", "coordinates": [[[115.61365611174992, 39.639638], [115.6136128556115, 39.63875750107501], [115.61348350377654, 39.637885481836], [115.61326930197389, 39.63703034030493], [115.61297231308401, 39.63620031196222], [115.61259539727227, 39.63540339043455], [115.61214218444397, 39.63464725051186], [115.61161703928641, 39.63393917423496], [115.61102501923452, 39.63328598076548], [115.61037182576504, 39.63269396071359], [115.60966374948815, 39.63216881555603], [115.60890760956546, 39.63171560272774], [115.60811068803778, 39.631338686915996], [115.60728065969506, 39.63104169802612], [115.606425518164, 39.63082749622347], [115.60555349892499, 39.6306981443885], [115.604673, 39.630654888250085], [115.60379250107502, 39.6306981443885], [115.60292048183601, 39.63082749622347], [115.60206534030495, 39.63104169802612], [115.60123531196223, 39.631338686915996], [115.60043839043455, 39.63171560272774], [115.59968225051186, 39.63216881555603], [115.59897417423497, 39.63269396071359], [115.5983209807655, 39.63328598076548], [115.5977289607136, 39.63393917423496], [115.59720381555604, 39.63464725051186], [115.59675060272774, 39.63540339043455], [115.596373686916, 39.63620031196222], [115.59607669802612, 39.63703034030493], [115.59586249622348, 39.637885481836], [115.5957331443885, 39.63875750107501], [115.59568988825009, 39.639638], [115.5957331443885, 39.64051849892498], [115.59586249622348, 39.641390518163995], [115.59607669802612, 39.642245659695064], [115.596373686916, 39.643075688037776], [115.59675060272774, 39.64387260956545], [115.59720381555604, 39.644628749488135], [115.5977289607136, 39.645336825765035], [115.5983209807655, 39.64599001923452], [115.59897417423497, 39.64658203928641], [115.59968225051186, 39.64710718444397], [115.60043839043455, 39.64756039727226], [115.60123531196223, 39.647937313084], [115.60206534030495, 39.64823430197388], [115.60292048183601, 39.64844850377653], [115.60379250107502, 39.6485778556115], [115.604673, 39.64862111174991], [115.60555349892499, 39.6485778556115], [115.606425518164, 39.64844850377653], [115.60728065969506, 39.64823430197388], [115.60811068803778, 39.647937313084], [115.60890760956546, 39.64756039727226], [115.60966374948815, 39.64710718444397], [115.61037182576504, 39.64658203928641], [115.61102501923452, 39.64599001923452], [115.61161703928641, 39.645336825765035], [115.61214218444397, 39.644628749488135], [115.61259539727227, 39.64387260956545], [115.61297231308401, 39.643075688037776], [115.61326930197389, 39.642245659695064], [115.61348350377654, 39.641390518163995], [115.6136128556115, 39.64051849892498], [115.61365611174992, 39.639638]]]}, "properties": {"name": "北京十渡风景区", "grade": "4A", "amap_name": "房山十渡风景名胜区", "district": "房山", "disposition": "CONSTRUCTED", "source": "buffer 1000.0m", "conf": 0.4, "radius_m": 1000, "status": "KNOWN_ISSUE", "issue": "approximate boundary - needs verification"}}, {"type": "Feature", "geometry": {"type": "Polygon", "coordinates": [[[116.45416762234998, 39.7761], [116.4541589711223, 39.775923900215005], [116.4541331007553, 39.7757494963672], [116.45409026039478, 39.775578468060985], [116.4540308626168, 39.775412462392445], [116.45395547945445, 39.77525307808691], [116.4538648368888, 39.775101850102374], [116.45375980785728, 39.77496023484699], [116.4536414038469, 39.7748295961531], [116.45351076515301, 39.77471119214272], [116.45336914989763, 39.77460616311121], [116.4532179219131, 39.77451552054555], [116.45305853760756, 39.7744401373832], [116.45289253193901, 39.77438073960522], [116.4527215036328, 39.77433789924469], [116.452547099785, 39.7743120288777], [116.452371, 39.774303377650014], [116.452194900215, 39.7743120288777], [116.4520204963672, 39.77433789924469], [116.45184946806098, 39.77438073960522], [116.45168346239244, 39.7744401373832], [116.4515240780869, 39.77451552054555], [116.45137285010237, 39.77460616311121], [116.45123123484699, 39.77471119214272], [116.4511005961531, 39.7748295961531], [116.45098219214272, 39.77496023484699], [116.4508771631112, 39.775101850102374], [116.45078652054555, 39.77525307808691], [116.4507111373832, 39.775412462392445], [116.45065173960522, 39.775578468060985], [116.4506088992447, 39.7757494963672], [116.4505830288777, 39.775923900215005], [116.45057437765001, 39.7761], [116.4505830288777, 39.776276099784994], [116.4506088992447, 39.7764505036328], [116.45065173960522, 39.776621531939014], [116.4507111373832, 39.776787537607554], [116.45078652054555, 39.77694692191309], [116.4508771631112, 39.777098149897625], [116.45098219214272, 39.777239765153006], [116.4511005961531, 39.7773704038469], [116.45123123484699, 39.77748880785728], [116.45137285010237, 39.77759383688879], [116.4515240780869, 39.77768447945445], [116.45168346239244, 39.7777598626168], [116.45184946806098, 39.77781926039478], [116.4520204963672, 39.77786210075531], [116.452194900215, 39.7778879711223], [116.452371, 39.777896622349985], [116.452547099785, 39.7778879711223], [116.4527215036328, 39.77786210075531], [116.45289253193901, 39.77781926039478], [116.45305853760756, 39.7777598626168], [116.4532179219131, 39.77768447945445], [116.45336914989763, 39.77759383688879], [116.45351076515301, 39.77748880785728], [116.4536414038469, 39.7773704038469], [116.45375980785728, 39.777239765153006], [116.4538648368888, 39.777098149897625], [116.45395547945445, 39.77694692191309], [116.4540308626168, 39.776787537607554], [116.45409026039478, 39.776621531939014], [116.4541331007553, 39.7764505036328], [116.4541589711223, 39.776276099784994], [116.45416762234998, 39.7761]]]}, "properties": {"name": "北京南海子麋鹿苑博物馆景区", "grade": "3A", "amap_name": "北京南海子麋鹿苑博物馆", "district": "大兴", "disposition": "CONSTRUCTED", "source": "buffer 200.0m", "conf": 0.4, "radius_m": 200, "status": "KNOWN_ISSUE", "issue": "approximate boundary - needs verification"}}, {"type": "Feature", "geometry": {"type": "Polygon", "coordinates": [[[116.36347177793748, 39.923422], [116.36346096390288, 39.92320187526875], [116.36342862594414, 39.922983870459], [116.36337507549347, 39.92277008507624], [116.36330082827101, 39.92256257799056], [116.36320659931806, 39.92236334760864], [116.36309329611099, 39.922174312627966], [116.3629620098216, 39.921997293558746], [116.36281400480863, 39.92183399519137], [116.36265070644126, 39.9216859901784], [116.36247368737203, 39.92155470388901], [116.36228465239137, 39.921441400681935], [116.36208542200944, 39.921347171729], [116.36187791492377, 39.92127292450653], [116.361664129541, 39.92121937405587], [116.36144612473124, 39.92118703609713], [116.361226, 39.92117622206253], [116.36100587526876, 39.92118703609713], [116.360787870459, 39.92121937405587], [116.36057408507624, 39.92127292450653], [116.36036657799056, 39.921347171729], [116.36016734760864, 39.921441400681935], [116.35997831262797, 39.92155470388901], [116.35980129355875, 39.9216859901784], [116.35963799519138, 39.92183399519137], [116.3594899901784, 39.921997293558746], [116.35935870388901, 39.922174312627966], [116.35924540068194, 39.92236334760864], [116.359151171729, 39.92256257799056], [116.35907692450654, 39.92277008507624], [116.35902337405587, 39.922983870459], [116.35899103609712, 39.92320187526875], [116.35898022206253, 39.923422], [116.35899103609712, 39.92364212473125], [116.35902337405587, 39.923860129541005], [116.35907692450654, 39.92407391492377], [116.359151171729, 39.92428142200944], [116.35924540068194, 39.92448065239137], [116.35935870388901, 39.92466968737204], [116.3594899901784, 39.92484670644126], [116.35963799519138, 39.925010004808634], [116.35980129355875, 39.9251580098216], [116.35997831262797, 39.925289296110996], [116.36016734760864, 39.92540259931807], [116.36036657799056, 39.925496828271], [116.36057408507624, 39.92557107549347], [116.360787870459, 39.92562462594413], [116.36100587526876, 39.925656963902874], [116.361226, 39.92566777793748], [116.36144612473124, 39.925656963902874], [116.361664129541, 39.92562462594413], [116.36187791492377, 39.92557107549347], [116.36208542200944, 39.925496828271], [116.36228465239137, 39.92540259931807], [116.36247368737203, 39.925289296110996], [116.36265070644126, 39.9251580098216], [116.36281400480863, 39.925010004808634], [116.3629620098216, 39.92484670644126], [116.36309329611099, 39.92466968737204], [116.36320659931806, 39.92448065239137], [116.36330082827101, 39.92428142200944], [116.36337507549347, 39.92407391492377], [116.36342862594414, 39.923860129541005], [116.36346096390288, 39.92364212473125], [116.36347177793748, 39.923422]]]}, "properties": {"name": "北京历代帝王庙景区", "grade": "2A", "amap_name": "北京历代帝王庙", "district": "西城", "disposition": "CONSTRUCTED", "source": "buffer 250.0m", "conf": 0.4, "radius_m": 250, "status": "KNOWN_ISSUE", "issue": "approximate boundary - needs verification"}}, {"type": "Feature", "geometry": {"type": "Polygon", "coordinates": [[[115.7221387340999, 39.949802], [115.7220868267338, 39.94874540129001], [115.72193160453183, 39.9476989782032], [115.72167456236866, 39.946672808365925], [115.7213181757008, 39.945676774354666], [115.72086587672672, 39.94472046852146], [115.72032202133276, 39.94381310061423], [115.7196918471437, 39.942963409081955], [115.71898142308142, 39.942179576918576], [115.71819759091804, 39.941469152856314], [115.71734789938577, 39.94083897866724], [115.71644053147854, 39.94029512327328], [115.71548422564533, 39.93984282429919], [115.71448819163408, 39.939486437631345], [115.7134620217968, 39.93922939546816], [115.71241559870998, 39.9390741732662], [115.711359, 39.93902226590011], [115.71030240129002, 39.9390741732662], [115.7092559782032, 39.93922939546816], [115.70822980836593, 39.939486437631345], [115.70723377435468, 39.93984282429919], [115.70627746852146, 39.94029512327328], [115.70537010061423, 39.94083897866724], [115.70452040908197, 39.941469152856314], [115.70373657691859, 39.942179576918576], [115.70302615285631, 39.942963409081955], [115.70239597866724, 39.94381310061423], [115.70185212327328, 39.94472046852146], [115.7013998242992, 39.945676774354666], [115.70104343763134, 39.946672808365925], [115.70078639546817, 39.9476989782032], [115.7006311732662, 39.94874540129001], [115.7005792659001, 39.949802], [115.7006311732662, 39.950858598709985], [115.70078639546817, 39.9519050217968], [115.70104343763134, 39.95293119163407], [115.7013998242992, 39.95392722564533], [115.70185212327328, 39.954883531478536], [115.70239597866724, 39.95579089938577], [115.70302615285631, 39.95664059091804], [115.70373657691859, 39.95742442308142], [115.70452040908197, 39.95813484714368], [115.70537010061423, 39.95876502133276], [115.70627746852146, 39.959308876726716], [115.70723377435468, 39.959761175700805], [115.70822980836593, 39.96011756236865], [115.7092559782032, 39.960374604531836], [115.71030240129002, 39.9605298267338], [115.711359, 39.96058173409989], [115.71241559870998, 39.9605298267338], [115.7134620217968, 39.960374604531836], [115.71448819163408, 39.96011756236865], [115.71548422564533, 39.959761175700805], [115.71644053147854, 39.959308876726716], [115.71734789938577, 39.95876502133276], [115.71819759091804, 39.95813484714368], [115.71898142308142, 39.95742442308142], [115.7196918471437, 39.95664059091804], [115.72032202133276, 39.95579089938577], [115.72086587672672, 39.954883531478536], [115.7213181757008, 39.95392722564533], [115.72167456236866, 39.95293119163407], [115.72193160453183, 39.9519050217968], [115.7220868267338, 39.950858598709985], [115.7221387340999, 39.949802]]]}, "properties": {"name": "北京双龙峡自然风景区", "grade": "3A", "amap_name": "双龙峡自然风景区", "district": "门头沟", "disposition": "CONSTRUCTED", "source": "buffer 1200.0m", "conf": 0.4, "radius_m": 1200, "status": "KNOWN_ISSUE", "issue": "approximate boundary - needs verification"}}, {"type": "Feature", "geometry": {"type": "Polygon", "coordinates": [[[117.16273324469996, 40.682491], [117.16271594224459, 40.68213880043], [117.16266420151061, 40.6817899927344], [117.16257852078955, 40.68144793612198], [117.16245972523359, 40.68111592478489], [117.1623089589089, 40.68079715617382], [117.16212767377758, 40.68049470020474], [117.16191761571456, 40.68021146969399], [117.1616808076938, 40.679950192306194], [117.161419530306, 40.679713384285435], [117.16113629979525, 40.67950332622241], [117.16083384382617, 40.67932204109109], [117.1605150752151, 40.6791712747664], [117.16018306387802, 40.67905247921045], [117.1598410072656, 40.678966798489384], [117.15949219956998, 40.6789150577554], [117.15914, 40.678897755300035], [117.15878780043, 40.6789150577554], [117.15843899273439, 40.678966798489384], [117.15809693612196, 40.67905247921045], [117.15776492478489, 40.6791712747664], [117.15744615617382, 40.67932204109109], [117.15714370020474, 40.67950332622241], [117.15686046969398, 40.679713384285435], [117.15659919230619, 40.679950192306194], [117.15636238428543, 40.68021146969399], [117.15615232622241, 40.68049470020474], [117.15597104109109, 40.68079715617382], [117.1558202747664, 40.68111592478489], [117.15570147921044, 40.68144793612198], [117.15561579848938, 40.6817899927344], [117.1555640577554, 40.68213880043], [117.15554675530002, 40.682491], [117.1555640577554, 40.682843199569994], [117.15561579848938, 40.683192007265596], [117.15570147921044, 40.68353406387802], [117.1558202747664, 40.68386607521511], [117.15597104109109, 40.68418484382618], [117.15615232622241, 40.68448729979526], [117.15636238428543, 40.68477053030601], [117.15659919230619, 40.685031807693804], [117.15686046969398, 40.68526861571456], [117.15714370020474, 40.68547867377759], [117.15744615617382, 40.68565995890891], [117.15776492478489, 40.6858107252336], [117.15809693612196, 40.68592952078955], [117.15843899273439, 40.686015201510614], [117.15878780043, 40.6860669422446], [117.15914, 40.68608424469996], [117.15949219956998, 40.6860669422446], [117.1598410072656, 40.686015201510614], [117.16018306387802, 40.68592952078955], [117.1605150752151, 40.6858107252336], [117.16083384382617, 40.68565995890891], [117.16113629979525, 40.68547867377759], [117.161419530306, 40.68526861571456], [117.1616808076938, 40.685031807693804], [117.16191761571456, 40.68477053030601], [117.16212767377758, 40.68448729979526], [117.1623089589089, 40.68418484382618], [117.16245972523359, 40.68386607521511], [117.16257852078955, 40.68353406387802], [117.16266420151061, 40.683192007265596], [117.16271594224459, 40.682843199569994], [117.16273324469996, 40.682491]]]}, "properties": {"name": "北京古御道生态旅游景区", "grade": "3A", "amap_name": "古御道", "district": "密云", "disposition": "CONSTRUCTED", "source": "buffer 400.0m", "conf": 0.4, "radius_m": 400, "status": "KNOWN_ISSUE", "issue": "approximate boundary - needs verification"}}, {"type": "Feature", "geometry": {"type": "Polygon", "coordinates": [[[116.07896024469997, 40.139126], [116.0789429422446, 40.13877380043], [116.07889120151061, 40.1384249927344], [116.07880552078956, 40.138082936121975], [116.0786867252336, 40.13775092478489], [116.0785359589089, 40.137432156173816], [116.07835467377758, 40.13712970020474], [116.07814461571456, 40.136846469693985], [116.0779078076938, 40.13658519230619], [116.07764653030601, 40.136348384285434], [116.07736329979525, 40.13613832622241], [116.07706084382617, 40.13595704109109], [116.07674207521511, 40.135806274766395], [116.07641006387803, 40.135687479210446], [116.0760680072656, 40.13560179848938], [116.07571919956999, 40.135550057755395], [116.075367, 40.135532755300034], [116.07501480043001, 40.135550057755395], [116.0746659927344, 40.13560179848938], [116.07432393612197, 40.135687479210446], [116.07399192478489, 40.135806274766395], [116.07367315617383, 40.13595704109109], [116.07337070020475, 40.13613832622241], [116.07308746969399, 40.136348384285434], [116.0728261923062, 40.13658519230619], [116.07258938428544, 40.136846469693985], [116.07237932622242, 40.13712970020474], [116.0721980410911, 40.137432156173816], [116.0720472747664, 40.13775092478489], [116.07192847921044, 40.138082936121975], [116.07184279848939, 40.1384249927344], [116.0717910577554, 40.13877380043], [116.07177375530003, 40.139126], [116.0717910577554, 40.13947819956999], [116.07184279848939, 40.139827007265595], [116.07192847921044, 40.14016906387802], [116.0720472747664, 40.140501075215106], [116.0721980410911, 40.14081984382618], [116.07237932622242, 40.141122299795256], [116.07258938428544, 40.14140553030601], [116.0728261923062, 40.1416668076938], [116.07308746969399, 40.14190361571456], [116.07337070020475, 40.14211367377759], [116.07367315617383, 40.142294958908906], [116.07399192478489, 40.1424457252336], [116.07432393612197, 40.14256452078955], [116.0746659927344, 40.14265020151061], [116.07501480043001, 40.1427019422446], [116.075367, 40.14271924469996], [116.07571919956999, 40.1427019422446], [116.0760680072656, 40.14265020151061], [116.07641006387803, 40.14256452078955], [116.07674207521511, 40.1424457252336], [116.07706084382617, 40.142294958908906], [116.07736329979525, 40.14211367377759], [116.07764653030601, 40.14190361571456], [116.0779078076938, 40.1416668076938], [116.07814461571456, 40.14140553030601], [116.07835467377758, 40.141122299795256], [116.0785359589089, 40.14081984382618], [116.0786867252336, 40.140501075215106], [116.07880552078956, 40.14016906387802], [116.07889120151061, 40.139827007265595], [116.0789429422446, 40.13947819956999], [116.07896024469997, 40.139126]]]}, "properties": {"name": "北京后花园风景区", "grade": "1A", "amap_name": "北京后花园(白虎涧)风景区", "district": "昌平", "disposition": "CONSTRUCTED", "source": "buffer 400.0m", "conf": 0.4, "radius_m": 400, "status": "KNOWN_ISSUE", "issue": "approximate boundary - needs verification"}}, {"type": "Feature", "geometry": {"type": "Polygon", "coordinates": [[[116.59172824469996, 39.658081], [116.59171094224459, 39.65772880043001], [116.59165920151061, 39.657379992734406], [116.59157352078955, 39.65703793612198], [116.59145472523359, 39.656705924784895], [116.5913039589089, 39.65638715617382], [116.59112267377758, 39.656084700204744], [116.59091261571456, 39.65580146969399], [116.5906758076938, 39.6555401923062], [116.590414530306, 39.65530338428544], [116.59013129979525, 39.65509332622241], [116.58982884382617, 39.654912041091094], [116.5895100752151, 39.6547612747664], [116.58917806387802, 39.65464247921045], [116.5888360072656, 39.65455679848939], [116.58848719956998, 39.6545050577554], [116.588135, 39.65448775530004], [116.58778280043, 39.6545050577554], [116.58743399273439, 39.65455679848939], [116.58709193612196, 39.65464247921045], [116.58675992478489, 39.6547612747664], [116.58644115617382, 39.654912041091094], [116.58613870020474, 39.65509332622241], [116.58585546969398, 39.65530338428544], [116.58559419230619, 39.6555401923062], [116.58535738428543, 39.65580146969399], [116.58514732622241, 39.656084700204744], [116.58496604109109, 39.65638715617382], [116.5848152747664, 39.656705924784895], [116.58469647921044, 39.65703793612198], [116.58461079848938, 39.657379992734406], [116.5845590577554, 39.65772880043001], [116.58454175530002, 39.658081], [116.5845590577554, 39.65843319957], [116.58461079848938, 39.6587820072656], [116.58469647921044, 39.659124063878025], [116.5848152747664, 39.65945607521511], [116.58496604109109, 39.659774843826185], [116.58514732622241, 39.66007729979526], [116.58535738428543, 39.660360530306015], [116.58559419230619, 39.66062180769381], [116.58585546969398, 39.66085861571457], [116.58613870020474, 39.66106867377759], [116.58644115617382, 39.66124995890891], [116.58675992478489, 39.661400725233605], [116.58709193612196, 39.661519520789554], [116.58743399273439, 39.66160520151062], [116.58778280043, 39.661656942244605], [116.588135, 39.66167424469997], [116.58848719956998, 39.661656942244605], [116.5888360072656, 39.66160520151062], [116.58917806387802, 39.661519520789554], [116.5895100752151, 39.661400725233605], [116.58982884382617, 39.66124995890891], [116.59013129979525, 39.66106867377759], [116.590414530306, 39.66085861571457], [116.5906758076938, 39.66062180769381], [116.59091261571456, 39.660360530306015], [116.59112267377758, 39.66007729979526], [116.5913039589089, 39.659774843826185], [116.59145472523359, 39.65945607521511], [116.59157352078955, 39.659124063878025], [116.59165920151061, 39.6587820072656], [116.59171094224459, 39.65843319957], [116.59172824469996, 39.658081]]]}, "properties": {"name": "北京呀路古热带植物园景区", "grade": "3A", "amap_name": "呀路古热带植物园", "district": "大兴", "disposition": "CONSTRUCTED", "source": "buffer 400.0m", "conf": 0.4, "radius_m": 400, "status": "KNOWN_ISSUE", "issue": "approximate boundary - needs verification"}}, {"type": "Feature", "geometry": {"type": "Polygon", "coordinates": [[[116.48988748939993, 40.465553], [116.48985288448921, 40.46484860086001], [116.48974940302124, 40.464150985468805], [116.48957804157911, 40.46346687224395], [116.48934045046721, 40.46280284956978], [116.48903891781782, 40.462165312347636], [116.48867634755518, 40.46156040040949], [116.48825623142913, 40.460993939387976], [116.48778261538762, 40.46047138461238], [116.48726006061203, 40.45999776857087], [116.48669359959052, 40.45957765244483], [116.48608868765237, 40.45921508218219], [116.48545115043022, 40.458913549532795], [116.48478712775605, 40.4586759584209], [116.4841030145312, 40.45850459697878], [116.48340539914, 40.4584011155108], [116.482701, 40.45836651060007], [116.48199660086001, 40.4584011155108], [116.48129898546881, 40.45850459697878], [116.48061487224396, 40.4586759584209], [116.47995084956979, 40.458913549532795], [116.47931331234764, 40.45921508218219], [116.47870840040949, 40.45957765244483], [116.47814193938798, 40.45999776857087], [116.4776193846124, 40.46047138461238], [116.47714576857088, 40.460993939387976], [116.47672565244483, 40.46156040040949], [116.47636308218219, 40.462165312347636], [116.4760615495328, 40.46280284956978], [116.4758239584209, 40.46346687224395], [116.47565259697878, 40.464150985468805], [116.4755491155108, 40.46484860086001], [116.47551451060008, 40.465553], [116.4755491155108, 40.46625739913999], [116.47565259697878, 40.466955014531194], [116.4758239584209, 40.46763912775605], [116.4760615495328, 40.468303150430216], [116.47636308218219, 40.46894068765236], [116.47672565244483, 40.46954559959051], [116.47714576857088, 40.470112060612024], [116.4776193846124, 40.47063461538762], [116.47814193938798, 40.47110823142913], [116.47870840040949, 40.47152834755517], [116.47931331234764, 40.47189091781781], [116.47995084956979, 40.472192450467205], [116.48061487224396, 40.4724300415791], [116.48129898546881, 40.47260140302122], [116.48199660086001, 40.4727048844892], [116.482701, 40.47273948939993], [116.48340539914, 40.4727048844892], [116.4841030145312, 40.47260140302122], [116.48478712775605, 40.4724300415791], [116.48545115043022, 40.472192450467205], [116.48608868765237, 40.47189091781781], [116.48669359959052, 40.47152834755517], [116.48726006061203, 40.47110823142913], [116.48778261538762, 40.47063461538762], [116.48825623142913, 40.470112060612024], [116.48867634755518, 40.46954559959051], [116.48903891781782, 40.46894068765236], [116.48934045046721, 40.468303150430216], [116.48957804157911, 40.46763912775605], [116.48974940302124, 40.466955014531194], [116.48985288448921, 40.46625739913999], [116.48988748939993, 40.465553]]]}, "properties": {"name": "北京响水湖长城旅游区", "grade": "3A", "amap_name": "响水湖长城自然风景区", "district": "怀柔", "disposition": "CONSTRUCTED", "source": "buffer 800.0m", "conf": 0.4, "radius_m": 800, "status": "KNOWN_ISSUE", "issue": "approximate boundary - needs verification"}}, {"type": "Feature", "geometry": {"type": "Polygon", "coordinates": [[[116.51517855587495, 40.943102], [116.51515692780575, 40.94266175053751], [116.51509225188826, 40.942225740918005], [116.51498515098694, 40.941798170152474], [116.514836656542, 40.941383155981114], [116.51464819863614, 40.940984695217274], [116.51442159222199, 40.94060662525593], [116.5141590196432, 40.940252587117484], [116.51386300961727, 40.93992599038275], [116.51353641288252, 40.9396299803568], [116.51318237474408, 40.93936740777802], [116.51280430478273, 40.93914080136387], [116.51240584401889, 40.938952343458], [116.51199082984753, 40.93880384901306], [116.51156325908201, 40.93869674811174], [116.5111272494625, 40.93863207219425], [116.510687, 40.93861044412505], [116.5102467505375, 40.93863207219425], [116.509810740918, 40.93869674811174], [116.50938317015247, 40.93880384901306], [116.50896815598112, 40.938952343458], [116.50856969521728, 40.93914080136387], [116.50819162525593, 40.93936740777802], [116.50783758711749, 40.9396299803568], [116.50751099038274, 40.93992599038275], [116.5072149803568, 40.940252587117484], [116.50695240777802, 40.94060662525593], [116.50672580136387, 40.940984695217274], [116.506537343458, 40.941383155981114], [116.50638884901306, 40.941798170152474], [116.50628174811175, 40.942225740918005], [116.50621707219426, 40.94266175053751], [116.50619544412505, 40.943102], [116.50621707219426, 40.943542249462496], [116.50628174811175, 40.943978259082], [116.50638884901306, 40.94440582984753], [116.506537343458, 40.94482084401889], [116.50672580136387, 40.94521930478273], [116.50695240777802, 40.945597374744075], [116.5072149803568, 40.94595141288252], [116.50751099038274, 40.94627800961726], [116.50783758711749, 40.94657401964321], [116.50819162525593, 40.946836592221985], [116.50856969521728, 40.94706319863614], [116.50896815598112, 40.94725165654201], [116.50938317015247, 40.947400150986944], [116.509810740918, 40.94750725188827], [116.5102467505375, 40.947571927805754], [116.510687, 40.94759355587496], [116.5111272494625, 40.947571927805754], [116.51156325908201, 40.94750725188827], [116.51199082984753, 40.947400150986944], [116.51240584401889, 40.94725165654201], [116.51280430478273, 40.94706319863614], [116.51318237474408, 40.946836592221985], [116.51353641288252, 40.94657401964321], [116.51386300961727, 40.94627800961726], [116.5141590196432, 40.94595141288252], [116.51442159222199, 40.945597374744075], [116.51464819863614, 40.94521930478273], [116.514836656542, 40.94482084401889], [116.51498515098694, 40.94440582984753], [116.51509225188826, 40.943978259082], [116.51515692780575, 40.943542249462496], [116.51517855587495, 40.943102]]]}, "properties": {"name": "北京喇叭沟原始森林公园景区", "grade": "3A", "amap_name": "北京喇叭沟原始森林公园", "district": "怀柔", "disposition": "CONSTRUCTED", "source": "buffer 500.0m", "conf": 0.4, "radius_m": 500, "status": "KNOWN_ISSUE", "issue": "approximate boundary - needs verification"}}, {"type": "Feature", "geometry": {"type": "Polygon", "coordinates": [[[116.57897311174992, 40.372331], [116.5789298556115, 40.37145050107502], [116.57880050377653, 40.370578481836006], [116.57858630197389, 40.36972334030494], [116.57828931308401, 40.368893311962225], [116.57791239727227, 40.36809639043455], [116.57745918444397, 40.367340250511866], [116.57693403928641, 40.366632174234965], [116.57634201923452, 40.36597898076548], [116.57568882576504, 40.36538696071359], [116.57498074948815, 40.36486181555603], [116.57422460956546, 40.36440860272774], [116.57342768803778, 40.364031686916], [116.57259765969506, 40.36373469802612], [116.571742518164, 40.36352049622347], [116.57087049892499, 40.3633911443885], [116.56999, 40.36334788825009], [116.56910950107502, 40.3633911443885], [116.56823748183601, 40.36352049622347], [116.56738234030495, 40.36373469802612], [116.56655231196223, 40.364031686916], [116.56575539043455, 40.36440860272774], [116.56499925051186, 40.36486181555603], [116.56429117423497, 40.36538696071359], [116.56363798076549, 40.36597898076548], [116.5630459607136, 40.366632174234965], [116.56252081555604, 40.367340250511866], [116.56206760272774, 40.36809639043455], [116.561690686916, 40.368893311962225], [116.56139369802612, 40.36972334030494], [116.56117949622347, 40.370578481836006], [116.5610501443885, 40.37145050107502], [116.56100688825009, 40.372331], [116.5610501443885, 40.37321149892499], [116.56117949622347, 40.374083518164], [116.56139369802612, 40.37493865969507], [116.561690686916, 40.37576868803778], [116.56206760272774, 40.37656560956545], [116.56252081555604, 40.37732174948814], [116.5630459607136, 40.37802982576504], [116.56363798076549, 40.37868301923452], [116.56429117423497, 40.37927503928641], [116.56499925051186, 40.37980018444397], [116.56575539043455, 40.38025339727226], [116.56655231196223, 40.380630313084005], [116.56738234030495, 40.380927301973884], [116.56823748183601, 40.38114150377653], [116.56910950107502, 40.381270855611504], [116.56999, 40.381314111749916], [116.57087049892499, 40.381270855611504], [116.571742518164, 40.38114150377653], [116.57259765969506, 40.380927301973884], [116.57342768803778, 40.380630313084005], [116.57422460956546, 40.38025339727226], [116.57498074948815, 40.37980018444397], [116.57568882576504, 40.37927503928641], [116.57634201923452, 40.37868301923452], [116.57693403928641, 40.37802982576504], [116.57745918444397, 40.37732174948814], [116.57791239727227, 40.37656560956545], [116.57828931308401, 40.37576868803778], [116.57858630197389, 40.37493865969507], [116.57880050377653, 40.374083518164], [116.5789298556115, 40.37321149892499], [116.57897311174992, 40.372331]]]}, "properties": {"name": "北京圣泉山旅游风景区", "grade": "3A", "amap_name": "北京圣泉山旅游风景区", "district": "怀柔", "disposition": "CONSTRUCTED", "source": "buffer 1000.0m", "conf": 0.4, "radius_m": 1000, "status": "KNOWN_ISSUE", "issue": "approximate boundary - needs verification"}}, {"type": "Feature", "geometry": {"type": "Polygon", "coordinates": [[[115.7332631117499, 39.839325], [115.7332198556115, 39.83844450107502], [115.73309050377652, 39.837572481836006], [115.73287630197387, 39.836717340304936], [115.732579313084, 39.835887311962225], [115.73220239727226, 39.83509039043455], [115.73174918444396, 39.834334250511866], [115.7312240392864, 39.833626174234965], [115.7306320192345, 39.83297298076548], [115.72997882576503, 39.83238096071359], [115.72927074948814, 39.83185581555603], [115.72851460956545, 39.83140260272774], [115.72771768803777, 39.831025686916], [115.72688765969505, 39.83072869802612], [115.72603251816399, 39.83051449622347], [115.72516049892498, 39.8303851443885], [115.72428, 39.83034188825009], [115.72339950107501, 39.8303851443885], [115.722527481836, 39.83051449622347], [115.72167234030493, 39.83072869802612], [115.72084231196222, 39.831025686916], [115.72004539043454, 39.83140260272774], [115.71928925051185, 39.83185581555603], [115.71858117423496, 39.83238096071359], [115.71792798076548, 39.83297298076548], [115.71733596071358, 39.833626174234965], [115.71681081555603, 39.834334250511866], [115.71635760272773, 39.83509039043455], [115.71598068691598, 39.835887311962225], [115.71568369802611, 39.836717340304936], [115.71546949622346, 39.837572481836006], [115.71534014438849, 39.83844450107502], [115.71529688825008, 39.839325], [115.71534014438849, 39.84020549892499], [115.71546949622346, 39.841077518164], [115.71568369802611, 39.84193265969507], [115.71598068691598, 39.84276268803778], [115.71635760272773, 39.84355960956545], [115.71681081555603, 39.84431574948814], [115.71733596071358, 39.84502382576504], [115.71792798076548, 39.84567701923452], [115.71858117423496, 39.84626903928641], [115.71928925051185, 39.84679418444397], [115.72004539043454, 39.84724739727226], [115.72084231196222, 39.847624313084005], [115.72167234030493, 39.847921301973884], [115.722527481836, 39.84813550377653], [115.72339950107501, 39.848264855611504], [115.72428, 39.848308111749915], [115.72516049892498, 39.848264855611504], [115.72603251816399, 39.84813550377653], [115.72688765969505, 39.847921301973884], [115.72771768803777, 39.847624313084005], [115.72851460956545, 39.84724739727226], [115.72927074948814, 39.84679418444397], [115.72997882576503, 39.84626903928641], [115.7306320192345, 39.84567701923452], [115.7312240392864, 39.84502382576504], [115.73174918444396, 39.84431574948814], [115.73220239727226, 39.84355960956545], [115.732579313084, 39.84276268803778], [115.73287630197387, 39.84193265969507], [115.73309050377652, 39.841077518164], [115.7332198556115, 39.84020549892499], [115.7332631117499, 39.839325]]]}, "properties": {"name": "北京圣莲山旅游风景区", "grade": "4A", "amap_name": "北京圣莲山风景区", "district": "房山", "disposition": "CONSTRUCTED", "source": "buffer 1000.0m", "conf": 0.4, "radius_m": 1000, "status": "KNOWN_ISSUE", "issue": "approximate boundary - needs verification"}}, {"type": "Feature", "geometry": {"type": "Polygon", "coordinates": [[[116.11326993352498, 40.053035], [116.11325695668344, 40.0527708503225], [116.11321815113295, 40.052509244550805], [116.11315389059216, 40.05225270209148], [116.1130647939252, 40.05200369358867], [116.11295171918168, 40.05176461713037], [116.11281575533319, 40.05153777515356], [116.11265821178591, 40.05132535227049], [116.11248060577036, 40.05112939422965], [116.11228464772951, 40.05095178821408], [116.11207222484644, 40.05079424466681], [116.11184538286963, 40.050658280818325], [116.11160630641133, 40.0505452060748], [116.11135729790851, 40.05045610940784], [116.1111007554492, 40.050391848867044], [116.11083914967749, 40.05035304331655], [116.110575, 40.05034006647503], [116.1103108503225, 40.05035304331655], [116.1100492445508, 40.050391848867044], [116.10979270209148, 40.05045610940784], [116.10954369358866, 40.0505452060748], [116.10930461713036, 40.050658280818325], [116.10907777515355, 40.05079424466681], [116.10886535227048, 40.05095178821408], [116.10866939422964, 40.05112939422965], [116.10849178821408, 40.05132535227049], [116.1083342446668, 40.05153777515356], [116.10819828081831, 40.05176461713037], [116.10808520607479, 40.05200369358867], [116.10799610940784, 40.05225270209148], [116.10793184886704, 40.052509244550805], [116.10789304331655, 40.0527708503225], [116.10788006647502, 40.053035], [116.10789304331655, 40.0532991496775], [116.10793184886704, 40.0535607554492], [116.10799610940784, 40.05381729790852], [116.10808520607479, 40.054066306411336], [116.10819828081831, 40.054305382869636], [116.1083342446668, 40.05453222484644], [116.10849178821408, 40.054744647729514], [116.10866939422964, 40.054940605770355], [116.10886535227048, 40.055118211785924], [116.10907777515355, 40.05527575533319], [116.10930461713036, 40.05541171918168], [116.10954369358866, 40.0555247939252], [116.10979270209148, 40.05561389059216], [116.1100492445508, 40.05567815113296], [116.1103108503225, 40.055716956683455], [116.110575, 40.05572993352497], [116.11083914967749, 40.055716956683455], [116.1111007554492, 40.05567815113296], [116.11135729790851, 40.05561389059216], [116.11160630641133, 40.0555247939252], [116.11184538286963, 40.05541171918168], [116.11207222484644, 40.05527575533319], [116.11228464772951, 40.055118211785924], [116.11248060577036, 40.054940605770355], [116.11265821178591, 40.054744647729514], [116.11281575533319, 40.05453222484644], [116.11295171918168, 40.054305382869636], [116.1130647939252, 40.054066306411336], [116.11315389059216, 40.05381729790852], [116.11321815113295, 40.0535607554492], [116.11325695668344, 40.0532991496775], [116.11326993352498, 40.053035]]]}, "properties": {"name": "北京大觉寺景区", "grade": "3A", "amap_name": "大觉寺(公交站)", "district": "海淀", "disposition": "CONSTRUCTED", "source": "buffer 300.0m", "conf": 0.4, "radius_m": 300, "status": "KNOWN_ISSUE", "issue": "approximate boundary - needs verification"}}, {"type": "Feature", "geometry": {"type": "Polygon", "coordinates": [[[116.3291199, 39.9323404], [116.3277621, 39.9331577], [116.3230662, 39.9378209], [116.329465, 39.9410886], [116.3328554, 39.9411387], [116.3369078, 39.9353209], [116.3291199, 39.9323404]]]}, "properties": {"name": "北京天文馆景区", "grade": "4A", "amap_name": "北京天文馆", "district": "西城", "disposition": "CONSTRUCTED", "source": "POI-HULL(11 facilities)", "conf": 0.7, "radius_m": 400, "status": "KNOWN_ISSUE", "issue": "approximate boundary - needs verification"}}, {"type": "Feature", "geometry": {"type": "Polygon", "coordinates": [[[116.30377024469998, 39.917826], [116.3037529422446, 39.91747380043], [116.30370120151062, 39.9171249927344], [116.30361552078956, 39.916782936121976], [116.3034967252336, 39.91645092478489], [116.3033459589089, 39.916132156173816], [116.30316467377759, 39.91582970020474], [116.30295461571457, 39.915546469693986], [116.30271780769381, 39.91528519230619], [116.30245653030602, 39.915048384285434], [116.30217329979526, 39.91483832622241], [116.30187084382618, 39.91465704109109], [116.30155207521511, 39.914506274766396], [116.30122006387803, 39.91438747921045], [116.30087800726561, 39.91430179848938], [116.30052919957, 39.914250057755396], [116.300177, 39.914232755300034], [116.29982480043002, 39.914250057755396], [116.2994759927344, 39.91430179848938], [116.29913393612198, 39.91438747921045], [116.2988019247849, 39.914506274766396], [116.29848315617383, 39.91465704109109], [116.29818070020475, 39.91483832622241], [116.29789746969399, 39.915048384285434], [116.2976361923062, 39.91528519230619], [116.29739938428544, 39.915546469693986], [116.29718932622242, 39.91582970020474], [116.2970080410911, 39.916132156173816], [116.29685727476641, 39.91645092478489], [116.29673847921045, 39.916782936121976], [116.29665279848939, 39.9171249927344], [116.29660105775541, 39.91747380043], [116.29658375530003, 39.917826], [116.29660105775541, 39.918178199569994], [116.29665279848939, 39.918527007265595], [116.29673847921045, 39.91886906387802], [116.29685727476641, 39.919201075215106], [116.2970080410911, 39.91951984382618], [116.29718932622242, 39.91982229979526], [116.29739938428544, 39.92010553030601], [116.2976361923062, 39.9203668076938], [116.29789746969399, 39.92060361571456], [116.29818070020475, 39.92081367377759], [116.29848315617383, 39.920994958908906], [116.2988019247849, 39.9211457252336], [116.29913393612198, 39.92126452078955], [116.2994759927344, 39.92135020151061], [116.29982480043002, 39.9214019422446], [116.300177, 39.92141924469996], [116.30052919957, 39.9214019422446], [116.30087800726561, 39.92135020151061], [116.30122006387803, 39.92126452078955], [116.30155207521511, 39.9211457252336], [116.30187084382618, 39.920994958908906], [116.30217329979526, 39.92081367377759], [116.30245653030602, 39.92060361571456], [116.30271780769381, 39.9203668076938], [116.30295461571457, 39.92010553030601], [116.30316467377759, 39.91982229979526], [116.3033459589089, 39.91951984382618], [116.3034967252336, 39.919201075215106], [116.30361552078956, 39.91886906387802], [116.30370120151062, 39.918527007265595], [116.3037529422446, 39.918178199569994], [116.30377024469998, 39.917826]]]}, "properties": {"name": "北京太平洋海底世界博览馆景区", "grade": "3A", "amap_name": "太平洋海底世界博览馆", "district": "海淀", "disposition": "CONSTRUCTED", "source": "buffer 400.0m", "conf": 0.4, "radius_m": 400, "status": "KNOWN_ISSUE", "issue": "approximate boundary - needs verification"}}, {"type": "Feature", "geometry": {"type": "Polygon", "coordinates": [[[116.81323455587496, 40.531843], [116.81321292780575, 40.53140275053751], [116.81314825188826, 40.530966740918004], [116.81304115098695, 40.53053917015247], [116.812892656542, 40.53012415598111], [116.81270419863614, 40.52972569521727], [116.812477592222, 40.52934762525593], [116.8122150196432, 40.52899358711748], [116.81191900961727, 40.528666990382746], [116.81159241288252, 40.5283709803568], [116.81123837474408, 40.52810840777802], [116.81086030478274, 40.52788180136387], [116.81046184401889, 40.527693343458], [116.81004682984754, 40.52754484901306], [116.80961925908201, 40.52743774811174], [116.8091832494625, 40.52737307219425], [116.808743, 40.527351444125046], [116.80830275053751, 40.52737307219425], [116.807866740918, 40.52743774811174], [116.80743917015248, 40.52754484901306], [116.80702415598113, 40.527693343458], [116.80662569521728, 40.52788180136387], [116.80624762525593, 40.52810840777802], [116.8058935871175, 40.5283709803568], [116.80556699038274, 40.528666990382746], [116.80527098035681, 40.52899358711748], [116.80500840777802, 40.52934762525593], [116.80478180136387, 40.52972569521727], [116.80459334345801, 40.53012415598111], [116.80444484901307, 40.53053917015247], [116.80433774811175, 40.530966740918004], [116.80427307219426, 40.53140275053751], [116.80425144412506, 40.531843], [116.80427307219426, 40.532283249462495], [116.80433774811175, 40.532719259082], [116.80444484901307, 40.53314682984753], [116.80459334345801, 40.53356184401889], [116.80478180136387, 40.53396030478273], [116.80500840777802, 40.534338374744074], [116.80527098035681, 40.53469241288252], [116.80556699038274, 40.53501900961726], [116.8058935871175, 40.53531501964321], [116.80624762525593, 40.53557759222198], [116.80662569521728, 40.535804198636136], [116.80702415598113, 40.53599265654201], [116.80743917015248, 40.53614115098694], [116.807866740918, 40.53624825188827], [116.80830275053751, 40.53631292780575], [116.808743, 40.53633455587496], [116.8091832494625, 40.53631292780575], [116.80961925908201, 40.53624825188827], [116.81004682984754, 40.53614115098694], [116.81046184401889, 40.53599265654201], [116.81086030478274, 40.535804198636136], [116.81123837474408, 40.53557759222198], [116.81159241288252, 40.53531501964321], [116.81191900961727, 40.53501900961726], [116.8122150196432, 40.53469241288252], [116.812477592222, 40.534338374744074], [116.81270419863614, 40.53396030478273], [116.812892656542, 40.53356184401889], [116.81304115098695, 40.53314682984753], [116.81314825188826, 40.532719259082], [116.81321292780575, 40.532283249462495], [116.81323455587496, 40.531843]]]}, "properties": {"name": "北京密云云蒙山长城遗址公园旅游区", "grade": "2A", "amap_name": "云蒙山长城遗址公园", "district": "密云", "disposition": "CONSTRUCTED", "source": "buffer 500.0m", "conf": 0.4, "radius_m": 500, "status": "KNOWN_ISSUE", "issue": "approximate boundary - needs verification"}}, {"type": "Feature", "geometry": {"type": "Polygon", "coordinates": [[[117.29442666762486, 40.656775], [117.29436178341724, 40.655454251612525], [117.29416775566479, 40.65414622275401], [117.29384645296082, 40.65286351045741], [117.293400969626, 40.651618467943344], [117.2928355959084, 40.65042308565182], [117.29215577666595, 40.649288875767795], [117.2913680589296, 40.648226761352454], [117.29048002885177, 40.64724697114823], [117.28950023864755, 40.646358941070396], [117.2884381242322, 40.64557122333405], [117.28730391434817, 40.64489140409161], [117.28610853205666, 40.644326030373996], [117.28486348954259, 40.64388054703918], [117.283580777246, 40.64355924433521], [117.28227274838748, 40.64336521658275], [117.280952, 40.64330033237514], [117.27963125161251, 40.64336521658275], [117.278323222754, 40.64355924433521], [117.27704051045741, 40.64388054703918], [117.27579546794334, 40.644326030373996], [117.27460008565183, 40.64489140409161], [117.2734658757678, 40.64557122333405], [117.27240376135245, 40.646358941070396], [117.27142397114822, 40.64724697114823], [117.27053594107039, 40.648226761352454], [117.26974822333405, 40.649288875767795], [117.2690684040916, 40.65042308565182], [117.26850303037399, 40.651618467943344], [117.26805754703918, 40.65286351045741], [117.26773624433521, 40.65414622275401], [117.26754221658275, 40.655454251612525], [117.26747733237514, 40.656775], [117.26754221658275, 40.65809574838748], [117.26773624433521, 40.659403777246], [117.26805754703918, 40.6606864895426], [117.26850303037399, 40.66193153205666], [117.2690684040916, 40.66312691434818], [117.26974822333405, 40.66426112423221], [117.27053594107039, 40.66532323864755], [117.27142397114822, 40.66630302885178], [117.27240376135245, 40.66719105892961], [117.2734658757678, 40.667978776665954], [117.27460008565183, 40.6686585959084], [117.27579546794334, 40.66922396962601], [117.27704051045741, 40.669669452960825], [117.278323222754, 40.6699907556648], [117.27963125161251, 40.670184783417255], [117.280952, 40.670249667624866], [117.28227274838748, 40.670184783417255], [117.283580777246, 40.6699907556648], [117.28486348954259, 40.669669452960825], [117.28610853205666, 40.66922396962601], [117.28730391434817, 40.6686585959084], [117.2884381242322, 40.667978776665954], [117.28950023864755, 40.66719105892961], [117.29048002885177, 40.66630302885178], [117.2913680589296, 40.66532323864755], [117.29215577666595, 40.66426112423221], [117.2928355959084, 40.66312691434818], [117.293400969626, 40.66193153205666], [117.29384645296082, 40.6606864895426], [117.29416775566479, 40.659403777246], [117.29436178341724, 40.65809574838748], [117.29442666762486, 40.656775]]]}, "properties": {"name": "北京密云司马台长城景区", "grade": "4A", "amap_name": "司马台长城旅游区", "district": "密云", "disposition": "CONSTRUCTED", "source": "buffer 1500.0m", "conf": 0.4, "radius_m": 1500, "status": "KNOWN_ISSUE", "issue": "approximate boundary - needs verification"}}, {"type": "Feature", "geometry": {"type": "Polygon", "coordinates": [[[116.4053543, 39.9455657], [116.4008483, 39.9502559], [116.4093314, 39.9502979], [116.4102784, 39.9456537], [116.4053543, 39.9455657]]]}, "properties": {"name": "北京市东城区地坛公园景区", "grade": "4A", "amap_name": "地坛公园", "district": "东城", "disposition": "CONSTRUCTED", "source": "POI-HULL(13 facilities)", "conf": 0.7, "radius_m": 500, "status": "KNOWN_ISSUE", "issue": "approximate boundary - needs verification"}}, {"type": "Feature", "geometry": {"type": "Polygon", "coordinates": [[[116.28536224469997, 39.863286], [116.28534494224459, 39.86293380043001], [116.28529320151061, 39.862584992734405], [116.28520752078956, 39.86224293612198], [116.28508872523359, 39.861910924784894], [116.2849379589089, 39.86159215617382], [116.28475667377758, 39.86128970020474], [116.28454661571456, 39.86100646969399], [116.2843098076938, 39.8607451923062], [116.28404853030601, 39.86050838428544], [116.28376529979525, 39.86029832622241], [116.28346284382617, 39.860117041091094], [116.2831440752151, 39.8599662747664], [116.28281206387803, 39.85984747921045], [116.2824700072656, 39.85976179848939], [116.28212119956999, 39.8597100577554], [116.281769, 39.85969275530004], [116.28141680043001, 39.8597100577554], [116.28106799273439, 39.85976179848939], [116.28072593612197, 39.85984747921045], [116.28039392478489, 39.8599662747664], [116.28007515617382, 39.860117041091094], [116.27977270020475, 39.86029832622241], [116.27948946969398, 39.86050838428544], [116.27922819230619, 39.8607451923062], [116.27899138428543, 39.86100646969399], [116.27878132622241, 39.86128970020474], [116.2786000410911, 39.86159215617382], [116.2784492747664, 39.861910924784894], [116.27833047921044, 39.86224293612198], [116.27824479848938, 39.862584992734405], [116.2781930577554, 39.86293380043001], [116.27817575530003, 39.863286], [116.2781930577554, 39.86363819957], [116.27824479848938, 39.8639870072656], [116.27833047921044, 39.864329063878024], [116.2784492747664, 39.86466107521511], [116.2786000410911, 39.864979843826184], [116.27878132622241, 39.86528229979526], [116.27899138428543, 39.865565530306014], [116.27922819230619, 39.86582680769381], [116.27948946969398, 39.866063615714566], [116.27977270020475, 39.86627367377759], [116.28007515617382, 39.86645495890891], [116.28039392478489, 39.866605725233605], [116.28072593612197, 39.86672452078955], [116.28106799273439, 39.86681020151062], [116.28141680043001, 39.866861942244604], [116.281769, 39.866879244699966], [116.28212119956999, 39.866861942244604], [116.2824700072656, 39.86681020151062], [116.28281206387803, 39.86672452078955], [116.2831440752151, 39.866605725233605], [116.28346284382617, 39.86645495890891], [116.28376529979525, 39.86627367377759], [116.28404853030601, 39.866063615714566], [116.2843098076938, 39.86582680769381], [116.28454661571456, 39.865565530306014], [116.28475667377758, 39.86528229979526], [116.2849379589089, 39.864979843826184], [116.28508872523359, 39.86466107521511], [116.28520752078956, 39.864329063878024], [116.28529320151061, 39.8639870072656], [116.28534494224459, 39.86363819957], [116.28536224469997, 39.863286]]]}, "properties": {"name": "北京市丰台区丰台花园景区", "grade": "2A", "amap_name": "丰台花园", "district": "丰台", "disposition": "CONSTRUCTED", "source": "buffer 400.0m", "conf": 0.4, "radius_m": 400, "status": "KNOWN_ISSUE", "issue": "approximate boundary - needs verification"}}, {"type": "Feature", "geometry": {"type": "Polygon", "coordinates": [[[115.90745055587495, 40.002275], [115.90742892780574, 40.001834750537505], [115.90736425188825, 40.001398740918], [115.90725715098694, 40.00097117015247], [115.907108656542, 40.00055615598111], [115.90692019863613, 40.00015769521727], [115.90669359222198, 39.999779625255925], [115.9064310196432, 39.99942558711748], [115.90613500961726, 39.99909899038274], [115.90580841288251, 39.99880298035679], [115.90545437474407, 39.998540407778016], [115.90507630478272, 39.998313801363864], [115.90467784401888, 39.99812534345799], [115.90426282984753, 39.99797684901306], [115.903835259082, 39.99786974811173], [115.9033992494625, 39.99780507219425], [115.902959, 39.99778344412504], [115.9025187505375, 39.99780507219425], [115.90208274091799, 39.99786974811173], [115.90165517015247, 39.99797684901306], [115.90124015598111, 39.99812534345799], [115.90084169521727, 39.998313801363864], [115.90046362525592, 39.998540407778016], [115.90010958711748, 39.99880298035679], [115.89978299038273, 39.99909899038274], [115.8994869803568, 39.99942558711748], [115.89922440777801, 39.999779625255925], [115.89899780136386, 40.00015769521727], [115.898809343458, 40.00055615598111], [115.89866084901305, 40.00097117015247], [115.89855374811174, 40.001398740918], [115.89848907219425, 40.001834750537505], [115.89846744412505, 40.002275], [115.89848907219425, 40.00271524946249], [115.89855374811174, 40.003151259081996], [115.89866084901305, 40.00357882984753], [115.898809343458, 40.003993844018886], [115.89899780136386, 40.004392304782726], [115.89922440777801, 40.00477037474407], [115.8994869803568, 40.005124412882516], [115.89978299038273, 40.00545100961725], [115.90010958711748, 40.0057470196432], [115.90046362525592, 40.00600959222198], [115.90084169521727, 40.00623619863613], [115.90124015598111, 40.006424656542], [115.90165517015247, 40.00657315098694], [115.90208274091799, 40.00668025188826], [115.9025187505375, 40.00674492780575], [115.902959, 40.006766555874954], [115.9033992494625, 40.00674492780575], [115.903835259082, 40.00668025188826], [115.90426282984753, 40.00657315098694], [115.90467784401888, 40.006424656542], [115.90507630478272, 40.00623619863613], [115.90545437474407, 40.00600959222198], [115.90580841288251, 40.0057470196432], [115.90613500961726, 40.00545100961725], [115.9064310196432, 40.005124412882516], [115.90669359222198, 40.00477037474407], [115.90692019863613, 40.004392304782726], [115.907108656542, 40.003993844018886], [115.90725715098694, 40.00357882984753], [115.90736425188825, 40.003151259081996], [115.90742892780574, 40.00271524946249], [115.90745055587495, 40.002275]]]}, "properties": {"name": "北京市京西十八潭景区", "grade": "3A", "amap_name": "京西十八潭(暂停开放)", "district": "门头沟", "disposition": "CONSTRUCTED", "source": "buffer 500.0m", "conf": 0.4, "radius_m": 500, "status": "KNOWN_ISSUE", "issue": "approximate boundary - needs verification"}}, {"type": "Feature", "geometry": {"type": "Polygon", "coordinates": [[[116.3884618, 39.9065228], [116.3873318, 39.9109096], [116.3934615, 39.9171632], [116.4002459, 39.913991], [116.4004207, 39.9081728], [116.3920417, 39.9027992], [116.3884618, 39.9065228]]]}, "properties": {"name": "北京市劳动人民文化宫景区", "grade": "3A", "amap_name": "北京市劳动人民文化宫", "district": "东城", "disposition": "CONSTRUCTED", "source": "POI-HULL(49 facilities)", "conf": 0.7, "radius_m": 400, "status": "KNOWN_ISSUE", "issue": "approximate boundary - needs verification"}}, {"type": "Feature", "geometry": {"type": "Polygon", "coordinates": [[[116.36059162234999, 39.891448], [116.3605829711223, 39.891271900215], [116.3605571007553, 39.891097496367195], [116.36051426039478, 39.89092646806098], [116.3604548626168, 39.89076046239244], [116.36037947945445, 39.89060107808691], [116.3602888368888, 39.89044985010237], [116.36018380785728, 39.89030823484699], [116.3600654038469, 39.890177596153094], [116.35993476515301, 39.890059192142715], [116.35979314989763, 39.889954163111206], [116.3596419219131, 39.889863520545546], [116.35948253760756, 39.8897881373832], [116.35931653193902, 39.88972873960522], [116.3591455036328, 39.88968589924469], [116.358971099785, 39.8896600288777], [116.358795, 39.88965137765001], [116.358618900215, 39.8896600288777], [116.3584444963672, 39.88968589924469], [116.35827346806099, 39.88972873960522], [116.35810746239244, 39.8897881373832], [116.3579480780869, 39.889863520545546], [116.35779685010237, 39.889954163111206], [116.35765523484699, 39.890059192142715], [116.3575245961531, 39.890177596153094], [116.35740619214272, 39.89030823484699], [116.3573011631112, 39.89044985010237], [116.35721052054555, 39.89060107808691], [116.3571351373832, 39.89076046239244], [116.35707573960522, 39.89092646806098], [116.3570328992447, 39.891097496367195], [116.3570070288777, 39.891271900215], [116.35699837765002, 39.891448], [116.3570070288777, 39.89162409978499], [116.3570328992447, 39.8917985036328], [116.35707573960522, 39.89196953193901], [116.3571351373832, 39.89213553760755], [116.35721052054555, 39.892294921913084], [116.3573011631112, 39.89244614989762], [116.35740619214272, 39.892587765153], [116.3575245961531, 39.8927184038469], [116.35765523484699, 39.89283680785728], [116.35779685010237, 39.89294183688879], [116.3579480780869, 39.89303247945445], [116.35810746239244, 39.893107862616795], [116.35827346806099, 39.893167260394776], [116.3584444963672, 39.893210100755304], [116.358618900215, 39.893235971122294], [116.358795, 39.89324462234998], [116.358971099785, 39.893235971122294], [116.3591455036328, 39.893210100755304], [116.35931653193902, 39.893167260394776], [116.35948253760756, 39.893107862616795], [116.3596419219131, 39.89303247945445], [116.35979314989763, 39.89294183688879], [116.35993476515301, 39.89283680785728], [116.3600654038469, 39.8927184038469], [116.36018380785728, 39.892587765153], [116.3602888368888, 39.89244614989762], [116.36037947945445, 39.892294921913084], [116.3604548626168, 39.89213553760755], [116.36051426039478, 39.89196953193901], [116.3605571007553, 39.8917985036328], [116.3605829711223, 39.89162409978499], [116.36059162234999, 39.891448]]]}, "properties": {"name": "北京市宣南文化博物馆景区", "grade": "3A", "amap_name": "北京宣南文化博物馆", "district": "西城", "disposition": "CONSTRUCTED", "source": "buffer 200.0m", "conf": 0.4, "radius_m": 200, "status": "KNOWN_ISSUE", "issue": "approximate boundary - needs verification"}}, {"type": "Feature", "geometry": {"type": "Polygon", "coordinates": [[[117.38620611174991, 40.598909], [117.3861628556115, 40.598028501075014], [117.38603350377653, 40.597156481836], [117.38581930197388, 40.59630134030493], [117.38552231308401, 40.59547131196222], [117.38514539727227, 40.59467439043455], [117.38469218444396, 40.59391825051186], [117.38416703928641, 40.59321017423496], [117.38357501923451, 40.59255698076548], [117.38292182576504, 40.59196496071359], [117.38221374948814, 40.59143981555603], [117.38145760956546, 40.59098660272774], [117.38066068803778, 40.590609686916], [117.37983065969506, 40.59031269802612], [117.378975518164, 40.59009849622347], [117.37810349892499, 40.5899691443885], [117.377223, 40.589925888250086], [117.37634250107502, 40.5899691443885], [117.375470481836, 40.59009849622347], [117.37461534030494, 40.59031269802612], [117.37378531196222, 40.590609686916], [117.37298839043454, 40.59098660272774], [117.37223225051186, 40.59143981555603], [117.37152417423496, 40.59196496071359], [117.37087098076549, 40.59255698076548], [117.37027896071359, 40.59321017423496], [117.36975381555604, 40.59391825051186], [117.36930060272773, 40.59467439043455], [117.36892368691599, 40.59547131196222], [117.36862669802612, 40.59630134030493], [117.36841249622347, 40.597156481836], [117.3682831443885, 40.598028501075014], [117.36823988825009, 40.598909], [117.3682831443885, 40.599789498924984], [117.36841249622347, 40.600661518163996], [117.36862669802612, 40.601516659695065], [117.36892368691599, 40.60234668803778], [117.36930060272773, 40.60314360956545], [117.36975381555604, 40.603899749488136], [117.37027896071359, 40.60460782576504], [117.37087098076549, 40.60526101923452], [117.37152417423496, 40.60585303928641], [117.37223225051186, 40.60637818444397], [117.37298839043454, 40.60683139727226], [117.37378531196222, 40.607208313084], [117.37461534030494, 40.60750530197388], [117.375470481836, 40.60771950377653], [117.37634250107502, 40.6078488556115], [117.377223, 40.60789211174991], [117.37810349892499, 40.6078488556115], [117.378975518164, 40.60771950377653], [117.37983065969506, 40.60750530197388], [117.38066068803778, 40.607208313084], [117.38145760956546, 40.60683139727226], [117.38221374948814, 40.60637818444397], [117.38292182576504, 40.60585303928641], [117.38357501923451, 40.60526101923452], [117.38416703928641, 40.60460782576504], [117.38469218444396, 40.603899749488136], [117.38514539727227, 40.60314360956545], [117.38552231308401, 40.60234668803778], [117.38581930197388, 40.601516659695065], [117.38603350377653, 40.600661518163996], [117.3861628556115, 40.599789498924984], [117.38620611174991, 40.598909]]]}, "properties": {"name": "北京市密云云岫谷游猎自然风景区", "grade": "2A", "amap_name": "云岫谷游猎自然风景区", "district": "密云", "disposition": "CONSTRUCTED", "source": "buffer 1000.0m", "conf": 0.4, "radius_m": 1000, "status": "KNOWN_ISSUE", "issue": "approximate boundary - needs verification"}}, {"type": "Feature", "geometry": {"type": "Polygon", "coordinates": [[[116.98395111174992, 40.271879], [116.9839078556115, 40.27099850107501], [116.98377850377653, 40.270126481836], [116.98356430197389, 40.26927134030493], [116.98326731308401, 40.26844131196222], [116.98289039727227, 40.26764439043455], [116.98243718444397, 40.26688825051186], [116.98191203928641, 40.26618017423496], [116.98132001923452, 40.26552698076548], [116.98066682576504, 40.26493496071359], [116.97995874948815, 40.26440981555603], [116.97920260956546, 40.26395660272774], [116.97840568803778, 40.263579686915996], [116.97757565969506, 40.26328269802612], [116.976720518164, 40.26306849622347], [116.97584849892499, 40.2629391443885], [116.974968, 40.262895888250085], [116.97408750107502, 40.2629391443885], [116.97321548183601, 40.26306849622347], [116.97236034030495, 40.26328269802612], [116.97153031196223, 40.263579686915996], [116.97073339043455, 40.26395660272774], [116.96997725051186, 40.26440981555603], [116.96926917423497, 40.26493496071359], [116.96861598076549, 40.26552698076548], [116.9680239607136, 40.26618017423496], [116.96749881555604, 40.26688825051186], [116.96704560272774, 40.26764439043455], [116.966668686916, 40.26844131196222], [116.96637169802612, 40.26927134030493], [116.96615749622347, 40.270126481836], [116.9660281443885, 40.27099850107501], [116.96598488825009, 40.271879], [116.9660281443885, 40.272759498924984], [116.96615749622347, 40.273631518163995], [116.96637169802612, 40.274486659695064], [116.966668686916, 40.275316688037776], [116.96704560272774, 40.27611360956545], [116.96749881555604, 40.276869749488135], [116.9680239607136, 40.277577825765036], [116.96861598076549, 40.27823101923452], [116.96926917423497, 40.27882303928641], [116.96997725051186, 40.27934818444397], [116.97073339043455, 40.27980139727226], [116.97153031196223, 40.280178313084], [116.97236034030495, 40.28047530197388], [116.97321548183601, 40.28068950377653], [116.97408750107502, 40.2808188556115], [116.974968, 40.28086211174991], [116.97584849892499, 40.2808188556115], [116.976720518164, 40.28068950377653], [116.97757565969506, 40.28047530197388], [116.97840568803778, 40.280178313084], [116.97920260956546, 40.27980139727226], [116.97995874948815, 40.27934818444397], [116.98066682576504, 40.27882303928641], [116.98132001923452, 40.27823101923452], [116.98191203928641, 40.277577825765036], [116.98243718444397, 40.276869749488135], [116.98289039727227, 40.27611360956545], [116.98326731308401, 40.275316688037776], [116.98356430197389, 40.274486659695064], [116.98377850377653, 40.273631518163995], [116.9839078556115, 40.272759498924984], [116.98395111174992, 40.271879]]]}, "properties": {"name": "北京市平谷区丫髻山景区", "grade": "4A", "amap_name": "丫髻山", "district": "平谷", "disposition": "CONSTRUCTED", "source": "buffer 1000.0m", "conf": 0.4, "radius_m": 1000, "status": "KNOWN_ISSUE", "issue": "approximate boundary - needs verification"}}, {"type": "Feature", "geometry": {"type": "Polygon", "coordinates": [[[116.65159511174991, 40.450625], [116.6515518556115, 40.44974450107502], [116.65142250377653, 40.448872481836005], [116.65120830197388, 40.448017340304936], [116.65091131308401, 40.447187311962224], [116.65053439727227, 40.44639039043455], [116.65008118444396, 40.445634250511866], [116.64955603928641, 40.444926174234965], [116.64896401923451, 40.44427298076548], [116.64831082576504, 40.44368096071359], [116.64760274948814, 40.44315581555603], [116.64684660956546, 40.44270260272774], [116.64604968803778, 40.442325686916], [116.64521965969506, 40.44202869802612], [116.644364518164, 40.44181449622347], [116.64349249892499, 40.4416851443885], [116.642612, 40.44164188825009], [116.64173150107501, 40.4416851443885], [116.640859481836, 40.44181449622347], [116.64000434030494, 40.44202869802612], [116.63917431196222, 40.442325686916], [116.63837739043454, 40.44270260272774], [116.63762125051186, 40.44315581555603], [116.63691317423496, 40.44368096071359], [116.63625998076549, 40.44427298076548], [116.63566796071359, 40.444926174234965], [116.63514281555604, 40.445634250511866], [116.63468960272773, 40.44639039043455], [116.63431268691599, 40.447187311962224], [116.63401569802612, 40.448017340304936], [116.63380149622347, 40.448872481836005], [116.6336721443885, 40.44974450107502], [116.63362888825009, 40.450625], [116.6336721443885, 40.45150549892499], [116.63380149622347, 40.452377518164], [116.63401569802612, 40.45323265969507], [116.63431268691599, 40.45406268803778], [116.63468960272773, 40.45485960956545], [116.63514281555604, 40.45561574948814], [116.63566796071359, 40.45632382576504], [116.63625998076549, 40.45697701923452], [116.63691317423496, 40.45756903928641], [116.63762125051186, 40.45809418444397], [116.63837739043454, 40.45854739727226], [116.63917431196222, 40.458924313084005], [116.64000434030494, 40.459221301973884], [116.640859481836, 40.45943550377653], [116.64173150107501, 40.459564855611504], [116.642612, 40.459608111749915], [116.64349249892499, 40.459564855611504], [116.644364518164, 40.45943550377653], [116.64521965969506, 40.459221301973884], [116.64604968803778, 40.458924313084005], [116.64684660956546, 40.45854739727226], [116.64760274948814, 40.45809418444397], [116.64831082576504, 40.45756903928641], [116.64896401923451, 40.45697701923452], [116.64955603928641, 40.45632382576504], [116.65008118444396, 40.45561574948814], [116.65053439727227, 40.45485960956545], [116.65091131308401, 40.45406268803778], [116.65120830197388, 40.45323265969507], [116.65142250377653, 40.452377518164], [116.6515518556115, 40.45150549892499], [116.65159511174991, 40.450625]]]}, "properties": {"name": "北京市怀柔区九谷口自然风景区", "grade": "3A", "amap_name": "九谷口自然风景区", "district": "怀柔", "disposition": "CONSTRUCTED", "source": "buffer 1000.0m", "conf": 0.4, "radius_m": 1000, "status": "KNOWN_ISSUE", "issue": "approximate boundary - needs verification"}}, {"type": "Feature", "geometry": {"type": "Polygon", "coordinates": [[[116.63901624469997, 40.363892], [116.6389989422446, 40.363539800430004], [116.63894720151062, 40.3631909927344], [116.63886152078956, 40.36284893612198], [116.6387427252336, 40.36251692478489], [116.6385919589089, 40.36219815617382], [116.63841067377759, 40.36189570020474], [116.63820061571457, 40.36161246969399], [116.63796380769381, 40.361351192306195], [116.63770253030602, 40.361114384285436], [116.63741929979525, 40.36090432622241], [116.63711684382618, 40.36072304109109], [116.63679807521511, 40.3605722747664], [116.63646606387803, 40.36045347921045], [116.63612400726561, 40.360367798489385], [116.63577519956999, 40.3603160577554], [116.635423, 40.360298755300036], [116.63507080043001, 40.3603160577554], [116.6347219927344, 40.360367798489385], [116.63437993612197, 40.36045347921045], [116.6340479247849, 40.3605722747664], [116.63372915617383, 40.36072304109109], [116.63342670020475, 40.36090432622241], [116.63314346969399, 40.361114384285436], [116.6328821923062, 40.361351192306195], [116.63264538428544, 40.36161246969399], [116.63243532622242, 40.36189570020474], [116.6322540410911, 40.36219815617382], [116.63210327476641, 40.36251692478489], [116.63198447921044, 40.36284893612198], [116.63189879848939, 40.3631909927344], [116.63184705775541, 40.363539800430004], [116.63182975530003, 40.363892], [116.63184705775541, 40.364244199569995], [116.63189879848939, 40.3645930072656], [116.63198447921044, 40.36493506387802], [116.63210327476641, 40.36526707521511], [116.6322540410911, 40.36558584382618], [116.63243532622242, 40.36588829979526], [116.63264538428544, 40.36617153030601], [116.6328821923062, 40.366432807693805], [116.63314346969399, 40.366669615714564], [116.63342670020475, 40.36687967377759], [116.63372915617383, 40.36706095890891], [116.6340479247849, 40.3672117252336], [116.63437993612197, 40.36733052078955], [116.6347219927344, 40.367416201510615], [116.63507080043001, 40.3674679422446], [116.635423, 40.367485244699964], [116.63577519956999, 40.3674679422446], [116.63612400726561, 40.367416201510615], [116.63646606387803, 40.36733052078955], [116.63679807521511, 40.3672117252336], [116.63711684382618, 40.36706095890891], [116.63741929979525, 40.36687967377759], [116.63770253030602, 40.366669615714564], [116.63796380769381, 40.366432807693805], [116.63820061571457, 40.36617153030601], [116.63841067377759, 40.36588829979526], [116.6385919589089, 40.36558584382618], [116.6387427252336, 40.36526707521511], [116.63886152078956, 40.36493506387802], [116.63894720151062, 40.3645930072656], [116.6389989422446, 40.364244199569995], [116.63901624469997, 40.363892]]]}, "properties": {"name": "北京市怀柔区生存岛新概念旅游基地景区", "grade": "3A", "amap_name": "生存岛新概念旅游基地", "district": "怀柔", "disposition": "CONSTRUCTED", "source": "buffer 400.0m", "conf": 0.4, "radius_m": 400, "status": "KNOWN_ISSUE", "issue": "approximate boundary - needs verification"}}, {"type": "Feature", "geometry": {"type": "Polygon", "coordinates": [[[116.62157993352498, 40.38298], [116.62156695668345, 40.382715850322505], [116.62152815113296, 40.38245424455081], [116.62146389059217, 40.38219770209148], [116.62137479392521, 40.38194869358867], [116.62126171918169, 40.38170961713037], [116.6211257553332, 40.381482775153565], [116.62096821178592, 40.38127035227049], [116.62079060577037, 40.38107439422965], [116.62059464772952, 40.38089678821408], [116.62038222484645, 40.38073924466681], [116.62015538286964, 40.38060328081833], [116.61991630641134, 40.3804902060748], [116.61966729790852, 40.38040110940784], [116.61941075544921, 40.380336848867046], [116.6191491496775, 40.38029804331655], [116.618885, 40.38028506647503], [116.61862085032251, 40.38029804331655], [116.6183592445508, 40.380336848867046], [116.61810270209149, 40.38040110940784], [116.61785369358867, 40.3804902060748], [116.61761461713037, 40.38060328081833], [116.61738777515356, 40.38073924466681], [116.6171753522705, 40.38089678821408], [116.61697939422965, 40.38107439422965], [116.61680178821409, 40.38127035227049], [116.61664424466682, 40.381482775153565], [116.61650828081832, 40.38170961713037], [116.6163952060748, 40.38194869358867], [116.61630610940784, 40.38219770209148], [116.61624184886705, 40.38245424455081], [116.61620304331656, 40.382715850322505], [116.61619006647503, 40.38298], [116.61620304331656, 40.3832441496775], [116.61624184886705, 40.3835057554492], [116.61630610940784, 40.383762297908525], [116.6163952060748, 40.38401130641134], [116.61650828081832, 40.38425038286964], [116.61664424466682, 40.38447722484644], [116.61680178821409, 40.384689647729516], [116.61697939422965, 40.38488560577036], [116.6171753522705, 40.385063211785926], [116.61738777515356, 40.385220755333194], [116.61761461713037, 40.38535671918168], [116.61785369358867, 40.3854697939252], [116.61810270209149, 40.385558890592165], [116.6183592445508, 40.38562315113296], [116.61862085032251, 40.38566195668346], [116.618885, 40.385674933524975], [116.6191491496775, 40.38566195668346], [116.61941075544921, 40.38562315113296], [116.61966729790852, 40.385558890592165], [116.61991630641134, 40.3854697939252], [116.62015538286964, 40.38535671918168], [116.62038222484645, 40.385220755333194], [116.62059464772952, 40.385063211785926], [116.62079060577037, 40.38488560577036], [116.62096821178592, 40.384689647729516], [116.6211257553332, 40.38447722484644], [116.62126171918169, 40.38425038286964], [116.62137479392521, 40.38401130641134], [116.62146389059217, 40.383762297908525], [116.62152815113296, 40.3835057554492], [116.62156695668345, 40.3832441496775], [116.62157993352498, 40.38298]]]}, "properties": {"name": "北京市怀柔区红螺寺景区", "grade": "4A", "amap_name": "红螺寺", "district": "怀柔", "disposition": "CONSTRUCTED", "source": "buffer 300.0m", "conf": 0.4, "radius_m": 300, "status": "KNOWN_ISSUE", "issue": "approximate boundary - needs verification"}}, {"type": "Feature", "geometry": {"type": "Polygon", "coordinates": [[[115.77098893352498, 39.607877], [115.77097595668344, 39.607612850322504], [115.77093715113296, 39.607351244550806], [115.77087289059216, 39.60709470209148], [115.7707837939252, 39.60684569358867], [115.77067071918168, 39.60660661713037], [115.77053475533319, 39.60637977515356], [115.77037721178591, 39.60616735227049], [115.77019960577036, 39.60597139422965], [115.77000364772951, 39.60579378821408], [115.76979122484644, 39.60563624466681], [115.76956438286963, 39.605500280818326], [115.76932530641133, 39.6053872060748], [115.76907629790851, 39.60529810940784], [115.7688197554492, 39.605233848867044], [115.76855814967749, 39.60519504331655], [115.768294, 39.60518206647503], [115.7680298503225, 39.60519504331655], [115.7677682445508, 39.605233848867044], [115.76751170209148, 39.60529810940784], [115.76726269358866, 39.6053872060748], [115.76702361713036, 39.605500280818326], [115.76679677515355, 39.60563624466681], [115.76658435227048, 39.60579378821408], [115.76638839422964, 39.60597139422965], [115.76621078821408, 39.60616735227049], [115.76605324466681, 39.60637977515356], [115.76591728081831, 39.60660661713037], [115.76580420607479, 39.60684569358867], [115.76571510940784, 39.60709470209148], [115.76565084886704, 39.607351244550806], [115.76561204331655, 39.607612850322504], [115.76559906647502, 39.607877], [115.76561204331655, 39.6081411496775], [115.76565084886704, 39.6084027554492], [115.76571510940784, 39.608659297908524], [115.76580420607479, 39.60890830641134], [115.76591728081831, 39.60914738286964], [115.76605324466681, 39.60937422484644], [115.76621078821408, 39.609586647729515], [115.76638839422964, 39.609782605770356], [115.76658435227048, 39.609960211785925], [115.76679677515355, 39.61011775533319], [115.76702361713036, 39.61025371918168], [115.76726269358866, 39.6103667939252], [115.76751170209148, 39.61045589059216], [115.7677682445508, 39.61052015113296], [115.7680298503225, 39.610558956683455], [115.768294, 39.61057193352497], [115.76855814967749, 39.610558956683455], [115.7688197554492, 39.61052015113296], [115.76907629790851, 39.61045589059216], [115.76932530641133, 39.6103667939252], [115.76956438286963, 39.61025371918168], [115.76979122484644, 39.61011775533319], [115.77000364772951, 39.609960211785925], [115.77019960577036, 39.609782605770356], [115.77037721178591, 39.609586647729515], [115.77053475533319, 39.60937422484644], [115.77067071918168, 39.60914738286964], [115.7707837939252, 39.60890830641134], [115.77087289059216, 39.608659297908524], [115.77093715113296, 39.6084027554492], [115.77097595668344, 39.6081411496775], [115.77098893352498, 39.607877]]]}, "properties": {"name": "北京市房山区云居寺景区", "grade": "4A", "amap_name": "云居寺", "district": "房山", "disposition": "CONSTRUCTED", "source": "buffer 300.0m", "conf": 0.4, "radius_m": 300, "status": "KNOWN_ISSUE", "issue": "approximate boundary - needs verification"}}, {"type": "Feature", "geometry": {"type": "Polygon", "coordinates": [[[115.94280286704995, 39.796453], [115.94277691336691, 39.79592470064501], [115.94269930226592, 39.7954014891016], [115.94257078118433, 39.79488840418296], [115.9423925878504, 39.79439038717734], [115.94216643836336, 39.79391223426073], [115.94189451066639, 39.793458550307115], [115.94157942357185, 39.79303370454098], [115.94122421154071, 39.79264178845929], [115.94083229545903, 39.792286576428154], [115.94040744969288, 39.79197148933362], [115.93995376573928, 39.79169956163664], [115.93947561282268, 39.7914734121496], [115.93897759581705, 39.79129521881567], [115.9384645108984, 39.791166697734084], [115.937941299355, 39.7910890866331], [115.937413, 39.79106313295005], [115.93688470064501, 39.7910890866331], [115.93636148910161, 39.791166697734084], [115.93584840418296, 39.79129521881567], [115.93535038717734, 39.7914734121496], [115.93487223426074, 39.79169956163664], [115.93441855030713, 39.79197148933362], [115.93399370454098, 39.792286576428154], [115.9336017884593, 39.79264178845929], [115.93324657642816, 39.79303370454098], [115.93293148933363, 39.793458550307115], [115.93265956163665, 39.79391223426073], [115.9324334121496, 39.79439038717734], [115.93225521881568, 39.79488840418296], [115.93212669773409, 39.7954014891016], [115.9320490866331, 39.79592470064501], [115.93202313295006, 39.796453], [115.9320490866331, 39.79698129935499], [115.93212669773409, 39.7975045108984], [115.93225521881568, 39.798017595817036], [115.9324334121496, 39.79851561282266], [115.93265956163665, 39.79899376573927], [115.93293148933363, 39.799447449692885], [115.93324657642816, 39.79987229545902], [115.9336017884593, 39.80026421154071], [115.93399370454098, 39.800619423571845], [115.93441855030713, 39.80093451066638], [115.93487223426074, 39.80120643836336], [115.93535038717734, 39.8014325878504], [115.93584840418296, 39.80161078118433], [115.93636148910161, 39.801739302265915], [115.93688470064501, 39.8018169133669], [115.937413, 39.80184286704995], [115.937941299355, 39.8018169133669], [115.9384645108984, 39.801739302265915], [115.93897759581705, 39.80161078118433], [115.93947561282268, 39.8014325878504], [115.93995376573928, 39.80120643836336], [115.94040744969288, 39.80093451066638], [115.94083229545903, 39.800619423571845], [115.94122421154071, 39.80026421154071], [115.94157942357185, 39.79987229545902], [115.94189451066639, 39.799447449692885], [115.94216643836336, 39.79899376573927], [115.9423925878504, 39.79851561282266], [115.94257078118433, 39.798017595817036], [115.94269930226592, 39.7975045108984], [115.94277691336691, 39.79698129935499], [115.94280286704995, 39.796453]]]}, "properties": {"name": "北京市房山区石花洞景区", "grade": "4A", "amap_name": "石花洞景区", "district": "房山", "disposition": "CONSTRUCTED", "source": "buffer 600.0m", "conf": 0.4, "radius_m": 600, "status": "KNOWN_ISSUE", "issue": "approximate boundary - needs verification"}}, {"type": "Feature", "geometry": {"type": "Polygon", "coordinates": [[[115.95150624469997, 39.60096], [115.9514889422446, 39.600607800430005], [115.95143720151061, 39.6002589927344], [115.95135152078956, 39.59991693612198], [115.9512327252336, 39.59958492478489], [115.9510819589089, 39.59926615617382], [115.95090067377758, 39.59896370020474], [115.95069061571456, 39.59868046969399], [115.9504538076938, 39.598419192306196], [115.95019253030601, 39.59818238428544], [115.94990929979525, 39.59797232622241], [115.94960684382617, 39.59779104109109], [115.94928807521511, 39.5976402747664], [115.94895606387803, 39.59752147921045], [115.9486140072656, 39.597435798489386], [115.94826519956999, 39.5973840577554], [115.947913, 39.59736675530004], [115.94756080043001, 39.5973840577554], [115.9472119927344, 39.597435798489386], [115.94686993612197, 39.59752147921045], [115.94653792478489, 39.5976402747664], [115.94621915617383, 39.59779104109109], [115.94591670020475, 39.59797232622241], [115.94563346969399, 39.59818238428544], [115.9453721923062, 39.598419192306196], [115.94513538428544, 39.59868046969399], [115.94492532622242, 39.59896370020474], [115.9447440410911, 39.59926615617382], [115.9445932747664, 39.59958492478489], [115.94447447921044, 39.59991693612198], [115.94438879848938, 39.6002589927344], [115.9443370577554, 39.600607800430005], [115.94431975530003, 39.60096], [115.9443370577554, 39.601312199569996], [115.94438879848938, 39.6016610072656], [115.94447447921044, 39.60200306387802], [115.9445932747664, 39.60233507521511], [115.9447440410911, 39.60265384382618], [115.94492532622242, 39.60295629979526], [115.94513538428544, 39.60323953030601], [115.9453721923062, 39.603500807693806], [115.94563346969399, 39.603737615714564], [115.94591670020475, 39.60394767377759], [115.94621915617383, 39.60412895890891], [115.94653792478489, 39.6042797252336], [115.94686993612197, 39.60439852078955], [115.9472119927344, 39.604484201510616], [115.94756080043001, 39.6045359422446], [115.947913, 39.604553244699964], [115.94826519956999, 39.6045359422446], [115.9486140072656, 39.604484201510616], [115.94895606387803, 39.60439852078955], [115.94928807521511, 39.6042797252336], [115.94960684382617, 39.60412895890891], [115.94990929979525, 39.60394767377759], [115.95019253030601, 39.603737615714564], [115.9504538076938, 39.603500807693806], [115.95069061571456, 39.60323953030601], [115.95090067377758, 39.60295629979526], [115.9510819589089, 39.60265384382618], [115.9512327252336, 39.60233507521511], [115.95135152078956, 39.60200306387802], [115.95143720151061, 39.6016610072656], [115.9514889422446, 39.601312199569996], [115.95150624469997, 39.60096]]]}, "properties": {"name": "北京市房山区韩村河景区", "grade": "3A", "amap_name": "韩村河", "district": "房山", "disposition": "CONSTRUCTED", "source": "buffer 400.0m", "conf": 0.4, "radius_m": 400, "status": "KNOWN_ISSUE", "issue": "approximate boundary - needs verification"}}, {"type": "Feature", "geometry": {"type": "Polygon", "coordinates": [[[116.1415513, 40.2416292], [116.1420311, 40.2479228], [116.1455842, 40.2488009], [116.1455147, 40.24753], [116.1415513, 40.2416292]]]}, "properties": {"name": "北京市昌平区南口镇艺麓园景区", "grade": "3A", "amap_name": "艺麓园", "district": "昌平", "disposition": "CONSTRUCTED", "source": "POI-HULL(18 facilities)", "conf": 0.7, "radius_m": 400, "status": "KNOWN_ISSUE", "issue": "approximate boundary - needs verification"}}, {"type": "Feature", "geometry": {"type": "Polygon", "coordinates": [[[116.10400224469997, 40.323754], [116.1039849422446, 40.323401800430005], [116.10393320151061, 40.323052992734404], [116.10384752078956, 40.32271093612198], [116.1037287252336, 40.32237892478489], [116.1035779589089, 40.32206015617382], [116.10339667377758, 40.32175770020474], [116.10318661571456, 40.32147446969399], [116.1029498076938, 40.321213192306196], [116.10268853030601, 40.32097638428544], [116.10240529979525, 40.32076632622241], [116.10210284382617, 40.32058504109109], [116.10178407521511, 40.3204342747664], [116.10145206387803, 40.32031547921045], [116.1011100072656, 40.320229798489386], [116.10076119956999, 40.3201780577554], [116.100409, 40.32016075530004], [116.10005680043001, 40.3201780577554], [116.0997079927344, 40.320229798489386], [116.09936593612197, 40.32031547921045], [116.09903392478489, 40.3204342747664], [116.09871515617382, 40.32058504109109], [116.09841270020475, 40.32076632622241], [116.09812946969399, 40.32097638428544], [116.0978681923062, 40.321213192306196], [116.09763138428544, 40.32147446969399], [116.09742132622242, 40.32175770020474], [116.0972400410911, 40.32206015617382], [116.0970892747664, 40.32237892478489], [116.09697047921044, 40.32271093612198], [116.09688479848938, 40.323052992734404], [116.0968330577554, 40.323401800430005], [116.09681575530003, 40.323754], [116.0968330577554, 40.32410619957], [116.09688479848938, 40.3244550072656], [116.09697047921044, 40.32479706387802], [116.0970892747664, 40.32512907521511], [116.0972400410911, 40.32544784382618], [116.09742132622242, 40.32575029979526], [116.09763138428544, 40.32603353030601], [116.0978681923062, 40.326294807693806], [116.09812946969399, 40.326531615714565], [116.09841270020475, 40.32674167377759], [116.09871515617382, 40.32692295890891], [116.09903392478489, 40.3270737252336], [116.09936593612197, 40.32719252078955], [116.0997079927344, 40.327278201510616], [116.10005680043001, 40.3273299422446], [116.100409, 40.327347244699965], [116.10076119956999, 40.3273299422446], [116.1011100072656, 40.327278201510616], [116.10145206387803, 40.32719252078955], [116.10178407521511, 40.3270737252336], [116.10210284382617, 40.32692295890891], [116.10240529979525, 40.32674167377759], [116.10268853030601, 40.326531615714565], [116.1029498076938, 40.326294807693806], [116.10318661571456, 40.32603353030601], [116.10339667377758, 40.32575029979526], [116.1035779589089, 40.32544784382618], [116.1037287252336, 40.32512907521511], [116.10384752078956, 40.32479706387802], [116.10393320151061, 40.3244550072656], [116.1039849422446, 40.32410619957], [116.10400224469997, 40.323754]]]}, "properties": {"name": "北京市昌平虎峪自然风景区", "grade": "2A", "amap_name": "虎峪自然风景区", "district": "昌平", "disposition": "CONSTRUCTED", "source": "buffer 400.0m", "conf": 0.4, "radius_m": 400, "status": "KNOWN_ISSUE", "issue": "approximate boundary - needs verification"}}, {"type": "Feature", "geometry": {"type": "Polygon", "coordinates": [[[116.54852224469997, 39.932751], [116.54850494224459, 39.93239880043001], [116.54845320151061, 39.932049992734406], [116.54836752078955, 39.93170793612198], [116.54824872523359, 39.931375924784895], [116.5480979589089, 39.93105715617382], [116.54791667377758, 39.930754700204744], [116.54770661571456, 39.93047146969399], [116.5474698076938, 39.9302101923062], [116.54720853030601, 39.92997338428544], [116.54692529979525, 39.929763326222414], [116.54662284382617, 39.929582041091095], [116.5463040752151, 39.9294312747664], [116.54597206387803, 39.92931247921045], [116.5456300072656, 39.92922679848939], [116.54528119956998, 39.9291750577554], [116.544929, 39.92915775530004], [116.54457680043001, 39.9291750577554], [116.54422799273439, 39.92922679848939], [116.54388593612197, 39.92931247921045], [116.54355392478489, 39.9294312747664], [116.54323515617382, 39.929582041091095], [116.54293270020474, 39.929763326222414], [116.54264946969398, 39.92997338428544], [116.54238819230619, 39.9302101923062], [116.54215138428543, 39.93047146969399], [116.54194132622241, 39.930754700204744], [116.5417600410911, 39.93105715617382], [116.5416092747664, 39.931375924784895], [116.54149047921044, 39.93170793612198], [116.54140479848938, 39.932049992734406], [116.5413530577554, 39.93239880043001], [116.54133575530003, 39.932751], [116.5413530577554, 39.93310319957], [116.54140479848938, 39.9334520072656], [116.54149047921044, 39.933794063878025], [116.5416092747664, 39.93412607521511], [116.5417600410911, 39.934444843826185], [116.54194132622241, 39.93474729979526], [116.54215138428543, 39.935030530306015], [116.54238819230619, 39.93529180769381], [116.54264946969398, 39.93552861571457], [116.54293270020474, 39.93573867377759], [116.54323515617382, 39.93591995890891], [116.54355392478489, 39.936070725233606], [116.54388593612197, 39.936189520789554], [116.54422799273439, 39.93627520151062], [116.54457680043001, 39.936326942244605], [116.544929, 39.93634424469997], [116.54528119956998, 39.936326942244605], [116.5456300072656, 39.93627520151062], [116.54597206387803, 39.936189520789554], [116.5463040752151, 39.936070725233606], [116.54662284382617, 39.93591995890891], [116.54692529979525, 39.93573867377759], [116.54720853030601, 39.93552861571457], [116.5474698076938, 39.93529180769381], [116.54770661571456, 39.935030530306015], [116.54791667377758, 39.93474729979526], [116.5480979589089, 39.934444843826185], [116.54824872523359, 39.93412607521511], [116.54836752078955, 39.933794063878025], [116.54845320151061, 39.9334520072656], [116.54850494224459, 39.93310319957], [116.54852224469997, 39.932751]]]}, "properties": {"name": "北京市朝阳区京城梨园景区", "grade": "3A", "amap_name": "京城梨园", "district": "朝阳", "disposition": "CONSTRUCTED", "source": "buffer 400.0m", "conf": 0.4, "radius_m": 400, "status": "KNOWN_ISSUE", "issue": "approximate boundary - needs verification"}}, {"type": "Feature", "geometry": {"type": "Polygon", "coordinates": [[[116.53396555587494, 39.877229], [116.53394392780574, 39.87678875053751], [116.53387925188825, 39.876352740918], [116.53377215098693, 39.87592517015247], [116.53362365654199, 39.87551015598111], [116.53343519863613, 39.87511169521727], [116.53320859222198, 39.87473362525593], [116.53294601964319, 39.87437958711748], [116.53265000961726, 39.874052990382744], [116.5323234128825, 39.873756980356795], [116.53196937474407, 39.87349440777802], [116.53159130478272, 39.873267801363866], [116.53119284401888, 39.873079343457995], [116.53077782984752, 39.87293084901306], [116.530350259082, 39.872823748111735], [116.5299142494625, 39.87275907219425], [116.529474, 39.87273744412504], [116.5290337505375, 39.87275907219425], [116.52859774091799, 39.872823748111735], [116.52817017015246, 39.87293084901306], [116.52775515598111, 39.873079343457995], [116.52735669521726, 39.873267801363866], [116.52697862525592, 39.87349440777802], [116.52662458711748, 39.873756980356795], [116.52629799038273, 39.874052990382744], [116.5260019803568, 39.87437958711748], [116.525739407778, 39.87473362525593], [116.52551280136386, 39.87511169521727], [116.525324343458, 39.87551015598111], [116.52517584901305, 39.87592517015247], [116.52506874811174, 39.876352740918], [116.52500407219425, 39.87678875053751], [116.52498244412504, 39.877229], [116.52500407219425, 39.87766924946249], [116.52506874811174, 39.878105259082], [116.52517584901305, 39.87853282984753], [116.525324343458, 39.87894784401889], [116.52551280136386, 39.87934630478273], [116.525739407778, 39.87972437474407], [116.5260019803568, 39.88007841288252], [116.52629799038273, 39.880405009617256], [116.52662458711748, 39.880701019643205], [116.52697862525592, 39.88096359222198], [116.52735669521726, 39.88119019863613], [116.52775515598111, 39.881378656542005], [116.52817017015246, 39.88152715098694], [116.52859774091799, 39.881634251888265], [116.5290337505375, 39.88169892780575], [116.529474, 39.881720555874956], [116.5299142494625, 39.88169892780575], [116.530350259082, 39.881634251888265], [116.53077782984752, 39.88152715098694], [116.53119284401888, 39.881378656542005], [116.53159130478272, 39.88119019863613], [116.53196937474407, 39.88096359222198], [116.5323234128825, 39.880701019643205], [116.53265000961726, 39.880405009617256], [116.53294601964319, 39.88007841288252], [116.53320859222198, 39.87972437474407], [116.53343519863613, 39.87934630478273], [116.53362365654199, 39.87894784401889], [116.53377215098693, 39.87853282984753], [116.53387925188825, 39.878105259082], [116.53394392780574, 39.87766924946249], [116.53396555587494, 39.877229]]]}, "properties": {"name": "北京市朝阳区古塔公园景区", "grade": "3A", "amap_name": "古塔公园", "district": "朝阳", "disposition": "CONSTRUCTED", "source": "buffer 500.0m", "conf": 0.4, "radius_m": 500, "status": "KNOWN_ISSUE", "issue": "approximate boundary - needs verification"}}, {"type": "Feature", "geometry": {"type": "Polygon", "coordinates": [[[116.4696621, 39.9700093], [116.4684815, 39.971814], [116.4686298, 39.9718316], [116.4705643, 39.9715042], [116.4700484, 39.9700637], [116.4696621, 39.9700093]]]}, "properties": {"name": "北京市朝阳区四得公园景区", "grade": "3A", "amap_name": "四得公园", "district": "朝阳", "disposition": "CONSTRUCTED", "source": "POI-HULL(8 facilities)", "conf": 0.7, "radius_m": 500, "status": "KNOWN_ISSUE", "issue": "approximate boundary - needs verification"}}, {"type": "Feature", "geometry": {"type": "Polygon", "coordinates": [[[116.46231655587495, 39.902088], [116.46229492780574, 39.90164775053751], [116.46223025188826, 39.901211740918], [116.46212315098694, 39.90078417015247], [116.461974656542, 39.90036915598111], [116.46178619863613, 39.89997069521727], [116.46155959222199, 39.89959262525593], [116.4612970196432, 39.89923858711748], [116.46100100961726, 39.89891199038274], [116.46067441288251, 39.898615980356794], [116.46032037474407, 39.89835340777802], [116.45994230478273, 39.898126801363865], [116.45954384401888, 39.897938343457994], [116.45912882984753, 39.89778984901306], [116.458701259082, 39.897682748111734], [116.4582652494625, 39.89761807219425], [116.457825, 39.89759644412504], [116.4573847505375, 39.89761807219425], [116.456948740918, 39.897682748111734], [116.45652117015247, 39.89778984901306], [116.45610615598112, 39.897938343457994], [116.45570769521727, 39.898126801363865], [116.45532962525593, 39.89835340777802], [116.45497558711749, 39.898615980356794], [116.45464899038274, 39.89891199038274], [116.4543529803568, 39.89923858711748], [116.45409040777801, 39.89959262525593], [116.45386380136387, 39.89997069521727], [116.453675343458, 39.90036915598111], [116.45352684901306, 39.90078417015247], [116.45341974811174, 39.901211740918], [116.45335507219426, 39.90164775053751], [116.45333344412505, 39.902088], [116.45335507219426, 39.90252824946249], [116.45341974811174, 39.902964259082], [116.45352684901306, 39.90339182984753], [116.453675343458, 39.90380684401889], [116.45386380136387, 39.90420530478273], [116.45409040777801, 39.90458337474407], [116.4543529803568, 39.90493741288252], [116.45464899038274, 39.905264009617255], [116.45497558711749, 39.905560019643204], [116.45532962525593, 39.90582259222198], [116.45570769521727, 39.90604919863613], [116.45610615598112, 39.906237656542004], [116.45652117015247, 39.90638615098694], [116.456948740918, 39.906493251888264], [116.4573847505375, 39.90655792780575], [116.457825, 39.906579555874956], [116.4582652494625, 39.90655792780575], [116.458701259082, 39.906493251888264], [116.45912882984753, 39.90638615098694], [116.45954384401888, 39.906237656542004], [116.45994230478273, 39.90604919863613], [116.46032037474407, 39.90582259222198], [116.46067441288251, 39.905560019643204], [116.46100100961726, 39.905264009617255], [116.4612970196432, 39.90493741288252], [116.46155959222199, 39.90458337474407], [116.46178619863613, 39.90420530478273], [116.461974656542, 39.90380684401889], [116.46212315098694, 39.90339182984753], [116.46223025188826, 39.902964259082], [116.46229492780574, 39.90252824946249], [116.46231655587495, 39.902088]]]}, "properties": {"name": "北京市朝阳区庆丰公园景区", "grade": "3A", "amap_name": "庆丰公园", "district": "朝阳", "disposition": "CONSTRUCTED", "source": "buffer 500.0m", "conf": 0.4, "radius_m": 500, "status": "KNOWN_ISSUE", "issue": "approximate boundary - needs verification"}}, {"type": "Feature", "geometry": {"type": "Polygon", "coordinates": [[[116.4377793, 39.9084317], [116.4353425, 39.9131401], [116.4387163, 39.9161988], [116.4438569, 39.9142503], [116.4377793, 39.9084317]]]}, "properties": {"name": "北京市朝阳区日坛公园景区", "grade": "3A", "amap_name": "日坛公园", "district": "朝阳", "disposition": "CONSTRUCTED", "source": "POI-HULL(8 facilities)", "conf": 0.7, "radius_m": 500, "status": "KNOWN_ISSUE", "issue": "approximate boundary - needs verification"}}, {"type": "Feature", "geometry": {"type": "Polygon", "coordinates": [[[116.55298955587494, 39.877222], [116.55296792780574, 39.87678175053751], [116.55290325188825, 39.876345740918005], [116.55279615098694, 39.875918170152474], [116.55264765654199, 39.875503155981114], [116.55245919863613, 39.875104695217274], [116.55223259222198, 39.87472662525593], [116.55197001964319, 39.874372587117485], [116.55167400961726, 39.87404599038275], [116.5513474128825, 39.8737499803568], [116.55099337474407, 39.87348740777802], [116.55061530478272, 39.87326080136387], [116.55021684401888, 39.873072343458], [116.54980182984752, 39.87292384901306], [116.549374259082, 39.87281674811174], [116.5489382494625, 39.87275207219425], [116.548498, 39.87273044412505], [116.5480577505375, 39.87275207219425], [116.54762174091799, 39.87281674811174], [116.54719417015247, 39.87292384901306], [116.54677915598111, 39.873072343458], [116.54638069521727, 39.87326080136387], [116.54600262525592, 39.87348740777802], [116.54564858711748, 39.8737499803568], [116.54532199038273, 39.87404599038275], [116.5450259803568, 39.874372587117485], [116.544763407778, 39.87472662525593], [116.54453680136386, 39.875104695217274], [116.544348343458, 39.875503155981114], [116.54419984901305, 39.875918170152474], [116.54409274811174, 39.876345740918005], [116.54402807219425, 39.87678175053751], [116.54400644412505, 39.877222], [116.54402807219425, 39.877662249462496], [116.54409274811174, 39.878098259082], [116.54419984901305, 39.87852582984753], [116.544348343458, 39.87894084401889], [116.54453680136386, 39.87933930478273], [116.544763407778, 39.879717374744075], [116.5450259803568, 39.88007141288252], [116.54532199038273, 39.88039800961726], [116.54564858711748, 39.88069401964321], [116.54600262525592, 39.880956592221985], [116.54638069521727, 39.88118319863614], [116.54677915598111, 39.88137165654201], [116.54719417015247, 39.881520150986944], [116.54762174091799, 39.88162725188827], [116.5480577505375, 39.881691927805754], [116.548498, 39.88171355587496], [116.5489382494625, 39.881691927805754], [116.549374259082, 39.88162725188827], [116.54980182984752, 39.881520150986944], [116.55021684401888, 39.88137165654201], [116.55061530478272, 39.88118319863614], [116.55099337474407, 39.880956592221985], [116.5513474128825, 39.88069401964321], [116.55167400961726, 39.88039800961726], [116.55197001964319, 39.88007141288252], [116.55223259222198, 39.879717374744075], [116.55245919863613, 39.87933930478273], [116.55264765654199, 39.87894084401889], [116.55279615098694, 39.87852582984753], [116.55290325188825, 39.878098259082], [116.55296792780574, 39.877662249462496], [116.55298955587494, 39.877222]]]}, "properties": {"name": "北京市朝阳区白鹿公园景区", "grade": "3A", "amap_name": "白鹿公园", "district": "朝阳", "disposition": "CONSTRUCTED", "source": "buffer 500.0m", "conf": 0.4, "radius_m": 500, "status": "KNOWN_ISSUE", "issue": "approximate boundary - needs verification"}}, {"type": "Feature", "geometry": {"type": "Polygon", "coordinates": [[[116.2504196, 40.0252799], [116.247745, 40.028395], [116.251551, 40.0319665], [116.2540452, 40.0325794], [116.2574178, 40.0301876], [116.253002, 40.0261667], [116.2504196, 40.0252799]]]}, "properties": {"name": "北京市海淀百望山森林公园景区", "grade": "3A", "amap_name": "百望山森林公园", "district": "海淀", "disposition": "CONSTRUCTED", "source": "POI-HULL(16 facilities)", "conf": 0.7, "radius_m": 500, "status": "KNOWN_ISSUE", "issue": "approximate boundary - needs verification"}}, {"type": "Feature", "geometry": {"type": "Polygon", "coordinates": [[[116.57235824469997, 39.693785], [116.5723409422446, 39.69343280043], [116.57228920151061, 39.6930839927344], [116.57220352078956, 39.692741936121976], [116.5720847252336, 39.69240992478489], [116.5719339589089, 39.69209115617382], [116.57175267377758, 39.69178870020474], [116.57154261571456, 39.691505469693986], [116.5713058076938, 39.69124419230619], [116.57104453030601, 39.691007384285435], [116.57076129979525, 39.69079732622241], [116.57045884382617, 39.69061604109109], [116.57014007521511, 39.690465274766396], [116.56980806387803, 39.69034647921045], [116.5694660072656, 39.69026079848938], [116.56911719956999, 39.690209057755396], [116.568765, 39.690191755300035], [116.56841280043001, 39.690209057755396], [116.5680639927344, 39.69026079848938], [116.56772193612197, 39.69034647921045], [116.56738992478489, 39.690465274766396], [116.56707115617382, 39.69061604109109], [116.56676870020475, 39.69079732622241], [116.56648546969399, 39.691007384285435], [116.5662241923062, 39.69124419230619], [116.56598738428544, 39.691505469693986], [116.56577732622242, 39.69178870020474], [116.5655960410911, 39.69209115617382], [116.5654452747664, 39.69240992478489], [116.56532647921044, 39.692741936121976], [116.56524079848938, 39.6930839927344], [116.5651890577554, 39.69343280043], [116.56517175530003, 39.693785], [116.5651890577554, 39.694137199569994], [116.56524079848938, 39.694486007265596], [116.56532647921044, 39.69482806387802], [116.5654452747664, 39.69516007521511], [116.5655960410911, 39.69547884382618], [116.56577732622242, 39.69578129979526], [116.56598738428544, 39.69606453030601], [116.5662241923062, 39.6963258076938], [116.56648546969399, 39.69656261571456], [116.56676870020475, 39.69677267377759], [116.56707115617382, 39.69695395890891], [116.56738992478489, 39.6971047252336], [116.56772193612197, 39.69722352078955], [116.5680639927344, 39.69730920151061], [116.56841280043001, 39.6973609422446], [116.568765, 39.69737824469996], [116.56911719956999, 39.6973609422446], [116.5694660072656, 39.69730920151061], [116.56980806387803, 39.69722352078955], [116.57014007521511, 39.6971047252336], [116.57045884382617, 39.69695395890891], [116.57076129979525, 39.69677267377759], [116.57104453030601, 39.69656261571456], [116.5713058076938, 39.6963258076938], [116.57154261571456, 39.69606453030601], [116.57175267377758, 39.69578129979526], [116.5719339589089, 39.69547884382618], [116.5720847252336, 39.69516007521511], [116.57220352078956, 39.69482806387802], [116.57228920151061, 39.694486007265596], [116.5723409422446, 39.694137199569994], [116.57235824469997, 39.693785]]]}, "properties": {"name": "北京市留民营生态旅游景区", "grade": "3A", "amap_name": "北京留民营生态庄园", "district": "大兴", "disposition": "CONSTRUCTED", "source": "buffer 400.0m", "conf": 0.4, "radius_m": 400, "status": "KNOWN_ISSUE", "issue": "approximate boundary - needs verification"}}, {"type": "Feature", "geometry": {"type": "Polygon", "coordinates": [[[116.08290793352498, 39.869138], [116.08289495668345, 39.8688738503225], [116.08285615113296, 39.8686122445508], [116.08279189059216, 39.86835570209148], [116.08270279392521, 39.868106693588665], [116.08258971918168, 39.867867617130365], [116.08245375533319, 39.86764077515356], [116.08229621178592, 39.86742835227049], [116.08211860577036, 39.867232394229646], [116.08192264772951, 39.86705478821408], [116.08171022484645, 39.86689724466681], [116.08148338286964, 39.866761280818324], [116.08124430641134, 39.8666482060748], [116.08099529790852, 39.86655910940784], [116.0807387554492, 39.86649484886704], [116.08047714967749, 39.866456043316546], [116.080213, 39.86644306647503], [116.07994885032251, 39.866456043316546], [116.0796872445508, 39.86649484886704], [116.07943070209149, 39.86655910940784], [116.07918169358867, 39.8666482060748], [116.07894261713037, 39.866761280818324], [116.07871577515355, 39.86689724466681], [116.07850335227049, 39.86705478821408], [116.07830739422964, 39.867232394229646], [116.07812978821408, 39.86742835227049], [116.07797224466681, 39.86764077515356], [116.07783628081832, 39.867867617130365], [116.0777232060748, 39.868106693588665], [116.07763410940784, 39.86835570209148], [116.07756984886704, 39.8686122445508], [116.07753104331655, 39.8688738503225], [116.07751806647502, 39.869138], [116.07753104331655, 39.8694021496775], [116.07756984886704, 39.869663755449196], [116.07763410940784, 39.86992029790852], [116.0777232060748, 39.870169306411334], [116.07783628081832, 39.870408382869634], [116.07797224466681, 39.87063522484644], [116.07812978821408, 39.87084764772951], [116.07830739422964, 39.87104360577035], [116.07850335227049, 39.87122121178592], [116.07871577515355, 39.87137875533319], [116.07894261713037, 39.871514719181675], [116.07918169358867, 39.8716277939252], [116.07943070209149, 39.87171689059216], [116.0796872445508, 39.87178115113296], [116.07994885032251, 39.87181995668345], [116.080213, 39.87183293352497], [116.08047714967749, 39.87181995668345], [116.0807387554492, 39.87178115113296], [116.08099529790852, 39.87171689059216], [116.08124430641134, 39.8716277939252], [116.08148338286964, 39.871514719181675], [116.08171022484645, 39.87137875533319], [116.08192264772951, 39.87122121178592], [116.08211860577036, 39.87104360577035], [116.08229621178592, 39.87084764772951], [116.08245375533319, 39.87063522484644], [116.08258971918168, 39.870408382869634], [116.08270279392521, 39.870169306411334], [116.08279189059216, 39.86992029790852], [116.08285615113296, 39.869663755449196], [116.08289495668345, 39.8694021496775], [116.08290793352498, 39.869138]]]}, "properties": {"name": "北京市门头沟区戒台寺景区", "grade": "4A", "amap_name": "戒台寺景区", "district": "门头沟", "disposition": "CONSTRUCTED", "source": "buffer 300.0m", "conf": 0.4, "radius_m": 300, "status": "KNOWN_ISSUE", "issue": "approximate boundary - needs verification"}}, {"type": "Feature", "geometry": {"type": "Polygon", "coordinates": [[[116.1803854, 39.9821172], [116.1755912, 39.9859239], [116.1748796, 39.9897991], [116.1812064, 39.9931791], [116.1829508, 39.9937011], [116.1878404, 39.9948461], [116.1905264, 39.9899656], [116.1901257, 39.9860934], [116.1871269, 39.9832128], [116.1803854, 39.9821172]]]}, "properties": {"name": "北京市香山公园景区", "grade": "4A", "amap_name": "香山公园", "district": "海淀", "disposition": "CONSTRUCTED", "source": "POI-HULL(159 facilities)", "conf": 0.7, "radius_m": 500, "status": "KNOWN_ISSUE", "issue": "approximate boundary - needs verification"}}, {"type": "Feature", "geometry": {"type": "Polygon", "coordinates": [[[115.90201611174992, 40.530493], [115.9019728556115, 40.529612501075015], [115.90184350377653, 40.528740481836], [115.90162930197388, 40.527885340304934], [115.90133231308401, 40.52705531196222], [115.90095539727227, 40.52625839043455], [115.90050218444397, 40.52550225051186], [115.89997703928641, 40.52479417423496], [115.89938501923451, 40.52414098076548], [115.89873182576504, 40.52354896071359], [115.89802374948815, 40.52302381555603], [115.89726760956546, 40.52257060272774], [115.89647068803778, 40.522193686916], [115.89564065969506, 40.52189669802612], [115.894785518164, 40.52168249622347], [115.89391349892499, 40.5215531443885], [115.893033, 40.52150988825009], [115.89215250107502, 40.5215531443885], [115.891280481836, 40.52168249622347], [115.89042534030494, 40.52189669802612], [115.88959531196222, 40.522193686916], [115.88879839043454, 40.52257060272774], [115.88804225051186, 40.52302381555603], [115.88733417423497, 40.52354896071359], [115.88668098076549, 40.52414098076548], [115.8860889607136, 40.52479417423496], [115.88556381555604, 40.52550225051186], [115.88511060272774, 40.52625839043455], [115.884733686916, 40.52705531196222], [115.88443669802612, 40.527885340304934], [115.88422249622347, 40.528740481836], [115.8840931443885, 40.529612501075015], [115.88404988825009, 40.530493], [115.8840931443885, 40.531373498924985], [115.88422249622347, 40.532245518164], [115.88443669802612, 40.533100659695066], [115.884733686916, 40.53393068803778], [115.88511060272774, 40.53472760956545], [115.88556381555604, 40.53548374948814], [115.8860889607136, 40.53619182576504], [115.88668098076549, 40.53684501923452], [115.88733417423497, 40.53743703928641], [115.88804225051186, 40.53796218444397], [115.88879839043454, 40.53841539727226], [115.88959531196222, 40.538792313084], [115.89042534030494, 40.53908930197388], [115.891280481836, 40.53930350377653], [115.89215250107502, 40.5394328556115], [115.893033, 40.53947611174991], [115.89391349892499, 40.5394328556115], [115.894785518164, 40.53930350377653], [115.89564065969506, 40.53908930197388], [115.89647068803778, 40.538792313084], [115.89726760956546, 40.53841539727226], [115.89802374948815, 40.53796218444397], [115.89873182576504, 40.53743703928641], [115.89938501923451, 40.53684501923452], [115.89997703928641, 40.53619182576504], [115.90050218444397, 40.53548374948814], [115.90095539727227, 40.53472760956545], [115.90133231308401, 40.53393068803778], [115.90162930197388, 40.533100659695066], [115.90184350377653, 40.532245518164], [115.9019728556115, 40.531373498924985], [115.90201611174992, 40.530493]]]}, "properties": {"name": "北京延庆玉渡山风景区", "grade": "2A", "amap_name": "玉渡山风景区", "district": "延庆", "disposition": "CONSTRUCTED", "source": "buffer 1000.0m", "conf": 0.4, "radius_m": 1000, "status": "KNOWN_ISSUE", "issue": "approximate boundary - needs verification"}}, {"type": "Feature", "geometry": {"type": "Polygon", "coordinates": [[[116.32250711174991, 40.699005], [116.3224638556115, 40.698124501075014], [116.32233450377653, 40.697252481836], [116.32212030197388, 40.696397340304934], [116.32182331308401, 40.69556731196222], [116.32144639727227, 40.69477039043455], [116.32099318444396, 40.69401425051186], [116.32046803928641, 40.69330617423496], [116.31987601923451, 40.69265298076548], [116.31922282576504, 40.69206096071359], [116.31851474948814, 40.69153581555603], [116.31775860956546, 40.69108260272774], [116.31696168803778, 40.690705686916], [116.31613165969506, 40.69040869802612], [116.315276518164, 40.69019449622347], [116.31440449892499, 40.6900651443885], [116.313524, 40.69002188825009], [116.31264350107502, 40.6900651443885], [116.311771481836, 40.69019449622347], [116.31091634030494, 40.69040869802612], [116.31008631196222, 40.690705686916], [116.30928939043454, 40.69108260272774], [116.30853325051186, 40.69153581555603], [116.30782517423496, 40.69206096071359], [116.30717198076549, 40.69265298076548], [116.30657996071359, 40.69330617423496], [116.30605481555604, 40.69401425051186], [116.30560160272773, 40.69477039043455], [116.30522468691599, 40.69556731196222], [116.30492769802612, 40.696397340304934], [116.30471349622347, 40.697252481836], [116.3045841443885, 40.698124501075014], [116.30454088825009, 40.699005], [116.3045841443885, 40.699885498924985], [116.30471349622347, 40.700757518164], [116.30492769802612, 40.701612659695066], [116.30522468691599, 40.70244268803778], [116.30560160272773, 40.70323960956545], [116.30605481555604, 40.703995749488136], [116.30657996071359, 40.70470382576504], [116.30717198076549, 40.70535701923452], [116.30782517423496, 40.70594903928641], [116.30853325051186, 40.70647418444397], [116.30928939043454, 40.70692739727226], [116.31008631196222, 40.707304313084], [116.31091634030494, 40.70760130197388], [116.311771481836, 40.70781550377653], [116.31264350107502, 40.7079448556115], [116.313524, 40.70798811174991], [116.31440449892499, 40.7079448556115], [116.315276518164, 40.70781550377653], [116.31613165969506, 40.70760130197388], [116.31696168803778, 40.707304313084], [116.31775860956546, 40.70692739727226], [116.31851474948814, 40.70647418444397], [116.31922282576504, 40.70594903928641], [116.31987601923451, 40.70535701923452], [116.32046803928641, 40.70470382576504], [116.32099318444396, 40.703995749488136], [116.32144639727227, 40.70323960956545], [116.32182331308401, 40.70244268803778], [116.32212030197388, 40.701612659695066], [116.32233450377653, 40.700757518164], [116.3224638556115, 40.699885498924985], [116.32250711174991, 40.699005]]]}, "properties": {"name": "北京延庆百里山水画廊景区", "grade": "4A", "amap_name": "百里山水画廊", "district": "延庆", "disposition": "CONSTRUCTED", "source": "buffer 1000.0m", "conf": 0.4, "radius_m": 1000, "status": "KNOWN_ISSUE", "issue": "approximate boundary - needs verification"}}, {"type": "Feature", "geometry": {"type": "Polygon", "coordinates": [[[116.89772224469998, 40.377083], [116.8977049422446, 40.37673080043], [116.89765320151062, 40.3763819927344], [116.89756752078956, 40.37603993612198], [116.8974487252336, 40.37570792478489], [116.89729795890891, 40.37538915617382], [116.89711667377759, 40.37508670020474], [116.89690661571457, 40.37480346969399], [116.89666980769381, 40.374542192306194], [116.89640853030602, 40.374305384285435], [116.89612529979526, 40.37409532622241], [116.89582284382618, 40.37391404109109], [116.89550407521511, 40.3737632747664], [116.89517206387804, 40.37364447921045], [116.89483000726561, 40.373558798489384], [116.89448119957, 40.3735070577554], [116.894129, 40.373489755300035], [116.89377680043002, 40.3735070577554], [116.8934279927344, 40.373558798489384], [116.89308593612198, 40.37364447921045], [116.8927539247849, 40.3737632747664], [116.89243515617383, 40.37391404109109], [116.89213270020475, 40.37409532622241], [116.891849469694, 40.374305384285435], [116.8915881923062, 40.374542192306194], [116.89135138428544, 40.37480346969399], [116.89114132622242, 40.37508670020474], [116.8909600410911, 40.37538915617382], [116.89080927476641, 40.37570792478489], [116.89069047921045, 40.37603993612198], [116.89060479848939, 40.3763819927344], [116.89055305775541, 40.37673080043], [116.89053575530004, 40.377083], [116.89055305775541, 40.377435199569994], [116.89060479848939, 40.377784007265596], [116.89069047921045, 40.37812606387802], [116.89080927476641, 40.37845807521511], [116.8909600410911, 40.37877684382618], [116.89114132622242, 40.37907929979526], [116.89135138428544, 40.37936253030601], [116.8915881923062, 40.379623807693804], [116.891849469694, 40.37986061571456], [116.89213270020475, 40.38007067377759], [116.89243515617383, 40.38025195890891], [116.8927539247849, 40.3804027252336], [116.89308593612198, 40.38052152078955], [116.8934279927344, 40.380607201510614], [116.89377680043002, 40.3806589422446], [116.894129, 40.38067624469996], [116.89448119957, 40.3806589422446], [116.89483000726561, 40.380607201510614], [116.89517206387804, 40.38052152078955], [116.89550407521511, 40.3804027252336], [116.89582284382618, 40.38025195890891], [116.89612529979526, 40.38007067377759], [116.89640853030602, 40.37986061571456], [116.89666980769381, 40.379623807693804], [116.89690661571457, 40.37936253030601], [116.89711667377759, 40.37907929979526], [116.89729795890891, 40.37877684382618], [116.8974487252336, 40.37845807521511], [116.89756752078956, 40.37812606387802], [116.89765320151062, 40.377784007265596], [116.8977049422446, 40.377435199569994], [116.89772224469998, 40.377083]]]}, "properties": {"name": "北京张裕爱斐堡国际酒庄旅游景区", "grade": "4A", "amap_name": "北京张裕爱斐堡国际酒庄-游客接待中心", "district": "密云", "disposition": "CONSTRUCTED", "source": "buffer 400.0m", "conf": 0.4, "radius_m": 400, "status": "KNOWN_ISSUE", "issue": "approximate boundary - needs verification"}}, {"type": "Feature", "geometry": {"type": "Polygon", "coordinates": [[[116.72448024469998, 40.126001], [116.7244629422446, 40.12564880043001], [116.72441120151062, 40.125299992734405], [116.72432552078956, 40.12495793612198], [116.7242067252336, 40.124625924784894], [116.7240559589089, 40.12430715617382], [116.72387467377759, 40.12400470020474], [116.72366461571457, 40.12372146969399], [116.72342780769381, 40.1234601923062], [116.72316653030602, 40.12322338428544], [116.72288329979526, 40.12301332622241], [116.72258084382618, 40.122832041091094], [116.72226207521511, 40.1226812747664], [116.72193006387803, 40.12256247921045], [116.72158800726561, 40.12247679848939], [116.72123919957, 40.1224250577554], [116.720887, 40.12240775530004], [116.72053480043002, 40.1224250577554], [116.7201859927344, 40.12247679848939], [116.71984393612198, 40.12256247921045], [116.7195119247849, 40.1226812747664], [116.71919315617383, 40.122832041091094], [116.71889070020475, 40.12301332622241], [116.71860746969399, 40.12322338428544], [116.7183461923062, 40.1234601923062], [116.71810938428544, 40.12372146969399], [116.71789932622242, 40.12400470020474], [116.7177180410911, 40.12430715617382], [116.71756727476641, 40.124625924784894], [116.71744847921045, 40.12495793612198], [116.71736279848939, 40.125299992734405], [116.71731105775541, 40.12564880043001], [116.71729375530003, 40.126001], [116.71731105775541, 40.12635319957], [116.71736279848939, 40.1267020072656], [116.71744847921045, 40.127044063878024], [116.71756727476641, 40.12737607521511], [116.7177180410911, 40.127694843826184], [116.71789932622242, 40.12799729979526], [116.71810938428544, 40.128280530306014], [116.7183461923062, 40.12854180769381], [116.71860746969399, 40.128778615714566], [116.71889070020475, 40.12898867377759], [116.71919315617383, 40.12916995890891], [116.7195119247849, 40.129320725233605], [116.71984393612198, 40.12943952078955], [116.7201859927344, 40.12952520151062], [116.72053480043002, 40.129576942244604], [116.720887, 40.129594244699966], [116.72123919957, 40.129576942244604], [116.72158800726561, 40.12952520151062], [116.72193006387803, 40.12943952078955], [116.72226207521511, 40.129320725233605], [116.72258084382618, 40.12916995890891], [116.72288329979526, 40.12898867377759], [116.72316653030602, 40.128778615714566], [116.72342780769381, 40.12854180769381], [116.72366461571457, 40.128280530306014], [116.72387467377759, 40.12799729979526], [116.7240559589089, 40.127694843826184], [116.7242067252336, 40.12737607521511], [116.72432552078956, 40.127044063878024], [116.72441120151062, 40.1267020072656], [116.7244629422446, 40.12635319957], [116.72448024469998, 40.126001]]]}, "properties": {"name": "北京河北村民俗园景区", "grade": "3A", "amap_name": "河北村民俗园文化艺术培训学校", "district": "顺义", "disposition": "CONSTRUCTED", "source": "buffer 400.0m", "conf": 0.4, "radius_m": 400, "status": "KNOWN_ISSUE", "issue": "approximate boundary - needs verification"}}, {"type": "Feature", "geometry": {"type": "Polygon", "coordinates": [[[115.97827624469997, 39.951139], [115.9782589422446, 39.95078680043], [115.97820720151061, 39.9504379927344], [115.97812152078956, 39.950095936121976], [115.9780027252336, 39.94976392478489], [115.9778519589089, 39.949445156173816], [115.97767067377758, 39.94914270020474], [115.97746061571456, 39.948859469693986], [115.9772238076938, 39.94859819230619], [115.97696253030601, 39.948361384285434], [115.97667929979525, 39.94815132622241], [115.97637684382617, 39.94797004109109], [115.97605807521511, 39.947819274766395], [115.97572606387803, 39.94770047921045], [115.9753840072656, 39.94761479848938], [115.97503519956999, 39.947563057755396], [115.974683, 39.947545755300034], [115.97433080043001, 39.947563057755396], [115.9739819927344, 39.94761479848938], [115.97363993612197, 39.94770047921045], [115.97330792478489, 39.947819274766395], [115.97298915617382, 39.94797004109109], [115.97268670020475, 39.94815132622241], [115.97240346969399, 39.948361384285434], [115.9721421923062, 39.94859819230619], [115.97190538428544, 39.948859469693986], [115.97169532622242, 39.94914270020474], [115.9715140410911, 39.949445156173816], [115.9713632747664, 39.94976392478489], [115.97124447921044, 39.950095936121976], [115.97115879848938, 39.9504379927344], [115.9711070577554, 39.95078680043], [115.97108975530003, 39.951139], [115.9711070577554, 39.95149119956999], [115.97115879848938, 39.951840007265595], [115.97124447921044, 39.95218206387802], [115.9713632747664, 39.952514075215106], [115.9715140410911, 39.95283284382618], [115.97169532622242, 39.95313529979526], [115.97190538428544, 39.95341853030601], [115.9721421923062, 39.9536798076938], [115.97240346969399, 39.95391661571456], [115.97268670020475, 39.95412667377759], [115.97298915617382, 39.954307958908906], [115.97330792478489, 39.9544587252336], [115.97363993612197, 39.95457752078955], [115.9739819927344, 39.95466320151061], [115.97433080043001, 39.9547149422446], [115.974683, 39.95473224469996], [115.97503519956999, 39.9547149422446], [115.9753840072656, 39.95466320151061], [115.97572606387803, 39.95457752078955], [115.97605807521511, 39.9544587252336], [115.97637684382617, 39.954307958908906], [115.97667929979525, 39.95412667377759], [115.97696253030601, 39.95391661571456], [115.9772238076938, 39.9536798076938], [115.97746061571456, 39.95341853030601], [115.97767067377758, 39.95313529979526], [115.9778519589089, 39.95283284382618], [115.9780027252336, 39.952514075215106], [115.97812152078956, 39.95218206387802], [115.97820720151061, 39.951840007265595], [115.9782589422446, 39.95149119956999], [115.97827624469997, 39.951139]]]}, "properties": {"name": "北京瓜草地景区", "grade": "2A", "amap_name": "瓜草地景区(暂停开放)", "district": "门头沟", "disposition": "CONSTRUCTED", "source": "buffer 400.0m", "conf": 0.4, "radius_m": 400, "status": "KNOWN_ISSUE", "issue": "approximate boundary - needs verification"}}, {"type": "Feature", "geometry": {"type": "Polygon", "coordinates": [[[115.60111324469997, 39.808279], [115.6010959422446, 39.80792680043], [115.60104420151062, 39.8075779927344], [115.60095852078956, 39.80723593612198], [115.6008397252336, 39.80690392478489], [115.6006889589089, 39.80658515617382], [115.60050767377759, 39.80628270020474], [115.60029761571457, 39.80599946969399], [115.60006080769381, 39.805738192306194], [115.59979953030602, 39.805501384285435], [115.59951629979525, 39.80529132622241], [115.59921384382618, 39.80511004109109], [115.59889507521511, 39.8049592747664], [115.59856306387803, 39.80484047921045], [115.59822100726561, 39.804754798489384], [115.59787219956999, 39.8047030577554], [115.59752, 39.804685755300035], [115.59716780043001, 39.8047030577554], [115.5968189927344, 39.804754798489384], [115.59647693612197, 39.80484047921045], [115.5961449247849, 39.8049592747664], [115.59582615617383, 39.80511004109109], [115.59552370020475, 39.80529132622241], [115.59524046969399, 39.805501384285435], [115.5949791923062, 39.805738192306194], [115.59474238428544, 39.80599946969399], [115.59453232622242, 39.80628270020474], [115.5943510410911, 39.80658515617382], [115.59420027476641, 39.80690392478489], [115.59408147921044, 39.80723593612198], [115.59399579848939, 39.8075779927344], [115.59394405775541, 39.80792680043], [115.59392675530003, 39.808279], [115.59394405775541, 39.808631199569994], [115.59399579848939, 39.808980007265596], [115.59408147921044, 39.80932206387802], [115.59420027476641, 39.80965407521511], [115.5943510410911, 39.80997284382618], [115.59453232622242, 39.81027529979526], [115.59474238428544, 39.81055853030601], [115.5949791923062, 39.810819807693804], [115.59524046969399, 39.81105661571456], [115.59552370020475, 39.81126667377759], [115.59582615617383, 39.81144795890891], [115.5961449247849, 39.8115987252336], [115.59647693612197, 39.81171752078955], [115.5968189927344, 39.811803201510614], [115.59716780043001, 39.8118549422446], [115.59752, 39.81187224469996], [115.59787219956999, 39.8118549422446], [115.59822100726561, 39.811803201510614], [115.59856306387803, 39.81171752078955], [115.59889507521511, 39.8115987252336], [115.59921384382618, 39.81144795890891], [115.59951629979525, 39.81126667377759], [115.59979953030602, 39.81105661571456], [115.60006080769381, 39.810819807693804], [115.60029761571457, 39.81055853030601], [115.60050767377759, 39.81027529979526], [115.6006889589089, 39.80997284382618], [115.6008397252336, 39.80965407521511], [115.60095852078956, 39.80932206387802], [115.60104420151062, 39.808980007265596], [115.6010959422446, 39.808631199569994], [115.60111324469997, 39.808279]]]}, "properties": {"name": "北京白草畔自然风景区", "grade": "3A", "amap_name": "白草畔自然风景区", "district": "房山", "disposition": "CONSTRUCTED", "source": "buffer 400.0m", "conf": 0.4, "radius_m": 400, "status": "KNOWN_ISSUE", "issue": "approximate boundary - needs verification"}}, {"type": "Feature", "geometry": {"type": "Polygon", "coordinates": [[[115.64307711174992, 39.86075], [115.6430338556115, 39.85986950107502], [115.64290450377653, 39.858997481836006], [115.64269030197389, 39.85814234030494], [115.64239331308401, 39.857312311962225], [115.64201639727227, 39.85651539043455], [115.64156318444397, 39.855759250511866], [115.64103803928641, 39.855051174234966], [115.64044601923452, 39.854397980765484], [115.63979282576504, 39.85380596071359], [115.63908474948815, 39.85328081555603], [115.63832860956546, 39.85282760272774], [115.63753168803778, 39.852450686916], [115.63670165969506, 39.85215369802612], [115.635846518164, 39.85193949622347], [115.63497449892499, 39.8518101443885], [115.634094, 39.85176688825009], [115.63321350107502, 39.8518101443885], [115.63234148183601, 39.85193949622347], [115.63148634030495, 39.85215369802612], [115.63065631196223, 39.852450686916], [115.62985939043455, 39.85282760272774], [115.62910325051186, 39.85328081555603], [115.62839517423497, 39.85380596071359], [115.62774198076549, 39.854397980765484], [115.6271499607136, 39.855051174234966], [115.62662481555604, 39.855759250511866], [115.62617160272774, 39.85651539043455], [115.625794686916, 39.857312311962225], [115.62549769802612, 39.85814234030494], [115.62528349622347, 39.858997481836006], [115.6251541443885, 39.85986950107502], [115.62511088825009, 39.86075], [115.6251541443885, 39.86163049892499], [115.62528349622347, 39.862502518164], [115.62549769802612, 39.86335765969507], [115.625794686916, 39.86418768803778], [115.62617160272774, 39.864984609565454], [115.62662481555604, 39.86574074948814], [115.6271499607136, 39.86644882576504], [115.62774198076549, 39.86710201923452], [115.62839517423497, 39.86769403928641], [115.62910325051186, 39.86821918444397], [115.62985939043455, 39.86867239727226], [115.63065631196223, 39.869049313084005], [115.63148634030495, 39.869346301973884], [115.63234148183601, 39.86956050377653], [115.63321350107502, 39.869689855611504], [115.634094, 39.869733111749916], [115.63497449892499, 39.869689855611504], [115.635846518164, 39.86956050377653], [115.63670165969506, 39.869346301973884], [115.63753168803778, 39.869049313084005], [115.63832860956546, 39.86867239727226], [115.63908474948815, 39.86821918444397], [115.63979282576504, 39.86769403928641], [115.64044601923452, 39.86710201923452], [115.64103803928641, 39.86644882576504], [115.64156318444397, 39.86574074948814], [115.64201639727227, 39.864984609565454], [115.64239331308401, 39.86418768803778], [115.64269030197389, 39.86335765969507], [115.64290450377653, 39.862502518164], [115.6430338556115, 39.86163049892499], [115.64307711174992, 39.86075]]]}, "properties": {"name": "北京百瑞谷景区", "grade": "3A", "amap_name": "百瑞谷", "district": "房山", "disposition": "CONSTRUCTED", "source": "buffer 1000.0m", "conf": 0.4, "radius_m": 1000, "status": "KNOWN_ISSUE", "issue": "approximate boundary - needs verification"}}, {"type": "Feature", "geometry": {"type": "Polygon", "coordinates": [[[115.6194921117499, 39.856409], [115.6194488556115, 39.855528501075014], [115.61931950377652, 39.854656481836], [115.61910530197387, 39.85380134030493], [115.618808313084, 39.85297131196222], [115.61843139727226, 39.85217439043455], [115.61797818444396, 39.85141825051186], [115.6174530392864, 39.85071017423496], [115.6168610192345, 39.85005698076548], [115.61620782576503, 39.84946496071359], [115.61549974948814, 39.84893981555603], [115.61474360956545, 39.84848660272774], [115.61394668803777, 39.848109686916], [115.61311665969505, 39.84781269802612], [115.61226151816399, 39.84759849622347], [115.61138949892498, 39.8474691443885], [115.610509, 39.847425888250086], [115.60962850107501, 39.8474691443885], [115.608756481836, 39.84759849622347], [115.60790134030493, 39.84781269802612], [115.60707131196222, 39.848109686916], [115.60627439043454, 39.84848660272774], [115.60551825051185, 39.84893981555603], [115.60481017423496, 39.84946496071359], [115.60415698076548, 39.85005698076548], [115.60356496071358, 39.85071017423496], [115.60303981555603, 39.85141825051186], [115.60258660272773, 39.85217439043455], [115.60220968691598, 39.85297131196222], [115.60191269802611, 39.85380134030493], [115.60169849622346, 39.854656481836], [115.60156914438849, 39.855528501075014], [115.60152588825008, 39.856409], [115.60156914438849, 39.857289498924985], [115.60169849622346, 39.858161518163996], [115.60191269802611, 39.859016659695065], [115.60220968691598, 39.85984668803778], [115.60258660272773, 39.86064360956545], [115.60303981555603, 39.861399749488136], [115.60356496071358, 39.86210782576504], [115.60415698076548, 39.86276101923452], [115.60481017423496, 39.86335303928641], [115.60551825051185, 39.86387818444397], [115.60627439043454, 39.86433139727226], [115.60707131196222, 39.864708313084], [115.60790134030493, 39.86500530197388], [115.608756481836, 39.86521950377653], [115.60962850107501, 39.8653488556115], [115.610509, 39.86539211174991], [115.61138949892498, 39.8653488556115], [115.61226151816399, 39.86521950377653], [115.61311665969505, 39.86500530197388], [115.61394668803777, 39.864708313084], [115.61474360956545, 39.86433139727226], [115.61549974948814, 39.86387818444397], [115.61620782576503, 39.86335303928641], [115.6168610192345, 39.86276101923452], [115.6174530392864, 39.86210782576504], [115.61797818444396, 39.861399749488136], [115.61843139727226, 39.86064360956545], [115.618808313084, 39.85984668803778], [115.61910530197387, 39.859016659695065], [115.61931950377652, 39.858161518163996], [115.6194488556115, 39.857289498924985], [115.6194921117499, 39.856409]]]}, "properties": {"name": "北京百花山旅游景区", "grade": "3A", "amap_name": "百花山", "district": "房山", "disposition": "CONSTRUCTED", "source": "buffer 1000.0m", "conf": 0.4, "radius_m": 1000, "status": "KNOWN_ISSUE", "issue": "approximate boundary - needs verification"}}, {"type": "Feature", "geometry": {"type": "Polygon", "coordinates": [[[116.3843621, 39.8938509], [116.3796532, 39.8971455], [116.381734, 39.9041512], [116.3899639, 39.9057395], [116.3920417, 39.9027992], [116.390642, 39.8921513], [116.3843621, 39.8938509]]]}, "properties": {"name": "北京老舍茶馆景区", "grade": "3A", "amap_name": "老舍茶馆(前门店)", "district": "西城", "disposition": "CONSTRUCTED", "source": "POI-HULL(37 facilities)", "conf": 0.7, "radius_m": 400, "status": "KNOWN_ISSUE", "issue": "approximate boundary - needs verification"}}, {"type": "Feature", "geometry": {"type": "Polygon", "coordinates": [[[116.40017824469997, 40.195583], [116.4001609422446, 40.195230800430004], [116.40010920151062, 40.1948819927344], [116.40002352078956, 40.19453993612198], [116.3999047252336, 40.19420792478489], [116.3997539589089, 40.19388915617382], [116.39957267377758, 40.19358670020474], [116.39936261571457, 40.19330346969399], [116.3991258076938, 40.193042192306194], [116.39886453030601, 40.192805384285435], [116.39858129979525, 40.19259532622241], [116.39827884382618, 40.19241404109109], [116.39796007521511, 40.1922632747664], [116.39762806387803, 40.19214447921045], [116.3972860072656, 40.192058798489384], [116.39693719956999, 40.1920070577554], [116.396585, 40.191989755300035], [116.39623280043001, 40.1920070577554], [116.3958839927344, 40.192058798489384], [116.39554193612197, 40.19214447921045], [116.3952099247849, 40.1922632747664], [116.39489115617383, 40.19241404109109], [116.39458870020475, 40.19259532622241], [116.39430546969399, 40.192805384285435], [116.3940441923062, 40.193042192306194], [116.39380738428544, 40.19330346969399], [116.39359732622242, 40.19358670020474], [116.3934160410911, 40.19388915617382], [116.3932652747664, 40.19420792478489], [116.39314647921044, 40.19453993612198], [116.39306079848939, 40.1948819927344], [116.3930090577554, 40.195230800430004], [116.39299175530003, 40.195583], [116.3930090577554, 40.195935199569995], [116.39306079848939, 40.1962840072656], [116.39314647921044, 40.19662606387802], [116.3932652747664, 40.19695807521511], [116.3934160410911, 40.19727684382618], [116.39359732622242, 40.19757929979526], [116.39380738428544, 40.19786253030601], [116.3940441923062, 40.198123807693804], [116.39430546969399, 40.19836061571456], [116.39458870020475, 40.19857067377759], [116.39489115617383, 40.19875195890891], [116.3952099247849, 40.1989027252336], [116.39554193612197, 40.19902152078955], [116.3958839927344, 40.199107201510614], [116.39623280043001, 40.1991589422446], [116.396585, 40.19917624469996], [116.39693719956999, 40.1991589422446], [116.3972860072656, 40.199107201510614], [116.39762806387803, 40.19902152078955], [116.39796007521511, 40.1989027252336], [116.39827884382618, 40.19875195890891], [116.39858129979525, 40.19857067377759], [116.39886453030601, 40.19836061571456], [116.3991258076938, 40.198123807693804], [116.39936261571457, 40.19786253030601], [116.39957267377758, 40.19757929979526], [116.3997539589089, 40.19727684382618], [116.3999047252336, 40.19695807521511], [116.40002352078956, 40.19662606387802], [116.40010920151062, 40.1962840072656], [116.4001609422446, 40.195935199569995], [116.40017824469997, 40.195583]]]}, "properties": {"name": "北京草莓博览园景区", "grade": "3A", "amap_name": "北京草莓博览园", "district": "昌平", "disposition": "CONSTRUCTED", "source": "buffer 400.0m", "conf": 0.4, "radius_m": 400, "status": "KNOWN_ISSUE", "issue": "approximate boundary - needs verification"}}, {"type": "Feature", "geometry": {"type": "Polygon", "coordinates": [[[116.29268855587495, 40.261931], [116.29266692780574, 40.261490750537504], [116.29260225188825, 40.261054740918], [116.29249515098694, 40.26062717015247], [116.292346656542, 40.26021215598111], [116.29215819863613, 40.25981369521727], [116.29193159222199, 40.259435625255925], [116.2916690196432, 40.25908158711748], [116.29137300961726, 40.25875499038274], [116.29104641288251, 40.25845898035679], [116.29069237474407, 40.258196407778016], [116.29031430478273, 40.25796980136386], [116.28991584401888, 40.25778134345799], [116.28950082984753, 40.257632849013056], [116.289073259082, 40.25752574811173], [116.2886372494625, 40.257461072194246], [116.288197, 40.25743944412504], [116.2877567505375, 40.257461072194246], [116.28732074091799, 40.25752574811173], [116.28689317015247, 40.257632849013056], [116.28647815598111, 40.25778134345799], [116.28607969521727, 40.25796980136386], [116.28570162525592, 40.258196407778016], [116.28534758711749, 40.25845898035679], [116.28502099038273, 40.25875499038274], [116.2847249803568, 40.25908158711748], [116.28446240777801, 40.259435625255925], [116.28423580136386, 40.25981369521727], [116.284047343458, 40.26021215598111], [116.28389884901306, 40.26062717015247], [116.28379174811174, 40.261054740918], [116.28372707219425, 40.261490750537504], [116.28370544412505, 40.261931], [116.28372707219425, 40.26237124946249], [116.28379174811174, 40.262807259081995], [116.28389884901306, 40.263234829847526], [116.284047343458, 40.263649844018886], [116.28423580136386, 40.264048304782726], [116.28446240777801, 40.26442637474407], [116.2847249803568, 40.264780412882516], [116.28502099038273, 40.26510700961725], [116.28534758711749, 40.2654030196432], [116.28570162525592, 40.26566559222198], [116.28607969521727, 40.26589219863613], [116.28647815598111, 40.266080656542], [116.28689317015247, 40.26622915098694], [116.28732074091799, 40.26633625188826], [116.2877567505375, 40.26640092780575], [116.288197, 40.266422555874954], [116.2886372494625, 40.26640092780575], [116.289073259082, 40.26633625188826], [116.28950082984753, 40.26622915098694], [116.28991584401888, 40.266080656542], [116.29031430478273, 40.26589219863613], [116.29069237474407, 40.26566559222198], [116.29104641288251, 40.2654030196432], [116.29137300961726, 40.26510700961725], [116.2916690196432, 40.264780412882516], [116.29193159222199, 40.26442637474407], [116.29215819863613, 40.264048304782726], [116.292346656542, 40.263649844018886], [116.29249515098694, 40.263234829847526], [116.29260225188825, 40.262807259081995], [116.29266692780574, 40.26237124946249], [116.29268855587495, 40.261931]]]}, "properties": {"name": "北京蟒山森林公园景区", "grade": "3A", "amap_name": "蟒山森林公园-山顶长廊", "district": "昌平", "disposition": "CONSTRUCTED", "source": "buffer 500.0m", "conf": 0.4, "radius_m": 500, "status": "KNOWN_ISSUE", "issue": "approximate boundary - needs verification"}}, {"type": "Feature", "geometry": {"type": "Polygon", "coordinates": [[[116.19142755587495, 39.973913], [116.19140592780575, 39.97347275053751], [116.19134125188826, 39.973036740918005], [116.19123415098694, 39.972609170152474], [116.191085656542, 39.972194155981114], [116.19089719863614, 39.971795695217274], [116.19067059222199, 39.97141762525593], [116.1904080196432, 39.971063587117484], [116.19011200961727, 39.97073699038275], [116.18978541288251, 39.9704409803568], [116.18943137474407, 39.97017840777802], [116.18905330478273, 39.96995180136387], [116.18865484401888, 39.969763343458], [116.18823982984753, 39.96961484901306], [116.18781225908201, 39.96950774811174], [116.1873762494625, 39.96944307219425], [116.186936, 39.96942144412505], [116.1864957505375, 39.96944307219425], [116.186059740918, 39.96950774811174], [116.18563217015247, 39.96961484901306], [116.18521715598112, 39.969763343458], [116.18481869521727, 39.96995180136387], [116.18444062525593, 39.97017840777802], [116.18408658711749, 39.9704409803568], [116.18375999038274, 39.97073699038275], [116.1834639803568, 39.971063587117484], [116.18320140777801, 39.97141762525593], [116.18297480136387, 39.971795695217274], [116.182786343458, 39.972194155981114], [116.18263784901306, 39.972609170152474], [116.18253074811174, 39.973036740918005], [116.18246607219426, 39.97347275053751], [116.18244444412505, 39.973913], [116.18246607219426, 39.974353249462496], [116.18253074811174, 39.974789259082], [116.18263784901306, 39.97521682984753], [116.182786343458, 39.97563184401889], [116.18297480136387, 39.97603030478273], [116.18320140777801, 39.976408374744075], [116.1834639803568, 39.97676241288252], [116.18375999038274, 39.97708900961726], [116.18408658711749, 39.97738501964321], [116.18444062525593, 39.977647592221984], [116.18481869521727, 39.97787419863614], [116.18521715598112, 39.97806265654201], [116.18563217015247, 39.978211150986944], [116.186059740918, 39.97831825188827], [116.1864957505375, 39.978382927805754], [116.186936, 39.97840455587496], [116.1873762494625, 39.978382927805754], [116.18781225908201, 39.97831825188827], [116.18823982984753, 39.978211150986944], [116.18865484401888, 39.97806265654201], [116.18905330478273, 39.97787419863614], [116.18943137474407, 39.977647592221984], [116.18978541288251, 39.97738501964321], [116.19011200961727, 39.97708900961726], [116.1904080196432, 39.97676241288252], [116.19067059222199, 39.976408374744075], [116.19089719863614, 39.97603030478273], [116.191085656542, 39.97563184401889], [116.19123415098694, 39.97521682984753], [116.19134125188826, 39.974789259082], [116.19140592780575, 39.974353249462496], [116.19142755587495, 39.973913]]]}, "properties": {"name": "北京西山国家森林公园", "grade": "3A", "amap_name": "北京西山国家森林公园", "district": "海淀", "disposition": "CONSTRUCTED", "source": "buffer 500.0m", "conf": 0.4, "radius_m": 500, "status": "KNOWN_ISSUE", "issue": "approximate boundary - needs verification"}}, {"type": "Feature", "geometry": {"type": "Polygon", "coordinates": [[[117.04572124469998, 40.484951], [117.0457039422446, 40.48459880043001], [117.04565220151062, 40.484249992734405], [117.04556652078956, 40.48390793612198], [117.0454477252336, 40.483575924784894], [117.0452969589089, 40.48325715617382], [117.04511567377759, 40.48295470020474], [117.04490561571457, 40.48267146969399], [117.04466880769381, 40.4824101923062], [117.04440753030602, 40.48217338428544], [117.04412429979526, 40.48196332622241], [117.04382184382618, 40.481782041091094], [117.04350307521511, 40.4816312747664], [117.04317106387803, 40.48151247921045], [117.04282900726561, 40.48142679848939], [117.04248019957, 40.4813750577554], [117.042128, 40.48135775530004], [117.04177580043002, 40.4813750577554], [117.0414269927344, 40.48142679848939], [117.04108493612198, 40.48151247921045], [117.0407529247849, 40.4816312747664], [117.04043415617383, 40.481782041091094], [117.04013170020475, 40.48196332622241], [117.039848469694, 40.48217338428544], [117.0395871923062, 40.4824101923062], [117.03935038428544, 40.48267146969399], [117.03914032622242, 40.48295470020474], [117.0389590410911, 40.48325715617382], [117.03880827476641, 40.483575924784894], [117.03868947921045, 40.48390793612198], [117.03860379848939, 40.484249992734405], [117.03855205775541, 40.48459880043001], [117.03853475530003, 40.484951], [117.03855205775541, 40.48530319957], [117.03860379848939, 40.4856520072656], [117.03868947921045, 40.485994063878024], [117.03880827476641, 40.48632607521511], [117.0389590410911, 40.486644843826184], [117.03914032622242, 40.48694729979526], [117.03935038428544, 40.487230530306014], [117.0395871923062, 40.48749180769381], [117.039848469694, 40.487728615714566], [117.04013170020475, 40.48793867377759], [117.04043415617383, 40.48811995890891], [117.0407529247849, 40.488270725233605], [117.04108493612198, 40.48838952078955], [117.0414269927344, 40.48847520151062], [117.04177580043002, 40.488526942244604], [117.042128, 40.488544244699966], [117.04248019957, 40.488526942244604], [117.04282900726561, 40.48847520151062], [117.04317106387803, 40.48838952078955], [117.04350307521511, 40.488270725233605], [117.04382184382618, 40.48811995890891], [117.04412429979526, 40.48793867377759], [117.04440753030602, 40.487728615714566], [117.04466880769381, 40.48749180769381], [117.04490561571457, 40.487230530306014], [117.04511567377759, 40.48694729979526], [117.0452969589089, 40.486644843826184], [117.0454477252336, 40.48632607521511], [117.04556652078956, 40.485994063878024], [117.04565220151062, 40.4856520072656], [117.0457039422446, 40.48530319957], [117.04572124469998, 40.484951]]]}, "properties": {"name": "北京邑仕庄园国际酒庄景区", "grade": "3A", "amap_name": "北京邑仕庄园国际酒庄有限公司", "district": "密云", "disposition": "CONSTRUCTED", "source": "buffer 400.0m", "conf": 0.4, "radius_m": 400, "status": "KNOWN_ISSUE", "issue": "approximate boundary - needs verification"}}, {"type": "Feature", "geometry": {"type": "Polygon", "coordinates": [[[116.47558624469997, 39.857492], [116.47556894224459, 39.857139800430005], [116.47551720151061, 39.8567909927344], [116.47543152078956, 39.85644893612198], [116.4753127252336, 39.85611692478489], [116.4751619589089, 39.85579815617382], [116.47498067377758, 39.85549570020474], [116.47477061571456, 39.85521246969399], [116.4745338076938, 39.854951192306196], [116.47427253030601, 39.85471438428544], [116.47398929979525, 39.85450432622241], [116.47368684382617, 39.85432304109109], [116.4733680752151, 39.8541722747664], [116.47303606387803, 39.85405347921045], [116.4726940072656, 39.853967798489386], [116.47234519956999, 39.8539160577554], [116.471993, 39.85389875530004], [116.47164080043001, 39.8539160577554], [116.4712919927344, 39.853967798489386], [116.47094993612197, 39.85405347921045], [116.47061792478489, 39.8541722747664], [116.47029915617382, 39.85432304109109], [116.46999670020475, 39.85450432622241], [116.46971346969399, 39.85471438428544], [116.46945219230619, 39.854951192306196], [116.46921538428543, 39.85521246969399], [116.46900532622242, 39.85549570020474], [116.4688240410911, 39.85579815617382], [116.4686732747664, 39.85611692478489], [116.46855447921044, 39.85644893612198], [116.46846879848938, 39.8567909927344], [116.4684170577554, 39.857139800430005], [116.46839975530003, 39.857492], [116.4684170577554, 39.857844199569996], [116.46846879848938, 39.8581930072656], [116.46855447921044, 39.85853506387802], [116.4686732747664, 39.85886707521511], [116.4688240410911, 39.85918584382618], [116.46900532622242, 39.85948829979526], [116.46921538428543, 39.85977153030601], [116.46945219230619, 39.860032807693806], [116.46971346969399, 39.860269615714564], [116.46999670020475, 39.86047967377759], [116.47029915617382, 39.86066095890891], [116.47061792478489, 39.8608117252336], [116.47094993612197, 39.86093052078955], [116.4712919927344, 39.861016201510616], [116.47164080043001, 39.8610679422446], [116.471993, 39.861085244699964], [116.47234519956999, 39.8610679422446], [116.4726940072656, 39.861016201510616], [116.47303606387803, 39.86093052078955], [116.4733680752151, 39.8608117252336], [116.47368684382617, 39.86066095890891], [116.47398929979525, 39.86047967377759], [116.47427253030601, 39.860269615714564], [116.4745338076938, 39.860032807693806], [116.47477061571456, 39.85977153030601], [116.47498067377758, 39.85948829979526], [116.4751619589089, 39.85918584382618], [116.4753127252336, 39.85886707521511], [116.47543152078956, 39.85853506387802], [116.47551720151061, 39.8581930072656], [116.47556894224459, 39.857844199569996], [116.47558624469997, 39.857492]]]}, "properties": {"name": "北京陶瓷艺术馆景区", "grade": "3A", "amap_name": "北京陶瓷艺术馆", "district": "朝阳", "disposition": "CONSTRUCTED", "source": "buffer 400.0m", "conf": 0.4, "radius_m": 400, "status": "KNOWN_ISSUE", "issue": "approximate boundary - needs verification"}}, {"type": "Feature", "geometry": {"type": "Polygon", "coordinates": [[[116.67062748939993, 40.393362], [116.67059288448921, 40.39265760086001], [116.67048940302124, 40.39195998546881], [116.67031804157911, 40.39127587224395], [116.67008045046721, 40.39061184956979], [116.66977891781782, 40.38997431234764], [116.66941634755518, 40.38936940040949], [116.66899623142913, 40.38880293938798], [116.66852261538762, 40.388280384612386], [116.66800006061203, 40.387806768570876], [116.66743359959052, 40.38738665244483], [116.66682868765237, 40.387024082182194], [116.66619115043022, 40.3867225495328], [116.66552712775605, 40.3864849584209], [116.6648430145312, 40.38631359697878], [116.66414539914, 40.386210115510806], [116.663441, 40.386175510600076], [116.66273660086001, 40.386210115510806], [116.66203898546881, 40.38631359697878], [116.66135487224396, 40.3864849584209], [116.66069084956979, 40.3867225495328], [116.66005331234764, 40.387024082182194], [116.65944840040949, 40.38738665244483], [116.65888193938798, 40.387806768570876], [116.6583593846124, 40.388280384612386], [116.65788576857088, 40.38880293938798], [116.65746565244483, 40.38936940040949], [116.65710308218219, 40.38997431234764], [116.6568015495328, 40.39061184956979], [116.6565639584209, 40.39127587224395], [116.65639259697878, 40.39195998546881], [116.6562891155108, 40.39265760086001], [116.65625451060008, 40.393362], [116.6562891155108, 40.394066399139994], [116.65639259697878, 40.3947640145312], [116.6565639584209, 40.395448127756055], [116.6568015495328, 40.39611215043022], [116.65710308218219, 40.39674968765237], [116.65746565244483, 40.397354599590514], [116.65788576857088, 40.39792106061203], [116.6583593846124, 40.39844361538762], [116.65888193938798, 40.39891723142913], [116.65944840040949, 40.399337347555175], [116.66005331234764, 40.39969991781781], [116.66069084956979, 40.40000145046721], [116.66135487224396, 40.400239041579106], [116.66203898546881, 40.400410403021226], [116.66273660086001, 40.4005138844892], [116.663441, 40.40054848939993], [116.66414539914, 40.4005138844892], [116.6648430145312, 40.400410403021226], [116.66552712775605, 40.400239041579106], [116.66619115043022, 40.40000145046721], [116.66682868765237, 40.39969991781781], [116.66743359959052, 40.399337347555175], [116.66800006061203, 40.39891723142913], [116.66852261538762, 40.39844361538762], [116.66899623142913, 40.39792106061203], [116.66941634755518, 40.397354599590514], [116.66977891781782, 40.39674968765237], [116.67008045046721, 40.39611215043022], [116.67031804157911, 40.395448127756055], [116.67048940302124, 40.3947640145312], [116.67059288448921, 40.394066399139994], [116.67062748939993, 40.393362]]]}, "properties": {"name": "北京雁栖湖景区", "grade": "4A", "amap_name": "雁栖湖(暂停开放)", "district": "怀柔", "disposition": "CONSTRUCTED", "source": "buffer 800.0m", "conf": 0.4, "radius_m": 800, "status": "KNOWN_ISSUE", "issue": "approximate boundary - needs verification"}}, {"type": "Feature", "geometry": {"type": "Polygon", "coordinates": [[[117.35860024469997, 40.632646], [117.3585829422446, 40.632293800430006], [117.35853120151062, 40.631944992734404], [117.35844552078956, 40.63160293612198], [117.3583267252336, 40.63127092478489], [117.3581759589089, 40.63095215617382], [117.35799467377758, 40.63064970020474], [117.35778461571456, 40.63036646969399], [117.3575478076938, 40.630105192306196], [117.35728653030601, 40.62986838428544], [117.35700329979525, 40.62965832622241], [117.35670084382618, 40.62947704109109], [117.35638207521511, 40.6293262747664], [117.35605006387803, 40.62920747921045], [117.3557080072656, 40.629121798489386], [117.35535919956999, 40.6290700577554], [117.355007, 40.62905275530004], [117.35465480043001, 40.6290700577554], [117.3543059927344, 40.629121798489386], [117.35396393612197, 40.62920747921045], [117.35363192478489, 40.6293262747664], [117.35331315617383, 40.62947704109109], [117.35301070020475, 40.62965832622241], [117.35272746969399, 40.62986838428544], [117.3524661923062, 40.630105192306196], [117.35222938428544, 40.63036646969399], [117.35201932622242, 40.63064970020474], [117.3518380410911, 40.63095215617382], [117.3516872747664, 40.63127092478489], [117.35156847921044, 40.63160293612198], [117.35148279848939, 40.631944992734404], [117.3514310577554, 40.632293800430006], [117.35141375530003, 40.632646], [117.3514310577554, 40.63299819957], [117.35148279848939, 40.6333470072656], [117.35156847921044, 40.63368906387802], [117.3516872747664, 40.63402107521511], [117.3518380410911, 40.63433984382618], [117.35201932622242, 40.63464229979526], [117.35222938428544, 40.63492553030601], [117.3524661923062, 40.635186807693806], [117.35272746969399, 40.635423615714565], [117.35301070020475, 40.63563367377759], [117.35331315617383, 40.63581495890891], [117.35363192478489, 40.6359657252336], [117.35396393612197, 40.63608452078955], [117.3543059927344, 40.636170201510616], [117.35465480043001, 40.6362219422446], [117.355007, 40.636239244699965], [117.35535919956999, 40.6362219422446], [117.3557080072656, 40.636170201510616], [117.35605006387803, 40.63608452078955], [117.35638207521511, 40.6359657252336], [117.35670084382618, 40.63581495890891], [117.35700329979525, 40.63563367377759], [117.35728653030601, 40.635423615714565], [117.3575478076938, 40.635186807693806], [117.35778461571456, 40.63492553030601], [117.35799467377758, 40.63464229979526], [117.3581759589089, 40.63433984382618], [117.3583267252336, 40.63402107521511], [117.35844552078956, 40.63368906387802], [117.35853120151062, 40.6333470072656], [117.3585829422446, 40.63299819957], [117.35860024469997, 40.632646]]]}, "properties": {"name": "北京雾灵西峰景区", "grade": "3A", "amap_name": "雾灵西峰景区", "district": "密云", "disposition": "CONSTRUCTED", "source": "buffer 400.0m", "conf": 0.4, "radius_m": 400, "status": "KNOWN_ISSUE", "issue": "approximate boundary - needs verification"}}, {"type": "Feature", "geometry": {"type": "Polygon", "coordinates": [[[116.08336355587495, 40.055318], [116.08334192780575, 40.05487775053751], [116.08327725188826, 40.054441740918], [116.08317015098694, 40.05401417015247], [116.083021656542, 40.05359915598111], [116.08283319863614, 40.05320069521727], [116.08260659222199, 40.05282262525593], [116.0823440196432, 40.05246858711748], [116.08204800961727, 40.052141990382744], [116.08172141288252, 40.051845980356795], [116.08136737474408, 40.05158340777802], [116.08098930478273, 40.051356801363866], [116.08059084401889, 40.051168343457995], [116.08017582984753, 40.05101984901306], [116.07974825908201, 40.050912748111735], [116.0793122494625, 40.05084807219425], [116.078872, 40.05082644412504], [116.0784317505375, 40.05084807219425], [116.077995740918, 40.050912748111735], [116.07756817015247, 40.05101984901306], [116.07715315598112, 40.051168343457995], [116.07675469521728, 40.051356801363866], [116.07637662525593, 40.05158340777802], [116.07602258711749, 40.051845980356795], [116.07569599038274, 40.052141990382744], [116.0753999803568, 40.05246858711748], [116.07513740777802, 40.05282262525593], [116.07491080136387, 40.05320069521727], [116.074722343458, 40.05359915598111], [116.07457384901306, 40.05401417015247], [116.07446674811175, 40.054441740918], [116.07440207219426, 40.05487775053751], [116.07438044412505, 40.055318], [116.07440207219426, 40.05575824946249], [116.07446674811175, 40.056194259082], [116.07457384901306, 40.05662182984753], [116.074722343458, 40.05703684401889], [116.07491080136387, 40.05743530478273], [116.07513740777802, 40.05781337474407], [116.0753999803568, 40.05816741288252], [116.07569599038274, 40.058494009617256], [116.07602258711749, 40.058790019643205], [116.07637662525593, 40.05905259222198], [116.07675469521728, 40.05927919863613], [116.07715315598112, 40.059467656542004], [116.07756817015247, 40.05961615098694], [116.077995740918, 40.059723251888265], [116.0784317505375, 40.05978792780575], [116.078872, 40.059809555874956], [116.0793122494625, 40.05978792780575], [116.07974825908201, 40.059723251888265], [116.08017582984753, 40.05961615098694], [116.08059084401889, 40.059467656542004], [116.08098930478273, 40.05927919863613], [116.08136737474408, 40.05905259222198], [116.08172141288252, 40.058790019643205], [116.08204800961727, 40.058494009617256], [116.0823440196432, 40.05816741288252], [116.08260659222199, 40.05781337474407], [116.08283319863614, 40.05743530478273], [116.083021656542, 40.05703684401889], [116.08317015098694, 40.05662182984753], [116.08327725188826, 40.056194259082], [116.08334192780575, 40.05575824946249], [116.08336355587495, 40.055318]]]}, "properties": {"name": "北京鹫峰森林公园景区", "grade": "3A", "amap_name": "北京鹫峰国家森林公园", "district": "海淀", "disposition": "CONSTRUCTED", "source": "buffer 500.0m", "conf": 0.4, "radius_m": 500, "status": "KNOWN_ISSUE", "issue": "approximate boundary - needs verification"}}, {"type": "Feature", "geometry": {"type": "Polygon", "coordinates": [[[116.31119166762487, 40.411686], [116.31112678341725, 40.410365251612525], [116.3109327556648, 40.40905722275401], [116.31061145296083, 40.40777451045741], [116.31016596962601, 40.40652946794334], [116.3096005959084, 40.40533408565182], [116.30892077666596, 40.404199875767794], [116.30813305892961, 40.403137761352454], [116.30724502885178, 40.40215797114823], [116.30626523864755, 40.401269941070396], [116.30520312423221, 40.40048222333405], [116.30406891434818, 40.39980240409161], [116.30287353205667, 40.399237030373996], [116.3016284895426, 40.39879154703918], [116.30034577724601, 40.39847024433521], [116.29903774838749, 40.39827621658275], [116.297717, 40.39821133237514], [116.29639625161252, 40.39827621658275], [116.295088222754, 40.39847024433521], [116.29380551045742, 40.39879154703918], [116.29256046794335, 40.399237030373996], [116.29136508565183, 40.39980240409161], [116.2902308757678, 40.40048222333405], [116.28916876135246, 40.401269941070396], [116.28818897114823, 40.40215797114823], [116.2873009410704, 40.403137761352454], [116.28651322333405, 40.404199875767794], [116.2858334040916, 40.40533408565182], [116.285268030374, 40.40652946794334], [116.28482254703918, 40.40777451045741], [116.28450124433522, 40.40905722275401], [116.28430721658276, 40.410365251612525], [116.28424233237514, 40.411686], [116.28430721658276, 40.41300674838748], [116.28450124433522, 40.414314777246], [116.28482254703918, 40.4155974895426], [116.285268030374, 40.41684253205666], [116.2858334040916, 40.41803791434818], [116.28651322333405, 40.41917212423221], [116.2873009410704, 40.42023423864755], [116.28818897114823, 40.42121402885178], [116.28916876135246, 40.42210205892961], [116.2902308757678, 40.422889776665954], [116.29136508565183, 40.4235695959084], [116.29256046794335, 40.42413496962601], [116.29380551045742, 40.424580452960825], [116.295088222754, 40.4249017556648], [116.29639625161252, 40.425095783417255], [116.297717, 40.425160667624866], [116.29903774838749, 40.425095783417255], [116.30034577724601, 40.4249017556648], [116.3016284895426, 40.424580452960825], [116.30287353205667, 40.42413496962601], [116.30406891434818, 40.4235695959084], [116.30520312423221, 40.422889776665954], [116.30626523864755, 40.42210205892961], [116.30724502885178, 40.42121402885178], [116.30813305892961, 40.42023423864755], [116.30892077666596, 40.41917212423221], [116.3096005959084, 40.41803791434818], [116.31016596962601, 40.41684253205666], [116.31061145296083, 40.4155974895426], [116.3109327556648, 40.414314777246], [116.31112678341725, 40.41300674838748], [116.31119166762487, 40.411686]]]}, "properties": {"name": "北京黄花城水长城旅游区", "grade": "4A", "amap_name": "黄花城水长城", "district": "怀柔", "disposition": "CONSTRUCTED", "source": "buffer 1500.0m", "conf": 0.4, "radius_m": 1500, "status": "KNOWN_ISSUE", "issue": "approximate boundary - needs verification"}}, {"type": "Feature", "geometry": {"type": "Polygon", "coordinates": [[[116.39791055587494, 40.178544], [116.39788892780574, 40.17810375053751], [116.39782425188825, 40.177667740918004], [116.39771715098694, 40.17724017015247], [116.39756865654199, 40.17682515598111], [116.39738019863613, 40.17642669521727], [116.39715359222198, 40.17604862525593], [116.39689101964319, 40.17569458711748], [116.39659500961726, 40.175367990382746], [116.3962684128825, 40.1750719803568], [116.39591437474407, 40.17480940777802], [116.39553630478272, 40.17458280136387], [116.39513784401888, 40.174394343458], [116.39472282984752, 40.17424584901306], [116.394295259082, 40.17413874811174], [116.3938592494625, 40.17407407219425], [116.393419, 40.174052444125046], [116.3929787505375, 40.17407407219425], [116.39254274091799, 40.17413874811174], [116.39211517015246, 40.17424584901306], [116.39170015598111, 40.174394343458], [116.39130169521727, 40.17458280136387], [116.39092362525592, 40.17480940777802], [116.39056958711748, 40.1750719803568], [116.39024299038273, 40.175367990382746], [116.3899469803568, 40.17569458711748], [116.389684407778, 40.17604862525593], [116.38945780136386, 40.17642669521727], [116.389269343458, 40.17682515598111], [116.38912084901305, 40.17724017015247], [116.38901374811174, 40.177667740918004], [116.38894907219425, 40.17810375053751], [116.38892744412504, 40.178544], [116.38894907219425, 40.178984249462495], [116.38901374811174, 40.179420259082], [116.38912084901305, 40.17984782984753], [116.389269343458, 40.18026284401889], [116.38945780136386, 40.18066130478273], [116.389684407778, 40.181039374744074], [116.3899469803568, 40.18139341288252], [116.39024299038273, 40.18172000961726], [116.39056958711748, 40.18201601964321], [116.39092362525592, 40.182278592221984], [116.39130169521727, 40.182505198636136], [116.39170015598111, 40.18269365654201], [116.39211517015246, 40.18284215098694], [116.39254274091799, 40.18294925188827], [116.3929787505375, 40.18301392780575], [116.393419, 40.18303555587496], [116.3938592494625, 40.18301392780575], [116.394295259082, 40.18294925188827], [116.39472282984752, 40.18284215098694], [116.39513784401888, 40.18269365654201], [116.39553630478272, 40.182505198636136], [116.39591437474407, 40.182278592221984], [116.3962684128825, 40.18201601964321], [116.39659500961726, 40.18172000961726], [116.39689101964319, 40.18139341288252], [116.39715359222198, 40.181039374744074], [116.39738019863613, 40.18066130478273], [116.39756865654199, 40.18026284401889], [116.39771715098694, 40.17984782984753], [116.39782425188825, 40.179420259082], [116.39788892780574, 40.178984249462495], [116.39791055587494, 40.178544]]]}, "properties": {"name": "北京龙脉温泉景区", "grade": "4A", "amap_name": "龙脉温泉", "district": "昌平", "disposition": "CONSTRUCTED", "source": "buffer 500.0m", "conf": 0.4, "radius_m": 500, "status": "KNOWN_ISSUE", "issue": "approximate boundary - needs verification"}}, {"type": "Feature", "geometry": {"type": "Polygon", "coordinates": [[[115.79796473409989, 40.145115], [115.79791282673379, 40.14405840129001], [115.79775760453182, 40.1430119782032], [115.79750056236865, 40.141985808365924], [115.7971441757008, 40.140989774354665], [115.79669187672671, 40.14003346852146], [115.79614802133275, 40.13912610061423], [115.79551784714369, 40.13827640908195], [115.79480742308141, 40.137492576918575], [115.79402359091803, 40.13678215285631], [115.79317389938576, 40.136151978667236], [115.79226653147853, 40.13560812327328], [115.79131022564532, 40.13515582429919], [115.79031419163407, 40.134799437631344], [115.78928802179679, 40.13454239546816], [115.78824159870997, 40.1343871732662], [115.787185, 40.134335265900106], [115.78612840129001, 40.1343871732662], [115.7850819782032, 40.13454239546816], [115.78405580836592, 40.134799437631344], [115.78305977435467, 40.13515582429919], [115.78210346852146, 40.13560812327328], [115.78119610061422, 40.136151978667236], [115.78034640908196, 40.13678215285631], [115.77956257691858, 40.137492576918575], [115.7788521528563, 40.13827640908195], [115.77822197866723, 40.13912610061423], [115.77767812327328, 40.14003346852146], [115.7772258242992, 40.140989774354665], [115.77686943763133, 40.141985808365924], [115.77661239546816, 40.1430119782032], [115.7764571732662, 40.14405840129001], [115.7764052659001, 40.145115], [115.7764571732662, 40.146171598709984], [115.77661239546816, 40.147218021796796], [115.77686943763133, 40.14824419163407], [115.7772258242992, 40.14924022564533], [115.77767812327328, 40.150196531478535], [115.77822197866723, 40.15110389938577], [115.7788521528563, 40.15195359091804], [115.77956257691858, 40.15273742308142], [115.78034640908196, 40.15344784714368], [115.78119610061422, 40.15407802133276], [115.78210346852146, 40.154621876726715], [115.78305977435467, 40.155074175700804], [115.78405580836592, 40.15543056236865], [115.7850819782032, 40.155687604531835], [115.78612840129001, 40.155842826733796], [115.787185, 40.15589473409989], [115.78824159870997, 40.155842826733796], [115.78928802179679, 40.155687604531835], [115.79031419163407, 40.15543056236865], [115.79131022564532, 40.155074175700804], [115.79226653147853, 40.154621876726715], [115.79317389938576, 40.15407802133276], [115.79402359091803, 40.15344784714368], [115.79480742308141, 40.15273742308142], [115.79551784714369, 40.15195359091804], [115.79614802133275, 40.15110389938577], [115.79669187672671, 40.150196531478535], [115.7971441757008, 40.14924022564533], [115.79750056236865, 40.14824419163407], [115.79775760453182, 40.147218021796796], [115.79791282673379, 40.146171598709984], [115.79796473409989, 40.145115]]]}, "properties": {"name": "南石洋大峡谷景区", "grade": "3A", "amap_name": "南石洋大峡谷", "district": "门头沟", "disposition": "CONSTRUCTED", "source": "buffer 1200.0m", "conf": 0.4, "radius_m": 1200, "status": "KNOWN_ISSUE", "issue": "approximate boundary - needs verification"}}, {"type": "Feature", "geometry": {"type": "Polygon", "coordinates": [[[116.2015296, 39.9917544], [116.1972702, 39.9959342], [116.1992069, 40.0021281], [116.2041958, 40.0042065], [116.2078644, 40.0038807], [116.2114602, 39.9955745], [116.210065, 39.9921482], [116.2015296, 39.9917544]]]}, "properties": {"name": "国家植物园景区", "grade": "4A", "amap_name": "国家植物园", "district": "海淀", "disposition": "CONSTRUCTED", "source": "POI-HULL(200 facilities)", "conf": 0.7, "radius_m": 400, "status": "KNOWN_ISSUE", "issue": "approximate boundary - needs verification"}}, {"type": "Feature", "geometry": {"type": "Polygon", "coordinates": [[[116.22773311174991, 40.368154], [116.2276898556115, 40.36727350107501], [116.22756050377653, 40.366401481836], [116.22734630197388, 40.36554634030493], [116.22704931308401, 40.36471631196222], [116.22667239727227, 40.363919390434546], [116.22621918444396, 40.36316325051186], [116.22569403928641, 40.36245517423496], [116.22510201923451, 40.36180198076548], [116.22444882576504, 40.36120996071359], [116.22374074948814, 40.36068481555603], [116.22298460956546, 40.36023160272774], [116.22218768803778, 40.359854686915995], [116.22135765969506, 40.359557698026116], [116.220502518164, 40.35934349622347], [116.21963049892499, 40.359214144388496], [116.21875, 40.359170888250084], [116.21786950107501, 40.359214144388496], [116.216997481836, 40.35934349622347], [116.21614234030494, 40.359557698026116], [116.21531231196222, 40.359854686915995], [116.21451539043454, 40.36023160272774], [116.21375925051186, 40.36068481555603], [116.21305117423496, 40.36120996071359], [116.21239798076549, 40.36180198076548], [116.21180596071359, 40.36245517423496], [116.21128081555604, 40.36316325051186], [116.21082760272773, 40.363919390434546], [116.21045068691599, 40.36471631196222], [116.21015369802612, 40.36554634030493], [116.20993949622347, 40.366401481836], [116.2098101443885, 40.36727350107501], [116.20976688825009, 40.368154], [116.2098101443885, 40.36903449892498], [116.20993949622347, 40.369906518163994], [116.21015369802612, 40.37076165969506], [116.21045068691599, 40.371591688037775], [116.21082760272773, 40.37238860956545], [116.21128081555604, 40.373144749488134], [116.21180596071359, 40.373852825765034], [116.21239798076549, 40.374506019234516], [116.21305117423496, 40.37509803928641], [116.21375925051186, 40.37562318444397], [116.21451539043454, 40.37607639727226], [116.21531231196222, 40.376453313084], [116.21614234030494, 40.37675030197388], [116.216997481836, 40.37696450377653], [116.21786950107501, 40.3770938556115], [116.21875, 40.37713711174991], [116.21963049892499, 40.3770938556115], [116.220502518164, 40.37696450377653], [116.22135765969506, 40.37675030197388], [116.22218768803778, 40.376453313084], [116.22298460956546, 40.37607639727226], [116.22374074948814, 40.37562318444397], [116.22444882576504, 40.37509803928641], [116.22510201923451, 40.374506019234516], [116.22569403928641, 40.373852825765034], [116.22621918444396, 40.373144749488134], [116.22667239727227, 40.37238860956545], [116.22704931308401, 40.371591688037775], [116.22734630197388, 40.37076165969506], [116.22756050377653, 40.369906518163994], [116.2276898556115, 40.36903449892498], [116.22773311174991, 40.368154]]]}, "properties": {"name": "大岭沟猕猴桃谷风景区", "grade": "2A", "amap_name": "大岭沟猕猴桃谷风景区", "district": "昌平", "disposition": "CONSTRUCTED", "source": "buffer 1000.0m", "conf": 0.4, "radius_m": 1000, "status": "KNOWN_ISSUE", "issue": "approximate boundary - needs verification"}}, {"type": "Feature", "geometry": {"type": "Polygon", "coordinates": [[[116.02297911174992, 40.072345], [116.02293585561151, 40.07146450107501], [116.02280650377654, 40.070592481836], [116.02259230197389, 40.06973734030493], [116.02229531308402, 40.06890731196222], [116.02191839727227, 40.06811039043455], [116.02146518444397, 40.06735425051186], [116.02094003928642, 40.06664617423496], [116.02034801923452, 40.06599298076548], [116.01969482576504, 40.06540096071359], [116.01898674948815, 40.06487581555603], [116.01823060956546, 40.06442260272774], [116.01743368803778, 40.064045686915996], [116.01660365969506, 40.06374869802612], [116.015748518164, 40.06353449622347], [116.01487649892499, 40.0634051443885], [116.013996, 40.063361888250085], [116.01311550107502, 40.0634051443885], [116.01224348183601, 40.06353449622347], [116.01138834030495, 40.06374869802612], [116.01055831196223, 40.064045686915996], [116.00976139043455, 40.06442260272774], [116.00900525051186, 40.06487581555603], [116.00829717423497, 40.06540096071359], [116.0076439807655, 40.06599298076548], [116.0070519607136, 40.06664617423496], [116.00652681555604, 40.06735425051186], [116.00607360272774, 40.06811039043455], [116.005696686916, 40.06890731196222], [116.00539969802612, 40.06973734030493], [116.00518549622348, 40.070592481836], [116.0050561443885, 40.07146450107501], [116.00501288825009, 40.072345], [116.0050561443885, 40.073225498924984], [116.00518549622348, 40.074097518163995], [116.00539969802612, 40.074952659695064], [116.005696686916, 40.075782688037776], [116.00607360272774, 40.07657960956545], [116.00652681555604, 40.077335749488135], [116.0070519607136, 40.078043825765036], [116.0076439807655, 40.07869701923452], [116.00829717423497, 40.07928903928641], [116.00900525051186, 40.07981418444397], [116.00976139043455, 40.08026739727226], [116.01055831196223, 40.080644313084], [116.01138834030495, 40.08094130197388], [116.01224348183601, 40.08115550377653], [116.01311550107502, 40.0812848556115], [116.013996, 40.08132811174991], [116.01487649892499, 40.0812848556115], [116.015748518164, 40.08115550377653], [116.01660365969506, 40.08094130197388], [116.01743368803778, 40.080644313084], [116.01823060956546, 40.08026739727226], [116.01898674948815, 40.07981418444397], [116.01969482576504, 40.07928903928641], [116.02034801923452, 40.07869701923452], [116.02094003928642, 40.078043825765036], [116.02146518444397, 40.077335749488135], [116.02191839727227, 40.07657960956545], [116.02229531308402, 40.075782688037776], [116.02259230197389, 40.074952659695064], [116.02280650377654, 40.074097518163995], [116.02293585561151, 40.073225498924984], [116.02297911174992, 40.072345]]]}, "properties": {"name": "妙峰山风景区", "grade": "3A", "amap_name": "妙峰山", "district": "门头沟", "disposition": "CONSTRUCTED", "source": "buffer 1000.0m", "conf": 0.4, "radius_m": 1000, "status": "KNOWN_ISSUE", "issue": "approximate boundary - needs verification"}}, {"type": "Feature", "geometry": {"type": "Polygon", "coordinates": [[[116.4122262, 39.9386789], [116.4020465, 39.9416269], [116.4027744, 39.9483802], [116.4093314, 39.9502979], [116.4153069, 39.9475783], [116.4147128, 39.9415633], [116.4122262, 39.9386789]]]}, "properties": {"name": "孔庙和国子监博物馆景区", "grade": "4A", "amap_name": "孔庙和国子监博物馆", "district": "东城", "disposition": "CONSTRUCTED", "source": "POI-HULL(32 facilities)", "conf": 0.7, "radius_m": 200, "status": "KNOWN_ISSUE", "issue": "approximate boundary - needs verification"}}, {"type": "Feature", "geometry": {"type": "Polygon", "coordinates": [[[116.90288924469998, 40.34953], [116.9028719422446, 40.349177800430006], [116.90282020151062, 40.348828992734404], [116.90273452078956, 40.34848693612198], [116.9026157252336, 40.34815492478489], [116.90246495890891, 40.34783615617382], [116.90228367377759, 40.34753370020474], [116.90207361571457, 40.34725046969399], [116.90183680769381, 40.3469891923062], [116.90157553030602, 40.34675238428544], [116.90129229979526, 40.34654232622241], [116.90098984382618, 40.34636104109109], [116.90067107521512, 40.3462102747664], [116.90033906387804, 40.34609147921045], [116.89999700726561, 40.34600579848939], [116.89964819957, 40.3459540577554], [116.899296, 40.34593675530004], [116.89894380043002, 40.3459540577554], [116.8985949927344, 40.34600579848939], [116.89825293612198, 40.34609147921045], [116.8979209247849, 40.3462102747664], [116.89760215617383, 40.34636104109109], [116.89729970020475, 40.34654232622241], [116.897016469694, 40.34675238428544], [116.8967551923062, 40.3469891923062], [116.89651838428544, 40.34725046969399], [116.89630832622242, 40.34753370020474], [116.8961270410911, 40.34783615617382], [116.89597627476641, 40.34815492478489], [116.89585747921045, 40.34848693612198], [116.89577179848939, 40.348828992734404], [116.89572005775541, 40.349177800430006], [116.89570275530004, 40.34953], [116.89572005775541, 40.34988219957], [116.89577179848939, 40.3502310072656], [116.89585747921045, 40.350573063878024], [116.89597627476641, 40.35090507521511], [116.8961270410911, 40.35122384382618], [116.89630832622242, 40.35152629979526], [116.89651838428544, 40.351809530306014], [116.8967551923062, 40.352070807693806], [116.897016469694, 40.352307615714565], [116.89729970020475, 40.35251767377759], [116.89760215617383, 40.35269895890891], [116.8979209247849, 40.352849725233604], [116.89825293612198, 40.35296852078955], [116.8985949927344, 40.353054201510616], [116.89894380043002, 40.3531059422446], [116.899296, 40.353123244699965], [116.89964819957, 40.3531059422446], [116.89999700726561, 40.353054201510616], [116.90033906387804, 40.35296852078955], [116.90067107521512, 40.352849725233604], [116.90098984382618, 40.35269895890891], [116.90129229979526, 40.35251767377759], [116.90157553030602, 40.352307615714565], [116.90183680769381, 40.352070807693806], [116.90207361571457, 40.351809530306014], [116.90228367377759, 40.35152629979526], [116.90246495890891, 40.35122384382618], [116.9026157252336, 40.35090507521511], [116.90273452078956, 40.350573063878024], [116.90282020151062, 40.3502310072656], [116.9028719422446, 40.34988219957], [116.90288924469998, 40.34953]]]}, "properties": {"name": "密云玫瑰情园景区", "grade": "3A", "amap_name": "密云玫瑰情园景区", "district": "密云", "disposition": "CONSTRUCTED", "source": "buffer 400.0m", "conf": 0.4, "radius_m": 400, "status": "KNOWN_ISSUE", "issue": "approximate boundary - needs verification"}}, {"type": "Feature", "geometry": {"type": "Polygon", "coordinates": [[[116.43051324469997, 40.153787], [116.43049594224459, 40.153434800430006], [116.43044420151061, 40.153085992734404], [116.43035852078955, 40.15274393612198], [116.43023972523359, 40.15241192478489], [116.4300889589089, 40.15209315617382], [116.42990767377758, 40.15179070020474], [116.42969761571456, 40.15150746969399], [116.4294608076938, 40.151246192306196], [116.42919953030601, 40.15100938428544], [116.42891629979525, 40.15079932622241], [116.42861384382617, 40.15061804109109], [116.4282950752151, 40.1504672747664], [116.42796306387802, 40.15034847921045], [116.4276210072656, 40.150262798489386], [116.42727219956998, 40.1502110577554], [116.42692, 40.15019375530004], [116.42656780043, 40.1502110577554], [116.42621899273439, 40.150262798489386], [116.42587693612197, 40.15034847921045], [116.42554492478489, 40.1504672747664], [116.42522615617382, 40.15061804109109], [116.42492370020474, 40.15079932622241], [116.42464046969398, 40.15100938428544], [116.42437919230619, 40.151246192306196], [116.42414238428543, 40.15150746969399], [116.42393232622241, 40.15179070020474], [116.4237510410911, 40.15209315617382], [116.4236002747664, 40.15241192478489], [116.42348147921044, 40.15274393612198], [116.42339579848938, 40.153085992734404], [116.4233440577554, 40.153434800430006], [116.42332675530002, 40.153787], [116.4233440577554, 40.15413919957], [116.42339579848938, 40.1544880072656], [116.42348147921044, 40.15483006387802], [116.4236002747664, 40.15516207521511], [116.4237510410911, 40.15548084382618], [116.42393232622241, 40.15578329979526], [116.42414238428543, 40.15606653030601], [116.42437919230619, 40.156327807693806], [116.42464046969398, 40.156564615714565], [116.42492370020474, 40.15677467377759], [116.42522615617382, 40.15695595890891], [116.42554492478489, 40.157106725233604], [116.42587693612197, 40.15722552078955], [116.42621899273439, 40.157311201510616], [116.42656780043, 40.1573629422446], [116.42692, 40.157380244699965], [116.42727219956998, 40.1573629422446], [116.4276210072656, 40.157311201510616], [116.42796306387802, 40.15722552078955], [116.4282950752151, 40.157106725233604], [116.42861384382617, 40.15695595890891], [116.42891629979525, 40.15677467377759], [116.42919953030601, 40.156564615714565], [116.4294608076938, 40.156327807693806], [116.42969761571456, 40.15606653030601], [116.42990767377758, 40.15578329979526], [116.4300889589089, 40.15548084382618], [116.43023972523359, 40.15516207521511], [116.43035852078955, 40.15483006387802], [116.43044420151061, 40.1544880072656], [116.43049594224459, 40.15413919957], [116.43051324469997, 40.153787]]]}, "properties": {"name": "小汤山现代农业科技示范园景区", "grade": "4A", "amap_name": "北京小汤山现代农业科技示范园", "district": "昌平", "disposition": "CONSTRUCTED", "source": "buffer 400.0m", "conf": 0.4, "radius_m": 400, "status": "KNOWN_ISSUE", "issue": "approximate boundary - needs verification"}}, {"type": "Feature", "geometry": {"type": "Polygon", "coordinates": [[[116.08019566762486, 40.289741], [116.08013078341725, 40.28842025161252], [116.07993675566479, 40.287112222754004], [116.07961545296082, 40.285829510457404], [116.07916996962601, 40.28458446794334], [116.0786045959084, 40.28338908565182], [116.07792477666595, 40.28225487576779], [116.07713705892961, 40.28119276135245], [116.07624902885178, 40.280212971148224], [116.07526923864755, 40.27932494107039], [116.0742071242322, 40.27853722333405], [116.07307291434817, 40.277857404091606], [116.07187753205666, 40.27729203037399], [116.07063248954259, 40.27684654703918], [116.069349777246, 40.276525244335204], [116.06804174838749, 40.27633121658275], [116.066721, 40.27626633237514], [116.06540025161252, 40.27633121658275], [116.064092222754, 40.276525244335204], [116.06280951045741, 40.27684654703918], [116.06156446794334, 40.27729203037399], [116.06036908565183, 40.277857404091606], [116.0592348757678, 40.27853722333405], [116.05817276135245, 40.27932494107039], [116.05719297114823, 40.280212971148224], [116.0563049410704, 40.28119276135245], [116.05551722333405, 40.28225487576779], [116.0548374040916, 40.28338908565182], [116.054272030374, 40.28458446794334], [116.05382654703918, 40.285829510457404], [116.05350524433521, 40.287112222754004], [116.05331121658276, 40.28842025161252], [116.05324633237514, 40.289741], [116.05331121658276, 40.29106174838748], [116.05350524433521, 40.292369777245995], [116.05382654703918, 40.293652489542595], [116.054272030374, 40.29489753205666], [116.0548374040916, 40.29609291434818], [116.05551722333405, 40.29722712423221], [116.0563049410704, 40.29828923864755], [116.05719297114823, 40.299269028851775], [116.05817276135245, 40.30015705892961], [116.0592348757678, 40.30094477666595], [116.06036908565183, 40.30162459590839], [116.06156446794334, 40.302189969626006], [116.06280951045741, 40.30263545296082], [116.064092222754, 40.302956755664795], [116.06540025161252, 40.30315078341725], [116.066721, 40.30321566762486], [116.06804174838749, 40.30315078341725], [116.069349777246, 40.302956755664795], [116.07063248954259, 40.30263545296082], [116.07187753205666, 40.302189969626006], [116.07307291434817, 40.30162459590839], [116.0742071242322, 40.30094477666595], [116.07526923864755, 40.30015705892961], [116.07624902885178, 40.299269028851775], [116.07713705892961, 40.29828923864755], [116.07792477666595, 40.29722712423221], [116.0786045959084, 40.29609291434818], [116.07916996962601, 40.29489753205666], [116.07961545296082, 40.293652489542595], [116.07993675566479, 40.292369777245995], [116.08013078341725, 40.29106174838748], [116.08019566762486, 40.289741]]]}, "properties": {"name": "居庸关长城景区", "grade": "4A", "amap_name": "居庸关长城", "district": "昌平", "disposition": "CONSTRUCTED", "source": "buffer 1500.0m", "conf": 0.4, "radius_m": 1500, "status": "KNOWN_ISSUE", "issue": "approximate boundary - needs verification"}}, {"type": "Feature", "geometry": {"type": "Polygon", "coordinates": [[[117.1744697340999, 40.244557], [117.1744178267338, 40.243500401290014], [117.17426260453183, 40.2424539782032], [117.17400556236866, 40.24142780836593], [117.1736491757008, 40.24043177435467], [117.17319687672672, 40.23947546852146], [117.17265302133276, 40.23856810061423], [117.1720228471437, 40.23771840908196], [117.17131242308142, 40.23693457691858], [117.17052859091804, 40.236224152856316], [117.16967889938577, 40.23559397866724], [117.16877153147854, 40.23505012327328], [117.16781522564533, 40.23459782429919], [117.16681919163408, 40.23424143763135], [117.1657930217968, 40.23398439546816], [117.16474659870998, 40.2338291732662], [117.16369, 40.23377726590011], [117.16263340129002, 40.2338291732662], [117.1615869782032, 40.23398439546816], [117.16056080836593, 40.23424143763135], [117.15956477435468, 40.23459782429919], [117.15860846852146, 40.23505012327328], [117.15770110061423, 40.23559397866724], [117.15685140908197, 40.236224152856316], [117.15606757691859, 40.23693457691858], [117.15535715285631, 40.23771840908196], [117.15472697866724, 40.23856810061423], [117.15418312327328, 40.23947546852146], [117.1537308242992, 40.24043177435467], [117.15337443763134, 40.24142780836593], [117.15311739546817, 40.2424539782032], [117.1529621732662, 40.243500401290014], [117.1529102659001, 40.244557], [117.1529621732662, 40.24561359870999], [117.15311739546817, 40.2466600217968], [117.15337443763134, 40.247686191634074], [117.1537308242992, 40.24868222564533], [117.15418312327328, 40.24963853147854], [117.15472697866724, 40.25054589938577], [117.15535715285631, 40.251395590918044], [117.15606757691859, 40.25217942308142], [117.15685140908197, 40.252889847143685], [117.15770110061423, 40.25352002133276], [117.15860846852146, 40.25406387672672], [117.15956477435468, 40.25451617570081], [117.16056080836593, 40.254872562368654], [117.1615869782032, 40.25512960453184], [117.16263340129002, 40.2552848267338], [117.16369, 40.25533673409989], [117.16474659870998, 40.2552848267338], [117.1657930217968, 40.25512960453184], [117.16681919163408, 40.254872562368654], [117.16781522564533, 40.25451617570081], [117.16877153147854, 40.25406387672672], [117.16967889938577, 40.25352002133276], [117.17052859091804, 40.252889847143685], [117.17131242308142, 40.25217942308142], [117.1720228471437, 40.251395590918044], [117.17265302133276, 40.25054589938577], [117.17319687672672, 40.24963853147854], [117.1736491757008, 40.24868222564533], [117.17400556236866, 40.247686191634074], [117.17426260453183, 40.2466600217968], [117.1744178267338, 40.24561359870999], [117.1744697340999, 40.244557]]]}, "properties": {"name": "平谷京东大峡谷旅游区", "grade": "4A", "amap_name": "京东大峡谷", "district": "平谷", "disposition": "CONSTRUCTED", "source": "buffer 1200.0m", "conf": 0.4, "radius_m": 1200, "status": "KNOWN_ISSUE", "issue": "approximate boundary - needs verification"}}, {"type": "Feature", "geometry": {"type": "Polygon", "coordinates": [[[117.2458417340999, 40.260956], [117.2457898267338, 40.25989940129001], [117.24563460453183, 40.2588529782032], [117.24537756236866, 40.25782680836593], [117.2450211757008, 40.25683077435467], [117.24456887672672, 40.25587446852146], [117.24402502133276, 40.25496710061423], [117.24339484714369, 40.25411740908196], [117.24268442308141, 40.25333357691858], [117.24190059091804, 40.252623152856316], [117.24105089938577, 40.25199297866724], [117.24014353147854, 40.25144912327328], [117.23918722564532, 40.25099682429919], [117.23819119163407, 40.25064043763135], [117.2371650217968, 40.25038339546816], [117.23611859870998, 40.2502281732662], [117.235062, 40.25017626590011], [117.23400540129002, 40.2502281732662], [117.2329589782032, 40.25038339546816], [117.23193280836593, 40.25064043763135], [117.23093677435467, 40.25099682429919], [117.22998046852146, 40.25144912327328], [117.22907310061423, 40.25199297866724], [117.22822340908196, 40.252623152856316], [117.22743957691858, 40.25333357691858], [117.22672915285631, 40.25411740908196], [117.22609897866724, 40.25496710061423], [117.22555512327328, 40.25587446852146], [117.2251028242992, 40.25683077435467], [117.22474643763134, 40.25782680836593], [117.22448939546817, 40.2588529782032], [117.2243341732662, 40.25989940129001], [117.2242822659001, 40.260956], [117.2243341732662, 40.26201259870999], [117.22448939546817, 40.2630590217968], [117.22474643763134, 40.264085191634074], [117.2251028242992, 40.26508122564533], [117.22555512327328, 40.26603753147854], [117.22609897866724, 40.26694489938577], [117.22672915285631, 40.267794590918044], [117.22743957691858, 40.26857842308142], [117.22822340908196, 40.269288847143685], [117.22907310061423, 40.26991902133276], [117.22998046852146, 40.27046287672672], [117.23093677435467, 40.27091517570081], [117.23193280836593, 40.27127156236865], [117.2329589782032, 40.27152860453184], [117.23400540129002, 40.2716838267338], [117.235062, 40.27173573409989], [117.23611859870998, 40.2716838267338], [117.2371650217968, 40.27152860453184], [117.23819119163407, 40.27127156236865], [117.23918722564532, 40.27091517570081], [117.24014353147854, 40.27046287672672], [117.24105089938577, 40.26991902133276], [117.24190059091804, 40.269288847143685], [117.24268442308141, 40.26857842308142], [117.24339484714369, 40.267794590918044], [117.24402502133276, 40.26694489938577], [117.24456887672672, 40.26603753147854], [117.2450211757008, 40.26508122564533], [117.24537756236866, 40.264085191634074], [117.24563460453183, 40.2630590217968], [117.2457898267338, 40.26201259870999], [117.2458417340999, 40.260956]]]}, "properties": {"name": "平谷区京东石林峡风景区", "grade": "4A", "amap_name": "京东石林峡旅游区", "district": "平谷", "disposition": "CONSTRUCTED", "source": "buffer 1200.0m", "conf": 0.4, "radius_m": 1200, "status": "KNOWN_ISSUE", "issue": "approximate boundary - needs verification"}}, {"type": "Feature", "geometry": {"type": "Polygon", "coordinates": [[[116.6859247340999, 40.460548], [116.6858728267338, 40.459491401290016], [116.68571760453183, 40.458444978203204], [116.68546056236866, 40.45741880836593], [116.6851041757008, 40.45642277435467], [116.68465187672672, 40.455466468521465], [116.68410802133276, 40.45455910061423], [116.68347784714369, 40.45370940908196], [116.68276742308142, 40.45292557691858], [116.68198359091804, 40.45221515285632], [116.68113389938577, 40.45158497866724], [116.68022653147854, 40.451041123273285], [116.67927022564533, 40.450588824299196], [116.67827419163407, 40.45023243763135], [116.6772480217968, 40.449975395468165], [116.67620159870998, 40.449820173266204], [116.675145, 40.44976826590011], [116.67408840129002, 40.449820173266204], [116.6730419782032, 40.449975395468165], [116.67201580836593, 40.45023243763135], [116.67101977435468, 40.450588824299196], [116.67006346852146, 40.451041123273285], [116.66915610061423, 40.45158497866724], [116.66830640908196, 40.45221515285632], [116.66752257691859, 40.45292557691858], [116.66681215285631, 40.45370940908196], [116.66618197866724, 40.45455910061423], [116.66563812327328, 40.455466468521465], [116.6651858242992, 40.45642277435467], [116.66482943763134, 40.45741880836593], [116.66457239546817, 40.458444978203204], [116.6644171732662, 40.459491401290016], [116.6643652659001, 40.460548], [116.6644171732662, 40.46160459870999], [116.66457239546817, 40.4626510217968], [116.66482943763134, 40.463677191634076], [116.6651858242992, 40.464673225645335], [116.66563812327328, 40.46562953147854], [116.66618197866724, 40.46653689938577], [116.66681215285631, 40.467386590918046], [116.66752257691859, 40.468170423081425], [116.66830640908196, 40.46888084714369], [116.66915610061423, 40.469511021332764], [116.67006346852146, 40.47005487672672], [116.67101977435468, 40.47050717570081], [116.67201580836593, 40.470863562368656], [116.6730419782032, 40.47112060453184], [116.67408840129002, 40.4712758267338], [116.675145, 40.471327734099894], [116.67620159870998, 40.4712758267338], [116.6772480217968, 40.47112060453184], [116.67827419163407, 40.470863562368656], [116.67927022564533, 40.47050717570081], [116.68022653147854, 40.47005487672672], [116.68113389938577, 40.469511021332764], [116.68198359091804, 40.46888084714369], [116.68276742308142, 40.468170423081425], [116.68347784714369, 40.467386590918046], [116.68410802133276, 40.46653689938577], [116.68465187672672, 40.46562953147854], [116.6851041757008, 40.464673225645335], [116.68546056236866, 40.463677191634076], [116.68571760453183, 40.4626510217968], [116.6858728267338, 40.46160459870999], [116.6859247340999, 40.460548]]]}, "properties": {"name": "怀柔青龙峡旅游区", "grade": "4A", "amap_name": "北京怀柔青龙峡景区", "district": "怀柔", "disposition": "CONSTRUCTED", "source": "buffer 1200.0m", "conf": 0.4, "radius_m": 1200, "status": "KNOWN_ISSUE", "issue": "approximate boundary - needs verification"}}, {"type": "Feature", "geometry": {"type": "Polygon", "coordinates": [[[115.58085977793748, 39.780017], [115.58084896390288, 39.77979687526875], [115.58081662594414, 39.779578870459], [115.58076307549346, 39.779365085076236], [115.58068882827101, 39.77915757799056], [115.58059459931806, 39.778958347608636], [115.58048129611099, 39.778769312627965], [115.5803500098216, 39.778592293558745], [115.58020200480863, 39.77842899519137], [115.58003870644126, 39.7782809901784], [115.57986168737203, 39.77814970388901], [115.57967265239137, 39.778036400681934], [115.57947342200944, 39.777942171729], [115.57926591492377, 39.77786792450653], [115.579052129541, 39.77781437405587], [115.57883412473124, 39.77778203609713], [115.578614, 39.777771222062526], [115.57839387526876, 39.77778203609713], [115.578175870459, 39.77781437405587], [115.57796208507624, 39.77786792450653], [115.57775457799056, 39.777942171729], [115.57755534760864, 39.778036400681934], [115.57736631262797, 39.77814970388901], [115.57718929355875, 39.7782809901784], [115.57702599519138, 39.77842899519137], [115.5768779901784, 39.778592293558745], [115.57674670388901, 39.778769312627965], [115.57663340068194, 39.778958347608636], [115.576539171729, 39.77915757799056], [115.57646492450654, 39.779365085076236], [115.57641137405587, 39.779578870459], [115.57637903609712, 39.77979687526875], [115.57636822206253, 39.780017], [115.57637903609712, 39.78023712473125], [115.57641137405587, 39.780455129541004], [115.57646492450654, 39.780668914923766], [115.576539171729, 39.78087642200944], [115.57663340068194, 39.781075652391365], [115.57674670388901, 39.78126468737204], [115.5768779901784, 39.78144170644126], [115.57702599519138, 39.78160500480863], [115.57718929355875, 39.7817530098216], [115.57736631262797, 39.781884296110995], [115.57755534760864, 39.78199759931807], [115.57775457799056, 39.782091828271], [115.57796208507624, 39.78216607549347], [115.578175870459, 39.78221962594413], [115.57839387526876, 39.78225196390287], [115.578614, 39.782262777937476], [115.57883412473124, 39.78225196390287], [115.579052129541, 39.78221962594413], [115.57926591492377, 39.78216607549347], [115.57947342200944, 39.782091828271], [115.57967265239137, 39.78199759931807], [115.57986168737203, 39.781884296110995], [115.58003870644126, 39.7817530098216], [115.58020200480863, 39.78160500480863], [115.5803500098216, 39.78144170644126], [115.58048129611099, 39.78126468737204], [115.58059459931806, 39.781075652391365], [115.58068882827101, 39.78087642200944], [115.58076307549346, 39.780668914923766], [115.58081662594414, 39.780455129541004], [115.58084896390288, 39.78023712473125], [115.58085977793748, 39.780017]]]}, "properties": {"name": "房山区没有共产党就没有新中国革命歌曲纪念馆景区", "grade": "2A", "amap_name": "没有共产党就没有新中国革命歌曲纪念馆", "district": "房山", "disposition": "CONSTRUCTED", "source": "buffer 250.0m", "conf": 0.4, "radius_m": 250, "status": "KNOWN_ISSUE", "issue": "approximate boundary - needs verification"}}, {"type": "Feature", "geometry": {"type": "Polygon", "coordinates": [[[116.59398924469997, 40.010178], [116.5939719422446, 40.00982580043001], [116.59392020151061, 40.009476992734406], [116.59383452078956, 40.00913493612198], [116.5937157252336, 40.008802924784895], [116.5935649589089, 40.00848415617382], [116.59338367377758, 40.008181700204744], [116.59317361571456, 40.00789846969399], [116.5929368076938, 40.0076371923062], [116.59267553030601, 40.00740038428544], [116.59239229979525, 40.007190326222414], [116.59208984382617, 40.007009041091095], [116.5917710752151, 40.0068582747664], [116.59143906387803, 40.00673947921045], [116.5910970072656, 40.00665379848939], [116.59074819956999, 40.0066020577554], [116.590396, 40.00658475530004], [116.59004380043001, 40.0066020577554], [116.5896949927344, 40.00665379848939], [116.58935293612197, 40.00673947921045], [116.58902092478489, 40.0068582747664], [116.58870215617382, 40.007009041091095], [116.58839970020475, 40.007190326222414], [116.58811646969399, 40.00740038428544], [116.5878551923062, 40.0076371923062], [116.58761838428543, 40.00789846969399], [116.58740832622242, 40.008181700204744], [116.5872270410911, 40.00848415617382], [116.5870762747664, 40.008802924784895], [116.58695747921044, 40.00913493612198], [116.58687179848938, 40.009476992734406], [116.5868200577554, 40.00982580043001], [116.58680275530003, 40.010178], [116.5868200577554, 40.01053019957], [116.58687179848938, 40.0108790072656], [116.58695747921044, 40.011221063878025], [116.5870762747664, 40.01155307521511], [116.5872270410911, 40.011871843826185], [116.58740832622242, 40.01217429979526], [116.58761838428543, 40.012457530306015], [116.5878551923062, 40.01271880769381], [116.58811646969399, 40.01295561571457], [116.58839970020475, 40.01316567377759], [116.58870215617382, 40.01334695890891], [116.58902092478489, 40.013497725233606], [116.58935293612197, 40.013616520789554], [116.5896949927344, 40.01370220151062], [116.59004380043001, 40.013753942244605], [116.590396, 40.01377124469997], [116.59074819956999, 40.013753942244605], [116.5910970072656, 40.01370220151062], [116.59143906387803, 40.013616520789554], [116.5917710752151, 40.013497725233606], [116.59208984382617, 40.01334695890891], [116.59239229979525, 40.01316567377759], [116.59267553030601, 40.01295561571457], [116.5929368076938, 40.01271880769381], [116.59317361571456, 40.012457530306015], [116.59338367377758, 40.01217429979526], [116.5935649589089, 40.011871843826185], [116.5937157252336, 40.01155307521511], [116.59383452078956, 40.011221063878025], [116.59392020151061, 40.0108790072656], [116.5939719422446, 40.01053019957], [116.59398924469997, 40.010178]]]}, "properties": {"name": "斯普瑞斯奧特萊斯旅游区", "grade": "3A", "amap_name": "斯普瑞斯", "district": "朝阳", "disposition": "CONSTRUCTED", "source": "buffer 400.0m", "conf": 0.4, "radius_m": 400, "status": "KNOWN_ISSUE", "issue": "approximate boundary - needs verification"}}, {"type": "Feature", "geometry": {"type": "Polygon", "coordinates": [[[116.05164155587495, 39.876802], [116.05161992780575, 39.876361750537505], [116.05155525188826, 39.875925740918], [116.05144815098694, 39.87549817015247], [116.051299656542, 39.87508315598111], [116.05111119863614, 39.87468469521727], [116.05088459222199, 39.874306625255926], [116.0506220196432, 39.87395258711748], [116.05032600961727, 39.87362599038274], [116.04999941288251, 39.87332998035679], [116.04964537474407, 39.87306740777802], [116.04926730478273, 39.872840801363864], [116.04886884401888, 39.87265234345799], [116.04845382984753, 39.87250384901306], [116.04802625908201, 39.87239674811173], [116.0475902494625, 39.87233207219425], [116.04715, 39.87231044412504], [116.0467097505375, 39.87233207219425], [116.046273740918, 39.87239674811173], [116.04584617015247, 39.87250384901306], [116.04543115598112, 39.87265234345799], [116.04503269521727, 39.872840801363864], [116.04465462525593, 39.87306740777802], [116.04430058711749, 39.87332998035679], [116.04397399038274, 39.87362599038274], [116.0436779803568, 39.87395258711748], [116.04341540777801, 39.874306625255926], [116.04318880136387, 39.87468469521727], [116.043000343458, 39.87508315598111], [116.04285184901306, 39.87549817015247], [116.04274474811174, 39.875925740918], [116.04268007219426, 39.876361750537505], [116.04265844412505, 39.876802], [116.04268007219426, 39.87724224946249], [116.04274474811174, 39.877678259081996], [116.04285184901306, 39.87810582984753], [116.043000343458, 39.87852084401889], [116.04318880136387, 39.87891930478273], [116.04341540777801, 39.87929737474407], [116.0436779803568, 39.87965141288252], [116.04397399038274, 39.879978009617254], [116.04430058711749, 39.8802740196432], [116.04465462525593, 39.88053659222198], [116.04503269521727, 39.88076319863613], [116.04543115598112, 39.880951656542], [116.04584617015247, 39.88110015098694], [116.046273740918, 39.88120725188826], [116.0467097505375, 39.88127192780575], [116.04715, 39.881293555874954], [116.0475902494625, 39.88127192780575], [116.04802625908201, 39.88120725188826], [116.04845382984753, 39.88110015098694], [116.04886884401888, 39.880951656542], [116.04926730478273, 39.88076319863613], [116.04964537474407, 39.88053659222198], [116.04999941288251, 39.8802740196432], [116.05032600961727, 39.879978009617254], [116.0506220196432, 39.87965141288252], [116.05088459222199, 39.87929737474407], [116.05111119863614, 39.87891930478273], [116.051299656542, 39.87852084401889], [116.05144815098694, 39.87810582984753], [116.05155525188826, 39.877678259081996], [116.05161992780575, 39.87724224946249], [116.05164155587495, 39.876802]]]}, "properties": {"name": "檀谷景区", "grade": "3A", "amap_name": "檀谷·慢闪公园", "district": "门头沟", "disposition": "CONSTRUCTED", "source": "buffer 500.0m", "conf": 0.4, "radius_m": 500, "status": "KNOWN_ISSUE", "issue": "approximate boundary - needs verification"}}, {"type": "Feature", "geometry": {"type": "Polygon", "coordinates": [[[116.7546291117499, 40.625874], [116.7545858556115, 40.62499350107502], [116.75445650377652, 40.624121481836006], [116.75424230197387, 40.62326634030494], [116.753945313084, 40.622436311962225], [116.75356839727226, 40.62163939043455], [116.75311518444396, 40.620883250511866], [116.7525900392864, 40.620175174234966], [116.7519980192345, 40.619521980765484], [116.75134482576503, 40.618929960713594], [116.75063674948814, 40.61840481555603], [116.74988060956545, 40.61795160272774], [116.74908368803777, 40.617574686916], [116.74825365969505, 40.61727769802612], [116.74739851816399, 40.61706349622347], [116.74652649892498, 40.6169341443885], [116.745646, 40.61689088825009], [116.74476550107501, 40.6169341443885], [116.743893481836, 40.61706349622347], [116.74303834030493, 40.61727769802612], [116.74220831196222, 40.617574686916], [116.74141139043454, 40.61795160272774], [116.74065525051185, 40.61840481555603], [116.73994717423496, 40.618929960713594], [116.73929398076548, 40.619521980765484], [116.73870196071358, 40.620175174234966], [116.73817681555603, 40.620883250511866], [116.73772360272773, 40.62163939043455], [116.73734668691598, 40.622436311962225], [116.73704969802611, 40.62326634030494], [116.73683549622346, 40.624121481836006], [116.73670614438849, 40.62499350107502], [116.73666288825008, 40.625874], [116.73670614438849, 40.62675449892499], [116.73683549622346, 40.627626518164], [116.73704969802611, 40.62848165969507], [116.73734668691598, 40.62931168803778], [116.73772360272773, 40.630108609565454], [116.73817681555603, 40.63086474948814], [116.73870196071358, 40.63157282576504], [116.73929398076548, 40.63222601923452], [116.73994717423496, 40.63281803928641], [116.74065525051185, 40.63334318444397], [116.74141139043454, 40.63379639727226], [116.74220831196222, 40.634173313084005], [116.74303834030493, 40.634470301973884], [116.743893481836, 40.63468450377653], [116.74476550107501, 40.634813855611505], [116.745646, 40.634857111749916], [116.74652649892498, 40.634813855611505], [116.74739851816399, 40.63468450377653], [116.74825365969505, 40.634470301973884], [116.74908368803777, 40.634173313084005], [116.74988060956545, 40.63379639727226], [116.75063674948814, 40.63334318444397], [116.75134482576503, 40.63281803928641], [116.7519980192345, 40.63222601923452], [116.7525900392864, 40.63157282576504], [116.75311518444396, 40.63086474948814], [116.75356839727226, 40.630108609565454], [116.753945313084, 40.62931168803778], [116.75424230197387, 40.62848165969507], [116.75445650377652, 40.627626518164], [116.7545858556115, 40.62675449892499], [116.7546291117499, 40.625874]]]}, "properties": {"name": "清凉谷旅游风景区", "grade": "3A", "amap_name": "清凉谷景区", "district": "密云", "disposition": "CONSTRUCTED", "source": "buffer 1000.0m", "conf": 0.4, "radius_m": 1000, "status": "KNOWN_ISSUE", "issue": "approximate boundary - needs verification"}}, {"type": "Feature", "geometry": {"type": "Polygon", "coordinates": [[[116.08974324469997, 39.968072], [116.0897259422446, 39.967719800430004], [116.08967420151062, 39.9673709927344], [116.08958852078956, 39.96702893612198], [116.0894697252336, 39.96669692478489], [116.0893189589089, 39.96637815617382], [116.08913767377759, 39.96607570020474], [116.08892761571457, 39.96579246969399], [116.08869080769381, 39.965531192306194], [116.08842953030602, 39.965294384285436], [116.08814629979526, 39.96508432622241], [116.08784384382618, 39.96490304109109], [116.08752507521511, 39.9647522747664], [116.08719306387803, 39.96463347921045], [116.08685100726561, 39.964547798489384], [116.08650219956999, 39.9644960577554], [116.08615, 39.964478755300036], [116.08579780043002, 39.9644960577554], [116.0854489927344, 39.964547798489384], [116.08510693612197, 39.96463347921045], [116.0847749247849, 39.9647522747664], [116.08445615617383, 39.96490304109109], [116.08415370020475, 39.96508432622241], [116.08387046969399, 39.965294384285436], [116.0836091923062, 39.965531192306194], [116.08337238428544, 39.96579246969399], [116.08316232622242, 39.96607570020474], [116.0829810410911, 39.96637815617382], [116.08283027476641, 39.96669692478489], [116.08271147921045, 39.96702893612198], [116.08262579848939, 39.9673709927344], [116.08257405775541, 39.967719800430004], [116.08255675530003, 39.968072], [116.08257405775541, 39.968424199569995], [116.08262579848939, 39.9687730072656], [116.08271147921045, 39.96911506387802], [116.08283027476641, 39.96944707521511], [116.0829810410911, 39.96976584382618], [116.08316232622242, 39.97006829979526], [116.08337238428544, 39.97035153030601], [116.0836091923062, 39.970612807693804], [116.08387046969399, 39.97084961571456], [116.08415370020475, 39.97105967377759], [116.08445615617383, 39.97124095890891], [116.0847749247849, 39.9713917252336], [116.08510693612197, 39.97151052078955], [116.0854489927344, 39.971596201510614], [116.08579780043002, 39.9716479422446], [116.08615, 39.97166524469996], [116.08650219956999, 39.9716479422446], [116.08685100726561, 39.971596201510614], [116.08719306387803, 39.97151052078955], [116.08752507521511, 39.9713917252336], [116.08784384382618, 39.97124095890891], [116.08814629979526, 39.97105967377759], [116.08842953030602, 39.97084961571456], [116.08869080769381, 39.970612807693804], [116.08892761571457, 39.97035153030601], [116.08913767377759, 39.97006829979526], [116.0893189589089, 39.96976584382618], [116.0894697252336, 39.96944707521511], [116.08958852078956, 39.96911506387802], [116.08967420151062, 39.9687730072656], [116.0897259422446, 39.968424199569995], [116.08974324469997, 39.968072]]]}, "properties": {"name": "琉璃渠景区", "grade": "3A", "amap_name": "琉璃渠(公交站)", "district": "门头沟", "disposition": "CONSTRUCTED", "source": "buffer 400.0m", "conf": 0.4, "radius_m": 400, "status": "KNOWN_ISSUE", "issue": "approximate boundary - needs verification"}}, {"type": "Feature", "geometry": {"type": "Polygon", "coordinates": [[[116.63973911174992, 40.484621], [116.6396958556115, 40.48374050107501], [116.63956650377654, 40.482868481836], [116.63935230197389, 40.48201334030493], [116.63905531308401, 40.48118331196222], [116.63867839727227, 40.480386390434546], [116.63822518444397, 40.47963025051186], [116.63770003928641, 40.47892217423496], [116.63710801923452, 40.47826898076548], [116.63645482576504, 40.47767696071359], [116.63574674948815, 40.47715181555603], [116.63499060956546, 40.47669860272774], [116.63419368803778, 40.476321686915995], [116.63336365969506, 40.476024698026116], [116.632508518164, 40.47581049622347], [116.63163649892499, 40.475681144388496], [116.630756, 40.475637888250084], [116.62987550107502, 40.475681144388496], [116.62900348183601, 40.47581049622347], [116.62814834030495, 40.476024698026116], [116.62731831196223, 40.476321686915995], [116.62652139043455, 40.47669860272774], [116.62576525051186, 40.47715181555603], [116.62505717423497, 40.47767696071359], [116.62440398076549, 40.47826898076548], [116.6238119607136, 40.47892217423496], [116.62328681555604, 40.47963025051186], [116.62283360272774, 40.480386390434546], [116.622456686916, 40.48118331196222], [116.62215969802612, 40.48201334030493], [116.62194549622347, 40.482868481836], [116.6218161443885, 40.48374050107501], [116.62177288825009, 40.484621], [116.6218161443885, 40.48550149892498], [116.62194549622347, 40.486373518163994], [116.62215969802612, 40.48722865969506], [116.622456686916, 40.488058688037775], [116.62283360272774, 40.48885560956545], [116.62328681555604, 40.489611749488134], [116.6238119607136, 40.490319825765035], [116.62440398076549, 40.49097301923452], [116.62505717423497, 40.49156503928641], [116.62576525051186, 40.49209018444397], [116.62652139043455, 40.49254339727226], [116.62731831196223, 40.492920313084], [116.62814834030495, 40.49321730197388], [116.62900348183601, 40.49343150377653], [116.62987550107502, 40.4935608556115], [116.630756, 40.49360411174991], [116.63163649892499, 40.4935608556115], [116.632508518164, 40.49343150377653], [116.63336365969506, 40.49321730197388], [116.63419368803778, 40.492920313084], [116.63499060956546, 40.49254339727226], [116.63574674948815, 40.49209018444397], [116.63645482576504, 40.49156503928641], [116.63710801923452, 40.49097301923452], [116.63770003928641, 40.490319825765035], [116.63822518444397, 40.489611749488134], [116.63867839727227, 40.48885560956545], [116.63905531308401, 40.488058688037775], [116.63935230197389, 40.48722865969506], [116.63956650377654, 40.486373518163994], [116.6396958556115, 40.48550149892498], [116.63973911174992, 40.484621]]]}, "properties": {"name": "百泉山风景区", "grade": "2A", "amap_name": "百泉山风景区", "district": "怀柔", "disposition": "CONSTRUCTED", "source": "buffer 1000.0m", "conf": 0.4, "radius_m": 1000, "status": "KNOWN_ISSUE", "issue": "approximate boundary - needs verification"}}, {"type": "Feature", "geometry": {"type": "Polygon", "coordinates": [[[116.26657162234999, 39.944473], [116.2665629711223, 39.94429690021501], [116.2665371007553, 39.9441224963672], [116.26649426039478, 39.94395146806099], [116.2664348626168, 39.94378546239245], [116.26635947945445, 39.943626078086915], [116.2662688368888, 39.943474850102376], [116.26616380785728, 39.943333234846996], [116.2660454038469, 39.9432025961531], [116.26591476515301, 39.94308419214272], [116.26577314989763, 39.94297916311121], [116.2656219219131, 39.94288852054555], [116.26546253760756, 39.942813137383204], [116.26529653193901, 39.94275373960522], [116.2651255036328, 39.942710899244695], [116.264951099785, 39.942685028877705], [116.264775, 39.94267637765002], [116.264598900215, 39.942685028877705], [116.2644244963672, 39.942710899244695], [116.26425346806099, 39.94275373960522], [116.26408746239244, 39.942813137383204], [116.2639280780869, 39.94288852054555], [116.26377685010237, 39.94297916311121], [116.26363523484699, 39.94308419214272], [116.2635045961531, 39.9432025961531], [116.26338619214272, 39.943333234846996], [116.2632811631112, 39.943474850102376], [116.26319052054555, 39.943626078086915], [116.2631151373832, 39.94378546239245], [116.26305573960522, 39.94395146806099], [116.2630128992447, 39.9441224963672], [116.2629870288777, 39.94429690021501], [116.26297837765001, 39.944473], [116.2629870288777, 39.944649099784996], [116.2630128992447, 39.944823503632804], [116.26305573960522, 39.94499453193902], [116.2631151373832, 39.945160537607556], [116.26319052054555, 39.94531992191309], [116.2632811631112, 39.94547114989763], [116.26338619214272, 39.94561276515301], [116.2635045961531, 39.945743403846905], [116.26363523484699, 39.945861807857284], [116.26377685010237, 39.94596683688879], [116.2639280780869, 39.94605747945445], [116.26408746239244, 39.9461328626168], [116.26425346806099, 39.94619226039478], [116.2644244963672, 39.94623510075531], [116.264598900215, 39.9462609711223], [116.264775, 39.94626962234999], [116.264951099785, 39.9462609711223], [116.2651255036328, 39.94623510075531], [116.26529653193901, 39.94619226039478], [116.26546253760756, 39.9461328626168], [116.2656219219131, 39.94605747945445], [116.26577314989763, 39.94596683688879], [116.26591476515301, 39.945861807857284], [116.2660454038469, 39.945743403846905], [116.26616380785728, 39.94561276515301], [116.2662688368888, 39.94547114989763], [116.26635947945445, 39.94531992191309], [116.2664348626168, 39.945160537607556], [116.26649426039478, 39.94499453193902], [116.2665371007553, 39.944823503632804], [116.2665629711223, 39.944649099784996], [116.26657162234999, 39.944473]]]}, "properties": {"name": "皇家菜博物馆", "grade": "3A", "amap_name": "北京凯瑞御仙都皇家菜博物馆", "district": "海淀", "disposition": "CONSTRUCTED", "source": "buffer 200.0m", "conf": 0.4, "radius_m": 200, "status": "KNOWN_ISSUE", "issue": "approximate boundary - needs verification"}}, {"type": "Feature", "geometry": {"type": "Polygon", "coordinates": [[[116.66586911174991, 40.484156], [116.6658258556115, 40.48327550107501], [116.66569650377653, 40.482403481836], [116.66548230197388, 40.48154834030493], [116.66518531308401, 40.48071831196222], [116.66480839727227, 40.47992139043455], [116.66435518444396, 40.47916525051186], [116.66383003928641, 40.47845717423496], [116.66323801923451, 40.47780398076548], [116.66258482576504, 40.47721196071359], [116.66187674948814, 40.47668681555603], [116.66112060956546, 40.47623360272774], [116.66032368803778, 40.475856686915996], [116.65949365969506, 40.47555969802612], [116.658638518164, 40.47534549622347], [116.65776649892499, 40.4752161443885], [116.656886, 40.475172888250086], [116.65600550107501, 40.4752161443885], [116.655133481836, 40.47534549622347], [116.65427834030494, 40.47555969802612], [116.65344831196222, 40.475856686915996], [116.65265139043454, 40.47623360272774], [116.65189525051186, 40.47668681555603], [116.65118717423496, 40.47721196071359], [116.65053398076549, 40.47780398076548], [116.64994196071359, 40.47845717423496], [116.64941681555604, 40.47916525051186], [116.64896360272773, 40.47992139043455], [116.64858668691599, 40.48071831196222], [116.64828969802612, 40.48154834030493], [116.64807549622347, 40.482403481836], [116.6479461443885, 40.48327550107501], [116.64790288825009, 40.484156], [116.6479461443885, 40.485036498924984], [116.64807549622347, 40.485908518163995], [116.64828969802612, 40.486763659695065], [116.64858668691599, 40.48759368803778], [116.64896360272773, 40.48839060956545], [116.64941681555604, 40.489146749488135], [116.64994196071359, 40.489854825765036], [116.65053398076549, 40.49050801923452], [116.65118717423496, 40.49110003928641], [116.65189525051186, 40.49162518444397], [116.65265139043454, 40.49207839727226], [116.65344831196222, 40.492455313084], [116.65427834030494, 40.49275230197388], [116.655133481836, 40.49296650377653], [116.65600550107501, 40.4930958556115], [116.656886, 40.49313911174991], [116.65776649892499, 40.4930958556115], [116.658638518164, 40.49296650377653], [116.65949365969506, 40.49275230197388], [116.66032368803778, 40.492455313084], [116.66112060956546, 40.49207839727226], [116.66187674948814, 40.49162518444397], [116.66258482576504, 40.49110003928641], [116.66323801923451, 40.49050801923452], [116.66383003928641, 40.489854825765036], [116.66435518444396, 40.489146749488135], [116.66480839727227, 40.48839060956545], [116.66518531308401, 40.48759368803778], [116.66548230197388, 40.486763659695065], [116.66569650377653, 40.485908518163995], [116.6658258556115, 40.485036498924984], [116.66586911174991, 40.484156]]]}, "properties": {"name": "石门山景区", "grade": "3A", "amap_name": "石门山景区", "district": "怀柔", "disposition": "CONSTRUCTED", "source": "buffer 1000.0m", "conf": 0.4, "radius_m": 1000, "status": "KNOWN_ISSUE", "issue": "approximate boundary - needs verification"}}, {"type": "Feature", "geometry": {"type": "Polygon", "coordinates": [[[116.60952324469997, 40.437732], [116.6095059422446, 40.43737980043], [116.60945420151062, 40.4370309927344], [116.60936852078956, 40.436688936121975], [116.6092497252336, 40.43635692478489], [116.6090989589089, 40.436038156173815], [116.60891767377758, 40.43573570020474], [116.60870761571456, 40.435452469693985], [116.6084708076938, 40.43519119230619], [116.60820953030601, 40.43495438428543], [116.60792629979525, 40.43474432622241], [116.60762384382618, 40.43456304109109], [116.60730507521511, 40.434412274766395], [116.60697306387803, 40.434293479210446], [116.6066310072656, 40.43420779848938], [116.60628219956999, 40.434156057755395], [116.60593, 40.43413875530003], [116.60557780043001, 40.434156057755395], [116.6052289927344, 40.43420779848938], [116.60488693612197, 40.434293479210446], [116.60455492478489, 40.434412274766395], [116.60423615617383, 40.43456304109109], [116.60393370020475, 40.43474432622241], [116.60365046969399, 40.43495438428543], [116.6033891923062, 40.43519119230619], [116.60315238428544, 40.435452469693985], [116.60294232622242, 40.43573570020474], [116.6027610410911, 40.436038156173815], [116.6026102747664, 40.43635692478489], [116.60249147921044, 40.436688936121975], [116.60240579848939, 40.4370309927344], [116.6023540577554, 40.43737980043], [116.60233675530003, 40.437732], [116.6023540577554, 40.43808419956999], [116.60240579848939, 40.438433007265594], [116.60249147921044, 40.43877506387802], [116.6026102747664, 40.439107075215105], [116.6027610410911, 40.43942584382618], [116.60294232622242, 40.439728299795256], [116.60315238428544, 40.44001153030601], [116.6033891923062, 40.4402728076938], [116.60365046969399, 40.44050961571456], [116.60393370020475, 40.440719673777586], [116.60423615617383, 40.440900958908905], [116.60455492478489, 40.4410517252336], [116.60488693612197, 40.44117052078955], [116.6052289927344, 40.44125620151061], [116.60557780043001, 40.4413079422446], [116.60593, 40.44132524469996], [116.60628219956999, 40.4413079422446], [116.6066310072656, 40.44125620151061], [116.60697306387803, 40.44117052078955], [116.60730507521511, 40.4410517252336], [116.60762384382618, 40.440900958908905], [116.60792629979525, 40.440719673777586], [116.60820953030601, 40.44050961571456], [116.6084708076938, 40.4402728076938], [116.60870761571456, 40.44001153030601], [116.60891767377758, 40.439728299795256], [116.6090989589089, 40.43942584382618], [116.6092497252336, 40.439107075215105], [116.60936852078956, 40.43877506387802], [116.60945420151062, 40.438433007265594], [116.6095059422446, 40.43808419956999], [116.60952324469997, 40.437732]]]}, "properties": {"name": "神堂峪自然风景区", "grade": "2A", "amap_name": "神堂峪自然风景区", "district": "怀柔", "disposition": "CONSTRUCTED", "source": "buffer 400.0m", "conf": 0.4, "radius_m": 400, "status": "KNOWN_ISSUE", "issue": "approximate boundary - needs verification"}}, {"type": "Feature", "geometry": {"type": "Polygon", "coordinates": [[[115.9791517340999, 40.046876], [115.9790998267338, 40.04581940129001], [115.97894460453183, 40.0447729782032], [115.97868756236866, 40.043746808365924], [115.9783311757008, 40.042750774354666], [115.97787887672672, 40.04179446852146], [115.97733502133276, 40.04088710061423], [115.9767048471437, 40.040037409081954], [115.97599442308142, 40.039253576918576], [115.97521059091804, 40.03854315285631], [115.97436089938577, 40.03791297866724], [115.97345353147854, 40.03736912327328], [115.97249722564533, 40.03691682429919], [115.97150119163408, 40.036560437631344], [115.9704750217968, 40.03630339546816], [115.96942859870998, 40.0361481732662], [115.968372, 40.036096265900106], [115.96731540129002, 40.0361481732662], [115.9662689782032, 40.03630339546816], [115.96524280836593, 40.036560437631344], [115.96424677435468, 40.03691682429919], [115.96329046852146, 40.03736912327328], [115.96238310061423, 40.03791297866724], [115.96153340908197, 40.03854315285631], [115.96074957691859, 40.039253576918576], [115.96003915285631, 40.040037409081954], [115.95940897866724, 40.04088710061423], [115.95886512327328, 40.04179446852146], [115.9584128242992, 40.042750774354666], [115.95805643763134, 40.043746808365924], [115.95779939546817, 40.0447729782032], [115.9576441732662, 40.04581940129001], [115.9575922659001, 40.046876], [115.9576441732662, 40.047932598709984], [115.95779939546817, 40.0489790217968], [115.95805643763134, 40.05000519163407], [115.9584128242992, 40.05100122564533], [115.95886512327328, 40.051957531478536], [115.95940897866724, 40.05286489938577], [115.96003915285631, 40.05371459091804], [115.96074957691859, 40.05449842308142], [115.96153340908197, 40.05520884714368], [115.96238310061423, 40.05583902133276], [115.96329046852146, 40.056382876726715], [115.96424677435468, 40.056835175700805], [115.96524280836593, 40.05719156236865], [115.9662689782032, 40.057448604531835], [115.96731540129002, 40.057603826733796], [115.968372, 40.05765573409989], [115.96942859870998, 40.057603826733796], [115.9704750217968, 40.057448604531835], [115.97150119163408, 40.05719156236865], [115.97249722564533, 40.056835175700805], [115.97345353147854, 40.056382876726715], [115.97436089938577, 40.05583902133276], [115.97521059091804, 40.05520884714368], [115.97599442308142, 40.05449842308142], [115.9767048471437, 40.05371459091804], [115.97733502133276, 40.05286489938577], [115.97787887672672, 40.051957531478536], [115.9783311757008, 40.05100122564533], [115.97868756236866, 40.05000519163407], [115.97894460453183, 40.0489790217968], [115.9790998267338, 40.047932598709984], [115.9791517340999, 40.046876]]]}, "properties": {"name": "神泉峡景区", "grade": "3A", "amap_name": "北京神泉峡景区", "district": "门头沟", "disposition": "CONSTRUCTED", "source": "buffer 1200.0m", "conf": 0.4, "radius_m": 1200, "status": "KNOWN_ISSUE", "issue": "approximate boundary - needs verification"}}, {"type": "Feature", "geometry": {"type": "Polygon", "coordinates": [[[116.18272655587495, 40.090141], [116.18270492780574, 40.08970075053751], [116.18264025188826, 40.089264740918004], [116.18253315098694, 40.08883717015247], [116.182384656542, 40.088422155981114], [116.18219619863613, 40.088023695217274], [116.18196959222199, 40.08764562525593], [116.1817070196432, 40.087291587117484], [116.18141100961726, 40.08696499038275], [116.18108441288251, 40.0866689803568], [116.18073037474407, 40.08640640777802], [116.18035230478273, 40.08617980136387], [116.17995384401888, 40.085991343458], [116.17953882984753, 40.08584284901306], [116.179111259082, 40.08573574811174], [116.1786752494625, 40.08567107219425], [116.178235, 40.085649444125046], [116.1777947505375, 40.08567107219425], [116.177358740918, 40.08573574811174], [116.17693117015247, 40.08584284901306], [116.17651615598112, 40.085991343458], [116.17611769521727, 40.08617980136387], [116.17573962525593, 40.08640640777802], [116.17538558711749, 40.0866689803568], [116.17505899038274, 40.08696499038275], [116.1747629803568, 40.087291587117484], [116.17450040777801, 40.08764562525593], [116.17427380136387, 40.088023695217274], [116.174085343458, 40.088422155981114], [116.17393684901306, 40.08883717015247], [116.17382974811174, 40.089264740918004], [116.17376507219426, 40.08970075053751], [116.17374344412505, 40.090141], [116.17376507219426, 40.090581249462495], [116.17382974811174, 40.091017259082], [116.17393684901306, 40.09144482984753], [116.174085343458, 40.09185984401889], [116.17427380136387, 40.09225830478273], [116.17450040777801, 40.092636374744075], [116.1747629803568, 40.09299041288252], [116.17505899038274, 40.09331700961726], [116.17538558711749, 40.09361301964321], [116.17573962525593, 40.093875592221984], [116.17611769521727, 40.094102198636136], [116.17651615598112, 40.09429065654201], [116.17693117015247, 40.09443915098694], [116.177358740918, 40.09454625188827], [116.1777947505375, 40.09461092780575], [116.178235, 40.09463255587496], [116.1786752494625, 40.09461092780575], [116.179111259082, 40.09454625188827], [116.17953882984753, 40.09443915098694], [116.17995384401888, 40.09429065654201], [116.18035230478273, 40.094102198636136], [116.18073037474407, 40.093875592221984], [116.18108441288251, 40.09361301964321], [116.18141100961726, 40.09331700961726], [116.1817070196432, 40.09299041288252], [116.18196959222199, 40.092636374744075], [116.18219619863613, 40.09225830478273], [116.182384656542, 40.09185984401889], [116.18253315098694, 40.09144482984753], [116.18264025188826, 40.091017259082], [116.18270492780574, 40.090581249462495], [116.18272655587495, 40.090141]]]}, "properties": {"name": "稻香湖景区", "grade": "2A", "amap_name": "稻香湖公园", "district": "海淀", "disposition": "CONSTRUCTED", "source": "buffer 500.0m", "conf": 0.4, "radius_m": 500, "status": "KNOWN_ISSUE", "issue": "approximate boundary - needs verification"}}, {"type": "Feature", "geometry": {"type": "Polygon", "coordinates": [[[115.48539811174992, 39.992666], [115.4853548556115, 39.991785501075015], [115.48522550377653, 39.990913481836], [115.48501130197388, 39.990058340304934], [115.48471431308401, 39.98922831196222], [115.48433739727227, 39.98843139043455], [115.48388418444397, 39.98767525051186], [115.48335903928641, 39.98696717423496], [115.48276701923452, 39.98631398076548], [115.48211382576504, 39.98572196071359], [115.48140574948815, 39.98519681555603], [115.48064960956546, 39.98474360272774], [115.47985268803778, 39.984366686916], [115.47902265969506, 39.98406969802612], [115.478167518164, 39.98385549622347], [115.47729549892499, 39.9837261443885], [115.476415, 39.98368288825009], [115.47553450107502, 39.9837261443885], [115.474662481836, 39.98385549622347], [115.47380734030494, 39.98406969802612], [115.47297731196223, 39.984366686916], [115.47218039043454, 39.98474360272774], [115.47142425051186, 39.98519681555603], [115.47071617423497, 39.98572196071359], [115.47006298076549, 39.98631398076548], [115.4694709607136, 39.98696717423496], [115.46894581555604, 39.98767525051186], [115.46849260272774, 39.98843139043455], [115.468115686916, 39.98922831196222], [115.46781869802612, 39.990058340304934], [115.46760449622347, 39.990913481836], [115.4674751443885, 39.991785501075015], [115.46743188825009, 39.992666], [115.4674751443885, 39.993546498924985], [115.46760449622347, 39.994418518164], [115.46781869802612, 39.995273659695066], [115.468115686916, 39.99610368803778], [115.46849260272774, 39.99690060956545], [115.46894581555604, 39.99765674948814], [115.4694709607136, 39.99836482576504], [115.47006298076549, 39.99901801923452], [115.47071617423497, 39.99961003928641], [115.47142425051186, 40.00013518444397], [115.47218039043454, 40.00058839727226], [115.47297731196223, 40.000965313084], [115.47380734030494, 40.00126230197388], [115.474662481836, 40.00147650377653], [115.47553450107502, 40.0016058556115], [115.476415, 40.00164911174991], [115.47729549892499, 40.0016058556115], [115.478167518164, 40.00147650377653], [115.47902265969506, 40.00126230197388], [115.47985268803778, 40.000965313084], [115.48064960956546, 40.00058839727226], [115.48140574948815, 40.00013518444397], [115.48211382576504, 39.99961003928641], [115.48276701923452, 39.99901801923452], [115.48335903928641, 39.99836482576504], [115.48388418444397, 39.99765674948814], [115.48433739727227, 39.99690060956545], [115.48471431308401, 39.99610368803778], [115.48501130197388, 39.995273659695066], [115.48522550377653, 39.994418518164], [115.4853548556115, 39.993546498924985], [115.48539811174992, 39.992666]]]}, "properties": {"name": "聚灵峡", "grade": "3A", "amap_name": "聚灵峡(灵山古道)景区", "district": "门头沟", "disposition": "CONSTRUCTED", "source": "buffer 1000.0m", "conf": 0.4, "radius_m": 1000, "status": "KNOWN_ISSUE", "issue": "approximate boundary - needs verification"}}, {"type": "Feature", "geometry": {"type": "Polygon", "coordinates": [[[116.60572224469998, 39.96459], [116.6057049422446, 39.964237800430006], [116.60565320151062, 39.963888992734404], [116.60556752078956, 39.96354693612198], [116.6054487252336, 39.96321492478489], [116.6052979589089, 39.96289615617382], [116.60511667377759, 39.96259370020474], [116.60490661571457, 39.96231046969399], [116.60466980769381, 39.962049192306196], [116.60440853030602, 39.96181238428544], [116.60412529979526, 39.96160232622241], [116.60382284382618, 39.96142104109109], [116.60350407521511, 39.9612702747664], [116.60317206387803, 39.96115147921045], [116.60283000726561, 39.961065798489386], [116.60248119957, 39.9610140577554], [116.602129, 39.96099675530004], [116.60177680043002, 39.9610140577554], [116.6014279927344, 39.961065798489386], [116.60108593612198, 39.96115147921045], [116.6007539247849, 39.9612702747664], [116.60043515617383, 39.96142104109109], [116.60013270020475, 39.96160232622241], [116.59984946969399, 39.96181238428544], [116.5995881923062, 39.962049192306196], [116.59935138428544, 39.96231046969399], [116.59914132622242, 39.96259370020474], [116.5989600410911, 39.96289615617382], [116.59880927476641, 39.96321492478489], [116.59869047921045, 39.96354693612198], [116.59860479848939, 39.963888992734404], [116.59855305775541, 39.964237800430006], [116.59853575530003, 39.96459], [116.59855305775541, 39.96494219957], [116.59860479848939, 39.9652910072656], [116.59869047921045, 39.96563306387802], [116.59880927476641, 39.96596507521511], [116.5989600410911, 39.96628384382618], [116.59914132622242, 39.96658629979526], [116.59935138428544, 39.96686953030601], [116.5995881923062, 39.967130807693806], [116.59984946969399, 39.967367615714565], [116.60013270020475, 39.96757767377759], [116.60043515617383, 39.96775895890891], [116.6007539247849, 39.9679097252336], [116.60108593612198, 39.96802852078955], [116.6014279927344, 39.968114201510616], [116.60177680043002, 39.9681659422446], [116.602129, 39.968183244699965], [116.60248119957, 39.9681659422446], [116.60283000726561, 39.968114201510616], [116.60317206387803, 39.96802852078955], [116.60350407521511, 39.9679097252336], [116.60382284382618, 39.96775895890891], [116.60412529979526, 39.96757767377759], [116.60440853030602, 39.967367615714565], [116.60466980769381, 39.967130807693806], [116.60490661571457, 39.96686953030601], [116.60511667377759, 39.96658629979526], [116.6052979589089, 39.96628384382618], [116.6054487252336, 39.96596507521511], [116.60556752078956, 39.96563306387802], [116.60565320151062, 39.9652910072656], [116.6057049422446, 39.96494219957], [116.60572224469998, 39.96459]]]}, "properties": {"name": "蓝调庄园景区", "grade": "3A", "amap_name": "蓝调庄园", "district": "朝阳", "disposition": "CONSTRUCTED", "source": "buffer 400.0m", "conf": 0.4, "radius_m": 400, "status": "KNOWN_ISSUE", "issue": "approximate boundary - needs verification"}}, {"type": "Feature", "geometry": {"type": "Polygon", "coordinates": [[[117.06320524469997, 40.496761], [117.0631879422446, 40.496408800430004], [117.06313620151062, 40.4960599927344], [117.06305052078956, 40.49571793612198], [117.0629317252336, 40.49538592478489], [117.0627809589089, 40.49506715617382], [117.06259967377758, 40.49476470020474], [117.06238961571457, 40.49448146969399], [117.0621528076938, 40.494220192306194], [117.06189153030601, 40.493983384285436], [117.06160829979525, 40.49377332622241], [117.06130584382618, 40.49359204109109], [117.06098707521511, 40.4934412747664], [117.06065506387803, 40.49332247921045], [117.0603130072656, 40.493236798489384], [117.05996419956999, 40.4931850577554], [117.059612, 40.493167755300036], [117.05925980043001, 40.4931850577554], [117.0589109927344, 40.493236798489384], [117.05856893612197, 40.49332247921045], [117.0582369247849, 40.4934412747664], [117.05791815617383, 40.49359204109109], [117.05761570020475, 40.49377332622241], [117.05733246969399, 40.493983384285436], [117.0570711923062, 40.494220192306194], [117.05683438428544, 40.49448146969399], [117.05662432622242, 40.49476470020474], [117.0564430410911, 40.49506715617382], [117.0562922747664, 40.49538592478489], [117.05617347921044, 40.49571793612198], [117.05608779848939, 40.4960599927344], [117.0560360577554, 40.496408800430004], [117.05601875530003, 40.496761], [117.0560360577554, 40.497113199569995], [117.05608779848939, 40.4974620072656], [117.05617347921044, 40.49780406387802], [117.0562922747664, 40.49813607521511], [117.0564430410911, 40.49845484382618], [117.05662432622242, 40.49875729979526], [117.05683438428544, 40.49904053030601], [117.0570711923062, 40.499301807693804], [117.05733246969399, 40.49953861571456], [117.05761570020475, 40.49974867377759], [117.05791815617383, 40.49992995890891], [117.0582369247849, 40.5000807252336], [117.05856893612197, 40.50019952078955], [117.0589109927344, 40.500285201510614], [117.05925980043001, 40.5003369422446], [117.059612, 40.50035424469996], [117.05996419956999, 40.5003369422446], [117.0603130072656, 40.500285201510614], [117.06065506387803, 40.50019952078955], [117.06098707521511, 40.5000807252336], [117.06130584382618, 40.49992995890891], [117.06160829979525, 40.49974867377759], [117.06189153030601, 40.49953861571456], [117.0621528076938, 40.499301807693804], [117.06238961571457, 40.49904053030601], [117.06259967377758, 40.49875729979526], [117.0627809589089, 40.49845484382618], [117.0629317252336, 40.49813607521511], [117.06305052078956, 40.49780406387802], [117.06313620151062, 40.4974620072656], [117.0631879422446, 40.497113199569995], [117.06320524469997, 40.496761]]]}, "properties": {"name": "蜜蜂大世界景区", "grade": "3A", "amap_name": "蜜蜂大世界", "district": "密云", "disposition": "CONSTRUCTED", "source": "buffer 400.0m", "conf": 0.4, "radius_m": 400, "status": "KNOWN_ISSUE", "issue": "approximate boundary - needs verification"}}, {"type": "Feature", "geometry": {"type": "Polygon", "coordinates": [[[116.41025162234999, 39.987896], [116.4102429711223, 39.987719900215005], [116.4102171007553, 39.9875454963672], [116.41017426039478, 39.987374468060985], [116.41011486261681, 39.987208462392445], [116.41003947945445, 39.98704907808691], [116.4099488368888, 39.98689785010237], [116.40984380785729, 39.98675623484699], [116.4097254038469, 39.9866255961531], [116.40959476515302, 39.98650719214272], [116.40945314989763, 39.98640216311121], [116.4093019219131, 39.98631152054555], [116.40914253760756, 39.9862361373832], [116.40897653193902, 39.98617673960522], [116.4088055036328, 39.98613389924469], [116.408631099785, 39.9861080288777], [116.408455, 39.986099377650014], [116.40827890021501, 39.9861080288777], [116.4081044963672, 39.98613389924469], [116.40793346806099, 39.98617673960522], [116.40776746239244, 39.9862361373832], [116.40760807808691, 39.98631152054555], [116.40745685010238, 39.98640216311121], [116.40731523484699, 39.98650719214272], [116.4071845961531, 39.9866255961531], [116.40706619214272, 39.98675623484699], [116.4069611631112, 39.98689785010237], [116.40687052054555, 39.98704907808691], [116.4067951373832, 39.987208462392445], [116.40673573960522, 39.987374468060985], [116.4066928992447, 39.9875454963672], [116.4066670288777, 39.987719900215005], [116.40665837765002, 39.987896], [116.4066670288777, 39.98807209978499], [116.4066928992447, 39.9882465036328], [116.40673573960522, 39.988417531939014], [116.4067951373832, 39.98858353760755], [116.40687052054555, 39.98874292191309], [116.4069611631112, 39.988894149897625], [116.40706619214272, 39.989035765153005], [116.4071845961531, 39.9891664038469], [116.40731523484699, 39.98928480785728], [116.40745685010238, 39.98938983688879], [116.40760807808691, 39.98948047945445], [116.40776746239244, 39.9895558626168], [116.40793346806099, 39.98961526039478], [116.4081044963672, 39.98965810075531], [116.40827890021501, 39.9896839711223], [116.408455, 39.989692622349985], [116.408631099785, 39.9896839711223], [116.4088055036328, 39.98965810075531], [116.40897653193902, 39.98961526039478], [116.40914253760756, 39.9895558626168], [116.4093019219131, 39.98948047945445], [116.40945314989763, 39.98938983688879], [116.40959476515302, 39.98928480785728], [116.4097254038469, 39.9891664038469], [116.40984380785729, 39.989035765153005], [116.4099488368888, 39.988894149897625], [116.41003947945445, 39.98874292191309], [116.41011486261681, 39.98858353760755], [116.41017426039478, 39.988417531939014], [116.4102171007553, 39.9882465036328], [116.4102429711223, 39.98807209978499], [116.41025162234999, 39.987896]]]}, "properties": {"name": "西藏文化博物馆景区", "grade": "3A", "amap_name": "西藏文化博物馆", "district": "朝阳", "disposition": "CONSTRUCTED", "source": "buffer 200.0m", "conf": 0.4, "radius_m": 200, "status": "KNOWN_ISSUE", "issue": "approximate boundary - needs verification"}}, {"type": "Feature", "geometry": {"type": "Polygon", "coordinates": [[[115.74734055587496, 39.736571], [115.74731892780575, 39.736130750537505], [115.74725425188826, 39.735694740918], [115.74714715098695, 39.73526717015247], [115.746998656542, 39.73485215598111], [115.74681019863614, 39.73445369521727], [115.746583592222, 39.734075625255926], [115.7463210196432, 39.73372158711748], [115.74602500961727, 39.73339499038274], [115.74569841288252, 39.73309898035679], [115.74534437474408, 39.73283640777802], [115.74496630478274, 39.732609801363864], [115.74456784401889, 39.73242134345799], [115.74415282984754, 39.73227284901306], [115.74372525908201, 39.73216574811173], [115.7432892494625, 39.73210107219425], [115.742849, 39.73207944412504], [115.7424087505375, 39.73210107219425], [115.741972740918, 39.73216574811173], [115.74154517015248, 39.73227284901306], [115.74113015598112, 39.73242134345799], [115.74073169521728, 39.732609801363864], [115.74035362525593, 39.73283640777802], [115.7399995871175, 39.73309898035679], [115.73967299038274, 39.73339499038274], [115.73937698035681, 39.73372158711748], [115.73911440777802, 39.734075625255926], [115.73888780136387, 39.73445369521727], [115.73869934345801, 39.73485215598111], [115.73855084901307, 39.73526717015247], [115.73844374811175, 39.735694740918], [115.73837907219426, 39.736130750537505], [115.73835744412506, 39.736571], [115.73837907219426, 39.73701124946249], [115.73844374811175, 39.737447259081996], [115.73855084901307, 39.73787482984753], [115.73869934345801, 39.73828984401889], [115.73888780136387, 39.73868830478273], [115.73911440777802, 39.73906637474407], [115.73937698035681, 39.73942041288252], [115.73967299038274, 39.739747009617254], [115.7399995871175, 39.7400430196432], [115.74035362525593, 39.74030559222198], [115.74073169521728, 39.74053219863613], [115.74113015598112, 39.740720656542], [115.74154517015248, 39.74086915098694], [115.741972740918, 39.74097625188826], [115.7424087505375, 39.74104092780575], [115.742849, 39.741062555874954], [115.7432892494625, 39.74104092780575], [115.74372525908201, 39.74097625188826], [115.74415282984754, 39.74086915098694], [115.74456784401889, 39.740720656542], [115.74496630478274, 39.74053219863613], [115.74534437474408, 39.74030559222198], [115.74569841288252, 39.7400430196432], [115.74602500961727, 39.739747009617254], [115.7463210196432, 39.73942041288252], [115.746583592222, 39.73906637474407], [115.74681019863614, 39.73868830478273], [115.746998656542, 39.73828984401889], [115.74714715098695, 39.73787482984753], [115.74725425188826, 39.737447259081996], [115.74731892780575, 39.73701124946249], [115.74734055587496, 39.736571]]]}, "properties": {"name": "金水湖景区", "grade": "3A", "amap_name": "霞云岭国家森林公园金水湖景区", "district": "房山", "disposition": "CONSTRUCTED", "source": "buffer 500.0m", "conf": 0.4, "radius_m": 500, "status": "KNOWN_ISSUE", "issue": "approximate boundary - needs verification"}}, {"type": "Feature", "geometry": {"type": "Polygon", "coordinates": [[[117.30179248939993, 40.179417], [117.3017578844892, 40.17871260086001], [117.30165440302123, 40.178014985468806], [117.3014830415791, 40.17733087224395], [117.3012454504672, 40.176666849569784], [117.30094391781782, 40.17602931234764], [117.30058134755518, 40.17542440040949], [117.30016123142913, 40.17485793938798], [117.29968761538761, 40.174335384612384], [117.29916506061203, 40.17386176857087], [117.29859859959052, 40.17344165244483], [117.29799368765237, 40.17307908218219], [117.29735615043022, 40.172777549532796], [117.29669212775605, 40.1725399584209], [117.2960080145312, 40.17236859697878], [117.29531039913999, 40.172265115510804], [117.294606, 40.17223051060007], [117.29390160086001, 40.172265115510804], [117.2932039854688, 40.17236859697878], [117.29251987224396, 40.1725399584209], [117.29185584956979, 40.172777549532796], [117.29121831234764, 40.17307908218219], [117.29061340040948, 40.17344165244483], [117.29004693938798, 40.17386176857087], [117.28952438461239, 40.174335384612384], [117.28905076857087, 40.17485793938798], [117.28863065244482, 40.17542440040949], [117.28826808218219, 40.17602931234764], [117.2879665495328, 40.176666849569784], [117.2877289584209, 40.17733087224395], [117.28755759697877, 40.178014985468806], [117.2874541155108, 40.17871260086001], [117.28741951060007, 40.179417], [117.2874541155108, 40.18012139913999], [117.28755759697877, 40.180819014531195], [117.2877289584209, 40.18150312775605], [117.2879665495328, 40.18216715043022], [117.28826808218219, 40.182804687652364], [117.28863065244482, 40.18340959959051], [117.28905076857087, 40.183976060612025], [117.28952438461239, 40.18449861538762], [117.29004693938798, 40.18497223142913], [117.29061340040948, 40.18539234755517], [117.29121831234764, 40.18575491781781], [117.29185584956979, 40.186056450467206], [117.29251987224396, 40.1862940415791], [117.2932039854688, 40.186465403021224], [117.29390160086001, 40.1865688844892], [117.294606, 40.18660348939993], [117.29531039913999, 40.1865688844892], [117.2960080145312, 40.186465403021224], [117.29669212775605, 40.1862940415791], [117.29735615043022, 40.186056450467206], [117.29799368765237, 40.18575491781781], [117.29859859959052, 40.18539234755517], [117.29916506061203, 40.18497223142913], [117.29968761538761, 40.18449861538762], [117.30016123142913, 40.183976060612025], [117.30058134755518, 40.18340959959051], [117.30094391781782, 40.182804687652364], [117.3012454504672, 40.18216715043022], [117.3014830415791, 40.18150312775605], [117.30165440302123, 40.180819014531195], [117.3017578844892, 40.18012139913999], [117.30179248939993, 40.179417]]]}, "properties": {"name": "金海湖风景区", "grade": "4A", "amap_name": "北京金海湖风景区", "district": "平谷", "disposition": "CONSTRUCTED", "source": "buffer 800.0m", "conf": 0.4, "radius_m": 800, "status": "KNOWN_ISSUE", "issue": "approximate boundary - needs verification"}}, {"type": "Feature", "geometry": {"type": "Polygon", "coordinates": [[[116.33026811174992, 40.318848], [116.3302248556115, 40.31796750107502], [116.33009550377653, 40.317095481836006], [116.32988130197388, 40.31624034030494], [116.32958431308401, 40.315410311962225], [116.32920739727227, 40.31461339043455], [116.32875418444397, 40.313857250511866], [116.32822903928641, 40.313149174234965], [116.32763701923452, 40.31249598076548], [116.32698382576504, 40.31190396071359], [116.32627574948815, 40.31137881555603], [116.32551960956546, 40.31092560272774], [116.32472268803778, 40.310548686916], [116.32389265969506, 40.31025169802612], [116.323037518164, 40.31003749622347], [116.32216549892499, 40.3099081443885], [116.321285, 40.30986488825009], [116.32040450107502, 40.3099081443885], [116.319532481836, 40.31003749622347], [116.31867734030494, 40.31025169802612], [116.31784731196223, 40.310548686916], [116.31705039043455, 40.31092560272774], [116.31629425051186, 40.31137881555603], [116.31558617423497, 40.31190396071359], [116.31493298076549, 40.31249598076548], [116.3143409607136, 40.313149174234965], [116.31381581555604, 40.313857250511866], [116.31336260272774, 40.31461339043455], [116.312985686916, 40.315410311962225], [116.31268869802612, 40.31624034030494], [116.31247449622347, 40.317095481836006], [116.3123451443885, 40.31796750107502], [116.31230188825009, 40.318848], [116.3123451443885, 40.31972849892499], [116.31247449622347, 40.320600518164], [116.31268869802612, 40.32145565969507], [116.312985686916, 40.32228568803778], [116.31336260272774, 40.32308260956545], [116.31381581555604, 40.32383874948814], [116.3143409607136, 40.32454682576504], [116.31493298076549, 40.32520001923452], [116.31558617423497, 40.32579203928641], [116.31629425051186, 40.32631718444397], [116.31705039043455, 40.32677039727226], [116.31784731196223, 40.327147313084005], [116.31867734030494, 40.327444301973884], [116.319532481836, 40.32765850377653], [116.32040450107502, 40.327787855611504], [116.321285, 40.327831111749916], [116.32216549892499, 40.327787855611504], [116.323037518164, 40.32765850377653], [116.32389265969506, 40.327444301973884], [116.32472268803778, 40.327147313084005], [116.32551960956546, 40.32677039727226], [116.32627574948815, 40.32631718444397], [116.32698382576504, 40.32579203928641], [116.32763701923452, 40.32520001923452], [116.32822903928641, 40.32454682576504], [116.32875418444397, 40.32383874948814], [116.32920739727227, 40.32308260956545], [116.32958431308401, 40.32228568803778], [116.32988130197388, 40.32145565969507], [116.33009550377653, 40.320600518164], [116.3302248556115, 40.31972849892499], [116.33026811174992, 40.318848]]]}, "properties": {"name": "银山塔林风景区", "grade": "4A", "amap_name": "银山塔林景区", "district": "昌平", "disposition": "CONSTRUCTED", "source": "buffer 1000.0m", "conf": 0.4, "radius_m": 1000, "status": "KNOWN_ISSUE", "issue": "approximate boundary - needs verification"}}, {"type": "Feature", "geometry": {"type": "Polygon", "coordinates": [[[115.89811286704995, 39.797787], [115.89808691336691, 39.79725870064501], [115.89800930226592, 39.7967354891016], [115.89788078118433, 39.79622240418296], [115.8977025878504, 39.79572438717734], [115.89747643836336, 39.79524623426073], [115.89720451066638, 39.794792550307115], [115.89688942357185, 39.79436770454098], [115.89653421154071, 39.79397578845929], [115.89614229545903, 39.793620576428154], [115.89571744969288, 39.79330548933362], [115.89526376573927, 39.79303356163664], [115.89478561282267, 39.7928074121496], [115.89428759581705, 39.79262921881567], [115.8937745108984, 39.792500697734084], [115.893251299355, 39.7924230866331], [115.892723, 39.79239713295005], [115.892194700645, 39.7924230866331], [115.89167148910161, 39.792500697734084], [115.89115840418296, 39.79262921881567], [115.89066038717733, 39.7928074121496], [115.89018223426073, 39.79303356163664], [115.88972855030713, 39.79330548933362], [115.88930370454098, 39.793620576428154], [115.8889117884593, 39.79397578845929], [115.88855657642816, 39.79436770454098], [115.88824148933362, 39.794792550307115], [115.88796956163665, 39.79524623426073], [115.8877434121496, 39.79572438717734], [115.88756521881568, 39.79622240418296], [115.88743669773409, 39.7967354891016], [115.8873590866331, 39.79725870064501], [115.88733313295006, 39.797787], [115.8873590866331, 39.79831529935499], [115.88743669773409, 39.7988385108984], [115.88756521881568, 39.799351595817036], [115.8877434121496, 39.79984961282266], [115.88796956163665, 39.80032776573927], [115.88824148933362, 39.800781449692884], [115.88855657642816, 39.80120629545902], [115.8889117884593, 39.80159821154071], [115.88930370454098, 39.801953423571845], [115.88972855030713, 39.80226851066638], [115.89018223426073, 39.80254043836336], [115.89066038717733, 39.8027665878504], [115.89115840418296, 39.80294478118433], [115.89167148910161, 39.803073302265915], [115.892194700645, 39.8031509133669], [115.892723, 39.80317686704995], [115.893251299355, 39.8031509133669], [115.8937745108984, 39.803073302265915], [115.89428759581705, 39.80294478118433], [115.89478561282267, 39.8027665878504], [115.89526376573927, 39.80254043836336], [115.89571744969288, 39.80226851066638], [115.89614229545903, 39.801953423571845], [115.89653421154071, 39.80159821154071], [115.89688942357185, 39.80120629545902], [115.89720451066638, 39.800781449692884], [115.89747643836336, 39.80032776573927], [115.8977025878504, 39.79984961282266], [115.89788078118433, 39.799351595817036], [115.89800930226592, 39.7988385108984], [115.89808691336691, 39.79831529935499], [115.89811286704995, 39.797787]]]}, "properties": {"name": "银狐洞景区", "grade": "2A", "amap_name": "银狐洞", "district": "房山", "disposition": "CONSTRUCTED", "source": "buffer 600.0m", "conf": 0.4, "radius_m": 600, "status": "KNOWN_ISSUE", "issue": "approximate boundary - needs verification"}}, {"type": "Feature", "geometry": {"type": "Polygon", "coordinates": [[[116.10670811174991, 40.067184], [116.1066648556115, 40.06630350107501], [116.10653550377653, 40.065431481836], [116.10632130197388, 40.06457634030493], [116.106024313084, 40.06374631196222], [116.10564739727226, 40.06294939043455], [116.10519418444396, 40.06219325051186], [116.1046690392864, 40.06148517423496], [116.10407701923451, 40.06083198076548], [116.10342382576503, 40.06023996071359], [116.10271574948814, 40.05971481555603], [116.10195960956545, 40.05926160272774], [116.10116268803777, 40.058884686915995], [116.10033265969506, 40.058587698026116], [116.099477518164, 40.05837349622347], [116.09860549892498, 40.058244144388496], [116.097725, 40.058200888250084], [116.09684450107501, 40.058244144388496], [116.095972481836, 40.05837349622347], [116.09511734030494, 40.058587698026116], [116.09428731196222, 40.058884686915995], [116.09349039043454, 40.05926160272774], [116.09273425051185, 40.05971481555603], [116.09202617423496, 40.06023996071359], [116.09137298076548, 40.06083198076548], [116.09078096071359, 40.06148517423496], [116.09025581555603, 40.06219325051186], [116.08980260272773, 40.06294939043455], [116.08942568691599, 40.06374631196222], [116.08912869802612, 40.06457634030493], [116.08891449622347, 40.065431481836], [116.0887851443885, 40.06630350107501], [116.08874188825008, 40.067184], [116.0887851443885, 40.06806449892498], [116.08891449622347, 40.068936518163994], [116.08912869802612, 40.06979165969506], [116.08942568691599, 40.070621688037775], [116.08980260272773, 40.07141860956545], [116.09025581555603, 40.072174749488134], [116.09078096071359, 40.072882825765035], [116.09137298076548, 40.07353601923452], [116.09202617423496, 40.07412803928641], [116.09273425051185, 40.07465318444397], [116.09349039043454, 40.07510639727226], [116.09428731196222, 40.075483313084], [116.09511734030494, 40.07578030197388], [116.095972481836, 40.07599450377653], [116.09684450107501, 40.0761238556115], [116.097725, 40.07616711174991], [116.09860549892498, 40.0761238556115], [116.099477518164, 40.07599450377653], [116.10033265969506, 40.07578030197388], [116.10116268803777, 40.075483313084], [116.10195960956545, 40.07510639727226], [116.10271574948814, 40.07465318444397], [116.10342382576503, 40.07412803928641], [116.10407701923451, 40.07353601923452], [116.1046690392864, 40.072882825765035], [116.10519418444396, 40.072174749488134], [116.10564739727226, 40.07141860956545], [116.106024313084, 40.070621688037775], [116.10632130197388, 40.06979165969506], [116.10653550377653, 40.068936518163994], [116.1066648556115, 40.06806449892498], [116.10670811174991, 40.067184]]]}, "properties": {"name": "阳台山自然风景区", "grade": "3A", "amap_name": "阳台山自然风景区", "district": "海淀", "disposition": "CONSTRUCTED", "source": "buffer 1000.0m", "conf": 0.4, "radius_m": 1000, "status": "KNOWN_ISSUE", "issue": "approximate boundary - needs verification"}}, {"type": "Feature", "geometry": {"type": "Polygon", "coordinates": [[[116.43316548939993, 40.253914], [116.4331308844892, 40.25320960086001], [116.43302740302123, 40.25251198546881], [116.4328560415791, 40.25182787224395], [116.4326184504672, 40.251163849569785], [116.43231691781781, 40.25052631234764], [116.43195434755518, 40.24992140040949], [116.43153423142913, 40.24935493938798], [116.43106061538761, 40.248832384612385], [116.43053806061202, 40.248358768570874], [116.42997159959052, 40.24793865244483], [116.42936668765236, 40.24757608218219], [116.42872915043021, 40.2472745495328], [116.42806512775604, 40.2470369584209], [116.42738101453119, 40.24686559697878], [116.42668339913999, 40.246762115510805], [116.425979, 40.246727510600074], [116.42527460086, 40.246762115510805], [116.4245769854688, 40.24686559697878], [116.42389287224395, 40.2470369584209], [116.42322884956978, 40.2472745495328], [116.42259131234763, 40.24757608218219], [116.42198640040948, 40.24793865244483], [116.42141993938797, 40.248358768570874], [116.42089738461239, 40.248832384612385], [116.42042376857087, 40.24935493938798], [116.42000365244482, 40.24992140040949], [116.41964108218218, 40.25052631234764], [116.4193395495328, 40.251163849569785], [116.4191019584209, 40.25182787224395], [116.41893059697877, 40.25251198546881], [116.4188271155108, 40.25320960086001], [116.41879251060007, 40.253914], [116.4188271155108, 40.25461839913999], [116.41893059697877, 40.255316014531196], [116.4191019584209, 40.25600012775605], [116.4193395495328, 40.25666415043022], [116.41964108218218, 40.257301687652365], [116.42000365244482, 40.25790659959051], [116.42042376857087, 40.258473060612026], [116.42089738461239, 40.25899561538762], [116.42141993938797, 40.25946923142913], [116.42198640040948, 40.25988934755517], [116.42259131234763, 40.26025191781781], [116.42322884956978, 40.26055345046721], [116.42389287224395, 40.260791041579104], [116.4245769854688, 40.260962403021225], [116.42527460086, 40.2610658844892], [116.425979, 40.26110048939993], [116.42668339913999, 40.2610658844892], [116.42738101453119, 40.260962403021225], [116.42806512775604, 40.260791041579104], [116.42872915043021, 40.26055345046721], [116.42936668765236, 40.26025191781781], [116.42997159959052, 40.25988934755517], [116.43053806061202, 40.25946923142913], [116.43106061538761, 40.25899561538762], [116.43153423142913, 40.258473060612026], [116.43195434755518, 40.25790659959051], [116.43231691781781, 40.257301687652365], [116.4326184504672, 40.25666415043022], [116.4328560415791, 40.25600012775605], [116.43302740302123, 40.255316014531196], [116.4331308844892, 40.25461839913999], [116.43316548939993, 40.253914]]]}, "properties": {"name": "静之湖度假区景区", "grade": "3A", "amap_name": "北京静之湖度假区", "district": "昌平", "disposition": "CONSTRUCTED", "source": "buffer 800.0m", "conf": 0.4, "radius_m": 800, "status": "KNOWN_ISSUE", "issue": "approximate boundary - needs verification"}}, {"type": "Feature", "geometry": {"type": "Polygon", "coordinates": [[[116.78363255587495, 40.163583], [116.78361092780574, 40.16314275053751], [116.78354625188825, 40.162706740918004], [116.78343915098694, 40.16227917015247], [116.783290656542, 40.161864155981114], [116.78310219863613, 40.161465695217274], [116.78287559222198, 40.16108762525593], [116.7826130196432, 40.160733587117484], [116.78231700961726, 40.16040699038275], [116.78199041288251, 40.1601109803568], [116.78163637474407, 40.15984840777802], [116.78125830478272, 40.15962180136387], [116.78085984401888, 40.159433343458], [116.78044482984753, 40.15928484901306], [116.780017259082, 40.15917774811174], [116.7795812494625, 40.15911307219425], [116.779141, 40.159091444125046], [116.7787007505375, 40.15911307219425], [116.77826474091799, 40.15917774811174], [116.77783717015247, 40.15928484901306], [116.77742215598111, 40.159433343458], [116.77702369521727, 40.15962180136387], [116.77664562525592, 40.15984840777802], [116.77629158711748, 40.1601109803568], [116.77596499038273, 40.16040699038275], [116.7756689803568, 40.160733587117484], [116.77540640777801, 40.16108762525593], [116.77517980136386, 40.161465695217274], [116.774991343458, 40.161864155981114], [116.77484284901306, 40.16227917015247], [116.77473574811174, 40.162706740918004], [116.77467107219425, 40.16314275053751], [116.77464944412505, 40.163583], [116.77467107219425, 40.164023249462495], [116.77473574811174, 40.164459259082], [116.77484284901306, 40.16488682984753], [116.774991343458, 40.16530184401889], [116.77517980136386, 40.16570030478273], [116.77540640777801, 40.166078374744075], [116.7756689803568, 40.16643241288252], [116.77596499038273, 40.16675900961726], [116.77629158711748, 40.16705501964321], [116.77664562525592, 40.167317592221984], [116.77702369521727, 40.167544198636136], [116.77742215598111, 40.16773265654201], [116.77783717015247, 40.16788115098694], [116.77826474091799, 40.16798825188827], [116.7787007505375, 40.16805292780575], [116.779141, 40.16807455587496], [116.7795812494625, 40.16805292780575], [116.780017259082, 40.16798825188827], [116.78044482984753, 40.16788115098694], [116.78085984401888, 40.16773265654201], [116.78125830478272, 40.167544198636136], [116.78163637474407, 40.167317592221984], [116.78199041288251, 40.16705501964321], [116.78231700961726, 40.16675900961726], [116.7826130196432, 40.16643241288252], [116.78287559222198, 40.166078374744075], [116.78310219863613, 40.16570030478273], [116.783290656542, 40.16530184401889], [116.78343915098694, 40.16488682984753], [116.78354625188825, 40.164459259082], [116.78361092780574, 40.164023249462495], [116.78363255587495, 40.163583]]]}, "properties": {"name": "顺义区东江公园", "grade": "3A", "amap_name": "东江公园", "district": "顺义", "disposition": "CONSTRUCTED", "source": "buffer 500.0m", "conf": 0.4, "radius_m": 500, "status": "KNOWN_ISSUE", "issue": "approximate boundary - needs verification"}}, {"type": "Feature", "geometry": {"type": "Polygon", "coordinates": [[[116.69120155587495, 40.179336], [116.69117992780575, 40.17889575053751], [116.69111525188826, 40.178459740918], [116.69100815098695, 40.17803217015247], [116.690859656542, 40.17761715598111], [116.69067119863614, 40.17721869521727], [116.690444592222, 40.17684062525593], [116.6901820196432, 40.17648658711748], [116.68988600961727, 40.17615999038274], [116.68955941288252, 40.175863980356795], [116.68920537474408, 40.17560140777802], [116.68882730478273, 40.175374801363866], [116.68842884401889, 40.175186343457995], [116.68801382984753, 40.17503784901306], [116.68758625908201, 40.174930748111734], [116.6871502494625, 40.17486607219425], [116.68671, 40.17484444412504], [116.6862697505375, 40.17486607219425], [116.685833740918, 40.174930748111734], [116.68540617015248, 40.17503784901306], [116.68499115598112, 40.175186343457995], [116.68459269521728, 40.175374801363866], [116.68421462525593, 40.17560140777802], [116.6838605871175, 40.175863980356795], [116.68353399038274, 40.17615999038274], [116.68323798035681, 40.17648658711748], [116.68297540777802, 40.17684062525593], [116.68274880136387, 40.17721869521727], [116.68256034345801, 40.17761715598111], [116.68241184901306, 40.17803217015247], [116.68230474811175, 40.178459740918], [116.68224007219426, 40.17889575053751], [116.68221844412506, 40.179336], [116.68224007219426, 40.17977624946249], [116.68230474811175, 40.180212259082], [116.68241184901306, 40.18063982984753], [116.68256034345801, 40.18105484401889], [116.68274880136387, 40.18145330478273], [116.68297540777802, 40.18183137474407], [116.68323798035681, 40.18218541288252], [116.68353399038274, 40.182512009617255], [116.6838605871175, 40.182808019643204], [116.68421462525593, 40.18307059222198], [116.68459269521728, 40.18329719863613], [116.68499115598112, 40.183485656542004], [116.68540617015248, 40.18363415098694], [116.685833740918, 40.183741251888264], [116.6862697505375, 40.18380592780575], [116.68671, 40.183827555874956], [116.6871502494625, 40.18380592780575], [116.68758625908201, 40.183741251888264], [116.68801382984753, 40.18363415098694], [116.68842884401889, 40.183485656542004], [116.68882730478273, 40.18329719863613], [116.68920537474408, 40.18307059222198], [116.68955941288252, 40.182808019643204], [116.68988600961727, 40.182512009617255], [116.6901820196432, 40.18218541288252], [116.690444592222, 40.18183137474407], [116.69067119863614, 40.18145330478273], [116.690859656542, 40.18105484401889], [116.69100815098695, 40.18063982984753], [116.69111525188826, 40.180212259082], [116.69117992780575, 40.17977624946249], [116.69120155587495, 40.179336]]]}, "properties": {"name": "顺义奥林匹克水上公园", "grade": "4A", "amap_name": "顺义奥林匹克水上公园", "district": "顺义", "disposition": "CONSTRUCTED", "source": "buffer 500.0m", "conf": 0.4, "radius_m": 500, "status": "KNOWN_ISSUE", "issue": "approximate boundary - needs verification"}}, {"type": "Feature", "geometry": {"type": "Polygon", "coordinates": [[[115.69186424469997, 39.936276], [115.6918469422446, 39.935923800430004], [115.69179520151062, 39.9355749927344], [115.69170952078956, 39.93523293612198], [115.6915907252336, 39.93490092478489], [115.6914399589089, 39.93458215617382], [115.69125867377758, 39.93427970020474], [115.69104861571456, 39.93399646969399], [115.6908118076938, 39.933735192306195], [115.69055053030601, 39.933498384285436], [115.69026729979525, 39.93328832622241], [115.68996484382617, 39.93310704109109], [115.68964607521511, 39.9329562747664], [115.68931406387803, 39.93283747921045], [115.6889720072656, 39.932751798489384], [115.68862319956999, 39.9327000577554], [115.688271, 39.932682755300036], [115.68791880043001, 39.9327000577554], [115.6875699927344, 39.932751798489384], [115.68722793612197, 39.93283747921045], [115.68689592478489, 39.9329562747664], [115.68657715617383, 39.93310704109109], [115.68627470020475, 39.93328832622241], [115.68599146969399, 39.933498384285436], [115.6857301923062, 39.933735192306195], [115.68549338428544, 39.93399646969399], [115.68528332622242, 39.93427970020474], [115.6851020410911, 39.93458215617382], [115.6849512747664, 39.93490092478489], [115.68483247921044, 39.93523293612198], [115.68474679848939, 39.9355749927344], [115.6846950577554, 39.935923800430004], [115.68467775530003, 39.936276], [115.6846950577554, 39.936628199569995], [115.68474679848939, 39.9369770072656], [115.68483247921044, 39.93731906387802], [115.6849512747664, 39.93765107521511], [115.6851020410911, 39.93796984382618], [115.68528332622242, 39.93827229979526], [115.68549338428544, 39.93855553030601], [115.6857301923062, 39.938816807693804], [115.68599146969399, 39.93905361571456], [115.68627470020475, 39.93926367377759], [115.68657715617383, 39.93944495890891], [115.68689592478489, 39.9395957252336], [115.68722793612197, 39.93971452078955], [115.6875699927344, 39.939800201510614], [115.68791880043001, 39.9398519422446], [115.688271, 39.93986924469996], [115.68862319956999, 39.9398519422446], [115.6889720072656, 39.939800201510614], [115.68931406387803, 39.93971452078955], [115.68964607521511, 39.9395957252336], [115.68996484382617, 39.93944495890891], [115.69026729979525, 39.93926367377759], [115.69055053030601, 39.93905361571456], [115.6908118076938, 39.938816807693804], [115.69104861571456, 39.93855553030601], [115.69125867377758, 39.93827229979526], [115.6914399589089, 39.93796984382618], [115.6915907252336, 39.93765107521511], [115.69170952078956, 39.93731906387802], [115.69179520151062, 39.9369770072656], [115.6918469422446, 39.936628199569995], [115.69186424469997, 39.936276]]]}, "properties": {"name": "马栏旅游景区", "grade": "3A", "amap_name": "马栏(公交站)", "district": "门头沟", "disposition": "CONSTRUCTED", "source": "buffer 400.0m", "conf": 0.4, "radius_m": 400, "status": "KNOWN_ISSUE", "issue": "approximate boundary - needs verification"}}, {"type": "Feature", "geometry": {"type": "Polygon", "coordinates": [[[115.67078011174992, 39.96671], [115.67073685561151, 39.965829501075014], [115.67060750377654, 39.964957481836], [115.67039330197389, 39.96410234030493], [115.67009631308402, 39.96327231196222], [115.66971939727227, 39.96247539043455], [115.66926618444397, 39.96171925051186], [115.66874103928642, 39.96101117423496], [115.66814901923452, 39.96035798076548], [115.66749582576504, 39.95976596071359], [115.66678774948815, 39.95924081555603], [115.66603160956547, 39.95878760272774], [115.66523468803778, 39.958410686916], [115.66440465969507, 39.95811369802612], [115.663549518164, 39.95789949622347], [115.66267749892499, 39.9577701443885], [115.661797, 39.957726888250086], [115.66091650107502, 39.9577701443885], [115.66004448183601, 39.95789949622347], [115.65918934030495, 39.95811369802612], [115.65835931196223, 39.958410686916], [115.65756239043455, 39.95878760272774], [115.65680625051186, 39.95924081555603], [115.65609817423497, 39.95976596071359], [115.6554449807655, 39.96035798076548], [115.6548529607136, 39.96101117423496], [115.65432781555604, 39.96171925051186], [115.65387460272774, 39.96247539043455], [115.653497686916, 39.96327231196222], [115.65320069802613, 39.96410234030493], [115.65298649622348, 39.964957481836], [115.6528571443885, 39.965829501075014], [115.6528138882501, 39.96671], [115.6528571443885, 39.967590498924984], [115.65298649622348, 39.968462518163996], [115.65320069802613, 39.969317659695065], [115.653497686916, 39.97014768803778], [115.65387460272774, 39.97094460956545], [115.65432781555604, 39.971700749488136], [115.6548529607136, 39.97240882576504], [115.6554449807655, 39.97306201923452], [115.65609817423497, 39.97365403928641], [115.65680625051186, 39.97417918444397], [115.65756239043455, 39.97463239727226], [115.65835931196223, 39.975009313084], [115.65918934030495, 39.97530630197388], [115.66004448183601, 39.97552050377653], [115.66091650107502, 39.9756498556115], [115.661797, 39.97569311174991], [115.66267749892499, 39.9756498556115], [115.663549518164, 39.97552050377653], [115.66440465969507, 39.97530630197388], [115.66523468803778, 39.975009313084], [115.66603160956547, 39.97463239727226], [115.66678774948815, 39.97417918444397], [115.66749582576504, 39.97365403928641], [115.66814901923452, 39.97306201923452], [115.66874103928642, 39.97240882576504], [115.66926618444397, 39.971700749488136], [115.66971939727227, 39.97094460956545], [115.67009631308402, 39.97014768803778], [115.67039330197389, 39.969317659695065], [115.67060750377654, 39.968462518163996], [115.67073685561151, 39.967590498924984], [115.67078011174992, 39.96671]]]}, "properties": {"name": "黄芩仙谷景区", "grade": "3A", "amap_name": "黄芩仙谷(暂停开放)", "district": "门头沟", "disposition": "CONSTRUCTED", "source": "buffer 1000.0m", "conf": 0.4, "radius_m": 1000, "status": "KNOWN_ISSUE", "issue": "approximate boundary - needs verification"}}, {"type": "Feature", "geometry": {"type": "Polygon", "coordinates": [[[116.77469455587494, 40.563743], [116.77467292780574, 40.56330275053751], [116.77460825188825, 40.562866740918004], [116.77450115098694, 40.56243917015247], [116.77435265654199, 40.56202415598111], [116.77416419863613, 40.56162569521727], [116.77393759222198, 40.56124762525593], [116.77367501964319, 40.560893587117484], [116.77337900961726, 40.560566990382746], [116.7730524128825, 40.5602709803568], [116.77269837474407, 40.56000840777802], [116.77232030478272, 40.55978180136387], [116.77192184401888, 40.559593343458], [116.77150682984752, 40.55944484901306], [116.771079259082, 40.55933774811174], [116.7706432494625, 40.55927307219425], [116.770203, 40.559251444125046], [116.7697627505375, 40.55927307219425], [116.76932674091799, 40.55933774811174], [116.76889917015247, 40.55944484901306], [116.76848415598111, 40.559593343458], [116.76808569521727, 40.55978180136387], [116.76770762525592, 40.56000840777802], [116.76735358711748, 40.5602709803568], [116.76702699038273, 40.560566990382746], [116.7667309803568, 40.560893587117484], [116.766468407778, 40.56124762525593], [116.76624180136386, 40.56162569521727], [116.766053343458, 40.56202415598111], [116.76590484901305, 40.56243917015247], [116.76579774811174, 40.562866740918004], [116.76573307219425, 40.56330275053751], [116.76571144412505, 40.563743], [116.76573307219425, 40.564183249462495], [116.76579774811174, 40.564619259082], [116.76590484901305, 40.56504682984753], [116.766053343458, 40.56546184401889], [116.76624180136386, 40.56586030478273], [116.766468407778, 40.566238374744074], [116.7667309803568, 40.56659241288252], [116.76702699038273, 40.56691900961726], [116.76735358711748, 40.56721501964321], [116.76770762525592, 40.567477592221984], [116.76808569521727, 40.567704198636136], [116.76848415598111, 40.56789265654201], [116.76889917015247, 40.56804115098694], [116.76932674091799, 40.56814825188827], [116.7697627505375, 40.56821292780575], [116.770203, 40.56823455587496], [116.7706432494625, 40.56821292780575], [116.771079259082, 40.56814825188827], [116.77150682984752, 40.56804115098694], [116.77192184401888, 40.56789265654201], [116.77232030478272, 40.567704198636136], [116.77269837474407, 40.567477592221984], [116.7730524128825, 40.56721501964321], [116.77337900961726, 40.56691900961726], [116.77367501964319, 40.56659241288252], [116.77393759222198, 40.566238374744074], [116.77416419863613, 40.56586030478273], [116.77435265654199, 40.56546184401889], [116.77450115098694, 40.56504682984753], [116.77460825188825, 40.564619259082], [116.77467292780574, 40.564183249462495], [116.77469455587494, 40.563743]]]}, "properties": {"name": "黑龙潭旅游区", "grade": "4A", "amap_name": "北京黑龙潭自然风景区", "district": "密云", "disposition": "CONSTRUCTED", "source": "buffer 500.0m", "conf": 0.4, "radius_m": 500, "status": "KNOWN_ISSUE", "issue": "approximate boundary - needs verification"}}, {"type": "Feature", "geometry": {"type": "Polygon", "coordinates": [[[116.86510015033652, 40.40046800917939], [116.86508284788114, 40.400115809609396], [116.86503110714716, 40.399767001913794], [116.8649454264261, 40.39942494530137], [116.86482663087014, 40.39909293396428], [116.86467586454545, 40.39877416535321], [116.86449457941413, 40.39847170938413], [116.86428452135111, 40.39818847887338], [116.86404771333035, 40.39792720148559], [116.86378643594256, 40.39769039346483], [116.8635032054318, 40.3974803354018], [116.86320074946272, 40.39729905027048], [116.86288198085165, 40.39714828394579], [116.86254996951457, 40.39702948838984], [116.86220791290215, 40.39694380766878], [116.86185910520653, 40.39689206693479], [116.86150690563655, 40.39687476447943], [116.86115470606656, 40.39689206693479], [116.86080589837094, 40.39694380766878], [116.86046384175852, 40.39702948838984], [116.86013183042144, 40.39714828394579], [116.85981306181037, 40.39729905027048], [116.8595106058413, 40.3974803354018], [116.85922737533053, 40.39769039346483], [116.85896609794274, 40.39792720148559], [116.85872928992198, 40.39818847887338], [116.85851923185896, 40.39847170938413], [116.85833794672764, 40.39877416535321], [116.85818718040295, 40.39909293396428], [116.85806838484699, 40.39942494530137], [116.85798270412593, 40.399767001913794], [116.85793096339195, 40.400115809609396], [116.85791366093657, 40.40046800917939], [116.85793096339195, 40.40082020874939], [116.85798270412593, 40.40116901644499], [116.85806838484699, 40.401511073057414], [116.85818718040295, 40.4018430843945], [116.85833794672764, 40.40216185300557], [116.85851923185896, 40.40246430897465], [116.85872928992198, 40.402747539485404], [116.85896609794274, 40.4030088168732], [116.85922737533053, 40.403245624893955], [116.8595106058413, 40.40345568295698], [116.85981306181037, 40.4036369680883], [116.86013183042144, 40.403787734412994], [116.86046384175852, 40.40390652996894], [116.86080589837094, 40.40399221069001], [116.86115470606656, 40.40404395142399], [116.86150690563655, 40.404061253879355], [116.86185910520653, 40.40404395142399], [116.86220791290215, 40.40399221069001], [116.86254996951457, 40.40390652996894], [116.86288198085165, 40.403787734412994], [116.86320074946272, 40.4036369680883], [116.8635032054318, 40.40345568295698], [116.86378643594256, 40.403245624893955], [116.86404771333035, 40.4030088168732], [116.86428452135111, 40.402747539485404], [116.86449457941413, 40.40246430897465], [116.86467586454545, 40.40216185300557], [116.86482663087014, 40.4018430843945], [116.8649454264261, 40.401511073057414], [116.86503110714716, 40.40116901644499], [116.86508284788114, 40.40082020874939], [116.86510015033652, 40.40046800917939]]]}, "properties": {"name": "北京冶仙塔旅游风景区", "grade": NaN, "amap_name": NaN, "district": "密云", "disposition": "CONSTRUCTED", "source": "buffer 400.0m", "conf": 0.4, "radius_m": 400, "status": "KNOWN_ISSUE", "issue": "approximate boundary - needs verification"}}, {"type": "Feature", "geometry": {"type": "Polygon", "coordinates": [[[116.79158455119688, 40.54021667036531], [116.7915672487415, 40.539864470795315], [116.79151550800752, 40.53951566309971], [116.79142982728646, 40.53917360648729], [116.7913110317305, 40.5388415951502], [116.79116026540581, 40.53852282653913], [116.79097898027449, 40.53822037057005], [116.79076892221147, 40.5379371400593], [116.79053211419071, 40.537675862671506], [116.79027083680292, 40.53743905465075], [116.78998760629216, 40.53722899658772], [116.78968515032308, 40.5370477114564], [116.78936638171201, 40.53689694513171], [116.78903437037494, 40.53677814957576], [116.78869231376251, 40.536692468854696], [116.7883435060669, 40.53664072812071], [116.7879913064969, 40.53662342566535], [116.78763910692692, 40.53664072812071], [116.7872902992313, 40.536692468854696], [116.78694824261888, 40.53677814957576], [116.7866162312818, 40.53689694513171], [116.78629746267073, 40.5370477114564], [116.78599500670165, 40.53722899658772], [116.7857117761909, 40.53743905465075], [116.7854504988031, 40.537675862671506], [116.78521369078234, 40.5379371400593], [116.78500363271932, 40.53822037057005], [116.784822347588, 40.53852282653913], [116.78467158126331, 40.5388415951502], [116.78455278570735, 40.53917360648729], [116.78446710498629, 40.53951566309971], [116.78441536425231, 40.539864470795315], [116.78439806179694, 40.54021667036531], [116.78441536425231, 40.540568869935306], [116.78446710498629, 40.54091767763091], [116.78455278570735, 40.54125973424333], [116.78467158126331, 40.54159174558042], [116.784822347588, 40.54191051419149], [116.78500363271932, 40.54221297016057], [116.78521369078234, 40.54249620067132], [116.7854504988031, 40.542757478059116], [116.7857117761909, 40.542994286079875], [116.78599500670165, 40.5432043441429], [116.78629746267073, 40.54338562927422], [116.7866162312818, 40.54353639559891], [116.78694824261888, 40.54365519115486], [116.7872902992313, 40.543740871875926], [116.78763910692692, 40.54379261260991], [116.7879913064969, 40.543809915065275], [116.7883435060669, 40.54379261260991], [116.78869231376251, 40.543740871875926], [116.78903437037494, 40.54365519115486], [116.78936638171201, 40.54353639559891], [116.78968515032308, 40.54338562927422], [116.78998760629216, 40.5432043441429], [116.79027083680292, 40.542994286079875], [116.79053211419071, 40.542757478059116], [116.79076892221147, 40.54249620067132], [116.79097898027449, 40.54221297016057], [116.79116026540581, 40.54191051419149], [116.7913110317305, 40.54159174558042], [116.79142982728646, 40.54125973424333], [116.79151550800752, 40.54091767763091], [116.7915672487415, 40.540568869935306], [116.79158455119688, 40.54021667036531]]]}, "properties": {"name": "北京密云桃源仙谷风景区", "grade": NaN, "amap_name": NaN, "district": "密云", "disposition": "CONSTRUCTED", "source": "buffer 400.0m", "conf": 0.4, "radius_m": 400, "status": "KNOWN_ISSUE", "issue": "approximate boundary - needs verification"}}, {"type": "Feature", "geometry": {"type": "Polygon", "coordinates": [[[116.3349216, 39.9379372], [116.329465, 39.9410886], [116.3322682, 39.9488724], [116.3372907, 39.9508676], [116.3400956, 39.9482615], [116.3374586, 39.9405389], [116.3349216, 39.9379372]]]}, "properties": {"name": "北京海洋馆", "grade": NaN, "amap_name": NaN, "district": "西城", "disposition": "CONSTRUCTED", "source": "POI-HULL(14 facilities)", "conf": 0.7, "radius_m": 400, "status": "KNOWN_ISSUE", "issue": "approximate boundary - needs verification"}}, {"type": "Feature", "geometry": {"type": "Polygon", "coordinates": [[[116.80612867012556, 40.122204257867], [116.80611136767018, 40.121852058297], [116.8060596269362, 40.1215032506014], [116.80597394621515, 40.121161193988975], [116.80585515065918, 40.12082918265189], [116.80570438433449, 40.120510414040815], [116.80552309920317, 40.12020795807174], [116.80531304114015, 40.119924727560985], [116.8050762331194, 40.11966345017319], [116.8048149557316, 40.11942664215243], [116.80453172522084, 40.11921658408941], [116.80422926925176, 40.11903529895809], [116.8039105006407, 40.118884532633395], [116.80357848930362, 40.118765737077446], [116.8032364326912, 40.11868005635638], [116.80288762499558, 40.118628315622395], [116.80253542542559, 40.11861101316703], [116.8021832258556, 40.118628315622395], [116.80183441815998, 40.11868005635638], [116.80149236154756, 40.118765737077446], [116.80116035021048, 40.118884532633395], [116.80084158159941, 40.11903529895809], [116.80053912563034, 40.11921658408941], [116.80025589511958, 40.11942664215243], [116.79999461773178, 40.11966345017319], [116.79975780971102, 40.119924727560985], [116.799547751648, 40.12020795807174], [116.79936646651669, 40.120510414040815], [116.799215700192, 40.12082918265189], [116.79909690463603, 40.121161193988975], [116.79901122391497, 40.1215032506014], [116.798959483181, 40.121852058297], [116.79894218072562, 40.122204257867], [116.798959483181, 40.12255645743699], [116.79901122391497, 40.122905265132594], [116.79909690463603, 40.12324732174502], [116.799215700192, 40.123579333082105], [116.79936646651669, 40.12389810169318], [116.799547751648, 40.124200557662256], [116.79975780971102, 40.12448378817301], [116.79999461773178, 40.1247450655608], [116.80025589511958, 40.12498187358156], [116.80053912563034, 40.125191931644586], [116.80084158159941, 40.125373216775905], [116.80116035021048, 40.1255239831006], [116.80149236154756, 40.12564277865655], [116.80183441815998, 40.12572845937761], [116.8021832258556, 40.1257802001116], [116.80253542542559, 40.12579750256696], [116.80288762499558, 40.1257802001116], [116.8032364326912, 40.12572845937761], [116.80357848930362, 40.12564277865655], [116.8039105006407, 40.1255239831006], [116.80422926925176, 40.125373216775905], [116.80453172522084, 40.125191931644586], [116.8048149557316, 40.12498187358156], [116.8050762331194, 40.1247450655608], [116.80531304114015, 40.12448378817301], [116.80552309920317, 40.124200557662256], [116.80570438433449, 40.12389810169318], [116.80585515065918, 40.123579333082105], [116.80597394621515, 40.12324732174502], [116.8060596269362, 40.122905265132594], [116.80611136767018, 40.12255645743699], [116.80612867012556, 40.122204257867]]]}, "properties": {"name": "北京顺义汉石桥湿地景区", "grade": NaN, "amap_name": NaN, "district": "顺义", "disposition": "CONSTRUCTED", "source": "buffer 400.0m", "conf": 0.4, "radius_m": 400, "status": "KNOWN_ISSUE", "issue": "approximate boundary - needs verification"}}, {"type": "Feature", "geometry": {"type": "Polygon", "coordinates": [[[116.81082649848017, 40.613273354081414], [116.81080919602479, 40.61292115451142], [116.81075745529081, 40.61257234681582], [116.81067177456976, 40.61223029020339], [116.81055297901379, 40.611898278866306], [116.8104022126891, 40.61157951025523], [116.81022092755778, 40.611277054286155], [116.81001086949476, 40.6109938237754], [116.809774061474, 40.61073254638761], [116.80951278408621, 40.61049573836685], [116.80922955357545, 40.610285680303825], [116.80892709760637, 40.610104395172506], [116.8086083289953, 40.60995362884781], [116.80827631765823, 40.60983483329186], [116.8079342610458, 40.6097491525708], [116.80758545335019, 40.60969741183681], [116.8072332537802, 40.60968010938145], [116.80688105421021, 40.60969741183681], [116.80653224651459, 40.6097491525708], [116.80619018990217, 40.60983483329186], [116.80585817856509, 40.60995362884781], [116.80553940995402, 40.610104395172506], [116.80523695398495, 40.610285680303825], [116.80495372347418, 40.61049573836685], [116.80469244608639, 40.61073254638761], [116.80445563806563, 40.6109938237754], [116.80424558000261, 40.611277054286155], [116.8040642948713, 40.61157951025523], [116.8039135285466, 40.611898278866306], [116.80379473299064, 40.61223029020339], [116.80370905226958, 40.61257234681582], [116.8036573115356, 40.61292115451142], [116.80364000908023, 40.613273354081414], [116.8036573115356, 40.61362555365141], [116.80370905226958, 40.61397436134701], [116.80379473299064, 40.61431641795944], [116.8039135285466, 40.61464842929652], [116.8040642948713, 40.614967197907596], [116.80424558000261, 40.61526965387667], [116.80445563806563, 40.61555288438743], [116.80469244608639, 40.61581416177522], [116.80495372347418, 40.61605096979598], [116.80523695398495, 40.616261027859004], [116.80553940995402, 40.61644231299032], [116.80585817856509, 40.61659307931502], [116.80619018990217, 40.616711874870965], [116.80653224651459, 40.61679755559203], [116.80688105421021, 40.616849296326016], [116.8072332537802, 40.61686659878138], [116.80758545335019, 40.616849296326016], [116.8079342610458, 40.61679755559203], [116.80827631765823, 40.616711874870965], [116.8086083289953, 40.61659307931502], [116.80892709760637, 40.61644231299032], [116.80922955357545, 40.616261027859004], [116.80951278408621, 40.61605096979598], [116.809774061474, 40.61581416177522], [116.81001086949476, 40.61555288438743], [116.81022092755778, 40.61526965387667], [116.8104022126891, 40.614967197907596], [116.81055297901379, 40.61464842929652], [116.81067177456976, 40.61431641795944], [116.81075745529081, 40.61397436134701], [116.81080919602479, 40.61362555365141], [116.81082649848017, 40.613273354081414]]]}, "properties": {"name": "捧河湾自然风景区", "grade": NaN, "amap_name": NaN, "district": "密云", "disposition": "CONSTRUCTED", "source": "buffer 400.0m", "conf": 0.4, "radius_m": 400, "status": "KNOWN_ISSUE", "issue": "approximate boundary - needs verification"}}, {"type": "Feature", "geometry": {"type": "Polygon", "coordinates": [[[116.3901483, 39.9088251], [116.385295, 39.9129079], [116.3852891, 39.9214627], [116.394126, 39.923596], [116.397067, 39.9183566], [116.3901483, 39.9088251]]]}, "properties": {"name": "故宫博物院", "grade": NaN, "amap_name": NaN, "district": NaN, "disposition": "CONSTRUCTED", "source": "POI-HULL(34 facilities)", "conf": 0.7, "radius_m": 400, "status": "KNOWN_ISSUE", "issue": "approximate boundary - needs verification"}}, {"type": "Feature", "geometry": {"type": "Polygon", "coordinates": [[[115.66411709548763, 39.971255971185435], [115.66409979303225, 39.97090377161544], [115.66404805229827, 39.97055496391984], [115.66396237157721, 39.97021290730741], [115.66384357602125, 39.96988089597033], [115.66369280969656, 39.969562127359254], [115.66351152456524, 39.969259671390176], [115.66330146650222, 39.96897644087942], [115.66306465848146, 39.96871516349163], [115.66280338109367, 39.96847835547087], [115.6625201505829, 39.968268297407846], [115.66221769461383, 39.96808701227653], [115.66189892600276, 39.96793624595183], [115.66156691466568, 39.967817450395884], [115.66122485805326, 39.96773176967482], [115.66087605035764, 39.96768002894083], [115.66052385078765, 39.96766272648547], [115.66017165121767, 39.96768002894083], [115.65982284352205, 39.96773176967482], [115.65948078690963, 39.967817450395884], [115.65914877557255, 39.96793624595183], [115.65883000696148, 39.96808701227653], [115.6585275509924, 39.968268297407846], [115.65824432048164, 39.96847835547087], [115.65798304309385, 39.96871516349163], [115.65774623507309, 39.96897644087942], [115.65753617701007, 39.969259671390176], [115.65735489187875, 39.969562127359254], [115.65720412555406, 39.96988089597033], [115.6570853299981, 39.97021290730741], [115.65699964927704, 39.97055496391984], [115.65694790854306, 39.97090377161544], [115.65693060608768, 39.971255971185435], [115.65694790854306, 39.97160817075543], [115.65699964927704, 39.97195697845103], [115.6570853299981, 39.97229903506346], [115.65720412555406, 39.972631046400544], [115.65735489187875, 39.97294981501162], [115.65753617701007, 39.973252270980694], [115.65774623507309, 39.97353550149145], [115.65798304309385, 39.97379677887924], [115.65824432048164, 39.9740335869], [115.6585275509924, 39.974243644963025], [115.65883000696148, 39.974424930094344], [115.65914877557255, 39.97457569641904], [115.65948078690963, 39.97469449197499], [115.65982284352205, 39.97478017269605], [115.66017165121767, 39.97483191343004], [115.66052385078765, 39.9748492158854], [115.66087605035764, 39.97483191343004], [115.66122485805326, 39.97478017269605], [115.66156691466568, 39.97469449197499], [115.66189892600276, 39.97457569641904], [115.66221769461383, 39.974424930094344], [115.6625201505829, 39.974243644963025], [115.66280338109367, 39.9740335869], [115.66306465848146, 39.97379677887924], [115.66330146650222, 39.97353550149145], [115.66351152456524, 39.973252270980694], [115.66369280969656, 39.97294981501162], [115.66384357602125, 39.972631046400544], [115.66396237157721, 39.97229903506346], [115.66404805229827, 39.97195697845103], [115.66409979303225, 39.97160817075543], [115.66411709548763, 39.971255971185435]]]}, "properties": {"name": "爨柏景区", "grade": NaN, "amap_name": NaN, "district": "门头沟", "disposition": "CONSTRUCTED", "source": "buffer 400.0m", "conf": 0.4, "radius_m": 400, "status": "KNOWN_ISSUE", "issue": "approximate boundary - needs verification"}}, {"type": "Feature", "geometry": {"type": "Polygon", "coordinates": [[[115.60226790806844, 39.833424678134755], [115.60225060561307, 39.83307247856476], [115.60219886487909, 39.83272367086916], [115.60211318415803, 39.83238161425673], [115.60199438860207, 39.832049602919646], [115.60184362227737, 39.83173083430857], [115.60166233714605, 39.831428378339496], [115.60145227908303, 39.83114514782874], [115.60121547106228, 39.83088387044095], [115.60095419367448, 39.83064706242019], [115.60067096316372, 39.830437004357165], [115.60036850719464, 39.830255719225846], [115.60004973858358, 39.83010495290115], [115.5997177272465, 39.8299861573452], [115.59937567063407, 39.82990047662414], [115.59902686293846, 39.82984873589015], [115.59867466336847, 39.82983143343479], [115.59832246379848, 39.82984873589015], [115.59797365610287, 39.82990047662414], [115.59763159949044, 39.8299861573452], [115.59729958815336, 39.83010495290115], [115.5969808195423, 39.830255719225846], [115.59667836357322, 39.830437004357165], [115.59639513306246, 39.83064706242019], [115.59613385567467, 39.83088387044095], [115.5958970476539, 39.83114514782874], [115.59568698959089, 39.831428378339496], [115.59550570445957, 39.83173083430857], [115.59535493813488, 39.832049602919646], [115.59523614257891, 39.83238161425673], [115.59515046185786, 39.83272367086916], [115.59509872112388, 39.83307247856476], [115.5950814186685, 39.833424678134755], [115.59509872112388, 39.83377687770475], [115.59515046185786, 39.83412568540035], [115.59523614257891, 39.83446774201278], [115.59535493813488, 39.83479975334986], [115.59550570445957, 39.835118521960936], [115.59568698959089, 39.83542097793001], [115.5958970476539, 39.83570420844077], [115.59613385567467, 39.83596548582856], [115.59639513306246, 39.83620229384932], [115.59667836357322, 39.836412351912344], [115.5969808195423, 39.83659363704366], [115.59729958815336, 39.83674440336836], [115.59763159949044, 39.836863198924306], [115.59797365610287, 39.83694887964537], [115.59832246379848, 39.83700062037936], [115.59867466336847, 39.83701792283472], [115.59902686293846, 39.83700062037936], [115.59937567063407, 39.83694887964537], [115.5997177272465, 39.836863198924306], [115.60004973858358, 39.83674440336836], [115.60036850719464, 39.83659363704366], [115.60067096316372, 39.836412351912344], [115.60095419367448, 39.83620229384932], [115.60121547106228, 39.83596548582856], [115.60145227908303, 39.83570420844077], [115.60166233714605, 39.83542097793001], [115.60184362227737, 39.835118521960936], [115.60199438860207, 39.83479975334986], [115.60211318415803, 39.83446774201278], [115.60219886487909, 39.83412568540035], [115.60225060561307, 39.83377687770475], [115.60226790806844, 39.833424678134755]]]}, "properties": {"name": "百花山自然风景区", "grade": NaN, "amap_name": NaN, "district": "门头沟", "disposition": "CONSTRUCTED", "source": "buffer 400.0m", "conf": 0.4, "radius_m": 400, "status": "KNOWN_ISSUE", "issue": "approximate boundary - needs verification"}}, {"type": "Feature", "geometry": {"type": "Polygon", "coordinates": [[[113.12024156740439, 34.6863940643212], [113.12022426494902, 34.6860418647512], [113.12017252421504, 34.6856930570556], [113.12008684349398, 34.68535100044318], [113.11996804793802, 34.68501898910609], [113.11981728161332, 34.68470022049502], [113.119635996482, 34.68439776452594], [113.11942593841898, 34.68411453401519], [113.11918913039823, 34.683853256627394], [113.11892785301043, 34.683616448606635], [113.11864462249967, 34.68340639054361], [113.1183421665306, 34.68322510541229], [113.11802339791953, 34.6830743390876], [113.11769138658245, 34.68295554353165], [113.11734932997003, 34.682869862810584], [113.11700052227441, 34.6828181220766], [113.11664832270442, 34.682800819621235], [113.11629612313443, 34.6828181220766], [113.11594731543882, 34.682869862810584], [113.11560525882639, 34.68295554353165], [113.11527324748931, 34.6830743390876], [113.11495447887825, 34.68322510541229], [113.11465202290917, 34.68340639054361], [113.11436879239841, 34.683616448606635], [113.11410751501062, 34.683853256627394], [113.11387070698986, 34.68411453401519], [113.11366064892684, 34.68439776452594], [113.11347936379552, 34.68470022049502], [113.11332859747083, 34.68501898910609], [113.11320980191486, 34.68535100044318], [113.1131241211938, 34.6856930570556], [113.11307238045983, 34.6860418647512], [113.11305507800445, 34.6863940643212], [113.11307238045983, 34.686746263891195], [113.1131241211938, 34.687095071586796], [113.11320980191486, 34.68743712819922], [113.11332859747083, 34.68776913953631], [113.11347936379552, 34.68808790814738], [113.11366064892684, 34.68839036411646], [113.11387070698986, 34.68867359462721], [113.11410751501062, 34.688934872015004], [113.11436879239841, 34.68917168003576], [113.11465202290917, 34.68938173809879], [113.11495447887825, 34.68956302323011], [113.11527324748931, 34.6897137895548], [113.11560525882639, 34.68983258511075], [113.11594731543882, 34.689918265831814], [113.11629612313443, 34.6899700065658], [113.11664832270442, 34.68998730902116], [113.11700052227441, 34.6899700065658], [113.11734932997003, 34.689918265831814], [113.11769138658245, 34.68983258511075], [113.11802339791953, 34.6897137895548], [113.1183421665306, 34.68956302323011], [113.11864462249967, 34.68938173809879], [113.11892785301043, 34.68917168003576], [113.11918913039823, 34.688934872015004], [113.11942593841898, 34.68867359462721], [113.119635996482, 34.68839036411646], [113.11981728161332, 34.68808790814738], [113.11996804793802, 34.68776913953631], [113.12008684349398, 34.68743712819922], [113.12017252421504, 34.687095071586796], [113.12022426494902, 34.686746263891195], [113.12024156740439, 34.6863940643212]]]}, "properties": {"name": "长寿山景区", "grade": NaN, "amap_name": NaN, "district": "平谷", "disposition": "CONSTRUCTED", "source": "buffer 400.0m", "conf": 0.4, "radius_m": 400, "status": "KNOWN_ISSUE", "issue": "approximate boundary - needs verification"}}]}