primary,grade,disposition,wkt,radius_m
上方山景区,3A,CONSTRUCTED,"POLYGON ((115.81971911174992 39.681087, 115.81967585561151 39.68020650107501, 115.81954650377654 39.679334481836, 115.81933230197389 39.67847934030493, 115.81903531308402 39.67764931196222, 115.81865839727227 39.67685239043455, 115.81820518444397 39.67609625051186, 115.81768003928642 39.67538817423496, 115.81708801923452 39.67473498076548, 115.81643482576504 39.67414296071359, 115.81572674948815 39.67361781555603, 115.81497060956546 39.67316460272774, 115.81417368803778 39.672787686915996, 115.81334365969506 39.67249069802612, 115.812488518164 39.67227649622347, 115.81161649892499 39.6721471443885, 115.810736 39.672103888250085, 115.80985550107502 39.6721471443885, 115.80898348183601 39.67227649622347, 115.80812834030495 39.67249069802612, 115.80729831196223 39.672787686915996, 115.80650139043455 39.67316460272774, 115.80574525051186 39.67361781555603, 115.80503717423497 39.67414296071359, 115.8043839807655 39.67473498076548, 115.8037919607136 39.67538817423496, 115.80326681555604 39.67609625051186, 115.80281360272774 39.67685239043455, 115.802436686916 39.67764931196222, 115.80213969802612 39.67847934030493, 115.80192549622348 39.679334481836, 115.8017961443885 39.68020650107501, 115.80175288825009 39.681087, 115.8017961443885 39.68196749892498, 115.80192549622348 39.682839518163995, 115.80213969802612 39.683694659695064, 115.802436686916 39.684524688037776, 115.80281360272774 39.68532160956545, 115.80326681555604 39.686077749488135, 115.8037919607136 39.686785825765035, 115.8043839807655 39.68743901923452, 115.80503717423497 39.68803103928641, 115.80574525051186 39.68855618444397, 115.80650139043455 39.68900939727226, 115.80729831196223 39.689386313084, 115.80812834030495 39.68968330197388, 115.80898348183601 39.68989750377653, 115.80985550107502 39.6900268556115, 115.810736 39.69007011174991, 115.81161649892499 39.6900268556115, 115.812488518164 39.68989750377653, 115.81334365969506 39.68968330197388, 115.81417368803778 39.689386313084, 115.81497060956546 39.68900939727226, 115.81572674948815 39.68855618444397, 115.81643482576504 39.68803103928641, 115.81708801923452 39.68743901923452, 115.81768003928642 39.686785825765035, 115.81820518444397 39.686077749488135, 115.81865839727227 39.68532160956545, 115.81903531308402 39.684524688037776, 115.81933230197389 39.683694659695064, 115.81954650377654 39.682839518163995, 115.81967585561151 39.68196749892498, 115.81971911174992 39.681087))",1000.0
丰台区中国园林博物馆景区,4A,CONSTRUCTED,"POLYGON ((116.17275062234998 39.877697, 116.17274197112229 39.877520900215, 116.1727161007553 39.877346496367196, 116.17267326039477 39.87717546806098, 116.1726138626168 39.877009462392444, 116.17253847945445 39.87685007808691, 116.1724478368888 39.87669885010237, 116.17234280785728 39.87655723484699, 116.1722244038469 39.876426596153095, 116.17209376515301 39.876308192142716, 116.17195214989762 39.87620316311121, 116.17180092191309 39.87611252054555, 116.17164153760756 39.8760371373832, 116.17147553193901 39.87597773960522, 116.1713045036328 39.87593489924469, 116.17113009978499 39.8759090288777, 116.170954 39.87590037765001, 116.170777900215 39.8759090288777, 116.17060349636719 39.87593489924469, 116.17043246806098 39.87597773960522, 116.17026646239243 39.8760371373832, 116.1701070780869 39.87611252054555, 116.16995585010237 39.87620316311121, 116.16981423484698 39.876308192142716, 116.16968359615309 39.876426596153095, 116.16956519214271 39.87655723484699, 116.1694601631112 39.87669885010237, 116.16936952054554 39.87685007808691, 116.16929413738319 39.877009462392444, 116.16923473960522 39.87717546806098, 116.1691918992447 39.877346496367196, 116.1691660288777 39.877520900215, 116.16915737765001 39.877697, 116.1691660288777 39.87787309978499, 116.1691918992447 39.8780475036328, 116.16923473960522 39.87821853193901, 116.16929413738319 39.87838453760755, 116.16936952054554 39.878543921913085, 116.1694601631112 39.878695149897624, 116.16956519214271 39.878836765153004, 116.16968359615309 39.8789674038469, 116.16981423484698 39.87908580785728, 116.16995585010237 39.87919083688879, 116.1701070780869 39.87928147945445, 116.17026646239243 39.879356862616795, 116.17043246806098 39.87941626039478, 116.17060349636719 39.879459100755305, 116.170777900215 39.879484971122295, 116.170954 39.87949362234998, 116.17113009978499 39.879484971122295, 116.1713045036328 39.879459100755305, 116.17147553193901 39.87941626039478, 116.17164153760756 39.879356862616795, 116.17180092191309 39.87928147945445, 116.17195214989762 39.87919083688879, 116.17209376515301 39.87908580785728, 116.1722244038469 39.8789674038469, 116.17234280785728 39.878836765153004, 116.1724478368888 39.878695149897624, 116.17253847945445 39.878543921913085, 116.1726138626168 39.87838453760755, 116.17267326039477 39.87821853193901, 116.1727161007553 39.8780475036328, 116.17274197112229 39.87787309978499, 116.17275062234998 39.877697))",200.0
丰台区北宫森林公园景区,4A,NOT_FOUND,,
乐多港假日广场景区,4A,CONSTRUCTED,"POLYGON ((116.18743324469997 40.231623, 116.1874159422446 40.23127080043, 116.18736420151062 40.2309219927344, 116.18727852078956 40.23057993612198, 116.1871597252336 40.23024792478489, 116.1870089589089 40.22992915617382, 116.18682767377759 40.22962670020474, 116.18661761571457 40.22934346969399, 116.18638080769381 40.229082192306194, 116.18611953030602 40.228845384285435, 116.18583629979526 40.22863532622241, 116.18553384382618 40.22845404109109, 116.18521507521511 40.2283032747664, 116.18488306387803 40.22818447921045, 116.18454100726561 40.228098798489384, 116.18419219956999 40.2280470577554, 116.18384 40.228029755300035, 116.18348780043002 40.2280470577554, 116.1831389927344 40.228098798489384, 116.18279693612197 40.22818447921045, 116.1824649247849 40.2283032747664, 116.18214615617383 40.22845404109109, 116.18184370020475 40.22863532622241, 116.18156046969399 40.228845384285435, 116.1812991923062 40.229082192306194, 116.18106238428544 40.22934346969399, 116.18085232622242 40.22962670020474, 116.1806710410911 40.22992915617382, 116.18052027476641 40.23024792478489, 116.18040147921045 40.23057993612198, 116.18031579848939 40.2309219927344, 116.18026405775541 40.23127080043, 116.18024675530003 40.231623, 116.18026405775541 40.231975199569995, 116.18031579848939 40.232324007265596, 116.18040147921045 40.23266606387802, 116.18052027476641 40.23299807521511, 116.1806710410911 40.23331684382618, 116.18085232622242 40.23361929979526, 116.18106238428544 40.23390253030601, 116.1812991923062 40.234163807693804, 116.18156046969399 40.23440061571456, 116.18184370020475 40.23461067377759, 116.18214615617383 40.23479195890891, 116.1824649247849 40.2349427252336, 116.18279693612197 40.23506152078955, 116.1831389927344 40.235147201510614, 116.18348780043002 40.2351989422446, 116.18384 40.23521624469996, 116.18419219956999 40.2351989422446, 116.18454100726561 40.235147201510614, 116.18488306387803 40.23506152078955, 116.18521507521511 40.2349427252336, 116.18553384382618 40.23479195890891, 116.18583629979526 40.23461067377759, 116.18611953030602 40.23440061571456, 116.18638080769381 40.234163807693804, 116.18661761571457 40.23390253030601, 116.18682767377759 40.23361929979526, 116.1870089589089 40.23331684382618, 116.1871597252336 40.23299807521511, 116.18727852078956 40.23266606387802, 116.18736420151062 40.232324007265596, 116.1874159422446 40.231975199569995, 116.18743324469997 40.231623))",400.0
云梦仙境景区,3A,CONSTRUCTED,"POLYGON ((116.69186924469997 40.614259, 116.6918519422446 40.61390680043, 116.69180020151062 40.6135579927344, 116.69171452078956 40.613215936121975, 116.6915957252336 40.61288392478489, 116.6914449589089 40.612565156173815, 116.69126367377758 40.61226270020474, 116.69105361571457 40.611979469693985, 116.6908168076938 40.61171819230619, 116.69055553030601 40.61148138428543, 116.69027229979525 40.61127132622241, 116.68996984382618 40.61109004109109, 116.68965107521511 40.610939274766395, 116.68931906387803 40.610820479210446, 116.6889770072656 40.61073479848938, 116.68862819956999 40.610683057755395, 116.688276 40.61066575530003, 116.68792380043001 40.610683057755395, 116.6875749927344 40.61073479848938, 116.68723293612197 40.610820479210446, 116.6869009247849 40.610939274766395, 116.68658215617383 40.61109004109109, 116.68627970020475 40.61127132622241, 116.68599646969399 40.61148138428543, 116.6857351923062 40.61171819230619, 116.68549838428544 40.611979469693985, 116.68528832622242 40.61226270020474, 116.6851070410911 40.612565156173815, 116.6849562747664 40.61288392478489, 116.68483747921044 40.613215936121975, 116.68475179848939 40.6135579927344, 116.6847000577554 40.61390680043, 116.68468275530003 40.614259, 116.6847000577554 40.61461119956999, 116.68475179848939 40.614960007265594, 116.68483747921044 40.61530206387802, 116.6849562747664 40.615634075215105, 116.6851070410911 40.61595284382618, 116.68528832622242 40.616255299795256, 116.68549838428544 40.61653853030601, 116.6857351923062 40.6167998076938, 116.68599646969399 40.61703661571456, 116.68627970020475 40.617246673777586, 116.68658215617383 40.617427958908905, 116.6869009247849 40.6175787252336, 116.68723293612197 40.61769752078955, 116.6875749927344 40.61778320151061, 116.68792380043001 40.6178349422446, 116.688276 40.61785224469996, 116.68862819956999 40.6178349422446, 116.6889770072656 40.61778320151061, 116.68931906387803 40.61769752078955, 116.68965107521511 40.6175787252336, 116.68996984382618 40.617427958908905, 116.69027229979525 40.617246673777586, 116.69055553030601 40.61703661571456, 116.6908168076938 40.6167998076938, 116.69105361571457 40.61653853030601, 116.69126367377758 40.616255299795256, 116.6914449589089 40.61595284382618, 116.6915957252336 40.615634075215105, 116.69171452078956 40.61530206387802, 116.69180020151062 40.614960007265594, 116.6918519422446 40.61461119956999, 116.69186924469997 40.614259))",400.0
京都第一瀑景区,2A,CONSTRUCTED,"POLYGON ((116.78827811174992 40.591561, 116.7882348556115 40.59068050107501, 116.78810550377653 40.589808481836, 116.78789130197389 40.58895334030493, 116.78759431308401 40.58812331196222, 116.78721739727227 40.58732639043455, 116.78676418444397 40.58657025051186, 116.78623903928641 40.58586217423496, 116.78564701923452 40.58520898076548, 116.78499382576504 40.58461696071359, 116.78428574948815 40.58409181555603, 116.78352960956546 40.58363860272774, 116.78273268803778 40.583261686915996, 116.78190265969506 40.58296469802612, 116.781047518164 40.58275049622347, 116.78017549892499 40.5826211443885, 116.779295 40.582577888250086, 116.77841450107502 40.5826211443885, 116.77754248183601 40.58275049622347, 116.77668734030495 40.58296469802612, 116.77585731196223 40.583261686915996, 116.77506039043455 40.58363860272774, 116.77430425051186 40.58409181555603, 116.77359617423497 40.58461696071359, 116.77294298076549 40.58520898076548, 116.7723509607136 40.58586217423496, 116.77182581555604 40.58657025051186, 116.77137260272774 40.58732639043455, 116.770995686916 40.58812331196222, 116.77069869802612 40.58895334030493, 116.77048449622347 40.589808481836, 116.7703551443885 40.59068050107501, 116.77031188825009 40.591561, 116.7703551443885 40.592441498924984, 116.77048449622347 40.593313518163995, 116.77069869802612 40.594168659695065, 116.770995686916 40.594998688037776, 116.77137260272774 40.59579560956545, 116.77182581555604 40.596551749488135, 116.7723509607136 40.597259825765036, 116.77294298076549 40.59791301923452, 116.77359617423497 40.59850503928641, 116.77430425051186 40.59903018444397, 116.77506039043455 40.59948339727226, 116.77585731196223 40.599860313084, 116.77668734030495 40.60015730197388, 116.77754248183601 40.60037150377653, 116.77841450107502 40.6005008556115, 116.779295 40.60054411174991, 116.78017549892499 40.6005008556115, 116.781047518164 40.60037150377653, 116.78190265969506 40.60015730197388, 116.78273268803778 40.599860313084, 116.78352960956546 40.59948339727226, 116.78428574948815 40.59903018444397, 116.78499382576504 40.59850503928641, 116.78564701923452 40.59791301923452, 116.78623903928641 40.597259825765036, 116.78676418444397 40.596551749488135, 116.78721739727227 40.59579560956545, 116.78759431308401 40.594998688037776, 116.78789130197389 40.594168659695065, 116.78810550377653 40.593313518163995, 116.7882348556115 40.592441498924984, 116.78827811174992 40.591561))",1000.0
仙居谷风景区,4A,CONSTRUCTED,"POLYGON ((117.24045311174991 40.587461, 117.2404098556115 40.58658050107501, 117.24028050377653 40.585708481836, 117.24006630197388 40.58485334030493, 117.23976931308401 40.58402331196222, 117.23939239727227 40.58322639043455, 117.23893918444396 40.58247025051186, 117.23841403928641 40.58176217423496, 117.23782201923451 40.58110898076548, 117.23716882576504 40.58051696071359, 117.23646074948815 40.57999181555603, 117.23570460956546 40.57953860272774, 117.23490768803778 40.579161686915995, 117.23407765969506 40.578864698026116, 117.233222518164 40.57865049622347, 117.23235049892499 40.578521144388496, 117.23147 40.578477888250085, 117.23058950107502 40.578521144388496, 117.229717481836 40.57865049622347, 117.22886234030494 40.578864698026116, 117.22803231196222 40.579161686915995, 117.22723539043454 40.57953860272774, 117.22647925051186 40.57999181555603, 117.22577117423496 40.58051696071359, 117.22511798076549 40.58110898076548, 117.22452596071359 40.58176217423496, 117.22400081555604 40.58247025051186, 117.22354760272773 40.58322639043455, 117.22317068691599 40.58402331196222, 117.22287369802612 40.58485334030493, 117.22265949622347 40.585708481836, 117.2225301443885 40.58658050107501, 117.22248688825009 40.587461, 117.2225301443885 40.58834149892498, 117.22265949622347 40.589213518163994, 117.22287369802612 40.59006865969506, 117.22317068691599 40.590898688037775, 117.22354760272773 40.59169560956545, 117.22400081555604 40.592451749488134, 117.22452596071359 40.593159825765035, 117.22511798076549 40.59381301923452, 117.22577117423496 40.59440503928641, 117.22647925051186 40.59493018444397, 117.22723539043454 40.59538339727226, 117.22803231196222 40.595760313084, 117.22886234030494 40.59605730197388, 117.229717481836 40.59627150377653, 117.23058950107502 40.5964008556115, 117.23147 40.59644411174991, 117.23235049892499 40.5964008556115, 117.233222518164 40.59627150377653, 117.23407765969506 40.59605730197388, 117.23490768803778 40.595760313084, 117.23570460956546 40.59538339727226, 117.23646074948815 40.59493018444397, 117.23716882576504 40.59440503928641, 117.23782201923451 40.59381301923452, 117.23841403928641 40.593159825765035, 117.23893918444396 40.592451749488134, 117.23939239727227 40.59169560956545, 117.23976931308401 40.590898688037775, 117.24006630197388 40.59006865969506, 117.24028050377653 40.589213518163994, 117.2404098556115 40.58834149892498, 117.24045311174991 40.587461))",1000.0
仙栖洞景区,3A,CONSTRUCTED,"POLYGON ((115.74833486704995 39.658273, 115.74830891336691 39.65774470064501, 115.74823130226592 39.6572214891016, 115.74810278118433 39.656708404182965, 115.7479245878504 39.65621038717734, 115.74769843836336 39.65573223426073, 115.74742651066639 39.655278550307116, 115.74711142357185 39.65485370454098, 115.74675621154071 39.654461788459294, 115.74636429545903 39.654106576428156, 115.74593944969288 39.65379148933362, 115.74548576573928 39.65351956163664, 115.74500761282268 39.6532934121496, 115.74450959581705 39.65311521881567, 115.7439965108984 39.652986697734086, 115.743473299355 39.6529090866331, 115.742945 39.65288313295005, 115.74241670064501 39.6529090866331, 115.74189348910161 39.652986697734086, 115.74138040418296 39.65311521881567, 115.74088238717734 39.6532934121496, 115.74040423426074 39.65351956163664, 115.73995055030713 39.65379148933362, 115.73952570454098 39.654106576428156, 115.7391337884593 39.654461788459294, 115.73877857642816 39.65485370454098, 115.73846348933363 39.655278550307116, 115.73819156163665 39.65573223426073, 115.7379654121496 39.65621038717734, 115.73778721881568 39.656708404182965, 115.73765869773409 39.6572214891016, 115.7375810866331 39.65774470064501, 115.73755513295006 39.658273, 115.7375810866331 39.65880129935499, 115.73765869773409 39.6593245108984, 115.73778721881568 39.65983759581704, 115.7379654121496 39.660335612822664, 115.73819156163665 39.66081376573927, 115.73846348933363 39.661267449692886, 115.73877857642816 39.66169229545902, 115.7391337884593 39.66208421154071, 115.73952570454098 39.66243942357185, 115.73995055030713 39.66275451066638, 115.74040423426074 39.66302643836336, 115.74088238717734 39.6632525878504, 115.74138040418296 39.66343078118433, 115.74189348910161 39.66355930226592, 115.74241670064501 39.6636369133669, 115.742945 39.66366286704995, 115.743473299355 39.6636369133669, 115.7439965108984 39.66355930226592, 115.74450959581705 39.66343078118433, 115.74500761282268 39.6632525878504, 115.74548576573928 39.66302643836336, 115.74593944969288 39.66275451066638, 115.74636429545903 39.66243942357185, 115.74675621154071 39.66208421154071, 115.74711142357185 39.66169229545902, 115.74742651066639 39.661267449692886, 115.74769843836336 39.66081376573927, 115.7479245878504 39.660335612822664, 115.74810278118433 39.65983759581704, 115.74823130226592 39.6593245108984, 115.74830891336691 39.65880129935499, 115.74833486704995 39.658273))",600.0
八大处公园,4A,CONSTRUCTED,"POLYGON ((116.18270055587494 39.961392, 116.18267892780574 39.960951750537504, 116.18261425188825 39.960515740918, 116.18250715098694 39.96008817015247, 116.182358656542 39.95967315598111, 116.18217019863613 39.95927469521727, 116.18194359222198 39.958896625255925, 116.1816810196432 39.95854258711748, 116.18138500961726 39.95821599038274, 116.1810584128825 39.95791998035679, 116.18070437474407 39.957657407778015, 116.18032630478272 39.95743080136386, 116.17992784401888 39.95724234345799, 116.17951282984752 39.957093849013056, 116.179085259082 39.95698674811173, 116.1786492494625 39.956922072194246, 116.178209 39.95690044412504, 116.1777687505375 39.956922072194246, 116.17733274091799 39.95698674811173, 116.17690517015247 39.957093849013056, 116.17649015598111 39.95724234345799, 116.17609169521727 39.95743080136386, 116.17571362525592 39.957657407778015, 116.17535958711748 39.95791998035679, 116.17503299038273 39.95821599038274, 116.1747369803568 39.95854258711748, 116.174474407778 39.958896625255925, 116.17424780136386 39.95927469521727, 116.174059343458 39.95967315598111, 116.17391084901305 39.96008817015247, 116.17380374811174 39.960515740918, 116.17373907219425 39.960951750537504, 116.17371744412505 39.961392, 116.17373907219425 39.96183224946249, 116.17380374811174 39.962268259081995, 116.17391084901305 39.962695829847526, 116.174059343458 39.963110844018885, 116.17424780136386 39.963509304782725, 116.174474407778 39.96388737474407, 116.1747369803568 39.964241412882515, 116.17503299038273 39.96456800961725, 116.17535958711748 39.9648640196432, 116.17571362525592 39.96512659222198, 116.17609169521727 39.96535319863613, 116.17649015598111 39.965541656542, 116.17690517015247 39.96569015098694, 116.17733274091799 39.96579725188826, 116.1777687505375 39.96586192780575, 116.178209 39.96588355587495, 116.1786492494625 39.96586192780575, 116.179085259082 39.96579725188826, 116.17951282984752 39.96569015098694, 116.17992784401888 39.965541656542, 116.18032630478272 39.96535319863613, 116.18070437474407 39.96512659222198, 116.1810584128825 39.9648640196432, 116.18138500961726 39.96456800961725, 116.1816810196432 39.964241412882515, 116.18194359222198 39.96388737474407, 116.18217019863613 39.963509304782725, 116.182358656542 39.963110844018885, 116.18250715098694 39.962695829847526, 116.18261425188825 39.962268259081995, 116.18267892780574 39.96183224946249, 116.18270055587494 39.961392))",500.0
八奇洞景区,4A,CONSTRUCTED,"POLYGON ((116.02905886704994 39.893253, 116.0290329133669 39.89272470064501, 116.02895530226591 39.8922014891016, 116.02882678118432 39.891688404182965, 116.0286485878504 39.89119038717734, 116.02842243836335 39.89071223426073, 116.02815051066638 39.89025855030712, 116.02783542357184 39.88983370454098, 116.0274802115407 39.889441788459294, 116.02708829545902 39.889086576428156, 116.02666344969288 39.88877148933362, 116.02620976573927 39.88849956163664, 116.02573161282267 39.8882734121496, 116.02523359581704 39.88809521881567, 116.02472051089839 39.887966697734086, 116.024197299355 39.8878890866331, 116.023669 39.88786313295005, 116.023140700645 39.8878890866331, 116.0226174891016 39.887966697734086, 116.02210440418295 39.88809521881567, 116.02160638717733 39.8882734121496, 116.02112823426073 39.88849956163664, 116.02067455030712 39.88877148933362, 116.02024970454097 39.889086576428156, 116.01985778845929 39.889441788459294, 116.01950257642815 39.88983370454098, 116.01918748933362 39.89025855030712, 116.01891556163665 39.89071223426073, 116.0186894121496 39.89119038717734, 116.01851121881568 39.891688404182965, 116.01838269773408 39.8922014891016, 116.01830508663309 39.89272470064501, 116.01827913295006 39.893253, 116.01830508663309 39.89378129935499, 116.01838269773408 39.8943045108984, 116.01851121881568 39.89481759581704, 116.0186894121496 39.895315612822664, 116.01891556163665 39.89579376573927, 116.01918748933362 39.896247449692886, 116.01950257642815 39.89667229545902, 116.01985778845929 39.89706421154071, 116.02024970454097 39.89741942357185, 116.02067455030712 39.89773451066638, 116.02112823426073 39.89800643836336, 116.02160638717733 39.8982325878504, 116.02210440418295 39.89841078118433, 116.0226174891016 39.89853930226592, 116.023140700645 39.8986169133669, 116.023669 39.89864286704995, 116.024197299355 39.8986169133669, 116.02472051089839 39.89853930226592, 116.02523359581704 39.89841078118433, 116.02573161282267 39.8982325878504, 116.02620976573927 39.89800643836336, 116.02666344969288 39.89773451066638, 116.02708829545902 39.89741942357185, 116.0274802115407 39.89706421154071, 116.02783542357184 39.89667229545902, 116.02815051066638 39.896247449692886, 116.02842243836335 39.89579376573927, 116.0286485878504 39.895315612822664, 116.02882678118432 39.89481759581704, 116.02895530226591 39.8943045108984, 116.0290329133669 39.89378129935499, 116.02905886704994 39.893253))",600.0
八达岭古长城景区,3A,CONSTRUCTED,"POLYGON ((115.98489466762486 40.337743, 115.98482978341724 40.336422251612525, 115.98463575566478 40.33511422275401, 115.98431445296082 40.33383151045741, 115.983868969626 40.332586467943344, 115.9833035959084 40.33139108565182, 115.98262377666595 40.330256875767795, 115.9818360589296 40.329194761352454, 115.98094802885177 40.32821497114823, 115.97996823864754 40.327326941070396, 115.9789061242322 40.32653922333405, 115.97777191434817 40.32585940409161, 115.97657653205665 40.325294030373996, 115.97533148954258 40.32484854703918, 115.974048777246 40.32452724433521, 115.97274074838748 40.32433321658275, 115.97142 40.32426833237514, 115.97009925161251 40.32433321658275, 115.96879122275399 40.32452724433521, 115.9675085104574 40.32484854703918, 115.96626346794334 40.325294030373996, 115.96506808565182 40.32585940409161, 115.9639338757678 40.32653922333405, 115.96287176135245 40.327326941070396, 115.96189197114822 40.32821497114823, 115.96100394107039 40.329194761352454, 115.96021622333404 40.330256875767795, 115.9595364040916 40.33139108565182, 115.95897103037399 40.332586467943344, 115.95852554703917 40.33383151045741, 115.9582042443352 40.33511422275401, 115.95801021658275 40.336422251612525, 115.95794533237513 40.337743, 115.95801021658275 40.33906374838748, 115.9582042443352 40.340371777246, 115.95852554703917 40.3416544895426, 115.95897103037399 40.34289953205666, 115.9595364040916 40.34409491434818, 115.96021622333404 40.34522912423221, 115.96100394107039 40.34629123864755, 115.96189197114822 40.34727102885178, 115.96287176135245 40.34815905892961, 115.9639338757678 40.348946776665954, 115.96506808565182 40.3496265959084, 115.96626346794334 40.35019196962601, 115.9675085104574 40.350637452960825, 115.96879122275399 40.3509587556648, 115.97009925161251 40.351152783417255, 115.97142 40.351217667624866, 115.97274074838748 40.351152783417255, 115.974048777246 40.3509587556648, 115.97533148954258 40.350637452960825, 115.97657653205665 40.35019196962601, 115.97777191434817 40.3496265959084, 115.9789061242322 40.348946776665954, 115.97996823864754 40.34815905892961, 115.98094802885177 40.34727102885178, 115.9818360589296 40.34629123864755, 115.98262377666595 40.34522912423221, 115.9833035959084 40.34409491434818, 115.983868969626 40.34289953205666, 115.98431445296082 40.3416544895426, 115.98463575566478 40.340371777246, 115.98482978341724 40.33906374838748, 115.98489466762486 40.337743))",1500.0
前门大街景区,3A,CONSTRUCTED,"POLYGON ((116.40124624469998 39.894749, 116.4012289422446 39.89439680043, 116.40117720151062 39.8940479927344, 116.40109152078956 39.893705936121975, 116.4009727252336 39.89337392478489, 116.4008219589089 39.893055156173816, 116.40064067377759 39.89275270020474, 116.40043061571457 39.892469469693985, 116.40019380769381 39.89220819230619, 116.39993253030602 39.89197138428543, 116.39964929979526 39.89176132622241, 116.39934684382618 39.89158004109109, 116.39902807521511 39.891429274766395, 116.39869606387803 39.891310479210446, 116.39835400726561 39.89122479848938, 116.39800519957 39.891173057755395, 116.397653 39.89115575530003, 116.39730080043002 39.891173057755395, 116.3969519927344 39.89122479848938, 116.39660993612198 39.891310479210446, 116.3962779247849 39.891429274766395, 116.39595915617383 39.89158004109109, 116.39565670020475 39.89176132622241, 116.395373469694 39.89197138428543, 116.3951121923062 39.89220819230619, 116.39487538428544 39.892469469693985, 116.39466532622242 39.89275270020474, 116.3944840410911 39.893055156173816, 116.39433327476641 39.89337392478489, 116.39421447921045 39.893705936121975, 116.39412879848939 39.8940479927344, 116.39407705775541 39.89439680043, 116.39405975530003 39.894749, 116.39407705775541 39.89510119956999, 116.39412879848939 39.895450007265595, 116.39421447921045 39.89579206387802, 116.39433327476641 39.896124075215106, 116.3944840410911 39.89644284382618, 116.39466532622242 39.896745299795256, 116.39487538428544 39.89702853030601, 116.3951121923062 39.8972898076938, 116.395373469694 39.89752661571456, 116.39565670020475 39.89773667377759, 116.39595915617383 39.897917958908906, 116.3962779247849 39.8980687252336, 116.39660993612198 39.89818752078955, 116.3969519927344 39.89827320151061, 116.39730080043002 39.8983249422446, 116.397653 39.89834224469996, 116.39800519957 39.8983249422446, 116.39835400726561 39.89827320151061, 116.39869606387803 39.89818752078955, 116.39902807521511 39.8980687252336, 116.39934684382618 39.897917958908906, 116.39964929979526 39.89773667377759, 116.39993253030602 39.89752661571456, 116.40019380769381 39.8972898076938, 116.40043061571457 39.89702853030601, 116.40064067377759 39.896745299795256, 116.4008219589089 39.89644284382618, 116.4009727252336 39.896124075215106, 116.40109152078956 39.89579206387802, 116.40117720151062 39.895450007265595, 116.4012289422446 39.89510119956999, 116.40124624469998 39.894749))",400.0
北京,5A,CONSTRUCTED,"POLYGON ((116.40473824469997 39.902776, 116.4047209422446 39.90242380043001, 116.40466920151061 39.902074992734406, 116.40458352078956 39.90173293612198, 116.4044647252336 39.901400924784895, 116.4043139589089 39.90108215617382, 116.40413267377758 39.900779700204744, 116.40392261571456 39.90049646969399, 116.4036858076938 39.9002351923062, 116.40342453030601 39.89999838428544, 116.40314129979525 39.899788326222414, 116.40283884382617 39.899607041091095, 116.40252007521511 39.8994562747664, 116.40218806387803 39.89933747921045, 116.4018460072656 39.89925179848939, 116.40149719956999 39.8992000577554, 116.401145 39.89918275530004, 116.40079280043001 39.8992000577554, 116.4004439927344 39.89925179848939, 116.40010193612197 39.89933747921045, 116.39976992478489 39.8994562747664, 116.39945115617382 39.899607041091095, 116.39914870020475 39.899788326222414, 116.39886546969399 39.89999838428544, 116.3986041923062 39.9002351923062, 116.39836738428544 39.90049646969399, 116.39815732622242 39.900779700204744, 116.3979760410911 39.90108215617382, 116.3978252747664 39.901400924784895, 116.39770647921044 39.90173293612198, 116.39762079848938 39.902074992734406, 116.3975690577554 39.90242380043001, 116.39755175530003 39.902776, 116.3975690577554 39.90312819957, 116.39762079848938 39.9034770072656, 116.39770647921044 39.903819063878025, 116.3978252747664 39.90415107521511, 116.3979760410911 39.904469843826185, 116.39815732622242 39.90477229979526, 116.39836738428544 39.905055530306015, 116.3986041923062 39.90531680769381, 116.39886546969399 39.90555361571457, 116.39914870020475 39.90576367377759, 116.39945115617382 39.90594495890891, 116.39976992478489 39.906095725233605, 116.40010193612197 39.906214520789554, 116.4004439927344 39.90630020151062, 116.40079280043001 39.906351942244605, 116.401145 39.90636924469997, 116.40149719956999 39.906351942244605, 116.4018460072656 39.90630020151062, 116.40218806387803 39.906214520789554, 116.40252007521511 39.906095725233605, 116.40283884382617 39.90594495890891, 116.40314129979525 39.90576367377759, 116.40342453030601 39.90555361571457, 116.4036858076938 39.90531680769381, 116.40392261571456 39.905055530306015, 116.40413267377758 39.90477229979526, 116.4043139589089 39.904469843826185, 116.4044647252336 39.90415107521511, 116.40458352078956 39.903819063878025, 116.40466920151061 39.9034770072656, 116.4047209422446 39.90312819957, 116.40473824469997 39.902776))",400.0
北京丛海逸园景区,2A,CONSTRUCTED,"POLYGON ((117.02307524469997 40.256624, 117.02305794224459 40.25627180043001, 117.02300620151061 40.255922992734405, 117.02292052078955 40.25558093612198, 117.02280172523359 40.255248924784894, 117.0226509589089 40.25493015617382, 117.02246967377758 40.25462770020474, 117.02225961571456 40.25434446969399, 117.0220228076938 40.2540831923062, 117.02176153030601 40.25384638428544, 117.02147829979525 40.25363632622241, 117.02117584382617 40.253455041091094, 117.0208570752151 40.2533042747664, 117.02052506387803 40.25318547921045, 117.0201830072656 40.25309979848939, 117.01983419956998 40.2530480577554, 117.019482 40.25303075530004, 117.01912980043001 40.2530480577554, 117.01878099273439 40.25309979848939, 117.01843893612197 40.25318547921045, 117.01810692478489 40.2533042747664, 117.01778815617382 40.253455041091094, 117.01748570020474 40.25363632622241, 117.01720246969398 40.25384638428544, 117.01694119230619 40.2540831923062, 117.01670438428543 40.25434446969399, 117.01649432622241 40.25462770020474, 117.0163130410911 40.25493015617382, 117.0161622747664 40.255248924784894, 117.01604347921044 40.25558093612198, 117.01595779848938 40.255922992734405, 117.0159060577554 40.25627180043001, 117.01588875530003 40.256624, 117.0159060577554 40.25697619957, 117.01595779848938 40.2573250072656, 117.01604347921044 40.257667063878024, 117.0161622747664 40.25799907521511, 117.0163130410911 40.258317843826184, 117.01649432622241 40.25862029979526, 117.01670438428543 40.258903530306014, 117.01694119230619 40.25916480769381, 117.01720246969398 40.259401615714566, 117.01748570020474 40.25961167377759, 117.01778815617382 40.25979295890891, 117.01810692478489 40.259943725233605, 117.01843893612197 40.26006252078955, 117.01878099273439 40.26014820151062, 117.01912980043001 40.260199942244604, 117.019482 40.260217244699966, 117.01983419956998 40.260199942244604, 117.0201830072656 40.26014820151062, 117.02052506387803 40.26006252078955, 117.0208570752151 40.259943725233605, 117.02117584382617 40.25979295890891, 117.02147829979525 40.25961167377759, 117.02176153030601 40.259401615714566, 117.0220228076938 40.25916480769381, 117.02225961571456 40.258903530306014, 117.02246967377758 40.25862029979526, 117.0226509589089 40.258317843826184, 117.02280172523359 40.25799907521511, 117.02292052078955 40.257667063878024, 117.02300620151061 40.2573250072656, 117.02305794224459 40.25697619957, 117.02307524469997 40.256624))",400.0
北京二锅头酒博物馆景区,3A,CONSTRUCTED,"POLYGON ((116.66104762234998 40.32515, 116.6610389711223 40.32497390021501, 116.6610131007553 40.3247994963672, 116.66097026039478 40.324628468060986, 116.6609108626168 40.32446246239245, 116.66083547945445 40.32430307808691, 116.6607448368888 40.324151850102375, 116.66063980785728 40.324010234846995, 116.6605214038469 40.3238795961531, 116.66039076515301 40.32376119214272, 116.66024914989762 40.32365616311121, 116.66009792191309 40.32356552054555, 116.65993853760756 40.3234901373832, 116.65977253193901 40.32343073960522, 116.6596015036328 40.32338789924469, 116.65942709978499 40.3233620288777, 116.659251 40.323353377650015, 116.659074900215 40.3233620288777, 116.6589004963672 40.32338789924469, 116.65872946806098 40.32343073960522, 116.65856346239244 40.3234901373832, 116.6584040780869 40.32356552054555, 116.65825285010237 40.32365616311121, 116.65811123484698 40.32376119214272, 116.6579805961531 40.3238795961531, 116.65786219214272 40.324010234846995, 116.6577571631112 40.324151850102375, 116.65766652054555 40.32430307808691, 116.65759113738319 40.32446246239245, 116.65753173960522 40.324628468060986, 116.6574888992447 40.3247994963672, 116.6574630288777 40.32497390021501, 116.65745437765001 40.32515, 116.6574630288777 40.325326099784995, 116.6574888992447 40.3255005036328, 116.65753173960522 40.325671531939015, 116.65759113738319 40.325837537607555, 116.65766652054555 40.32599692191309, 116.6577571631112 40.32614814989763, 116.65786219214272 40.32628976515301, 116.6579805961531 40.3264204038469, 116.65811123484698 40.32653880785728, 116.65825285010237 40.32664383688879, 116.6584040780869 40.32673447945445, 116.65856346239244 40.3268098626168, 116.65872946806098 40.32686926039478, 116.6589004963672 40.32691210075531, 116.659074900215 40.3269379711223, 116.659251 40.326946622349986, 116.65942709978499 40.3269379711223, 116.6596015036328 40.32691210075531, 116.65977253193901 40.32686926039478, 116.65993853760756 40.3268098626168, 116.66009792191309 40.32673447945445, 116.66024914989762 40.32664383688879, 116.66039076515301 40.32653880785728, 116.6605214038469 40.3264204038469, 116.66063980785728 40.32628976515301, 116.6607448368888 40.32614814989763, 116.66083547945445 40.32599692191309, 116.6609108626168 40.325837537607555, 116.66097026039478 40.325671531939015, 116.6610131007553 40.3255005036328, 116.6610389711223 40.325326099784995, 116.66104762234998 40.32515))",200.0
北京云峰山景区,3A,CONSTRUCTED,"POLYGON ((116.9572421117499 40.585974, 116.9571988556115 40.585093501075015, 116.95706950377652 40.584221481836, 116.95685530197387 40.583366340304934, 116.956558313084 40.58253631196222, 116.95618139727226 40.58173939043455, 116.95572818444396 40.58098325051186, 116.9552030392864 40.58027517423496, 116.9546110192345 40.57962198076548, 116.95395782576503 40.57902996071359, 116.95324974948814 40.57850481555603, 116.95249360956545 40.57805160272774, 116.95169668803777 40.577674686916, 116.95086665969505 40.57737769802612, 116.95001151816399 40.57716349622347, 116.94913949892498 40.5770341443885, 116.948259 40.57699088825009, 116.94737850107501 40.5770341443885, 116.946506481836 40.57716349622347, 116.94565134030493 40.57737769802612, 116.94482131196222 40.577674686916, 116.94402439043454 40.57805160272774, 116.94326825051185 40.57850481555603, 116.94256017423496 40.57902996071359, 116.94190698076548 40.57962198076548, 116.94131496071358 40.58027517423496, 116.94078981555603 40.58098325051186, 116.94033660272773 40.58173939043455, 116.93995968691598 40.58253631196222, 116.93966269802611 40.583366340304934, 116.93944849622346 40.584221481836, 116.93931914438849 40.585093501075015, 116.93927588825008 40.585974, 116.93931914438849 40.586854498924986, 116.93944849622346 40.587726518164, 116.93966269802611 40.588581659695066, 116.93995968691598 40.58941168803778, 116.94033660272773 40.59020860956545, 116.94078981555603 40.59096474948814, 116.94131496071358 40.59167282576504, 116.94190698076548 40.59232601923452, 116.94256017423496 40.59291803928641, 116.94326825051185 40.59344318444397, 116.94402439043454 40.59389639727226, 116.94482131196222 40.594273313084, 116.94565134030493 40.59457030197388, 116.946506481836 40.59478450377653, 116.94737850107501 40.5949138556115, 116.948259 40.59495711174991, 116.94913949892498 40.5949138556115, 116.95001151816399 40.59478450377653, 116.95086665969505 40.59457030197388, 116.95169668803777 40.594273313084, 116.95249360956545 40.59389639727226, 116.95324974948814 40.59344318444397, 116.95395782576503 40.59291803928641, 116.9546110192345 40.59232601923452, 116.9552030392864 40.59167282576504, 116.95572818444396 40.59096474948814, 116.95618139727226 40.59020860956545, 116.956558313084 40.58941168803778, 116.95685530197387 40.588581659695066, 116.95706950377652 40.587726518164, 116.9571988556115 40.586854498924986, 116.9572421117499 40.585974))",1000.0
北京京西古道景区,3A,CONSTRUCTED,"POLYGON ((116.04699724469997 39.964807, 116.04697994224459 39.964454800430005, 116.04692820151061 39.9641059927344, 116.04684252078955 39.96376393612198, 116.04672372523359 39.96343192478489, 116.0465729589089 39.96311315617382, 116.04639167377758 39.96281070020474, 116.04618161571456 39.96252746969399, 116.0459448076938 39.962266192306195, 116.04568353030601 39.96202938428544, 116.04540029979525 39.96181932622241, 116.04509784382617 39.96163804109109, 116.0447790752151 39.9614872747664, 116.04444706387802 39.96136847921045, 116.0441050072656 39.961282798489385, 116.04375619956998 39.9612310577554, 116.043404 39.96121375530004, 116.04305180043 39.9612310577554, 116.04270299273439 39.961282798489385, 116.04236093612197 39.96136847921045, 116.04202892478489 39.9614872747664, 116.04171015617382 39.96163804109109, 116.04140770020474 39.96181932622241, 116.04112446969398 39.96202938428544, 116.04086319230619 39.962266192306195, 116.04062638428543 39.96252746969399, 116.04041632622241 39.96281070020474, 116.0402350410911 39.96311315617382, 116.0400842747664 39.96343192478489, 116.03996547921044 39.96376393612198, 116.03987979848938 39.9641059927344, 116.0398280577554 39.964454800430005, 116.03981075530002 39.964807, 116.0398280577554 39.965159199569996, 116.03987979848938 39.9655080072656, 116.03996547921044 39.96585006387802, 116.0400842747664 39.96618207521511, 116.0402350410911 39.96650084382618, 116.04041632622241 39.96680329979526, 116.04062638428543 39.96708653030601, 116.04086319230619 39.967347807693805, 116.04112446969398 39.967584615714564, 116.04140770020474 39.96779467377759, 116.04171015617382 39.96797595890891, 116.04202892478489 39.9681267252336, 116.04236093612197 39.96824552078955, 116.04270299273439 39.968331201510615, 116.04305180043 39.9683829422446, 116.043404 39.968400244699964, 116.04375619956998 39.9683829422446, 116.0441050072656 39.968331201510615, 116.04444706387802 39.96824552078955, 116.0447790752151 39.9681267252336, 116.04509784382617 39.96797595890891, 116.04540029979525 39.96779467377759, 116.04568353030601 39.967584615714564, 116.0459448076938 39.967347807693805, 116.04618161571456 39.96708653030601, 116.04639167377758 39.96680329979526, 116.0465729589089 39.96650084382618, 116.04672372523359 39.96618207521511, 116.04684252078955 39.96585006387802, 116.04692820151061 39.9655080072656, 116.04697994224459 39.965159199569996, 116.04699724469997 39.964807))",400.0
北京凤凰岭景区,4A,CONSTRUCTED,"POLYGON ((116.08222324469997 40.105375, 116.0822059422446 40.10502280043001, 116.08215420151062 40.104673992734405, 116.08206852078956 40.10433193612198, 116.0819497252336 40.103999924784894, 116.0817989589089 40.10368115617382, 116.08161767377759 40.10337870020474, 116.08140761571457 40.10309546969399, 116.08117080769381 40.1028341923062, 116.08090953030602 40.10259738428544, 116.08062629979526 40.10238732622241, 116.08032384382618 40.102206041091094, 116.08000507521511 40.1020552747664, 116.07967306387803 40.10193647921045, 116.07933100726561 40.10185079848939, 116.07898219956999 40.1017990577554, 116.07863 40.10178175530004, 116.07827780043002 40.1017990577554, 116.0779289927344 40.10185079848939, 116.07758693612197 40.10193647921045, 116.0772549247849 40.1020552747664, 116.07693615617383 40.102206041091094, 116.07663370020475 40.10238732622241, 116.07635046969399 40.10259738428544, 116.0760891923062 40.1028341923062, 116.07585238428544 40.10309546969399, 116.07564232622242 40.10337870020474, 116.0754610410911 40.10368115617382, 116.07531027476641 40.103999924784894, 116.07519147921045 40.10433193612198, 116.07510579848939 40.104673992734405, 116.07505405775541 40.10502280043001, 116.07503675530003 40.105375, 116.07505405775541 40.10572719957, 116.07510579848939 40.1060760072656, 116.07519147921045 40.106418063878024, 116.07531027476641 40.10675007521511, 116.0754610410911 40.107068843826184, 116.07564232622242 40.10737129979526, 116.07585238428544 40.107654530306014, 116.0760891923062 40.10791580769381, 116.07635046969399 40.108152615714566, 116.07663370020475 40.10836267377759, 116.07693615617383 40.10854395890891, 116.0772549247849 40.108694725233605, 116.07758693612197 40.10881352078955, 116.0779289927344 40.10889920151062, 116.07827780043002 40.108950942244604, 116.07863 40.108968244699966, 116.07898219956999 40.108950942244604, 116.07933100726561 40.10889920151062, 116.07967306387803 40.10881352078955, 116.08000507521511 40.108694725233605, 116.08032384382618 40.10854395890891, 116.08062629979526 40.10836267377759, 116.08090953030602 40.108152615714566, 116.08117080769381 40.10791580769381, 116.08140761571457 40.107654530306014, 116.08161767377759 40.10737129979526, 116.0817989589089 40.107068843826184, 116.0819497252336 40.10675007521511, 116.08206852078956 40.106418063878024, 116.08215420151062 40.1060760072656, 116.0822059422446 40.10572719957, 116.08222324469997 40.105375))",400.0
北京十渡风景区,4A,CONSTRUCTED,"POLYGON ((115.61365611174992 39.639638, 115.6136128556115 39.63875750107501, 115.61348350377654 39.637885481836, 115.61326930197389 39.63703034030493, 115.61297231308401 39.63620031196222, 115.61259539727227 39.63540339043455, 115.61214218444397 39.63464725051186, 115.61161703928641 39.63393917423496, 115.61102501923452 39.63328598076548, 115.61037182576504 39.63269396071359, 115.60966374948815 39.63216881555603, 115.60890760956546 39.63171560272774, 115.60811068803778 39.631338686915996, 115.60728065969506 39.63104169802612, 115.606425518164 39.63082749622347, 115.60555349892499 39.6306981443885, 115.604673 39.630654888250085, 115.60379250107502 39.6306981443885, 115.60292048183601 39.63082749622347, 115.60206534030495 39.63104169802612, 115.60123531196223 39.631338686915996, 115.60043839043455 39.63171560272774, 115.59968225051186 39.63216881555603, 115.59897417423497 39.63269396071359, 115.5983209807655 39.63328598076548, 115.5977289607136 39.63393917423496, 115.59720381555604 39.63464725051186, 115.59675060272774 39.63540339043455, 115.596373686916 39.63620031196222, 115.59607669802612 39.63703034030493, 115.59586249622348 39.637885481836, 115.5957331443885 39.63875750107501, 115.59568988825009 39.639638, 115.5957331443885 39.64051849892498, 115.59586249622348 39.641390518163995, 115.59607669802612 39.642245659695064, 115.596373686916 39.643075688037776, 115.59675060272774 39.64387260956545, 115.59720381555604 39.644628749488135, 115.5977289607136 39.645336825765035, 115.5983209807655 39.64599001923452, 115.59897417423497 39.64658203928641, 115.59968225051186 39.64710718444397, 115.60043839043455 39.64756039727226, 115.60123531196223 39.647937313084, 115.60206534030495 39.64823430197388, 115.60292048183601 39.64844850377653, 115.60379250107502 39.6485778556115, 115.604673 39.64862111174991, 115.60555349892499 39.6485778556115, 115.606425518164 39.64844850377653, 115.60728065969506 39.64823430197388, 115.60811068803778 39.647937313084, 115.60890760956546 39.64756039727226, 115.60966374948815 39.64710718444397, 115.61037182576504 39.64658203928641, 115.61102501923452 39.64599001923452, 115.61161703928641 39.645336825765035, 115.61214218444397 39.644628749488135, 115.61259539727227 39.64387260956545, 115.61297231308401 39.643075688037776, 115.61326930197389 39.642245659695064, 115.61348350377654 39.641390518163995, 115.6136128556115 39.64051849892498, 115.61365611174992 39.639638))",1000.0
北京南海子麋鹿苑博物馆景区,3A,CONSTRUCTED,"POLYGON ((116.45416762234998 39.7761, 116.4541589711223 39.775923900215005, 116.4541331007553 39.7757494963672, 116.45409026039478 39.775578468060985, 116.4540308626168 39.775412462392445, 116.45395547945445 39.77525307808691, 116.4538648368888 39.775101850102374, 116.45375980785728 39.77496023484699, 116.4536414038469 39.7748295961531, 116.45351076515301 39.77471119214272, 116.45336914989763 39.77460616311121, 116.4532179219131 39.77451552054555, 116.45305853760756 39.7744401373832, 116.45289253193901 39.77438073960522, 116.4527215036328 39.77433789924469, 116.452547099785 39.7743120288777, 116.452371 39.774303377650014, 116.452194900215 39.7743120288777, 116.4520204963672 39.77433789924469, 116.45184946806098 39.77438073960522, 116.45168346239244 39.7744401373832, 116.4515240780869 39.77451552054555, 116.45137285010237 39.77460616311121, 116.45123123484699 39.77471119214272, 116.4511005961531 39.7748295961531, 116.45098219214272 39.77496023484699, 116.4508771631112 39.775101850102374, 116.45078652054555 39.77525307808691, 116.4507111373832 39.775412462392445, 116.45065173960522 39.775578468060985, 116.4506088992447 39.7757494963672, 116.4505830288777 39.775923900215005, 116.45057437765001 39.7761, 116.4505830288777 39.776276099784994, 116.4506088992447 39.7764505036328, 116.45065173960522 39.776621531939014, 116.4507111373832 39.776787537607554, 116.45078652054555 39.77694692191309, 116.4508771631112 39.777098149897625, 116.45098219214272 39.777239765153006, 116.4511005961531 39.7773704038469, 116.45123123484699 39.77748880785728, 116.45137285010237 39.77759383688879, 116.4515240780869 39.77768447945445, 116.45168346239244 39.7777598626168, 116.45184946806098 39.77781926039478, 116.4520204963672 39.77786210075531, 116.452194900215 39.7778879711223, 116.452371 39.777896622349985, 116.452547099785 39.7778879711223, 116.4527215036328 39.77786210075531, 116.45289253193901 39.77781926039478, 116.45305853760756 39.7777598626168, 116.4532179219131 39.77768447945445, 116.45336914989763 39.77759383688879, 116.45351076515301 39.77748880785728, 116.4536414038469 39.7773704038469, 116.45375980785728 39.777239765153006, 116.4538648368888 39.777098149897625, 116.45395547945445 39.77694692191309, 116.4540308626168 39.776787537607554, 116.45409026039478 39.776621531939014, 116.4541331007553 39.7764505036328, 116.4541589711223 39.776276099784994, 116.45416762234998 39.7761))",200.0
北京历代帝王庙景区,2A,CONSTRUCTED,"POLYGON ((116.36347177793748 39.923422, 116.36346096390288 39.92320187526875, 116.36342862594414 39.922983870459, 116.36337507549347 39.92277008507624, 116.36330082827101 39.92256257799056, 116.36320659931806 39.92236334760864, 116.36309329611099 39.922174312627966, 116.3629620098216 39.921997293558746, 116.36281400480863 39.92183399519137, 116.36265070644126 39.9216859901784, 116.36247368737203 39.92155470388901, 116.36228465239137 39.921441400681935, 116.36208542200944 39.921347171729, 116.36187791492377 39.92127292450653, 116.361664129541 39.92121937405587, 116.36144612473124 39.92118703609713, 116.361226 39.92117622206253, 116.36100587526876 39.92118703609713, 116.360787870459 39.92121937405587, 116.36057408507624 39.92127292450653, 116.36036657799056 39.921347171729, 116.36016734760864 39.921441400681935, 116.35997831262797 39.92155470388901, 116.35980129355875 39.9216859901784, 116.35963799519138 39.92183399519137, 116.3594899901784 39.921997293558746, 116.35935870388901 39.922174312627966, 116.35924540068194 39.92236334760864, 116.359151171729 39.92256257799056, 116.35907692450654 39.92277008507624, 116.35902337405587 39.922983870459, 116.35899103609712 39.92320187526875, 116.35898022206253 39.923422, 116.35899103609712 39.92364212473125, 116.35902337405587 39.923860129541005, 116.35907692450654 39.92407391492377, 116.359151171729 39.92428142200944, 116.35924540068194 39.92448065239137, 116.35935870388901 39.92466968737204, 116.3594899901784 39.92484670644126, 116.35963799519138 39.925010004808634, 116.35980129355875 39.9251580098216, 116.35997831262797 39.925289296110996, 116.36016734760864 39.92540259931807, 116.36036657799056 39.925496828271, 116.36057408507624 39.92557107549347, 116.360787870459 39.92562462594413, 116.36100587526876 39.925656963902874, 116.361226 39.92566777793748, 116.36144612473124 39.925656963902874, 116.361664129541 39.92562462594413, 116.36187791492377 39.92557107549347, 116.36208542200944 39.925496828271, 116.36228465239137 39.92540259931807, 116.36247368737203 39.925289296110996, 116.36265070644126 39.9251580098216, 116.36281400480863 39.925010004808634, 116.3629620098216 39.92484670644126, 116.36309329611099 39.92466968737204, 116.36320659931806 39.92448065239137, 116.36330082827101 39.92428142200944, 116.36337507549347 39.92407391492377, 116.36342862594414 39.923860129541005, 116.36346096390288 39.92364212473125, 116.36347177793748 39.923422))",250.0
北京双龙峡自然风景区,3A,CONSTRUCTED,"POLYGON ((115.7221387340999 39.949802, 115.7220868267338 39.94874540129001, 115.72193160453183 39.9476989782032, 115.72167456236866 39.946672808365925, 115.7213181757008 39.945676774354666, 115.72086587672672 39.94472046852146, 115.72032202133276 39.94381310061423, 115.7196918471437 39.942963409081955, 115.71898142308142 39.942179576918576, 115.71819759091804 39.941469152856314, 115.71734789938577 39.94083897866724, 115.71644053147854 39.94029512327328, 115.71548422564533 39.93984282429919, 115.71448819163408 39.939486437631345, 115.7134620217968 39.93922939546816, 115.71241559870998 39.9390741732662, 115.711359 39.93902226590011, 115.71030240129002 39.9390741732662, 115.7092559782032 39.93922939546816, 115.70822980836593 39.939486437631345, 115.70723377435468 39.93984282429919, 115.70627746852146 39.94029512327328, 115.70537010061423 39.94083897866724, 115.70452040908197 39.941469152856314, 115.70373657691859 39.942179576918576, 115.70302615285631 39.942963409081955, 115.70239597866724 39.94381310061423, 115.70185212327328 39.94472046852146, 115.7013998242992 39.945676774354666, 115.70104343763134 39.946672808365925, 115.70078639546817 39.9476989782032, 115.7006311732662 39.94874540129001, 115.7005792659001 39.949802, 115.7006311732662 39.950858598709985, 115.70078639546817 39.9519050217968, 115.70104343763134 39.95293119163407, 115.7013998242992 39.95392722564533, 115.70185212327328 39.954883531478536, 115.70239597866724 39.95579089938577, 115.70302615285631 39.95664059091804, 115.70373657691859 39.95742442308142, 115.70452040908197 39.95813484714368, 115.70537010061423 39.95876502133276, 115.70627746852146 39.959308876726716, 115.70723377435468 39.959761175700805, 115.70822980836593 39.96011756236865, 115.7092559782032 39.960374604531836, 115.71030240129002 39.9605298267338, 115.711359 39.96058173409989, 115.71241559870998 39.9605298267338, 115.7134620217968 39.960374604531836, 115.71448819163408 39.96011756236865, 115.71548422564533 39.959761175700805, 115.71644053147854 39.959308876726716, 115.71734789938577 39.95876502133276, 115.71819759091804 39.95813484714368, 115.71898142308142 39.95742442308142, 115.7196918471437 39.95664059091804, 115.72032202133276 39.95579089938577, 115.72086587672672 39.954883531478536, 115.7213181757008 39.95392722564533, 115.72167456236866 39.95293119163407, 115.72193160453183 39.9519050217968, 115.7220868267338 39.950858598709985, 115.7221387340999 39.949802))",1200.0
北京古崖居原始部落旅游区,3A,NOT_FOUND,,
北京古御道生态旅游景区,3A,CONSTRUCTED,"POLYGON ((117.16273324469996 40.682491, 117.16271594224459 40.68213880043, 117.16266420151061 40.6817899927344, 117.16257852078955 40.68144793612198, 117.16245972523359 40.68111592478489, 117.1623089589089 40.68079715617382, 117.16212767377758 40.68049470020474, 117.16191761571456 40.68021146969399, 117.1616808076938 40.679950192306194, 117.161419530306 40.679713384285435, 117.16113629979525 40.67950332622241, 117.16083384382617 40.67932204109109, 117.1605150752151 40.6791712747664, 117.16018306387802 40.67905247921045, 117.1598410072656 40.678966798489384, 117.15949219956998 40.6789150577554, 117.15914 40.678897755300035, 117.15878780043 40.6789150577554, 117.15843899273439 40.678966798489384, 117.15809693612196 40.67905247921045, 117.15776492478489 40.6791712747664, 117.15744615617382 40.67932204109109, 117.15714370020474 40.67950332622241, 117.15686046969398 40.679713384285435, 117.15659919230619 40.679950192306194, 117.15636238428543 40.68021146969399, 117.15615232622241 40.68049470020474, 117.15597104109109 40.68079715617382, 117.1558202747664 40.68111592478489, 117.15570147921044 40.68144793612198, 117.15561579848938 40.6817899927344, 117.1555640577554 40.68213880043, 117.15554675530002 40.682491, 117.1555640577554 40.682843199569994, 117.15561579848938 40.683192007265596, 117.15570147921044 40.68353406387802, 117.1558202747664 40.68386607521511, 117.15597104109109 40.68418484382618, 117.15615232622241 40.68448729979526, 117.15636238428543 40.68477053030601, 117.15659919230619 40.685031807693804, 117.15686046969398 40.68526861571456, 117.15714370020474 40.68547867377759, 117.15744615617382 40.68565995890891, 117.15776492478489 40.6858107252336, 117.15809693612196 40.68592952078955, 117.15843899273439 40.686015201510614, 117.15878780043 40.6860669422446, 117.15914 40.68608424469996, 117.15949219956998 40.6860669422446, 117.1598410072656 40.686015201510614, 117.16018306387802 40.68592952078955, 117.1605150752151 40.6858107252336, 117.16083384382617 40.68565995890891, 117.16113629979525 40.68547867377759, 117.161419530306 40.68526861571456, 117.1616808076938 40.685031807693804, 117.16191761571456 40.68477053030601, 117.16212767377758 40.68448729979526, 117.1623089589089 40.68418484382618, 117.16245972523359 40.68386607521511, 117.16257852078955 40.68353406387802, 117.16266420151061 40.683192007265596, 117.16271594224459 40.682843199569994, 117.16273324469996 40.682491))",400.0
北京后花园风景区,1A,CONSTRUCTED,"POLYGON ((116.07896024469997 40.139126, 116.0789429422446 40.13877380043, 116.07889120151061 40.1384249927344, 116.07880552078956 40.138082936121975, 116.0786867252336 40.13775092478489, 116.0785359589089 40.137432156173816, 116.07835467377758 40.13712970020474, 116.07814461571456 40.136846469693985, 116.0779078076938 40.13658519230619, 116.07764653030601 40.136348384285434, 116.07736329979525 40.13613832622241, 116.07706084382617 40.13595704109109, 116.07674207521511 40.135806274766395, 116.07641006387803 40.135687479210446, 116.0760680072656 40.13560179848938, 116.07571919956999 40.135550057755395, 116.075367 40.135532755300034, 116.07501480043001 40.135550057755395, 116.0746659927344 40.13560179848938, 116.07432393612197 40.135687479210446, 116.07399192478489 40.135806274766395, 116.07367315617383 40.13595704109109, 116.07337070020475 40.13613832622241, 116.07308746969399 40.136348384285434, 116.0728261923062 40.13658519230619, 116.07258938428544 40.136846469693985, 116.07237932622242 40.13712970020474, 116.0721980410911 40.137432156173816, 116.0720472747664 40.13775092478489, 116.07192847921044 40.138082936121975, 116.07184279848939 40.1384249927344, 116.0717910577554 40.13877380043, 116.07177375530003 40.139126, 116.0717910577554 40.13947819956999, 116.07184279848939 40.139827007265595, 116.07192847921044 40.14016906387802, 116.0720472747664 40.140501075215106, 116.0721980410911 40.14081984382618, 116.07237932622242 40.141122299795256, 116.07258938428544 40.14140553030601, 116.0728261923062 40.1416668076938, 116.07308746969399 40.14190361571456, 116.07337070020475 40.14211367377759, 116.07367315617383 40.142294958908906, 116.07399192478489 40.1424457252336, 116.07432393612197 40.14256452078955, 116.0746659927344 40.14265020151061, 116.07501480043001 40.1427019422446, 116.075367 40.14271924469996, 116.07571919956999 40.1427019422446, 116.0760680072656 40.14265020151061, 116.07641006387803 40.14256452078955, 116.07674207521511 40.1424457252336, 116.07706084382617 40.142294958908906, 116.07736329979525 40.14211367377759, 116.07764653030601 40.14190361571456, 116.0779078076938 40.1416668076938, 116.07814461571456 40.14140553030601, 116.07835467377758 40.141122299795256, 116.0785359589089 40.14081984382618, 116.0786867252336 40.140501075215106, 116.07880552078956 40.14016906387802, 116.07889120151061 40.139827007265595, 116.0789429422446 40.13947819956999, 116.07896024469997 40.139126))",400.0
北京呀路古热带植物园景区,3A,CONSTRUCTED,"POLYGON ((116.59172824469996 39.658081, 116.59171094224459 39.65772880043001, 116.59165920151061 39.657379992734406, 116.59157352078955 39.65703793612198, 116.59145472523359 39.656705924784895, 116.5913039589089 39.65638715617382, 116.59112267377758 39.656084700204744, 116.59091261571456 39.65580146969399, 116.5906758076938 39.6555401923062, 116.590414530306 39.65530338428544, 116.59013129979525 39.65509332622241, 116.58982884382617 39.654912041091094, 116.5895100752151 39.6547612747664, 116.58917806387802 39.65464247921045, 116.5888360072656 39.65455679848939, 116.58848719956998 39.6545050577554, 116.588135 39.65448775530004, 116.58778280043 39.6545050577554, 116.58743399273439 39.65455679848939, 116.58709193612196 39.65464247921045, 116.58675992478489 39.6547612747664, 116.58644115617382 39.654912041091094, 116.58613870020474 39.65509332622241, 116.58585546969398 39.65530338428544, 116.58559419230619 39.6555401923062, 116.58535738428543 39.65580146969399, 116.58514732622241 39.656084700204744, 116.58496604109109 39.65638715617382, 116.5848152747664 39.656705924784895, 116.58469647921044 39.65703793612198, 116.58461079848938 39.657379992734406, 116.5845590577554 39.65772880043001, 116.58454175530002 39.658081, 116.5845590577554 39.65843319957, 116.58461079848938 39.6587820072656, 116.58469647921044 39.659124063878025, 116.5848152747664 39.65945607521511, 116.58496604109109 39.659774843826185, 116.58514732622241 39.66007729979526, 116.58535738428543 39.660360530306015, 116.58559419230619 39.66062180769381, 116.58585546969398 39.66085861571457, 116.58613870020474 39.66106867377759, 116.58644115617382 39.66124995890891, 116.58675992478489 39.661400725233605, 116.58709193612196 39.661519520789554, 116.58743399273439 39.66160520151062, 116.58778280043 39.661656942244605, 116.588135 39.66167424469997, 116.58848719956998 39.661656942244605, 116.5888360072656 39.66160520151062, 116.58917806387802 39.661519520789554, 116.5895100752151 39.661400725233605, 116.58982884382617 39.66124995890891, 116.59013129979525 39.66106867377759, 116.590414530306 39.66085861571457, 116.5906758076938 39.66062180769381, 116.59091261571456 39.660360530306015, 116.59112267377758 39.66007729979526, 116.5913039589089 39.659774843826185, 116.59145472523359 39.65945607521511, 116.59157352078955 39.659124063878025, 116.59165920151061 39.6587820072656, 116.59171094224459 39.65843319957, 116.59172824469996 39.658081))",400.0
北京响水湖长城旅游区,3A,CONSTRUCTED,"POLYGON ((116.48988748939993 40.465553, 116.48985288448921 40.46484860086001, 116.48974940302124 40.464150985468805, 116.48957804157911 40.46346687224395, 116.48934045046721 40.46280284956978, 116.48903891781782 40.462165312347636, 116.48867634755518 40.46156040040949, 116.48825623142913 40.460993939387976, 116.48778261538762 40.46047138461238, 116.48726006061203 40.45999776857087, 116.48669359959052 40.45957765244483, 116.48608868765237 40.45921508218219, 116.48545115043022 40.458913549532795, 116.48478712775605 40.4586759584209, 116.4841030145312 40.45850459697878, 116.48340539914 40.4584011155108, 116.482701 40.45836651060007, 116.48199660086001 40.4584011155108, 116.48129898546881 40.45850459697878, 116.48061487224396 40.4586759584209, 116.47995084956979 40.458913549532795, 116.47931331234764 40.45921508218219, 116.47870840040949 40.45957765244483, 116.47814193938798 40.45999776857087, 116.4776193846124 40.46047138461238, 116.47714576857088 40.460993939387976, 116.47672565244483 40.46156040040949, 116.47636308218219 40.462165312347636, 116.4760615495328 40.46280284956978, 116.4758239584209 40.46346687224395, 116.47565259697878 40.464150985468805, 116.4755491155108 40.46484860086001, 116.47551451060008 40.465553, 116.4755491155108 40.46625739913999, 116.47565259697878 40.466955014531194, 116.4758239584209 40.46763912775605, 116.4760615495328 40.468303150430216, 116.47636308218219 40.46894068765236, 116.47672565244483 40.46954559959051, 116.47714576857088 40.470112060612024, 116.4776193846124 40.47063461538762, 116.47814193938798 40.47110823142913, 116.47870840040949 40.47152834755517, 116.47931331234764 40.47189091781781, 116.47995084956979 40.472192450467205, 116.48061487224396 40.4724300415791, 116.48129898546881 40.47260140302122, 116.48199660086001 40.4727048844892, 116.482701 40.47273948939993, 116.48340539914 40.4727048844892, 116.4841030145312 40.47260140302122, 116.48478712775605 40.4724300415791, 116.48545115043022 40.472192450467205, 116.48608868765237 40.47189091781781, 116.48669359959052 40.47152834755517, 116.48726006061203 40.47110823142913, 116.48778261538762 40.47063461538762, 116.48825623142913 40.470112060612024, 116.48867634755518 40.46954559959051, 116.48903891781782 40.46894068765236, 116.48934045046721 40.468303150430216, 116.48957804157911 40.46763912775605, 116.48974940302124 40.466955014531194, 116.48985288448921 40.46625739913999, 116.48988748939993 40.465553))",800.0
北京喇叭沟原始森林公园景区,3A,CONSTRUCTED,"POLYGON ((116.51517855587495 40.943102, 116.51515692780575 40.94266175053751, 116.51509225188826 40.942225740918005, 116.51498515098694 40.941798170152474, 116.514836656542 40.941383155981114, 116.51464819863614 40.940984695217274, 116.51442159222199 40.94060662525593, 116.5141590196432 40.940252587117484, 116.51386300961727 40.93992599038275, 116.51353641288252 40.9396299803568, 116.51318237474408 40.93936740777802, 116.51280430478273 40.93914080136387, 116.51240584401889 40.938952343458, 116.51199082984753 40.93880384901306, 116.51156325908201 40.93869674811174, 116.5111272494625 40.93863207219425, 116.510687 40.93861044412505, 116.5102467505375 40.93863207219425, 116.509810740918 40.93869674811174, 116.50938317015247 40.93880384901306, 116.50896815598112 40.938952343458, 116.50856969521728 40.93914080136387, 116.50819162525593 40.93936740777802, 116.50783758711749 40.9396299803568, 116.50751099038274 40.93992599038275, 116.5072149803568 40.940252587117484, 116.50695240777802 40.94060662525593, 116.50672580136387 40.940984695217274, 116.506537343458 40.941383155981114, 116.50638884901306 40.941798170152474, 116.50628174811175 40.942225740918005, 116.50621707219426 40.94266175053751, 116.50619544412505 40.943102, 116.50621707219426 40.943542249462496, 116.50628174811175 40.943978259082, 116.50638884901306 40.94440582984753, 116.506537343458 40.94482084401889, 116.50672580136387 40.94521930478273, 116.50695240777802 40.945597374744075, 116.5072149803568 40.94595141288252, 116.50751099038274 40.94627800961726, 116.50783758711749 40.94657401964321, 116.50819162525593 40.946836592221985, 116.50856969521728 40.94706319863614, 116.50896815598112 40.94725165654201, 116.50938317015247 40.947400150986944, 116.509810740918 40.94750725188827, 116.5102467505375 40.947571927805754, 116.510687 40.94759355587496, 116.5111272494625 40.947571927805754, 116.51156325908201 40.94750725188827, 116.51199082984753 40.947400150986944, 116.51240584401889 40.94725165654201, 116.51280430478273 40.94706319863614, 116.51318237474408 40.946836592221985, 116.51353641288252 40.94657401964321, 116.51386300961727 40.94627800961726, 116.5141590196432 40.94595141288252, 116.51442159222199 40.945597374744075, 116.51464819863614 40.94521930478273, 116.514836656542 40.94482084401889, 116.51498515098694 40.94440582984753, 116.51509225188826 40.943978259082, 116.51515692780575 40.943542249462496, 116.51517855587495 40.943102))",500.0
北京圣泉山旅游风景区,3A,CONSTRUCTED,"POLYGON ((116.57897311174992 40.372331, 116.5789298556115 40.37145050107502, 116.57880050377653 40.370578481836006, 116.57858630197389 40.36972334030494, 116.57828931308401 40.368893311962225, 116.57791239727227 40.36809639043455, 116.57745918444397 40.367340250511866, 116.57693403928641 40.366632174234965, 116.57634201923452 40.36597898076548, 116.57568882576504 40.36538696071359, 116.57498074948815 40.36486181555603, 116.57422460956546 40.36440860272774, 116.57342768803778 40.364031686916, 116.57259765969506 40.36373469802612, 116.571742518164 40.36352049622347, 116.57087049892499 40.3633911443885, 116.56999 40.36334788825009, 116.56910950107502 40.3633911443885, 116.56823748183601 40.36352049622347, 116.56738234030495 40.36373469802612, 116.56655231196223 40.364031686916, 116.56575539043455 40.36440860272774, 116.56499925051186 40.36486181555603, 116.56429117423497 40.36538696071359, 116.56363798076549 40.36597898076548, 116.5630459607136 40.366632174234965, 116.56252081555604 40.367340250511866, 116.56206760272774 40.36809639043455, 116.561690686916 40.368893311962225, 116.56139369802612 40.36972334030494, 116.56117949622347 40.370578481836006, 116.5610501443885 40.37145050107502, 116.56100688825009 40.372331, 116.5610501443885 40.37321149892499, 116.56117949622347 40.374083518164, 116.56139369802612 40.37493865969507, 116.561690686916 40.37576868803778, 116.56206760272774 40.37656560956545, 116.56252081555604 40.37732174948814, 116.5630459607136 40.37802982576504, 116.56363798076549 40.37868301923452, 116.56429117423497 40.37927503928641, 116.56499925051186 40.37980018444397, 116.56575539043455 40.38025339727226, 116.56655231196223 40.380630313084005, 116.56738234030495 40.380927301973884, 116.56823748183601 40.38114150377653, 116.56910950107502 40.381270855611504, 116.56999 40.381314111749916, 116.57087049892499 40.381270855611504, 116.571742518164 40.38114150377653, 116.57259765969506 40.380927301973884, 116.57342768803778 40.380630313084005, 116.57422460956546 40.38025339727226, 116.57498074948815 40.37980018444397, 116.57568882576504 40.37927503928641, 116.57634201923452 40.37868301923452, 116.57693403928641 40.37802982576504, 116.57745918444397 40.37732174948814, 116.57791239727227 40.37656560956545, 116.57828931308401 40.37576868803778, 116.57858630197389 40.37493865969507, 116.57880050377653 40.374083518164, 116.5789298556115 40.37321149892499, 116.57897311174992 40.372331))",1000.0
北京圣莲山旅游风景区,4A,CONSTRUCTED,"POLYGON ((115.7332631117499 39.839325, 115.7332198556115 39.83844450107502, 115.73309050377652 39.837572481836006, 115.73287630197387 39.836717340304936, 115.732579313084 39.835887311962225, 115.73220239727226 39.83509039043455, 115.73174918444396 39.834334250511866, 115.7312240392864 39.833626174234965, 115.7306320192345 39.83297298076548, 115.72997882576503 39.83238096071359, 115.72927074948814 39.83185581555603, 115.72851460956545 39.83140260272774, 115.72771768803777 39.831025686916, 115.72688765969505 39.83072869802612, 115.72603251816399 39.83051449622347, 115.72516049892498 39.8303851443885, 115.72428 39.83034188825009, 115.72339950107501 39.8303851443885, 115.722527481836 39.83051449622347, 115.72167234030493 39.83072869802612, 115.72084231196222 39.831025686916, 115.72004539043454 39.83140260272774, 115.71928925051185 39.83185581555603, 115.71858117423496 39.83238096071359, 115.71792798076548 39.83297298076548, 115.71733596071358 39.833626174234965, 115.71681081555603 39.834334250511866, 115.71635760272773 39.83509039043455, 115.71598068691598 39.835887311962225, 115.71568369802611 39.836717340304936, 115.71546949622346 39.837572481836006, 115.71534014438849 39.83844450107502, 115.71529688825008 39.839325, 115.71534014438849 39.84020549892499, 115.71546949622346 39.841077518164, 115.71568369802611 39.84193265969507, 115.71598068691598 39.84276268803778, 115.71635760272773 39.84355960956545, 115.71681081555603 39.84431574948814, 115.71733596071358 39.84502382576504, 115.71792798076548 39.84567701923452, 115.71858117423496 39.84626903928641, 115.71928925051185 39.84679418444397, 115.72004539043454 39.84724739727226, 115.72084231196222 39.847624313084005, 115.72167234030493 39.847921301973884, 115.722527481836 39.84813550377653, 115.72339950107501 39.848264855611504, 115.72428 39.848308111749915, 115.72516049892498 39.848264855611504, 115.72603251816399 39.84813550377653, 115.72688765969505 39.847921301973884, 115.72771768803777 39.847624313084005, 115.72851460956545 39.84724739727226, 115.72927074948814 39.84679418444397, 115.72997882576503 39.84626903928641, 115.7306320192345 39.84567701923452, 115.7312240392864 39.84502382576504, 115.73174918444396 39.84431574948814, 115.73220239727226 39.84355960956545, 115.732579313084 39.84276268803778, 115.73287630197387 39.84193265969507, 115.73309050377652 39.841077518164, 115.7332198556115 39.84020549892499, 115.7332631117499 39.839325))",1000.0
北京大觉寺景区,3A,CONSTRUCTED,"POLYGON ((116.11326993352498 40.053035, 116.11325695668344 40.0527708503225, 116.11321815113295 40.052509244550805, 116.11315389059216 40.05225270209148, 116.1130647939252 40.05200369358867, 116.11295171918168 40.05176461713037, 116.11281575533319 40.05153777515356, 116.11265821178591 40.05132535227049, 116.11248060577036 40.05112939422965, 116.11228464772951 40.05095178821408, 116.11207222484644 40.05079424466681, 116.11184538286963 40.050658280818325, 116.11160630641133 40.0505452060748, 116.11135729790851 40.05045610940784, 116.1111007554492 40.050391848867044, 116.11083914967749 40.05035304331655, 116.110575 40.05034006647503, 116.1103108503225 40.05035304331655, 116.1100492445508 40.050391848867044, 116.10979270209148 40.05045610940784, 116.10954369358866 40.0505452060748, 116.10930461713036 40.050658280818325, 116.10907777515355 40.05079424466681, 116.10886535227048 40.05095178821408, 116.10866939422964 40.05112939422965, 116.10849178821408 40.05132535227049, 116.1083342446668 40.05153777515356, 116.10819828081831 40.05176461713037, 116.10808520607479 40.05200369358867, 116.10799610940784 40.05225270209148, 116.10793184886704 40.052509244550805, 116.10789304331655 40.0527708503225, 116.10788006647502 40.053035, 116.10789304331655 40.0532991496775, 116.10793184886704 40.0535607554492, 116.10799610940784 40.05381729790852, 116.10808520607479 40.054066306411336, 116.10819828081831 40.054305382869636, 116.1083342446668 40.05453222484644, 116.10849178821408 40.054744647729514, 116.10866939422964 40.054940605770355, 116.10886535227048 40.055118211785924, 116.10907777515355 40.05527575533319, 116.10930461713036 40.05541171918168, 116.10954369358866 40.0555247939252, 116.10979270209148 40.05561389059216, 116.1100492445508 40.05567815113296, 116.1103108503225 40.055716956683455, 116.110575 40.05572993352497, 116.11083914967749 40.055716956683455, 116.1111007554492 40.05567815113296, 116.11135729790851 40.05561389059216, 116.11160630641133 40.0555247939252, 116.11184538286963 40.05541171918168, 116.11207222484644 40.05527575533319, 116.11228464772951 40.055118211785924, 116.11248060577036 40.054940605770355, 116.11265821178591 40.054744647729514, 116.11281575533319 40.05453222484644, 116.11295171918168 40.054305382869636, 116.1130647939252 40.054066306411336, 116.11315389059216 40.05381729790852, 116.11321815113295 40.0535607554492, 116.11325695668344 40.0532991496775, 116.11326993352498 40.053035))",300.0
北京天文馆景区,4A,CONSTRUCTED,"POLYGON ((116.33426824469997 39.935977, 116.3342509422446 39.935624800430006, 116.33419920151061 39.935275992734404, 116.33411352078956 39.93493393612198, 116.3339947252336 39.93460192478489, 116.3338439589089 39.93428315617382, 116.33366267377758 39.93398070020474, 116.33345261571456 39.93369746969399, 116.3332158076938 39.933436192306196, 116.33295453030601 39.93319938428544, 116.33267129979525 39.93298932622241, 116.33236884382617 39.93280804109109, 116.33205007521511 39.9326572747664, 116.33171806387803 39.93253847921045, 116.3313760072656 39.932452798489386, 116.33102719956999 39.9324010577554, 116.330675 39.93238375530004, 116.33032280043001 39.9324010577554, 116.3299739927344 39.932452798489386, 116.32963193612197 39.93253847921045, 116.32929992478489 39.9326572747664, 116.32898115617382 39.93280804109109, 116.32867870020475 39.93298932622241, 116.32839546969399 39.93319938428544, 116.3281341923062 39.933436192306196, 116.32789738428544 39.93369746969399, 116.32768732622242 39.93398070020474, 116.3275060410911 39.93428315617382, 116.3273552747664 39.93460192478489, 116.32723647921044 39.93493393612198, 116.32715079848938 39.935275992734404, 116.3270990577554 39.935624800430006, 116.32708175530003 39.935977, 116.3270990577554 39.93632919957, 116.32715079848938 39.9366780072656, 116.32723647921044 39.93702006387802, 116.3273552747664 39.93735207521511, 116.3275060410911 39.93767084382618, 116.32768732622242 39.93797329979526, 116.32789738428544 39.93825653030601, 116.3281341923062 39.938517807693806, 116.32839546969399 39.938754615714565, 116.32867870020475 39.93896467377759, 116.32898115617382 39.93914595890891, 116.32929992478489 39.9392967252336, 116.32963193612197 39.93941552078955, 116.3299739927344 39.939501201510616, 116.33032280043001 39.9395529422446, 116.330675 39.939570244699965, 116.33102719956999 39.9395529422446, 116.3313760072656 39.939501201510616, 116.33171806387803 39.93941552078955, 116.33205007521511 39.9392967252336, 116.33236884382617 39.93914595890891, 116.33267129979525 39.93896467377759, 116.33295453030601 39.938754615714565, 116.3332158076938 39.938517807693806, 116.33345261571456 39.93825653030601, 116.33366267377758 39.93797329979526, 116.3338439589089 39.93767084382618, 116.3339947252336 39.93735207521511, 116.33411352078956 39.93702006387802, 116.33419920151061 39.9366780072656, 116.3342509422446 39.93632919957, 116.33426824469997 39.935977))",400.0
北京天门山旅游风景区,3A,NOT_FOUND,,
北京太平洋海底世界博览馆景区,3A,CONSTRUCTED,"POLYGON ((116.30377024469998 39.917826, 116.3037529422446 39.91747380043, 116.30370120151062 39.9171249927344, 116.30361552078956 39.916782936121976, 116.3034967252336 39.91645092478489, 116.3033459589089 39.916132156173816, 116.30316467377759 39.91582970020474, 116.30295461571457 39.915546469693986, 116.30271780769381 39.91528519230619, 116.30245653030602 39.915048384285434, 116.30217329979526 39.91483832622241, 116.30187084382618 39.91465704109109, 116.30155207521511 39.914506274766396, 116.30122006387803 39.91438747921045, 116.30087800726561 39.91430179848938, 116.30052919957 39.914250057755396, 116.300177 39.914232755300034, 116.29982480043002 39.914250057755396, 116.2994759927344 39.91430179848938, 116.29913393612198 39.91438747921045, 116.2988019247849 39.914506274766396, 116.29848315617383 39.91465704109109, 116.29818070020475 39.91483832622241, 116.29789746969399 39.915048384285434, 116.2976361923062 39.91528519230619, 116.29739938428544 39.915546469693986, 116.29718932622242 39.91582970020474, 116.2970080410911 39.916132156173816, 116.29685727476641 39.91645092478489, 116.29673847921045 39.916782936121976, 116.29665279848939 39.9171249927344, 116.29660105775541 39.91747380043, 116.29658375530003 39.917826, 116.29660105775541 39.918178199569994, 116.29665279848939 39.918527007265595, 116.29673847921045 39.91886906387802, 116.29685727476641 39.919201075215106, 116.2970080410911 39.91951984382618, 116.29718932622242 39.91982229979526, 116.29739938428544 39.92010553030601, 116.2976361923062 39.9203668076938, 116.29789746969399 39.92060361571456, 116.29818070020475 39.92081367377759, 116.29848315617383 39.920994958908906, 116.2988019247849 39.9211457252336, 116.29913393612198 39.92126452078955, 116.2994759927344 39.92135020151061, 116.29982480043002 39.9214019422446, 116.300177 39.92141924469996, 116.30052919957 39.9214019422446, 116.30087800726561 39.92135020151061, 116.30122006387803 39.92126452078955, 116.30155207521511 39.9211457252336, 116.30187084382618 39.920994958908906, 116.30217329979526 39.92081367377759, 116.30245653030602 39.92060361571456, 116.30271780769381 39.9203668076938, 116.30295461571457 39.92010553030601, 116.30316467377759 39.91982229979526, 116.3033459589089 39.91951984382618, 116.3034967252336 39.919201075215106, 116.30361552078956 39.91886906387802, 116.30370120151062 39.918527007265595, 116.3037529422446 39.918178199569994, 116.30377024469998 39.917826))",400.0
北京密云云蒙山长城遗址公园旅游区,2A,CONSTRUCTED,"POLYGON ((116.81323455587496 40.531843, 116.81321292780575 40.53140275053751, 116.81314825188826 40.530966740918004, 116.81304115098695 40.53053917015247, 116.812892656542 40.53012415598111, 116.81270419863614 40.52972569521727, 116.812477592222 40.52934762525593, 116.8122150196432 40.52899358711748, 116.81191900961727 40.528666990382746, 116.81159241288252 40.5283709803568, 116.81123837474408 40.52810840777802, 116.81086030478274 40.52788180136387, 116.81046184401889 40.527693343458, 116.81004682984754 40.52754484901306, 116.80961925908201 40.52743774811174, 116.8091832494625 40.52737307219425, 116.808743 40.527351444125046, 116.80830275053751 40.52737307219425, 116.807866740918 40.52743774811174, 116.80743917015248 40.52754484901306, 116.80702415598113 40.527693343458, 116.80662569521728 40.52788180136387, 116.80624762525593 40.52810840777802, 116.8058935871175 40.5283709803568, 116.80556699038274 40.528666990382746, 116.80527098035681 40.52899358711748, 116.80500840777802 40.52934762525593, 116.80478180136387 40.52972569521727, 116.80459334345801 40.53012415598111, 116.80444484901307 40.53053917015247, 116.80433774811175 40.530966740918004, 116.80427307219426 40.53140275053751, 116.80425144412506 40.531843, 116.80427307219426 40.532283249462495, 116.80433774811175 40.532719259082, 116.80444484901307 40.53314682984753, 116.80459334345801 40.53356184401889, 116.80478180136387 40.53396030478273, 116.80500840777802 40.534338374744074, 116.80527098035681 40.53469241288252, 116.80556699038274 40.53501900961726, 116.8058935871175 40.53531501964321, 116.80624762525593 40.53557759222198, 116.80662569521728 40.535804198636136, 116.80702415598113 40.53599265654201, 116.80743917015248 40.53614115098694, 116.807866740918 40.53624825188827, 116.80830275053751 40.53631292780575, 116.808743 40.53633455587496, 116.8091832494625 40.53631292780575, 116.80961925908201 40.53624825188827, 116.81004682984754 40.53614115098694, 116.81046184401889 40.53599265654201, 116.81086030478274 40.535804198636136, 116.81123837474408 40.53557759222198, 116.81159241288252 40.53531501964321, 116.81191900961727 40.53501900961726, 116.8122150196432 40.53469241288252, 116.812477592222 40.534338374744074, 116.81270419863614 40.53396030478273, 116.812892656542 40.53356184401889, 116.81304115098695 40.53314682984753, 116.81314825188826 40.532719259082, 116.81321292780575 40.532283249462495, 116.81323455587496 40.531843))",500.0
北京密云司马台长城景区,4A,CONSTRUCTED,"POLYGON ((117.29442666762486 40.656775, 117.29436178341724 40.655454251612525, 117.29416775566479 40.65414622275401, 117.29384645296082 40.65286351045741, 117.293400969626 40.651618467943344, 117.2928355959084 40.65042308565182, 117.29215577666595 40.649288875767795, 117.2913680589296 40.648226761352454, 117.29048002885177 40.64724697114823, 117.28950023864755 40.646358941070396, 117.2884381242322 40.64557122333405, 117.28730391434817 40.64489140409161, 117.28610853205666 40.644326030373996, 117.28486348954259 40.64388054703918, 117.283580777246 40.64355924433521, 117.28227274838748 40.64336521658275, 117.280952 40.64330033237514, 117.27963125161251 40.64336521658275, 117.278323222754 40.64355924433521, 117.27704051045741 40.64388054703918, 117.27579546794334 40.644326030373996, 117.27460008565183 40.64489140409161, 117.2734658757678 40.64557122333405, 117.27240376135245 40.646358941070396, 117.27142397114822 40.64724697114823, 117.27053594107039 40.648226761352454, 117.26974822333405 40.649288875767795, 117.2690684040916 40.65042308565182, 117.26850303037399 40.651618467943344, 117.26805754703918 40.65286351045741, 117.26773624433521 40.65414622275401, 117.26754221658275 40.655454251612525, 117.26747733237514 40.656775, 117.26754221658275 40.65809574838748, 117.26773624433521 40.659403777246, 117.26805754703918 40.6606864895426, 117.26850303037399 40.66193153205666, 117.2690684040916 40.66312691434818, 117.26974822333405 40.66426112423221, 117.27053594107039 40.66532323864755, 117.27142397114822 40.66630302885178, 117.27240376135245 40.66719105892961, 117.2734658757678 40.667978776665954, 117.27460008565183 40.6686585959084, 117.27579546794334 40.66922396962601, 117.27704051045741 40.669669452960825, 117.278323222754 40.6699907556648, 117.27963125161251 40.670184783417255, 117.280952 40.670249667624866, 117.28227274838748 40.670184783417255, 117.283580777246 40.6699907556648, 117.28486348954259 40.669669452960825, 117.28610853205666 40.66922396962601, 117.28730391434817 40.6686585959084, 117.2884381242322 40.667978776665954, 117.28950023864755 40.66719105892961, 117.29048002885177 40.66630302885178, 117.2913680589296 40.66532323864755, 117.29215577666595 40.66426112423221, 117.2928355959084 40.66312691434818, 117.293400969626 40.66193153205666, 117.29384645296082 40.6606864895426, 117.29416775566479 40.659403777246, 117.29436178341724 40.65809574838748, 117.29442666762486 40.656775))",1500.0
北京市东城区地坛公园景区,4A,CONSTRUCTED,"POLYGON ((116.41268955587495 39.952374, 116.41266792780574 39.951933750537506, 116.41260325188826 39.951497740918, 116.41249615098694 39.95107017015247, 116.412347656542 39.95065515598111, 116.41215919863613 39.95025669521727, 116.41193259222199 39.94987862525593, 116.4116700196432 39.94952458711748, 116.41137400961726 39.94919799038274, 116.41104741288251 39.948901980356794, 116.41069337474407 39.94863940777802, 116.41031530478273 39.948412801363865, 116.40991684401888 39.948224343457994, 116.40950182984753 39.94807584901306, 116.409074259082 39.947968748111734, 116.4086382494625 39.94790407219425, 116.408198 39.94788244412504, 116.4077577505375 39.94790407219425, 116.407321740918 39.947968748111734, 116.40689417015247 39.94807584901306, 116.40647915598112 39.948224343457994, 116.40608069521727 39.948412801363865, 116.40570262525593 39.94863940777802, 116.40534858711749 39.948901980356794, 116.40502199038274 39.94919799038274, 116.4047259803568 39.94952458711748, 116.40446340777801 39.94987862525593, 116.40423680136387 39.95025669521727, 116.404048343458 39.95065515598111, 116.40389984901306 39.95107017015247, 116.40379274811174 39.951497740918, 116.40372807219426 39.951933750537506, 116.40370644412505 39.952374, 116.40372807219426 39.95281424946249, 116.40379274811174 39.953250259082, 116.40389984901306 39.95367782984753, 116.404048343458 39.95409284401889, 116.40423680136387 39.95449130478273, 116.40446340777801 39.95486937474407, 116.4047259803568 39.95522341288252, 116.40502199038274 39.955550009617255, 116.40534858711749 39.955846019643204, 116.40570262525593 39.95610859222198, 116.40608069521727 39.95633519863613, 116.40647915598112 39.956523656542004, 116.40689417015247 39.95667215098694, 116.407321740918 39.956779251888264, 116.4077577505375 39.95684392780575, 116.408198 39.956865555874955, 116.4086382494625 39.95684392780575, 116.409074259082 39.956779251888264, 116.40950182984753 39.95667215098694, 116.40991684401888 39.956523656542004, 116.41031530478273 39.95633519863613, 116.41069337474407 39.95610859222198, 116.41104741288251 39.955846019643204, 116.41137400961726 39.955550009617255, 116.4116700196432 39.95522341288252, 116.41193259222199 39.95486937474407, 116.41215919863613 39.95449130478273, 116.412347656542 39.95409284401889, 116.41249615098694 39.95367782984753, 116.41260325188826 39.953250259082, 116.41266792780574 39.95281424946249, 116.41268955587495 39.952374))",500.0
北京市东城区青年湖公园景区,3A,NOT_FOUND,,
北京市丰台区丰台花园景区,2A,CONSTRUCTED,"POLYGON ((116.28536224469997 39.863286, 116.28534494224459 39.86293380043001, 116.28529320151061 39.862584992734405, 116.28520752078956 39.86224293612198, 116.28508872523359 39.861910924784894, 116.2849379589089 39.86159215617382, 116.28475667377758 39.86128970020474, 116.28454661571456 39.86100646969399, 116.2843098076938 39.8607451923062, 116.28404853030601 39.86050838428544, 116.28376529979525 39.86029832622241, 116.28346284382617 39.860117041091094, 116.2831440752151 39.8599662747664, 116.28281206387803 39.85984747921045, 116.2824700072656 39.85976179848939, 116.28212119956999 39.8597100577554, 116.281769 39.85969275530004, 116.28141680043001 39.8597100577554, 116.28106799273439 39.85976179848939, 116.28072593612197 39.85984747921045, 116.28039392478489 39.8599662747664, 116.28007515617382 39.860117041091094, 116.27977270020475 39.86029832622241, 116.27948946969398 39.86050838428544, 116.27922819230619 39.8607451923062, 116.27899138428543 39.86100646969399, 116.27878132622241 39.86128970020474, 116.2786000410911 39.86159215617382, 116.2784492747664 39.861910924784894, 116.27833047921044 39.86224293612198, 116.27824479848938 39.862584992734405, 116.2781930577554 39.86293380043001, 116.27817575530003 39.863286, 116.2781930577554 39.86363819957, 116.27824479848938 39.8639870072656, 116.27833047921044 39.864329063878024, 116.2784492747664 39.86466107521511, 116.2786000410911 39.864979843826184, 116.27878132622241 39.86528229979526, 116.27899138428543 39.865565530306014, 116.27922819230619 39.86582680769381, 116.27948946969398 39.866063615714566, 116.27977270020475 39.86627367377759, 116.28007515617382 39.86645495890891, 116.28039392478489 39.866605725233605, 116.28072593612197 39.86672452078955, 116.28106799273439 39.86681020151062, 116.28141680043001 39.866861942244604, 116.281769 39.866879244699966, 116.28212119956999 39.866861942244604, 116.2824700072656 39.86681020151062, 116.28281206387803 39.86672452078955, 116.2831440752151 39.866605725233605, 116.28346284382617 39.86645495890891, 116.28376529979525 39.86627367377759, 116.28404853030601 39.866063615714566, 116.2843098076938 39.86582680769381, 116.28454661571456 39.865565530306014, 116.28475667377758 39.86528229979526, 116.2849379589089 39.864979843826184, 116.28508872523359 39.86466107521511, 116.28520752078956 39.864329063878024, 116.28529320151061 39.8639870072656, 116.28534494224459 39.86363819957, 116.28536224469997 39.863286))",400.0
北京市京西十八潭景区,3A,CONSTRUCTED,"POLYGON ((115.90745055587495 40.002275, 115.90742892780574 40.001834750537505, 115.90736425188825 40.001398740918, 115.90725715098694 40.00097117015247, 115.907108656542 40.00055615598111, 115.90692019863613 40.00015769521727, 115.90669359222198 39.999779625255925, 115.9064310196432 39.99942558711748, 115.90613500961726 39.99909899038274, 115.90580841288251 39.99880298035679, 115.90545437474407 39.998540407778016, 115.90507630478272 39.998313801363864, 115.90467784401888 39.99812534345799, 115.90426282984753 39.99797684901306, 115.903835259082 39.99786974811173, 115.9033992494625 39.99780507219425, 115.902959 39.99778344412504, 115.9025187505375 39.99780507219425, 115.90208274091799 39.99786974811173, 115.90165517015247 39.99797684901306, 115.90124015598111 39.99812534345799, 115.90084169521727 39.998313801363864, 115.90046362525592 39.998540407778016, 115.90010958711748 39.99880298035679, 115.89978299038273 39.99909899038274, 115.8994869803568 39.99942558711748, 115.89922440777801 39.999779625255925, 115.89899780136386 40.00015769521727, 115.898809343458 40.00055615598111, 115.89866084901305 40.00097117015247, 115.89855374811174 40.001398740918, 115.89848907219425 40.001834750537505, 115.89846744412505 40.002275, 115.89848907219425 40.00271524946249, 115.89855374811174 40.003151259081996, 115.89866084901305 40.00357882984753, 115.898809343458 40.003993844018886, 115.89899780136386 40.004392304782726, 115.89922440777801 40.00477037474407, 115.8994869803568 40.005124412882516, 115.89978299038273 40.00545100961725, 115.90010958711748 40.0057470196432, 115.90046362525592 40.00600959222198, 115.90084169521727 40.00623619863613, 115.90124015598111 40.006424656542, 115.90165517015247 40.00657315098694, 115.90208274091799 40.00668025188826, 115.9025187505375 40.00674492780575, 115.902959 40.006766555874954, 115.9033992494625 40.00674492780575, 115.903835259082 40.00668025188826, 115.90426282984753 40.00657315098694, 115.90467784401888 40.006424656542, 115.90507630478272 40.00623619863613, 115.90545437474407 40.00600959222198, 115.90580841288251 40.0057470196432, 115.90613500961726 40.00545100961725, 115.9064310196432 40.005124412882516, 115.90669359222198 40.00477037474407, 115.90692019863613 40.004392304782726, 115.907108656542 40.003993844018886, 115.90725715098694 40.00357882984753, 115.90736425188825 40.003151259081996, 115.90742892780574 40.00271524946249, 115.90745055587495 40.002275))",500.0
北京市劳动人民文化宫景区,3A,CONSTRUCTED,"POLYGON ((116.39735424469997 39.909296, 116.39733694224459 39.90894380043, 116.39728520151061 39.9085949927344, 116.39719952078956 39.908252936121976, 116.3970807252336 39.90792092478489, 116.3969299589089 39.907602156173816, 116.39674867377758 39.90729970020474, 116.39653861571456 39.907016469693986, 116.3963018076938 39.90675519230619, 116.39604053030601 39.906518384285434, 116.39575729979525 39.90630832622241, 116.39545484382617 39.90612704109109, 116.3951360752151 39.905976274766395, 116.39480406387803 39.90585747921045, 116.3944620072656 39.90577179848938, 116.39411319956999 39.905720057755396, 116.393761 39.905702755300034, 116.39340880043001 39.905720057755396, 116.3930599927344 39.90577179848938, 116.39271793612197 39.90585747921045, 116.39238592478489 39.905976274766395, 116.39206715617382 39.90612704109109, 116.39176470020475 39.90630832622241, 116.39148146969399 39.906518384285434, 116.39122019230619 39.90675519230619, 116.39098338428543 39.907016469693986, 116.39077332622242 39.90729970020474, 116.3905920410911 39.907602156173816, 116.3904412747664 39.90792092478489, 116.39032247921044 39.908252936121976, 116.39023679848938 39.9085949927344, 116.3901850577554 39.90894380043, 116.39016775530003 39.909296, 116.3901850577554 39.90964819956999, 116.39023679848938 39.909997007265595, 116.39032247921044 39.91033906387802, 116.3904412747664 39.910671075215106, 116.3905920410911 39.91098984382618, 116.39077332622242 39.91129229979526, 116.39098338428543 39.91157553030601, 116.39122019230619 39.9118368076938, 116.39148146969399 39.91207361571456, 116.39176470020475 39.91228367377759, 116.39206715617382 39.912464958908906, 116.39238592478489 39.9126157252336, 116.39271793612197 39.91273452078955, 116.3930599927344 39.91282020151061, 116.39340880043001 39.9128719422446, 116.393761 39.91288924469996, 116.39411319956999 39.9128719422446, 116.3944620072656 39.91282020151061, 116.39480406387803 39.91273452078955, 116.3951360752151 39.9126157252336, 116.39545484382617 39.912464958908906, 116.39575729979525 39.91228367377759, 116.39604053030601 39.91207361571456, 116.3963018076938 39.9118368076938, 116.39653861571456 39.91157553030601, 116.39674867377758 39.91129229979526, 116.3969299589089 39.91098984382618, 116.3970807252336 39.910671075215106, 116.39719952078956 39.91033906387802, 116.39728520151061 39.909997007265595, 116.39733694224459 39.90964819956999, 116.39735424469997 39.909296))",400.0
北京市宣南文化博物馆景区,3A,CONSTRUCTED,"POLYGON ((116.36059162234999 39.891448, 116.3605829711223 39.891271900215, 116.3605571007553 39.891097496367195, 116.36051426039478 39.89092646806098, 116.3604548626168 39.89076046239244, 116.36037947945445 39.89060107808691, 116.3602888368888 39.89044985010237, 116.36018380785728 39.89030823484699, 116.3600654038469 39.890177596153094, 116.35993476515301 39.890059192142715, 116.35979314989763 39.889954163111206, 116.3596419219131 39.889863520545546, 116.35948253760756 39.8897881373832, 116.35931653193902 39.88972873960522, 116.3591455036328 39.88968589924469, 116.358971099785 39.8896600288777, 116.358795 39.88965137765001, 116.358618900215 39.8896600288777, 116.3584444963672 39.88968589924469, 116.35827346806099 39.88972873960522, 116.35810746239244 39.8897881373832, 116.3579480780869 39.889863520545546, 116.35779685010237 39.889954163111206, 116.35765523484699 39.890059192142715, 116.3575245961531 39.890177596153094, 116.35740619214272 39.89030823484699, 116.3573011631112 39.89044985010237, 116.35721052054555 39.89060107808691, 116.3571351373832 39.89076046239244, 116.35707573960522 39.89092646806098, 116.3570328992447 39.891097496367195, 116.3570070288777 39.891271900215, 116.35699837765002 39.891448, 116.3570070288777 39.89162409978499, 116.3570328992447 39.8917985036328, 116.35707573960522 39.89196953193901, 116.3571351373832 39.89213553760755, 116.35721052054555 39.892294921913084, 116.3573011631112 39.89244614989762, 116.35740619214272 39.892587765153, 116.3575245961531 39.8927184038469, 116.35765523484699 39.89283680785728, 116.35779685010237 39.89294183688879, 116.3579480780869 39.89303247945445, 116.35810746239244 39.893107862616795, 116.35827346806099 39.893167260394776, 116.3584444963672 39.893210100755304, 116.358618900215 39.893235971122294, 116.358795 39.89324462234998, 116.358971099785 39.893235971122294, 116.3591455036328 39.893210100755304, 116.35931653193902 39.893167260394776, 116.35948253760756 39.893107862616795, 116.3596419219131 39.89303247945445, 116.35979314989763 39.89294183688879, 116.35993476515301 39.89283680785728, 116.3600654038469 39.8927184038469, 116.36018380785728 39.892587765153, 116.3602888368888 39.89244614989762, 116.36037947945445 39.892294921913084, 116.3604548626168 39.89213553760755, 116.36051426039478 39.89196953193901, 116.3605571007553 39.8917985036328, 116.3605829711223 39.89162409978499, 116.36059162234999 39.891448))",200.0
北京市密云云岫谷游猎自然风景区,2A,CONSTRUCTED,"POLYGON ((117.38620611174991 40.598909, 117.3861628556115 40.598028501075014, 117.38603350377653 40.597156481836, 117.38581930197388 40.59630134030493, 117.38552231308401 40.59547131196222, 117.38514539727227 40.59467439043455, 117.38469218444396 40.59391825051186, 117.38416703928641 40.59321017423496, 117.38357501923451 40.59255698076548, 117.38292182576504 40.59196496071359, 117.38221374948814 40.59143981555603, 117.38145760956546 40.59098660272774, 117.38066068803778 40.590609686916, 117.37983065969506 40.59031269802612, 117.378975518164 40.59009849622347, 117.37810349892499 40.5899691443885, 117.377223 40.589925888250086, 117.37634250107502 40.5899691443885, 117.375470481836 40.59009849622347, 117.37461534030494 40.59031269802612, 117.37378531196222 40.590609686916, 117.37298839043454 40.59098660272774, 117.37223225051186 40.59143981555603, 117.37152417423496 40.59196496071359, 117.37087098076549 40.59255698076548, 117.37027896071359 40.59321017423496, 117.36975381555604 40.59391825051186, 117.36930060272773 40.59467439043455, 117.36892368691599 40.59547131196222, 117.36862669802612 40.59630134030493, 117.36841249622347 40.597156481836, 117.3682831443885 40.598028501075014, 117.36823988825009 40.598909, 117.3682831443885 40.599789498924984, 117.36841249622347 40.600661518163996, 117.36862669802612 40.601516659695065, 117.36892368691599 40.60234668803778, 117.36930060272773 40.60314360956545, 117.36975381555604 40.603899749488136, 117.37027896071359 40.60460782576504, 117.37087098076549 40.60526101923452, 117.37152417423496 40.60585303928641, 117.37223225051186 40.60637818444397, 117.37298839043454 40.60683139727226, 117.37378531196222 40.607208313084, 117.37461534030494 40.60750530197388, 117.375470481836 40.60771950377653, 117.37634250107502 40.6078488556115, 117.377223 40.60789211174991, 117.37810349892499 40.6078488556115, 117.378975518164 40.60771950377653, 117.37983065969506 40.60750530197388, 117.38066068803778 40.607208313084, 117.38145760956546 40.60683139727226, 117.38221374948814 40.60637818444397, 117.38292182576504 40.60585303928641, 117.38357501923451 40.60526101923452, 117.38416703928641 40.60460782576504, 117.38469218444396 40.603899749488136, 117.38514539727227 40.60314360956545, 117.38552231308401 40.60234668803778, 117.38581930197388 40.601516659695065, 117.38603350377653 40.600661518163996, 117.3861628556115 40.599789498924984, 117.38620611174991 40.598909))",1000.0
北京市密云区云龙涧景区,3A,NOT_FOUND,,
北京市平谷区丫髻山景区,4A,CONSTRUCTED,"POLYGON ((116.98395111174992 40.271879, 116.9839078556115 40.27099850107501, 116.98377850377653 40.270126481836, 116.98356430197389 40.26927134030493, 116.98326731308401 40.26844131196222, 116.98289039727227 40.26764439043455, 116.98243718444397 40.26688825051186, 116.98191203928641 40.26618017423496, 116.98132001923452 40.26552698076548, 116.98066682576504 40.26493496071359, 116.97995874948815 40.26440981555603, 116.97920260956546 40.26395660272774, 116.97840568803778 40.263579686915996, 116.97757565969506 40.26328269802612, 116.976720518164 40.26306849622347, 116.97584849892499 40.2629391443885, 116.974968 40.262895888250085, 116.97408750107502 40.2629391443885, 116.97321548183601 40.26306849622347, 116.97236034030495 40.26328269802612, 116.97153031196223 40.263579686915996, 116.97073339043455 40.26395660272774, 116.96997725051186 40.26440981555603, 116.96926917423497 40.26493496071359, 116.96861598076549 40.26552698076548, 116.9680239607136 40.26618017423496, 116.96749881555604 40.26688825051186, 116.96704560272774 40.26764439043455, 116.966668686916 40.26844131196222, 116.96637169802612 40.26927134030493, 116.96615749622347 40.270126481836, 116.9660281443885 40.27099850107501, 116.96598488825009 40.271879, 116.9660281443885 40.272759498924984, 116.96615749622347 40.273631518163995, 116.96637169802612 40.274486659695064, 116.966668686916 40.275316688037776, 116.96704560272774 40.27611360956545, 116.96749881555604 40.276869749488135, 116.9680239607136 40.277577825765036, 116.96861598076549 40.27823101923452, 116.96926917423497 40.27882303928641, 116.96997725051186 40.27934818444397, 116.97073339043455 40.27980139727226, 116.97153031196223 40.280178313084, 116.97236034030495 40.28047530197388, 116.97321548183601 40.28068950377653, 116.97408750107502 40.2808188556115, 116.974968 40.28086211174991, 116.97584849892499 40.2808188556115, 116.976720518164 40.28068950377653, 116.97757565969506 40.28047530197388, 116.97840568803778 40.280178313084, 116.97920260956546 40.27980139727226, 116.97995874948815 40.27934818444397, 116.98066682576504 40.27882303928641, 116.98132001923452 40.27823101923452, 116.98191203928641 40.277577825765036, 116.98243718444397 40.276869749488135, 116.98289039727227 40.27611360956545, 116.98326731308401 40.275316688037776, 116.98356430197389 40.274486659695064, 116.98377850377653 40.273631518163995, 116.9839078556115 40.272759498924984, 116.98395111174992 40.271879))",1000.0
北京市平谷区湖洞水景区,2A,NOT_FOUND,,
北京市延庆区双秀湖星谷景区,1A,NOT_FOUND,,
北京市怀柔区九谷口自然风景区,3A,CONSTRUCTED,"POLYGON ((116.65159511174991 40.450625, 116.6515518556115 40.44974450107502, 116.65142250377653 40.448872481836005, 116.65120830197388 40.448017340304936, 116.65091131308401 40.447187311962224, 116.65053439727227 40.44639039043455, 116.65008118444396 40.445634250511866, 116.64955603928641 40.444926174234965, 116.64896401923451 40.44427298076548, 116.64831082576504 40.44368096071359, 116.64760274948814 40.44315581555603, 116.64684660956546 40.44270260272774, 116.64604968803778 40.442325686916, 116.64521965969506 40.44202869802612, 116.644364518164 40.44181449622347, 116.64349249892499 40.4416851443885, 116.642612 40.44164188825009, 116.64173150107501 40.4416851443885, 116.640859481836 40.44181449622347, 116.64000434030494 40.44202869802612, 116.63917431196222 40.442325686916, 116.63837739043454 40.44270260272774, 116.63762125051186 40.44315581555603, 116.63691317423496 40.44368096071359, 116.63625998076549 40.44427298076548, 116.63566796071359 40.444926174234965, 116.63514281555604 40.445634250511866, 116.63468960272773 40.44639039043455, 116.63431268691599 40.447187311962224, 116.63401569802612 40.448017340304936, 116.63380149622347 40.448872481836005, 116.6336721443885 40.44974450107502, 116.63362888825009 40.450625, 116.6336721443885 40.45150549892499, 116.63380149622347 40.452377518164, 116.63401569802612 40.45323265969507, 116.63431268691599 40.45406268803778, 116.63468960272773 40.45485960956545, 116.63514281555604 40.45561574948814, 116.63566796071359 40.45632382576504, 116.63625998076549 40.45697701923452, 116.63691317423496 40.45756903928641, 116.63762125051186 40.45809418444397, 116.63837739043454 40.45854739727226, 116.63917431196222 40.458924313084005, 116.64000434030494 40.459221301973884, 116.640859481836 40.45943550377653, 116.64173150107501 40.459564855611504, 116.642612 40.459608111749915, 116.64349249892499 40.459564855611504, 116.644364518164 40.45943550377653, 116.64521965969506 40.459221301973884, 116.64604968803778 40.458924313084005, 116.64684660956546 40.45854739727226, 116.64760274948814 40.45809418444397, 116.64831082576504 40.45756903928641, 116.64896401923451 40.45697701923452, 116.64955603928641 40.45632382576504, 116.65008118444396 40.45561574948814, 116.65053439727227 40.45485960956545, 116.65091131308401 40.45406268803778, 116.65120830197388 40.45323265969507, 116.65142250377653 40.452377518164, 116.6515518556115 40.45150549892499, 116.65159511174991 40.450625))",1000.0
北京市怀柔区生存岛新概念旅游基地景区,3A,CONSTRUCTED,"POLYGON ((116.63901624469997 40.363892, 116.6389989422446 40.363539800430004, 116.63894720151062 40.3631909927344, 116.63886152078956 40.36284893612198, 116.6387427252336 40.36251692478489, 116.6385919589089 40.36219815617382, 116.63841067377759 40.36189570020474, 116.63820061571457 40.36161246969399, 116.63796380769381 40.361351192306195, 116.63770253030602 40.361114384285436, 116.63741929979525 40.36090432622241, 116.63711684382618 40.36072304109109, 116.63679807521511 40.3605722747664, 116.63646606387803 40.36045347921045, 116.63612400726561 40.360367798489385, 116.63577519956999 40.3603160577554, 116.635423 40.360298755300036, 116.63507080043001 40.3603160577554, 116.6347219927344 40.360367798489385, 116.63437993612197 40.36045347921045, 116.6340479247849 40.3605722747664, 116.63372915617383 40.36072304109109, 116.63342670020475 40.36090432622241, 116.63314346969399 40.361114384285436, 116.6328821923062 40.361351192306195, 116.63264538428544 40.36161246969399, 116.63243532622242 40.36189570020474, 116.6322540410911 40.36219815617382, 116.63210327476641 40.36251692478489, 116.63198447921044 40.36284893612198, 116.63189879848939 40.3631909927344, 116.63184705775541 40.363539800430004, 116.63182975530003 40.363892, 116.63184705775541 40.364244199569995, 116.63189879848939 40.3645930072656, 116.63198447921044 40.36493506387802, 116.63210327476641 40.36526707521511, 116.6322540410911 40.36558584382618, 116.63243532622242 40.36588829979526, 116.63264538428544 40.36617153030601, 116.6328821923062 40.366432807693805, 116.63314346969399 40.366669615714564, 116.63342670020475 40.36687967377759, 116.63372915617383 40.36706095890891, 116.6340479247849 40.3672117252336, 116.63437993612197 40.36733052078955, 116.6347219927344 40.367416201510615, 116.63507080043001 40.3674679422446, 116.635423 40.367485244699964, 116.63577519956999 40.3674679422446, 116.63612400726561 40.367416201510615, 116.63646606387803 40.36733052078955, 116.63679807521511 40.3672117252336, 116.63711684382618 40.36706095890891, 116.63741929979525 40.36687967377759, 116.63770253030602 40.366669615714564, 116.63796380769381 40.366432807693805, 116.63820061571457 40.36617153030601, 116.63841067377759 40.36588829979526, 116.6385919589089 40.36558584382618, 116.6387427252336 40.36526707521511, 116.63886152078956 40.36493506387802, 116.63894720151062 40.3645930072656, 116.6389989422446 40.364244199569995, 116.63901624469997 40.363892))",400.0
北京市怀柔区红螺寺景区,4A,CONSTRUCTED,"POLYGON ((116.62157993352498 40.38298, 116.62156695668345 40.382715850322505, 116.62152815113296 40.38245424455081, 116.62146389059217 40.38219770209148, 116.62137479392521 40.38194869358867, 116.62126171918169 40.38170961713037, 116.6211257553332 40.381482775153565, 116.62096821178592 40.38127035227049, 116.62079060577037 40.38107439422965, 116.62059464772952 40.38089678821408, 116.62038222484645 40.38073924466681, 116.62015538286964 40.38060328081833, 116.61991630641134 40.3804902060748, 116.61966729790852 40.38040110940784, 116.61941075544921 40.380336848867046, 116.6191491496775 40.38029804331655, 116.618885 40.38028506647503, 116.61862085032251 40.38029804331655, 116.6183592445508 40.380336848867046, 116.61810270209149 40.38040110940784, 116.61785369358867 40.3804902060748, 116.61761461713037 40.38060328081833, 116.61738777515356 40.38073924466681, 116.6171753522705 40.38089678821408, 116.61697939422965 40.38107439422965, 116.61680178821409 40.38127035227049, 116.61664424466682 40.381482775153565, 116.61650828081832 40.38170961713037, 116.6163952060748 40.38194869358867, 116.61630610940784 40.38219770209148, 116.61624184886705 40.38245424455081, 116.61620304331656 40.382715850322505, 116.61619006647503 40.38298, 116.61620304331656 40.3832441496775, 116.61624184886705 40.3835057554492, 116.61630610940784 40.383762297908525, 116.6163952060748 40.38401130641134, 116.61650828081832 40.38425038286964, 116.61664424466682 40.38447722484644, 116.61680178821409 40.384689647729516, 116.61697939422965 40.38488560577036, 116.6171753522705 40.385063211785926, 116.61738777515356 40.385220755333194, 116.61761461713037 40.38535671918168, 116.61785369358867 40.3854697939252, 116.61810270209149 40.385558890592165, 116.6183592445508 40.38562315113296, 116.61862085032251 40.38566195668346, 116.618885 40.385674933524975, 116.6191491496775 40.38566195668346, 116.61941075544921 40.38562315113296, 116.61966729790852 40.385558890592165, 116.61991630641134 40.3854697939252, 116.62015538286964 40.38535671918168, 116.62038222484645 40.385220755333194, 116.62059464772952 40.385063211785926, 116.62079060577037 40.38488560577036, 116.62096821178592 40.384689647729516, 116.6211257553332 40.38447722484644, 116.62126171918169 40.38425038286964, 116.62137479392521 40.38401130641134, 116.62146389059217 40.383762297908525, 116.62152815113296 40.3835057554492, 116.62156695668345 40.3832441496775, 116.62157993352498 40.38298))",300.0
北京市房山区云居寺景区,4A,CONSTRUCTED,"POLYGON ((115.77098893352498 39.607877, 115.77097595668344 39.607612850322504, 115.77093715113296 39.607351244550806, 115.77087289059216 39.60709470209148, 115.7707837939252 39.60684569358867, 115.77067071918168 39.60660661713037, 115.77053475533319 39.60637977515356, 115.77037721178591 39.60616735227049, 115.77019960577036 39.60597139422965, 115.77000364772951 39.60579378821408, 115.76979122484644 39.60563624466681, 115.76956438286963 39.605500280818326, 115.76932530641133 39.6053872060748, 115.76907629790851 39.60529810940784, 115.7688197554492 39.605233848867044, 115.76855814967749 39.60519504331655, 115.768294 39.60518206647503, 115.7680298503225 39.60519504331655, 115.7677682445508 39.605233848867044, 115.76751170209148 39.60529810940784, 115.76726269358866 39.6053872060748, 115.76702361713036 39.605500280818326, 115.76679677515355 39.60563624466681, 115.76658435227048 39.60579378821408, 115.76638839422964 39.60597139422965, 115.76621078821408 39.60616735227049, 115.76605324466681 39.60637977515356, 115.76591728081831 39.60660661713037, 115.76580420607479 39.60684569358867, 115.76571510940784 39.60709470209148, 115.76565084886704 39.607351244550806, 115.76561204331655 39.607612850322504, 115.76559906647502 39.607877, 115.76561204331655 39.6081411496775, 115.76565084886704 39.6084027554492, 115.76571510940784 39.608659297908524, 115.76580420607479 39.60890830641134, 115.76591728081831 39.60914738286964, 115.76605324466681 39.60937422484644, 115.76621078821408 39.609586647729515, 115.76638839422964 39.609782605770356, 115.76658435227048 39.609960211785925, 115.76679677515355 39.61011775533319, 115.76702361713036 39.61025371918168, 115.76726269358866 39.6103667939252, 115.76751170209148 39.61045589059216, 115.7677682445508 39.61052015113296, 115.7680298503225 39.610558956683455, 115.768294 39.61057193352497, 115.76855814967749 39.610558956683455, 115.7688197554492 39.61052015113296, 115.76907629790851 39.61045589059216, 115.76932530641133 39.6103667939252, 115.76956438286963 39.61025371918168, 115.76979122484644 39.61011775533319, 115.77000364772951 39.609960211785925, 115.77019960577036 39.609782605770356, 115.77037721178591 39.609586647729515, 115.77053475533319 39.60937422484644, 115.77067071918168 39.60914738286964, 115.7707837939252 39.60890830641134, 115.77087289059216 39.608659297908524, 115.77093715113296 39.6084027554492, 115.77097595668344 39.6081411496775, 115.77098893352498 39.607877))",300.0
北京市房山区周口店遗址景区,4A,NOT_FOUND,,
北京市房山区石花洞景区,4A,CONSTRUCTED,"POLYGON ((115.94280286704995 39.796453, 115.94277691336691 39.79592470064501, 115.94269930226592 39.7954014891016, 115.94257078118433 39.79488840418296, 115.9423925878504 39.79439038717734, 115.94216643836336 39.79391223426073, 115.94189451066639 39.793458550307115, 115.94157942357185 39.79303370454098, 115.94122421154071 39.79264178845929, 115.94083229545903 39.792286576428154, 115.94040744969288 39.79197148933362, 115.93995376573928 39.79169956163664, 115.93947561282268 39.7914734121496, 115.93897759581705 39.79129521881567, 115.9384645108984 39.791166697734084, 115.937941299355 39.7910890866331, 115.937413 39.79106313295005, 115.93688470064501 39.7910890866331, 115.93636148910161 39.791166697734084, 115.93584840418296 39.79129521881567, 115.93535038717734 39.7914734121496, 115.93487223426074 39.79169956163664, 115.93441855030713 39.79197148933362, 115.93399370454098 39.792286576428154, 115.9336017884593 39.79264178845929, 115.93324657642816 39.79303370454098, 115.93293148933363 39.793458550307115, 115.93265956163665 39.79391223426073, 115.9324334121496 39.79439038717734, 115.93225521881568 39.79488840418296, 115.93212669773409 39.7954014891016, 115.9320490866331 39.79592470064501, 115.93202313295006 39.796453, 115.9320490866331 39.79698129935499, 115.93212669773409 39.7975045108984, 115.93225521881568 39.798017595817036, 115.9324334121496 39.79851561282266, 115.93265956163665 39.79899376573927, 115.93293148933363 39.799447449692885, 115.93324657642816 39.79987229545902, 115.9336017884593 39.80026421154071, 115.93399370454098 39.800619423571845, 115.93441855030713 39.80093451066638, 115.93487223426074 39.80120643836336, 115.93535038717734 39.8014325878504, 115.93584840418296 39.80161078118433, 115.93636148910161 39.801739302265915, 115.93688470064501 39.8018169133669, 115.937413 39.80184286704995, 115.937941299355 39.8018169133669, 115.9384645108984 39.801739302265915, 115.93897759581705 39.80161078118433, 115.93947561282268 39.8014325878504, 115.93995376573928 39.80120643836336, 115.94040744969288 39.80093451066638, 115.94083229545903 39.800619423571845, 115.94122421154071 39.80026421154071, 115.94157942357185 39.79987229545902, 115.94189451066639 39.799447449692885, 115.94216643836336 39.79899376573927, 115.9423925878504 39.79851561282266, 115.94257078118433 39.798017595817036, 115.94269930226592 39.7975045108984, 115.94277691336691 39.79698129935499, 115.94280286704995 39.796453))",600.0
北京市房山区韩村河景区,3A,CONSTRUCTED,"POLYGON ((115.95150624469997 39.60096, 115.9514889422446 39.600607800430005, 115.95143720151061 39.6002589927344, 115.95135152078956 39.59991693612198, 115.9512327252336 39.59958492478489, 115.9510819589089 39.59926615617382, 115.95090067377758 39.59896370020474, 115.95069061571456 39.59868046969399, 115.9504538076938 39.598419192306196, 115.95019253030601 39.59818238428544, 115.94990929979525 39.59797232622241, 115.94960684382617 39.59779104109109, 115.94928807521511 39.5976402747664, 115.94895606387803 39.59752147921045, 115.9486140072656 39.597435798489386, 115.94826519956999 39.5973840577554, 115.947913 39.59736675530004, 115.94756080043001 39.5973840577554, 115.9472119927344 39.597435798489386, 115.94686993612197 39.59752147921045, 115.94653792478489 39.5976402747664, 115.94621915617383 39.59779104109109, 115.94591670020475 39.59797232622241, 115.94563346969399 39.59818238428544, 115.9453721923062 39.598419192306196, 115.94513538428544 39.59868046969399, 115.94492532622242 39.59896370020474, 115.9447440410911 39.59926615617382, 115.9445932747664 39.59958492478489, 115.94447447921044 39.59991693612198, 115.94438879848938 39.6002589927344, 115.9443370577554 39.600607800430005, 115.94431975530003 39.60096, 115.9443370577554 39.601312199569996, 115.94438879848938 39.6016610072656, 115.94447447921044 39.60200306387802, 115.9445932747664 39.60233507521511, 115.9447440410911 39.60265384382618, 115.94492532622242 39.60295629979526, 115.94513538428544 39.60323953030601, 115.9453721923062 39.603500807693806, 115.94563346969399 39.603737615714564, 115.94591670020475 39.60394767377759, 115.94621915617383 39.60412895890891, 115.94653792478489 39.6042797252336, 115.94686993612197 39.60439852078955, 115.9472119927344 39.604484201510616, 115.94756080043001 39.6045359422446, 115.947913 39.604553244699964, 115.94826519956999 39.6045359422446, 115.9486140072656 39.604484201510616, 115.94895606387803 39.60439852078955, 115.94928807521511 39.6042797252336, 115.94960684382617 39.60412895890891, 115.94990929979525 39.60394767377759, 115.95019253030601 39.603737615714564, 115.9504538076938 39.603500807693806, 115.95069061571456 39.60323953030601, 115.95090067377758 39.60295629979526, 115.9510819589089 39.60265384382618, 115.9512327252336 39.60233507521511, 115.95135152078956 39.60200306387802, 115.95143720151061 39.6016610072656, 115.9514889422446 39.601312199569996, 115.95150624469997 39.60096))",400.0
北京市昌平区南口镇艺麓园景区,3A,CONSTRUCTED,"POLYGON ((116.14817424469997 40.241583, 116.1481569422446 40.24123080043, 116.14810520151062 40.2408819927344, 116.14801952078956 40.240539936121976, 116.1479007252336 40.24020792478489, 116.1477499589089 40.23988915617382, 116.14756867377758 40.23958670020474, 116.14735861571457 40.239303469693986, 116.14712180769381 40.239042192306194, 116.14686053030601 40.238805384285435, 116.14657729979525 40.23859532622241, 116.14627484382618 40.23841404109109, 116.14595607521511 40.238263274766396, 116.14562406387803 40.23814447921045, 116.1452820072656 40.238058798489384, 116.14493319956999 40.2380070577554, 116.144581 40.237989755300035, 116.14422880043001 40.2380070577554, 116.1438799927344 40.238058798489384, 116.14353793612197 40.23814447921045, 116.1432059247849 40.238263274766396, 116.14288715617383 40.23841404109109, 116.14258470020475 40.23859532622241, 116.14230146969399 40.238805384285435, 116.1420401923062 40.239042192306194, 116.14180338428544 40.239303469693986, 116.14159332622242 40.23958670020474, 116.1414120410911 40.23988915617382, 116.1412612747664 40.24020792478489, 116.14114247921044 40.240539936121976, 116.14105679848939 40.2408819927344, 116.14100505775541 40.24123080043, 116.14098775530003 40.241583, 116.14100505775541 40.241935199569994, 116.14105679848939 40.242284007265596, 116.14114247921044 40.24262606387802, 116.1412612747664 40.24295807521511, 116.1414120410911 40.24327684382618, 116.14159332622242 40.24357929979526, 116.14180338428544 40.24386253030601, 116.1420401923062 40.2441238076938, 116.14230146969399 40.24436061571456, 116.14258470020475 40.24457067377759, 116.14288715617383 40.24475195890891, 116.1432059247849 40.2449027252336, 116.14353793612197 40.24502152078955, 116.1438799927344 40.24510720151061, 116.14422880043001 40.2451589422446, 116.144581 40.24517624469996, 116.14493319956999 40.2451589422446, 116.1452820072656 40.24510720151061, 116.14562406387803 40.24502152078955, 116.14595607521511 40.2449027252336, 116.14627484382618 40.24475195890891, 116.14657729979525 40.24457067377759, 116.14686053030601 40.24436061571456, 116.14712180769381 40.2441238076938, 116.14735861571457 40.24386253030601, 116.14756867377758 40.24357929979526, 116.1477499589089 40.24327684382618, 116.1479007252336 40.24295807521511, 116.14801952078956 40.24262606387802, 116.14810520151062 40.242284007265596, 116.1481569422446 40.241935199569994, 116.14817424469997 40.241583))",400.0
北京市昌平虎峪自然风景区,2A,CONSTRUCTED,"POLYGON ((116.10400224469997 40.323754, 116.1039849422446 40.323401800430005, 116.10393320151061 40.323052992734404, 116.10384752078956 40.32271093612198, 116.1037287252336 40.32237892478489, 116.1035779589089 40.32206015617382, 116.10339667377758 40.32175770020474, 116.10318661571456 40.32147446969399, 116.1029498076938 40.321213192306196, 116.10268853030601 40.32097638428544, 116.10240529979525 40.32076632622241, 116.10210284382617 40.32058504109109, 116.10178407521511 40.3204342747664, 116.10145206387803 40.32031547921045, 116.1011100072656 40.320229798489386, 116.10076119956999 40.3201780577554, 116.100409 40.32016075530004, 116.10005680043001 40.3201780577554, 116.0997079927344 40.320229798489386, 116.09936593612197 40.32031547921045, 116.09903392478489 40.3204342747664, 116.09871515617382 40.32058504109109, 116.09841270020475 40.32076632622241, 116.09812946969399 40.32097638428544, 116.0978681923062 40.321213192306196, 116.09763138428544 40.32147446969399, 116.09742132622242 40.32175770020474, 116.0972400410911 40.32206015617382, 116.0970892747664 40.32237892478489, 116.09697047921044 40.32271093612198, 116.09688479848938 40.323052992734404, 116.0968330577554 40.323401800430005, 116.09681575530003 40.323754, 116.0968330577554 40.32410619957, 116.09688479848938 40.3244550072656, 116.09697047921044 40.32479706387802, 116.0970892747664 40.32512907521511, 116.0972400410911 40.32544784382618, 116.09742132622242 40.32575029979526, 116.09763138428544 40.32603353030601, 116.0978681923062 40.326294807693806, 116.09812946969399 40.326531615714565, 116.09841270020475 40.32674167377759, 116.09871515617382 40.32692295890891, 116.09903392478489 40.3270737252336, 116.09936593612197 40.32719252078955, 116.0997079927344 40.327278201510616, 116.10005680043001 40.3273299422446, 116.100409 40.327347244699965, 116.10076119956999 40.3273299422446, 116.1011100072656 40.327278201510616, 116.10145206387803 40.32719252078955, 116.10178407521511 40.3270737252336, 116.10210284382617 40.32692295890891, 116.10240529979525 40.32674167377759, 116.10268853030601 40.326531615714565, 116.1029498076938 40.326294807693806, 116.10318661571456 40.32603353030601, 116.10339667377758 40.32575029979526, 116.1035779589089 40.32544784382618, 116.1037287252336 40.32512907521511, 116.10384752078956 40.32479706387802, 116.10393320151061 40.3244550072656, 116.1039849422446 40.32410619957, 116.10400224469997 40.323754))",400.0
北京市朝阳区京城梨园景区,3A,CONSTRUCTED,"POLYGON ((116.54852224469997 39.932751, 116.54850494224459 39.93239880043001, 116.54845320151061 39.932049992734406, 116.54836752078955 39.93170793612198, 116.54824872523359 39.931375924784895, 116.5480979589089 39.93105715617382, 116.54791667377758 39.930754700204744, 116.54770661571456 39.93047146969399, 116.5474698076938 39.9302101923062, 116.54720853030601 39.92997338428544, 116.54692529979525 39.929763326222414, 116.54662284382617 39.929582041091095, 116.5463040752151 39.9294312747664, 116.54597206387803 39.92931247921045, 116.5456300072656 39.92922679848939, 116.54528119956998 39.9291750577554, 116.544929 39.92915775530004, 116.54457680043001 39.9291750577554, 116.54422799273439 39.92922679848939, 116.54388593612197 39.92931247921045, 116.54355392478489 39.9294312747664, 116.54323515617382 39.929582041091095, 116.54293270020474 39.929763326222414, 116.54264946969398 39.92997338428544, 116.54238819230619 39.9302101923062, 116.54215138428543 39.93047146969399, 116.54194132622241 39.930754700204744, 116.5417600410911 39.93105715617382, 116.5416092747664 39.931375924784895, 116.54149047921044 39.93170793612198, 116.54140479848938 39.932049992734406, 116.5413530577554 39.93239880043001, 116.54133575530003 39.932751, 116.5413530577554 39.93310319957, 116.54140479848938 39.9334520072656, 116.54149047921044 39.933794063878025, 116.5416092747664 39.93412607521511, 116.5417600410911 39.934444843826185, 116.54194132622241 39.93474729979526, 116.54215138428543 39.935030530306015, 116.54238819230619 39.93529180769381, 116.54264946969398 39.93552861571457, 116.54293270020474 39.93573867377759, 116.54323515617382 39.93591995890891, 116.54355392478489 39.936070725233606, 116.54388593612197 39.936189520789554, 116.54422799273439 39.93627520151062, 116.54457680043001 39.936326942244605, 116.544929 39.93634424469997, 116.54528119956998 39.936326942244605, 116.5456300072656 39.93627520151062, 116.54597206387803 39.936189520789554, 116.5463040752151 39.936070725233606, 116.54662284382617 39.93591995890891, 116.54692529979525 39.93573867377759, 116.54720853030601 39.93552861571457, 116.5474698076938 39.93529180769381, 116.54770661571456 39.935030530306015, 116.54791667377758 39.93474729979526, 116.5480979589089 39.934444843826185, 116.54824872523359 39.93412607521511, 116.54836752078955 39.933794063878025, 116.54845320151061 39.9334520072656, 116.54850494224459 39.93310319957, 116.54852224469997 39.932751))",400.0
北京市朝阳区古塔公园景区,3A,CONSTRUCTED,"POLYGON ((116.53396555587494 39.877229, 116.53394392780574 39.87678875053751, 116.53387925188825 39.876352740918, 116.53377215098693 39.87592517015247, 116.53362365654199 39.87551015598111, 116.53343519863613 39.87511169521727, 116.53320859222198 39.87473362525593, 116.53294601964319 39.87437958711748, 116.53265000961726 39.874052990382744, 116.5323234128825 39.873756980356795, 116.53196937474407 39.87349440777802, 116.53159130478272 39.873267801363866, 116.53119284401888 39.873079343457995, 116.53077782984752 39.87293084901306, 116.530350259082 39.872823748111735, 116.5299142494625 39.87275907219425, 116.529474 39.87273744412504, 116.5290337505375 39.87275907219425, 116.52859774091799 39.872823748111735, 116.52817017015246 39.87293084901306, 116.52775515598111 39.873079343457995, 116.52735669521726 39.873267801363866, 116.52697862525592 39.87349440777802, 116.52662458711748 39.873756980356795, 116.52629799038273 39.874052990382744, 116.5260019803568 39.87437958711748, 116.525739407778 39.87473362525593, 116.52551280136386 39.87511169521727, 116.525324343458 39.87551015598111, 116.52517584901305 39.87592517015247, 116.52506874811174 39.876352740918, 116.52500407219425 39.87678875053751, 116.52498244412504 39.877229, 116.52500407219425 39.87766924946249, 116.52506874811174 39.878105259082, 116.52517584901305 39.87853282984753, 116.525324343458 39.87894784401889, 116.52551280136386 39.87934630478273, 116.525739407778 39.87972437474407, 116.5260019803568 39.88007841288252, 116.52629799038273 39.880405009617256, 116.52662458711748 39.880701019643205, 116.52697862525592 39.88096359222198, 116.52735669521726 39.88119019863613, 116.52775515598111 39.881378656542005, 116.52817017015246 39.88152715098694, 116.52859774091799 39.881634251888265, 116.5290337505375 39.88169892780575, 116.529474 39.881720555874956, 116.5299142494625 39.88169892780575, 116.530350259082 39.881634251888265, 116.53077782984752 39.88152715098694, 116.53119284401888 39.881378656542005, 116.53159130478272 39.88119019863613, 116.53196937474407 39.88096359222198, 116.5323234128825 39.880701019643205, 116.53265000961726 39.880405009617256, 116.53294601964319 39.88007841288252, 116.53320859222198 39.87972437474407, 116.53343519863613 39.87934630478273, 116.53362365654199 39.87894784401889, 116.53377215098693 39.87853282984753, 116.53387925188825 39.878105259082, 116.53394392780574 39.87766924946249, 116.53396555587494 39.877229))",500.0
北京市朝阳区四得公园景区,3A,CONSTRUCTED,"POLYGON ((116.47287055587495 39.971044, 116.47284892780574 39.97060375053751, 116.47278425188826 39.970167740918, 116.47267715098694 39.96974017015247, 116.472528656542 39.96932515598111, 116.47234019863613 39.96892669521727, 116.47211359222199 39.96854862525593, 116.4718510196432 39.96819458711748, 116.47155500961726 39.96786799038274, 116.47122841288251 39.967571980356794, 116.47087437474407 39.96730940777802, 116.47049630478273 39.967082801363865, 116.47009784401888 39.966894343457994, 116.46968282984753 39.96674584901306, 116.469255259082 39.966638748111734, 116.4688192494625 39.96657407219425, 116.468379 39.96655244412504, 116.4679387505375 39.96657407219425, 116.467502740918 39.966638748111734, 116.46707517015247 39.96674584901306, 116.46666015598112 39.966894343457994, 116.46626169521727 39.967082801363865, 116.46588362525593 39.96730940777802, 116.46552958711749 39.967571980356794, 116.46520299038274 39.96786799038274, 116.4649069803568 39.96819458711748, 116.46464440777801 39.96854862525593, 116.46441780136387 39.96892669521727, 116.464229343458 39.96932515598111, 116.46408084901306 39.96974017015247, 116.46397374811174 39.970167740918, 116.46390907219426 39.97060375053751, 116.46388744412505 39.971044, 116.46390907219426 39.97148424946249, 116.46397374811174 39.971920259082, 116.46408084901306 39.97234782984753, 116.464229343458 39.97276284401889, 116.46441780136387 39.97316130478273, 116.46464440777801 39.97353937474407, 116.4649069803568 39.97389341288252, 116.46520299038274 39.974220009617255, 116.46552958711749 39.974516019643204, 116.46588362525593 39.97477859222198, 116.46626169521727 39.97500519863613, 116.46666015598112 39.975193656542004, 116.46707517015247 39.97534215098694, 116.467502740918 39.975449251888264, 116.4679387505375 39.97551392780575, 116.468379 39.975535555874956, 116.4688192494625 39.97551392780575, 116.469255259082 39.975449251888264, 116.46968282984753 39.97534215098694, 116.47009784401888 39.975193656542004, 116.47049630478273 39.97500519863613, 116.47087437474407 39.97477859222198, 116.47122841288251 39.974516019643204, 116.47155500961726 39.974220009617255, 116.4718510196432 39.97389341288252, 116.47211359222199 39.97353937474407, 116.47234019863613 39.97316130478273, 116.472528656542 39.97276284401889, 116.47267715098694 39.97234782984753, 116.47278425188826 39.971920259082, 116.47284892780574 39.97148424946249, 116.47287055587495 39.971044))",500.0
北京市朝阳区庆丰公园景区,3A,CONSTRUCTED,"POLYGON ((116.46231655587495 39.902088, 116.46229492780574 39.90164775053751, 116.46223025188826 39.901211740918, 116.46212315098694 39.90078417015247, 116.461974656542 39.90036915598111, 116.46178619863613 39.89997069521727, 116.46155959222199 39.89959262525593, 116.4612970196432 39.89923858711748, 116.46100100961726 39.89891199038274, 116.46067441288251 39.898615980356794, 116.46032037474407 39.89835340777802, 116.45994230478273 39.898126801363865, 116.45954384401888 39.897938343457994, 116.45912882984753 39.89778984901306, 116.458701259082 39.897682748111734, 116.4582652494625 39.89761807219425, 116.457825 39.89759644412504, 116.4573847505375 39.89761807219425, 116.456948740918 39.897682748111734, 116.45652117015247 39.89778984901306, 116.45610615598112 39.897938343457994, 116.45570769521727 39.898126801363865, 116.45532962525593 39.89835340777802, 116.45497558711749 39.898615980356794, 116.45464899038274 39.89891199038274, 116.4543529803568 39.89923858711748, 116.45409040777801 39.89959262525593, 116.45386380136387 39.89997069521727, 116.453675343458 39.90036915598111, 116.45352684901306 39.90078417015247, 116.45341974811174 39.901211740918, 116.45335507219426 39.90164775053751, 116.45333344412505 39.902088, 116.45335507219426 39.90252824946249, 116.45341974811174 39.902964259082, 116.45352684901306 39.90339182984753, 116.453675343458 39.90380684401889, 116.45386380136387 39.90420530478273, 116.45409040777801 39.90458337474407, 116.4543529803568 39.90493741288252, 116.45464899038274 39.905264009617255, 116.45497558711749 39.905560019643204, 116.45532962525593 39.90582259222198, 116.45570769521727 39.90604919863613, 116.45610615598112 39.906237656542004, 116.45652117015247 39.90638615098694, 116.456948740918 39.906493251888264, 116.4573847505375 39.90655792780575, 116.457825 39.906579555874956, 116.4582652494625 39.90655792780575, 116.458701259082 39.906493251888264, 116.45912882984753 39.90638615098694, 116.45954384401888 39.906237656542004, 116.45994230478273 39.90604919863613, 116.46032037474407 39.90582259222198, 116.46067441288251 39.905560019643204, 116.46100100961726 39.905264009617255, 116.4612970196432 39.90493741288252, 116.46155959222199 39.90458337474407, 116.46178619863613 39.90420530478273, 116.461974656542 39.90380684401889, 116.46212315098694 39.90339182984753, 116.46223025188826 39.902964259082, 116.46229492780574 39.90252824946249, 116.46231655587495 39.902088))",500.0
北京市朝阳区日坛公园景区,3A,CONSTRUCTED,"POLYGON ((116.44209255587495 39.914171, 116.44207092780574 39.91373075053751, 116.44200625188826 39.913294740918005, 116.44189915098694 39.912867170152474, 116.441750656542 39.912452155981114, 116.44156219863613 39.912053695217274, 116.44133559222199 39.91167562525593, 116.4410730196432 39.911321587117484, 116.44077700961726 39.91099499038275, 116.44045041288251 39.9106989803568, 116.44009637474407 39.91043640777802, 116.43971830478273 39.91020980136387, 116.43931984401888 39.910021343458, 116.43890482984753 39.90987284901306, 116.438477259082 39.90976574811174, 116.4380412494625 39.90970107219425, 116.437601 39.90967944412505, 116.4371607505375 39.90970107219425, 116.436724740918 39.90976574811174, 116.43629717015247 39.90987284901306, 116.43588215598112 39.910021343458, 116.43548369521727 39.91020980136387, 116.43510562525593 39.91043640777802, 116.43475158711749 39.9106989803568, 116.43442499038274 39.91099499038275, 116.4341289803568 39.911321587117484, 116.43386640777801 39.91167562525593, 116.43363980136387 39.912053695217274, 116.433451343458 39.912452155981114, 116.43330284901306 39.912867170152474, 116.43319574811174 39.913294740918005, 116.43313107219426 39.91373075053751, 116.43310944412505 39.914171, 116.43313107219426 39.914611249462496, 116.43319574811174 39.915047259082, 116.43330284901306 39.91547482984753, 116.433451343458 39.91588984401889, 116.43363980136387 39.91628830478273, 116.43386640777801 39.916666374744075, 116.4341289803568 39.91702041288252, 116.43442499038274 39.91734700961726, 116.43475158711749 39.91764301964321, 116.43510562525593 39.917905592221985, 116.43548369521727 39.91813219863614, 116.43588215598112 39.91832065654201, 116.43629717015247 39.918469150986944, 116.436724740918 39.91857625188827, 116.4371607505375 39.918640927805754, 116.437601 39.91866255587496, 116.4380412494625 39.918640927805754, 116.438477259082 39.91857625188827, 116.43890482984753 39.918469150986944, 116.43931984401888 39.91832065654201, 116.43971830478273 39.91813219863614, 116.44009637474407 39.917905592221985, 116.44045041288251 39.91764301964321, 116.44077700961726 39.91734700961726, 116.4410730196432 39.91702041288252, 116.44133559222199 39.916666374744075, 116.44156219863613 39.91628830478273, 116.441750656542 39.91588984401889, 116.44189915098694 39.91547482984753, 116.44200625188826 39.915047259082, 116.44207092780574 39.914611249462496, 116.44209255587495 39.914171))",500.0
北京市朝阳区白鹿公园景区,3A,CONSTRUCTED,"POLYGON ((116.55298955587494 39.877222, 116.55296792780574 39.87678175053751, 116.55290325188825 39.876345740918005, 116.55279615098694 39.875918170152474, 116.55264765654199 39.875503155981114, 116.55245919863613 39.875104695217274, 116.55223259222198 39.87472662525593, 116.55197001964319 39.874372587117485, 116.55167400961726 39.87404599038275, 116.5513474128825 39.8737499803568, 116.55099337474407 39.87348740777802, 116.55061530478272 39.87326080136387, 116.55021684401888 39.873072343458, 116.54980182984752 39.87292384901306, 116.549374259082 39.87281674811174, 116.5489382494625 39.87275207219425, 116.548498 39.87273044412505, 116.5480577505375 39.87275207219425, 116.54762174091799 39.87281674811174, 116.54719417015247 39.87292384901306, 116.54677915598111 39.873072343458, 116.54638069521727 39.87326080136387, 116.54600262525592 39.87348740777802, 116.54564858711748 39.8737499803568, 116.54532199038273 39.87404599038275, 116.5450259803568 39.874372587117485, 116.544763407778 39.87472662525593, 116.54453680136386 39.875104695217274, 116.544348343458 39.875503155981114, 116.54419984901305 39.875918170152474, 116.54409274811174 39.876345740918005, 116.54402807219425 39.87678175053751, 116.54400644412505 39.877222, 116.54402807219425 39.877662249462496, 116.54409274811174 39.878098259082, 116.54419984901305 39.87852582984753, 116.544348343458 39.87894084401889, 116.54453680136386 39.87933930478273, 116.544763407778 39.879717374744075, 116.5450259803568 39.88007141288252, 116.54532199038273 39.88039800961726, 116.54564858711748 39.88069401964321, 116.54600262525592 39.880956592221985, 116.54638069521727 39.88118319863614, 116.54677915598111 39.88137165654201, 116.54719417015247 39.881520150986944, 116.54762174091799 39.88162725188827, 116.5480577505375 39.881691927805754, 116.548498 39.88171355587496, 116.5489382494625 39.881691927805754, 116.549374259082 39.88162725188827, 116.54980182984752 39.881520150986944, 116.55021684401888 39.88137165654201, 116.55061530478272 39.88118319863614, 116.55099337474407 39.880956592221985, 116.5513474128825 39.88069401964321, 116.55167400961726 39.88039800961726, 116.55197001964319 39.88007141288252, 116.55223259222198 39.879717374744075, 116.55245919863613 39.87933930478273, 116.55264765654199 39.87894084401889, 116.55279615098694 39.87852582984753, 116.55290325188825 39.878098259082, 116.55296792780574 39.877662249462496, 116.55298955587494 39.877222))",500.0
北京市海淀百望山森林公园景区,3A,CONSTRUCTED,"POLYGON ((116.25407855587495 40.02876, 116.25405692780575 40.028319750537506, 116.25399225188826 40.027883740918, 116.25388515098695 40.02745617015247, 116.253736656542 40.02704115598111, 116.25354819863614 40.02664269521727, 116.253321592222 40.026264625255926, 116.2530590196432 40.02591058711748, 116.25276300961727 40.02558399038274, 116.25243641288252 40.025287980356794, 116.25208237474408 40.02502540777802, 116.25170430478273 40.024798801363865, 116.25130584401889 40.024610343457994, 116.25089082984753 40.02446184901306, 116.25046325908201 40.02435474811173, 116.2500272494625 40.02429007219425, 116.249587 40.02426844412504, 116.2491467505375 40.02429007219425, 116.248710740918 40.02435474811173, 116.24828317015248 40.02446184901306, 116.24786815598112 40.024610343457994, 116.24746969521728 40.024798801363865, 116.24709162525593 40.02502540777802, 116.2467375871175 40.025287980356794, 116.24641099038274 40.02558399038274, 116.24611498035681 40.02591058711748, 116.24585240777802 40.026264625255926, 116.24562580136387 40.02664269521727, 116.24543734345801 40.02704115598111, 116.24528884901306 40.02745617015247, 116.24518174811175 40.027883740918, 116.24511707219426 40.028319750537506, 116.24509544412506 40.02876, 116.24511707219426 40.02920024946249, 116.24518174811175 40.029636259082, 116.24528884901306 40.03006382984753, 116.24543734345801 40.03047884401889, 116.24562580136387 40.03087730478273, 116.24585240777802 40.03125537474407, 116.24611498035681 40.03160941288252, 116.24641099038274 40.031936009617255, 116.2467375871175 40.0322320196432, 116.24709162525593 40.03249459222198, 116.24746969521728 40.03272119863613, 116.24786815598112 40.032909656542, 116.24828317015248 40.03305815098694, 116.248710740918 40.03316525188826, 116.2491467505375 40.03322992780575, 116.249587 40.033251555874955, 116.2500272494625 40.03322992780575, 116.25046325908201 40.03316525188826, 116.25089082984753 40.03305815098694, 116.25130584401889 40.032909656542, 116.25170430478273 40.03272119863613, 116.25208237474408 40.03249459222198, 116.25243641288252 40.0322320196432, 116.25276300961727 40.031936009617255, 116.2530590196432 40.03160941288252, 116.253321592222 40.03125537474407, 116.25354819863614 40.03087730478273, 116.253736656542 40.03047884401889, 116.25388515098695 40.03006382984753, 116.25399225188826 40.029636259082, 116.25405692780575 40.02920024946249, 116.25407855587495 40.02876))",500.0
北京市留民营生态旅游景区,3A,CONSTRUCTED,"POLYGON ((116.57235824469997 39.693785, 116.5723409422446 39.69343280043, 116.57228920151061 39.6930839927344, 116.57220352078956 39.692741936121976, 116.5720847252336 39.69240992478489, 116.5719339589089 39.69209115617382, 116.57175267377758 39.69178870020474, 116.57154261571456 39.691505469693986, 116.5713058076938 39.69124419230619, 116.57104453030601 39.691007384285435, 116.57076129979525 39.69079732622241, 116.57045884382617 39.69061604109109, 116.57014007521511 39.690465274766396, 116.56980806387803 39.69034647921045, 116.5694660072656 39.69026079848938, 116.56911719956999 39.690209057755396, 116.568765 39.690191755300035, 116.56841280043001 39.690209057755396, 116.5680639927344 39.69026079848938, 116.56772193612197 39.69034647921045, 116.56738992478489 39.690465274766396, 116.56707115617382 39.69061604109109, 116.56676870020475 39.69079732622241, 116.56648546969399 39.691007384285435, 116.5662241923062 39.69124419230619, 116.56598738428544 39.691505469693986, 116.56577732622242 39.69178870020474, 116.5655960410911 39.69209115617382, 116.5654452747664 39.69240992478489, 116.56532647921044 39.692741936121976, 116.56524079848938 39.6930839927344, 116.5651890577554 39.69343280043, 116.56517175530003 39.693785, 116.5651890577554 39.694137199569994, 116.56524079848938 39.694486007265596, 116.56532647921044 39.69482806387802, 116.5654452747664 39.69516007521511, 116.5655960410911 39.69547884382618, 116.56577732622242 39.69578129979526, 116.56598738428544 39.69606453030601, 116.5662241923062 39.6963258076938, 116.56648546969399 39.69656261571456, 116.56676870020475 39.69677267377759, 116.56707115617382 39.69695395890891, 116.56738992478489 39.6971047252336, 116.56772193612197 39.69722352078955, 116.5680639927344 39.69730920151061, 116.56841280043001 39.6973609422446, 116.568765 39.69737824469996, 116.56911719956999 39.6973609422446, 116.5694660072656 39.69730920151061, 116.56980806387803 39.69722352078955, 116.57014007521511 39.6971047252336, 116.57045884382617 39.69695395890891, 116.57076129979525 39.69677267377759, 116.57104453030601 39.69656261571456, 116.5713058076938 39.6963258076938, 116.57154261571456 39.69606453030601, 116.57175267377758 39.69578129979526, 116.5719339589089 39.69547884382618, 116.5720847252336 39.69516007521511, 116.57220352078956 39.69482806387802, 116.57228920151061 39.694486007265596, 116.5723409422446 39.694137199569994, 116.57235824469997 39.693785))",400.0
北京市门头沟区戒台寺景区,4A,CONSTRUCTED,"POLYGON ((116.08290793352498 39.869138, 116.08289495668345 39.8688738503225, 116.08285615113296 39.8686122445508, 116.08279189059216 39.86835570209148, 116.08270279392521 39.868106693588665, 116.08258971918168 39.867867617130365, 116.08245375533319 39.86764077515356, 116.08229621178592 39.86742835227049, 116.08211860577036 39.867232394229646, 116.08192264772951 39.86705478821408, 116.08171022484645 39.86689724466681, 116.08148338286964 39.866761280818324, 116.08124430641134 39.8666482060748, 116.08099529790852 39.86655910940784, 116.0807387554492 39.86649484886704, 116.08047714967749 39.866456043316546, 116.080213 39.86644306647503, 116.07994885032251 39.866456043316546, 116.0796872445508 39.86649484886704, 116.07943070209149 39.86655910940784, 116.07918169358867 39.8666482060748, 116.07894261713037 39.866761280818324, 116.07871577515355 39.86689724466681, 116.07850335227049 39.86705478821408, 116.07830739422964 39.867232394229646, 116.07812978821408 39.86742835227049, 116.07797224466681 39.86764077515356, 116.07783628081832 39.867867617130365, 116.0777232060748 39.868106693588665, 116.07763410940784 39.86835570209148, 116.07756984886704 39.8686122445508, 116.07753104331655 39.8688738503225, 116.07751806647502 39.869138, 116.07753104331655 39.8694021496775, 116.07756984886704 39.869663755449196, 116.07763410940784 39.86992029790852, 116.0777232060748 39.870169306411334, 116.07783628081832 39.870408382869634, 116.07797224466681 39.87063522484644, 116.07812978821408 39.87084764772951, 116.07830739422964 39.87104360577035, 116.07850335227049 39.87122121178592, 116.07871577515355 39.87137875533319, 116.07894261713037 39.871514719181675, 116.07918169358867 39.8716277939252, 116.07943070209149 39.87171689059216, 116.0796872445508 39.87178115113296, 116.07994885032251 39.87181995668345, 116.080213 39.87183293352497, 116.08047714967749 39.87181995668345, 116.0807387554492 39.87178115113296, 116.08099529790852 39.87171689059216, 116.08124430641134 39.8716277939252, 116.08148338286964 39.871514719181675, 116.08171022484645 39.87137875533319, 116.08192264772951 39.87122121178592, 116.08211860577036 39.87104360577035, 116.08229621178592 39.87084764772951, 116.08245375533319 39.87063522484644, 116.08258971918168 39.870408382869634, 116.08270279392521 39.870169306411334, 116.08279189059216 39.86992029790852, 116.08285615113296 39.869663755449196, 116.08289495668345 39.8694021496775, 116.08290793352498 39.869138))",300.0
北京市门头沟区灵水景区,3A,NOT_FOUND,,
北京市香山公园景区,4A,CONSTRUCTED,"POLYGON ((116.18709655587494 39.988827, 116.18707492780574 39.98838675053751, 116.18701025188825 39.987950740918, 116.18690315098694 39.98752317015247, 116.18675465654199 39.98710815598111, 116.18656619863613 39.98670969521727, 116.18633959222198 39.98633162525593, 116.1860770196432 39.98597758711748, 116.18578100961726 39.985650990382744, 116.1854544128825 39.985354980356796, 116.18510037474407 39.98509240777802, 116.18472230478272 39.98486580136387, 116.18432384401888 39.984677343457996, 116.18390882984752 39.98452884901306, 116.183481259082 39.984421748111735, 116.1830452494625 39.98435707219425, 116.182605 39.984335444125044, 116.1821647505375 39.98435707219425, 116.18172874091799 39.984421748111735, 116.18130117015247 39.98452884901306, 116.18088615598111 39.984677343457996, 116.18048769521727 39.98486580136387, 116.18010962525592 39.98509240777802, 116.17975558711748 39.985354980356796, 116.17942899038273 39.985650990382744, 116.1791329803568 39.98597758711748, 116.178870407778 39.98633162525593, 116.17864380136386 39.98670969521727, 116.178455343458 39.98710815598111, 116.17830684901305 39.98752317015247, 116.17819974811174 39.987950740918, 116.17813507219425 39.98838675053751, 116.17811344412505 39.988827, 116.17813507219425 39.98926724946249, 116.17819974811174 39.989703259082, 116.17830684901305 39.99013082984753, 116.178455343458 39.99054584401889, 116.17864380136386 39.99094430478273, 116.178870407778 39.99132237474407, 116.1791329803568 39.99167641288252, 116.17942899038273 39.99200300961726, 116.17975558711748 39.992299019643205, 116.18010962525592 39.99256159222198, 116.18048769521727 39.992788198636134, 116.18088615598111 39.992976656542005, 116.18130117015247 39.99312515098694, 116.18172874091799 39.993232251888266, 116.1821647505375 39.99329692780575, 116.182605 39.99331855587496, 116.1830452494625 39.99329692780575, 116.183481259082 39.993232251888266, 116.18390882984752 39.99312515098694, 116.18432384401888 39.992976656542005, 116.18472230478272 39.992788198636134, 116.18510037474407 39.99256159222198, 116.1854544128825 39.992299019643205, 116.18578100961726 39.99200300961726, 116.1860770196432 39.99167641288252, 116.18633959222198 39.99132237474407, 116.18656619863613 39.99094430478273, 116.18675465654199 39.99054584401889, 116.18690315098694 39.99013082984753, 116.18701025188825 39.989703259082, 116.18707492780574 39.98926724946249, 116.18709655587494 39.988827))",500.0
北京延庆玉渡山风景区,2A,CONSTRUCTED,"POLYGON ((115.90201611174992 40.530493, 115.9019728556115 40.529612501075015, 115.90184350377653 40.528740481836, 115.90162930197388 40.527885340304934, 115.90133231308401 40.52705531196222, 115.90095539727227 40.52625839043455, 115.90050218444397 40.52550225051186, 115.89997703928641 40.52479417423496, 115.89938501923451 40.52414098076548, 115.89873182576504 40.52354896071359, 115.89802374948815 40.52302381555603, 115.89726760956546 40.52257060272774, 115.89647068803778 40.522193686916, 115.89564065969506 40.52189669802612, 115.894785518164 40.52168249622347, 115.89391349892499 40.5215531443885, 115.893033 40.52150988825009, 115.89215250107502 40.5215531443885, 115.891280481836 40.52168249622347, 115.89042534030494 40.52189669802612, 115.88959531196222 40.522193686916, 115.88879839043454 40.52257060272774, 115.88804225051186 40.52302381555603, 115.88733417423497 40.52354896071359, 115.88668098076549 40.52414098076548, 115.8860889607136 40.52479417423496, 115.88556381555604 40.52550225051186, 115.88511060272774 40.52625839043455, 115.884733686916 40.52705531196222, 115.88443669802612 40.527885340304934, 115.88422249622347 40.528740481836, 115.8840931443885 40.529612501075015, 115.88404988825009 40.530493, 115.8840931443885 40.531373498924985, 115.88422249622347 40.532245518164, 115.88443669802612 40.533100659695066, 115.884733686916 40.53393068803778, 115.88511060272774 40.53472760956545, 115.88556381555604 40.53548374948814, 115.8860889607136 40.53619182576504, 115.88668098076549 40.53684501923452, 115.88733417423497 40.53743703928641, 115.88804225051186 40.53796218444397, 115.88879839043454 40.53841539727226, 115.88959531196222 40.538792313084, 115.89042534030494 40.53908930197388, 115.891280481836 40.53930350377653, 115.89215250107502 40.5394328556115, 115.893033 40.53947611174991, 115.89391349892499 40.5394328556115, 115.894785518164 40.53930350377653, 115.89564065969506 40.53908930197388, 115.89647068803778 40.538792313084, 115.89726760956546 40.53841539727226, 115.89802374948815 40.53796218444397, 115.89873182576504 40.53743703928641, 115.89938501923451 40.53684501923452, 115.89997703928641 40.53619182576504, 115.90050218444397 40.53548374948814, 115.90095539727227 40.53472760956545, 115.90133231308401 40.53393068803778, 115.90162930197388 40.533100659695066, 115.90184350377653 40.532245518164, 115.9019728556115 40.531373498924985, 115.90201611174992 40.530493))",1000.0
北京延庆百里山水画廊景区,4A,CONSTRUCTED,"POLYGON ((116.32250711174991 40.699005, 116.3224638556115 40.698124501075014, 116.32233450377653 40.697252481836, 116.32212030197388 40.696397340304934, 116.32182331308401 40.69556731196222, 116.32144639727227 40.69477039043455, 116.32099318444396 40.69401425051186, 116.32046803928641 40.69330617423496, 116.31987601923451 40.69265298076548, 116.31922282576504 40.69206096071359, 116.31851474948814 40.69153581555603, 116.31775860956546 40.69108260272774, 116.31696168803778 40.690705686916, 116.31613165969506 40.69040869802612, 116.315276518164 40.69019449622347, 116.31440449892499 40.6900651443885, 116.313524 40.69002188825009, 116.31264350107502 40.6900651443885, 116.311771481836 40.69019449622347, 116.31091634030494 40.69040869802612, 116.31008631196222 40.690705686916, 116.30928939043454 40.69108260272774, 116.30853325051186 40.69153581555603, 116.30782517423496 40.69206096071359, 116.30717198076549 40.69265298076548, 116.30657996071359 40.69330617423496, 116.30605481555604 40.69401425051186, 116.30560160272773 40.69477039043455, 116.30522468691599 40.69556731196222, 116.30492769802612 40.696397340304934, 116.30471349622347 40.697252481836, 116.3045841443885 40.698124501075014, 116.30454088825009 40.699005, 116.3045841443885 40.699885498924985, 116.30471349622347 40.700757518164, 116.30492769802612 40.701612659695066, 116.30522468691599 40.70244268803778, 116.30560160272773 40.70323960956545, 116.30605481555604 40.703995749488136, 116.30657996071359 40.70470382576504, 116.30717198076549 40.70535701923452, 116.30782517423496 40.70594903928641, 116.30853325051186 40.70647418444397, 116.30928939043454 40.70692739727226, 116.31008631196222 40.707304313084, 116.31091634030494 40.70760130197388, 116.311771481836 40.70781550377653, 116.31264350107502 40.7079448556115, 116.313524 40.70798811174991, 116.31440449892499 40.7079448556115, 116.315276518164 40.70781550377653, 116.31613165969506 40.70760130197388, 116.31696168803778 40.707304313084, 116.31775860956546 40.70692739727226, 116.31851474948814 40.70647418444397, 116.31922282576504 40.70594903928641, 116.31987601923451 40.70535701923452, 116.32046803928641 40.70470382576504, 116.32099318444396 40.703995749488136, 116.32144639727227 40.70323960956545, 116.32182331308401 40.70244268803778, 116.32212030197388 40.701612659695066, 116.32233450377653 40.700757518164, 116.3224638556115 40.699885498924985, 116.32250711174991 40.699005))",1000.0
北京张裕爱斐堡国际酒庄旅游景区,4A,CONSTRUCTED,"POLYGON ((116.89772224469998 40.377083, 116.8977049422446 40.37673080043, 116.89765320151062 40.3763819927344, 116.89756752078956 40.37603993612198, 116.8974487252336 40.37570792478489, 116.89729795890891 40.37538915617382, 116.89711667377759 40.37508670020474, 116.89690661571457 40.37480346969399, 116.89666980769381 40.374542192306194, 116.89640853030602 40.374305384285435, 116.89612529979526 40.37409532622241, 116.89582284382618 40.37391404109109, 116.89550407521511 40.3737632747664, 116.89517206387804 40.37364447921045, 116.89483000726561 40.373558798489384, 116.89448119957 40.3735070577554, 116.894129 40.373489755300035, 116.89377680043002 40.3735070577554, 116.8934279927344 40.373558798489384, 116.89308593612198 40.37364447921045, 116.8927539247849 40.3737632747664, 116.89243515617383 40.37391404109109, 116.89213270020475 40.37409532622241, 116.891849469694 40.374305384285435, 116.8915881923062 40.374542192306194, 116.89135138428544 40.37480346969399, 116.89114132622242 40.37508670020474, 116.8909600410911 40.37538915617382, 116.89080927476641 40.37570792478489, 116.89069047921045 40.37603993612198, 116.89060479848939 40.3763819927344, 116.89055305775541 40.37673080043, 116.89053575530004 40.377083, 116.89055305775541 40.377435199569994, 116.89060479848939 40.377784007265596, 116.89069047921045 40.37812606387802, 116.89080927476641 40.37845807521511, 116.8909600410911 40.37877684382618, 116.89114132622242 40.37907929979526, 116.89135138428544 40.37936253030601, 116.8915881923062 40.379623807693804, 116.891849469694 40.37986061571456, 116.89213270020475 40.38007067377759, 116.89243515617383 40.38025195890891, 116.8927539247849 40.3804027252336, 116.89308593612198 40.38052152078955, 116.8934279927344 40.380607201510614, 116.89377680043002 40.3806589422446, 116.894129 40.38067624469996, 116.89448119957 40.3806589422446, 116.89483000726561 40.380607201510614, 116.89517206387804 40.38052152078955, 116.89550407521511 40.3804027252336, 116.89582284382618 40.38025195890891, 116.89612529979526 40.38007067377759, 116.89640853030602 40.37986061571456, 116.89666980769381 40.379623807693804, 116.89690661571457 40.37936253030601, 116.89711667377759 40.37907929979526, 116.89729795890891 40.37877684382618, 116.8974487252336 40.37845807521511, 116.89756752078956 40.37812606387802, 116.89765320151062 40.377784007265596, 116.8977049422446 40.377435199569994, 116.89772224469998 40.377083))",400.0
北京房山区张坊宋辽古城景区,3A,NOT_FOUND,,
北京河北村民俗园景区,3A,CONSTRUCTED,"POLYGON ((116.72448024469998 40.126001, 116.7244629422446 40.12564880043001, 116.72441120151062 40.125299992734405, 116.72432552078956 40.12495793612198, 116.7242067252336 40.124625924784894, 116.7240559589089 40.12430715617382, 116.72387467377759 40.12400470020474, 116.72366461571457 40.12372146969399, 116.72342780769381 40.1234601923062, 116.72316653030602 40.12322338428544, 116.72288329979526 40.12301332622241, 116.72258084382618 40.122832041091094, 116.72226207521511 40.1226812747664, 116.72193006387803 40.12256247921045, 116.72158800726561 40.12247679848939, 116.72123919957 40.1224250577554, 116.720887 40.12240775530004, 116.72053480043002 40.1224250577554, 116.7201859927344 40.12247679848939, 116.71984393612198 40.12256247921045, 116.7195119247849 40.1226812747664, 116.71919315617383 40.122832041091094, 116.71889070020475 40.12301332622241, 116.71860746969399 40.12322338428544, 116.7183461923062 40.1234601923062, 116.71810938428544 40.12372146969399, 116.71789932622242 40.12400470020474, 116.7177180410911 40.12430715617382, 116.71756727476641 40.124625924784894, 116.71744847921045 40.12495793612198, 116.71736279848939 40.125299992734405, 116.71731105775541 40.12564880043001, 116.71729375530003 40.126001, 116.71731105775541 40.12635319957, 116.71736279848939 40.1267020072656, 116.71744847921045 40.127044063878024, 116.71756727476641 40.12737607521511, 116.7177180410911 40.127694843826184, 116.71789932622242 40.12799729979526, 116.71810938428544 40.128280530306014, 116.7183461923062 40.12854180769381, 116.71860746969399 40.128778615714566, 116.71889070020475 40.12898867377759, 116.71919315617383 40.12916995890891, 116.7195119247849 40.129320725233605, 116.71984393612198 40.12943952078955, 116.7201859927344 40.12952520151062, 116.72053480043002 40.129576942244604, 116.720887 40.129594244699966, 116.72123919957 40.129576942244604, 116.72158800726561 40.12952520151062, 116.72193006387803 40.12943952078955, 116.72226207521511 40.129320725233605, 116.72258084382618 40.12916995890891, 116.72288329979526 40.12898867377759, 116.72316653030602 40.128778615714566, 116.72342780769381 40.12854180769381, 116.72366461571457 40.128280530306014, 116.72387467377759 40.12799729979526, 116.7240559589089 40.127694843826184, 116.7242067252336 40.12737607521511, 116.72432552078956 40.127044063878024, 116.72441120151062 40.1267020072656, 116.7244629422446 40.12635319957, 116.72448024469998 40.126001))",400.0
北京瓜草地景区,2A,CONSTRUCTED,"POLYGON ((115.97827624469997 39.951139, 115.9782589422446 39.95078680043, 115.97820720151061 39.9504379927344, 115.97812152078956 39.950095936121976, 115.9780027252336 39.94976392478489, 115.9778519589089 39.949445156173816, 115.97767067377758 39.94914270020474, 115.97746061571456 39.948859469693986, 115.9772238076938 39.94859819230619, 115.97696253030601 39.948361384285434, 115.97667929979525 39.94815132622241, 115.97637684382617 39.94797004109109, 115.97605807521511 39.947819274766395, 115.97572606387803 39.94770047921045, 115.9753840072656 39.94761479848938, 115.97503519956999 39.947563057755396, 115.974683 39.947545755300034, 115.97433080043001 39.947563057755396, 115.9739819927344 39.94761479848938, 115.97363993612197 39.94770047921045, 115.97330792478489 39.947819274766395, 115.97298915617382 39.94797004109109, 115.97268670020475 39.94815132622241, 115.97240346969399 39.948361384285434, 115.9721421923062 39.94859819230619, 115.97190538428544 39.948859469693986, 115.97169532622242 39.94914270020474, 115.9715140410911 39.949445156173816, 115.9713632747664 39.94976392478489, 115.97124447921044 39.950095936121976, 115.97115879848938 39.9504379927344, 115.9711070577554 39.95078680043, 115.97108975530003 39.951139, 115.9711070577554 39.95149119956999, 115.97115879848938 39.951840007265595, 115.97124447921044 39.95218206387802, 115.9713632747664 39.952514075215106, 115.9715140410911 39.95283284382618, 115.97169532622242 39.95313529979526, 115.97190538428544 39.95341853030601, 115.9721421923062 39.9536798076938, 115.97240346969399 39.95391661571456, 115.97268670020475 39.95412667377759, 115.97298915617382 39.954307958908906, 115.97330792478489 39.9544587252336, 115.97363993612197 39.95457752078955, 115.9739819927344 39.95466320151061, 115.97433080043001 39.9547149422446, 115.974683 39.95473224469996, 115.97503519956999 39.9547149422446, 115.9753840072656 39.95466320151061, 115.97572606387803 39.95457752078955, 115.97605807521511 39.9544587252336, 115.97637684382617 39.954307958908906, 115.97667929979525 39.95412667377759, 115.97696253030601 39.95391661571456, 115.9772238076938 39.9536798076938, 115.97746061571456 39.95341853030601, 115.97767067377758 39.95313529979526, 115.9778519589089 39.95283284382618, 115.9780027252336 39.952514075215106, 115.97812152078956 39.95218206387802, 115.97820720151061 39.951840007265595, 115.9782589422446 39.95149119956999, 115.97827624469997 39.951139))",400.0
北京白草畔自然风景区,3A,CONSTRUCTED,"POLYGON ((115.60111324469997 39.808279, 115.6010959422446 39.80792680043, 115.60104420151062 39.8075779927344, 115.60095852078956 39.80723593612198, 115.6008397252336 39.80690392478489, 115.6006889589089 39.80658515617382, 115.60050767377759 39.80628270020474, 115.60029761571457 39.80599946969399, 115.60006080769381 39.805738192306194, 115.59979953030602 39.805501384285435, 115.59951629979525 39.80529132622241, 115.59921384382618 39.80511004109109, 115.59889507521511 39.8049592747664, 115.59856306387803 39.80484047921045, 115.59822100726561 39.804754798489384, 115.59787219956999 39.8047030577554, 115.59752 39.804685755300035, 115.59716780043001 39.8047030577554, 115.5968189927344 39.804754798489384, 115.59647693612197 39.80484047921045, 115.5961449247849 39.8049592747664, 115.59582615617383 39.80511004109109, 115.59552370020475 39.80529132622241, 115.59524046969399 39.805501384285435, 115.5949791923062 39.805738192306194, 115.59474238428544 39.80599946969399, 115.59453232622242 39.80628270020474, 115.5943510410911 39.80658515617382, 115.59420027476641 39.80690392478489, 115.59408147921044 39.80723593612198, 115.59399579848939 39.8075779927344, 115.59394405775541 39.80792680043, 115.59392675530003 39.808279, 115.59394405775541 39.808631199569994, 115.59399579848939 39.808980007265596, 115.59408147921044 39.80932206387802, 115.59420027476641 39.80965407521511, 115.5943510410911 39.80997284382618, 115.59453232622242 39.81027529979526, 115.59474238428544 39.81055853030601, 115.5949791923062 39.810819807693804, 115.59524046969399 39.81105661571456, 115.59552370020475 39.81126667377759, 115.59582615617383 39.81144795890891, 115.5961449247849 39.8115987252336, 115.59647693612197 39.81171752078955, 115.5968189927344 39.811803201510614, 115.59716780043001 39.8118549422446, 115.59752 39.81187224469996, 115.59787219956999 39.8118549422446, 115.59822100726561 39.811803201510614, 115.59856306387803 39.81171752078955, 115.59889507521511 39.8115987252336, 115.59921384382618 39.81144795890891, 115.59951629979525 39.81126667377759, 115.59979953030602 39.81105661571456, 115.60006080769381 39.810819807693804, 115.60029761571457 39.81055853030601, 115.60050767377759 39.81027529979526, 115.6006889589089 39.80997284382618, 115.6008397252336 39.80965407521511, 115.60095852078956 39.80932206387802, 115.60104420151062 39.808980007265596, 115.6010959422446 39.808631199569994, 115.60111324469997 39.808279))",400.0
北京百瑞谷景区,3A,CONSTRUCTED,"POLYGON ((115.64307711174992 39.86075, 115.6430338556115 39.85986950107502, 115.64290450377653 39.858997481836006, 115.64269030197389 39.85814234030494, 115.64239331308401 39.857312311962225, 115.64201639727227 39.85651539043455, 115.64156318444397 39.855759250511866, 115.64103803928641 39.855051174234966, 115.64044601923452 39.854397980765484, 115.63979282576504 39.85380596071359, 115.63908474948815 39.85328081555603, 115.63832860956546 39.85282760272774, 115.63753168803778 39.852450686916, 115.63670165969506 39.85215369802612, 115.635846518164 39.85193949622347, 115.63497449892499 39.8518101443885, 115.634094 39.85176688825009, 115.63321350107502 39.8518101443885, 115.63234148183601 39.85193949622347, 115.63148634030495 39.85215369802612, 115.63065631196223 39.852450686916, 115.62985939043455 39.85282760272774, 115.62910325051186 39.85328081555603, 115.62839517423497 39.85380596071359, 115.62774198076549 39.854397980765484, 115.6271499607136 39.855051174234966, 115.62662481555604 39.855759250511866, 115.62617160272774 39.85651539043455, 115.625794686916 39.857312311962225, 115.62549769802612 39.85814234030494, 115.62528349622347 39.858997481836006, 115.6251541443885 39.85986950107502, 115.62511088825009 39.86075, 115.6251541443885 39.86163049892499, 115.62528349622347 39.862502518164, 115.62549769802612 39.86335765969507, 115.625794686916 39.86418768803778, 115.62617160272774 39.864984609565454, 115.62662481555604 39.86574074948814, 115.6271499607136 39.86644882576504, 115.62774198076549 39.86710201923452, 115.62839517423497 39.86769403928641, 115.62910325051186 39.86821918444397, 115.62985939043455 39.86867239727226, 115.63065631196223 39.869049313084005, 115.63148634030495 39.869346301973884, 115.63234148183601 39.86956050377653, 115.63321350107502 39.869689855611504, 115.634094 39.869733111749916, 115.63497449892499 39.869689855611504, 115.635846518164 39.86956050377653, 115.63670165969506 39.869346301973884, 115.63753168803778 39.869049313084005, 115.63832860956546 39.86867239727226, 115.63908474948815 39.86821918444397, 115.63979282576504 39.86769403928641, 115.64044601923452 39.86710201923452, 115.64103803928641 39.86644882576504, 115.64156318444397 39.86574074948814, 115.64201639727227 39.864984609565454, 115.64239331308401 39.86418768803778, 115.64269030197389 39.86335765969507, 115.64290450377653 39.862502518164, 115.6430338556115 39.86163049892499, 115.64307711174992 39.86075))",1000.0
北京百花山旅游景区,3A,CONSTRUCTED,"POLYGON ((115.6194921117499 39.856409, 115.6194488556115 39.855528501075014, 115.61931950377652 39.854656481836, 115.61910530197387 39.85380134030493, 115.618808313084 39.85297131196222, 115.61843139727226 39.85217439043455, 115.61797818444396 39.85141825051186, 115.6174530392864 39.85071017423496, 115.6168610192345 39.85005698076548, 115.61620782576503 39.84946496071359, 115.61549974948814 39.84893981555603, 115.61474360956545 39.84848660272774, 115.61394668803777 39.848109686916, 115.61311665969505 39.84781269802612, 115.61226151816399 39.84759849622347, 115.61138949892498 39.8474691443885, 115.610509 39.847425888250086, 115.60962850107501 39.8474691443885, 115.608756481836 39.84759849622347, 115.60790134030493 39.84781269802612, 115.60707131196222 39.848109686916, 115.60627439043454 39.84848660272774, 115.60551825051185 39.84893981555603, 115.60481017423496 39.84946496071359, 115.60415698076548 39.85005698076548, 115.60356496071358 39.85071017423496, 115.60303981555603 39.85141825051186, 115.60258660272773 39.85217439043455, 115.60220968691598 39.85297131196222, 115.60191269802611 39.85380134030493, 115.60169849622346 39.854656481836, 115.60156914438849 39.855528501075014, 115.60152588825008 39.856409, 115.60156914438849 39.857289498924985, 115.60169849622346 39.858161518163996, 115.60191269802611 39.859016659695065, 115.60220968691598 39.85984668803778, 115.60258660272773 39.86064360956545, 115.60303981555603 39.861399749488136, 115.60356496071358 39.86210782576504, 115.60415698076548 39.86276101923452, 115.60481017423496 39.86335303928641, 115.60551825051185 39.86387818444397, 115.60627439043454 39.86433139727226, 115.60707131196222 39.864708313084, 115.60790134030493 39.86500530197388, 115.608756481836 39.86521950377653, 115.60962850107501 39.8653488556115, 115.610509 39.86539211174991, 115.61138949892498 39.8653488556115, 115.61226151816399 39.86521950377653, 115.61311665969505 39.86500530197388, 115.61394668803777 39.864708313084, 115.61474360956545 39.86433139727226, 115.61549974948814 39.86387818444397, 115.61620782576503 39.86335303928641, 115.6168610192345 39.86276101923452, 115.6174530392864 39.86210782576504, 115.61797818444396 39.861399749488136, 115.61843139727226 39.86064360956545, 115.618808313084 39.85984668803778, 115.61910530197387 39.859016659695065, 115.61931950377652 39.858161518163996, 115.6194488556115 39.857289498924985, 115.6194921117499 39.856409))",1000.0
北京老舍茶馆景区,3A,CONSTRUCTED,"POLYGON ((116.39066824469997 39.898301, 116.39065094224459 39.89794880043, 116.39059920151061 39.8975999927344, 116.39051352078955 39.897257936121974, 116.39039472523359 39.89692592478489, 116.3902439589089 39.896607156173815, 116.39006267377758 39.89630470020474, 116.38985261571456 39.896021469693984, 116.3896158076938 39.89576019230619, 116.38935453030601 39.89552338428543, 116.38907129979525 39.89531332622241, 116.38876884382617 39.89513204109109, 116.3884500752151 39.894981274766394, 116.38811806387803 39.894862479210445, 116.3877760072656 39.89477679848938, 116.38742719956998 39.894725057755394, 116.387075 39.89470775530003, 116.38672280043001 39.894725057755394, 116.38637399273439 39.89477679848938, 116.38603193612197 39.894862479210445, 116.38569992478489 39.894981274766394, 116.38538115617382 39.89513204109109, 116.38507870020474 39.89531332622241, 116.38479546969398 39.89552338428543, 116.38453419230619 39.89576019230619, 116.38429738428543 39.896021469693984, 116.38408732622241 39.89630470020474, 116.3839060410911 39.896607156173815, 116.3837552747664 39.89692592478489, 116.38363647921044 39.897257936121974, 116.38355079848938 39.8975999927344, 116.3834990577554 39.89794880043, 116.38348175530002 39.898301, 116.3834990577554 39.89865319956999, 116.38355079848938 39.899002007265594, 116.38363647921044 39.89934406387802, 116.3837552747664 39.899676075215105, 116.3839060410911 39.89999484382618, 116.38408732622241 39.900297299795255, 116.38429738428543 39.90058053030601, 116.38453419230619 39.9008418076938, 116.38479546969398 39.90107861571456, 116.38507870020474 39.901288673777586, 116.38538115617382 39.901469958908905, 116.38569992478489 39.9016207252336, 116.38603193612197 39.90173952078955, 116.38637399273439 39.90182520151061, 116.38672280043001 39.9018769422446, 116.387075 39.90189424469996, 116.38742719956998 39.9018769422446, 116.3877760072656 39.90182520151061, 116.38811806387803 39.90173952078955, 116.3884500752151 39.9016207252336, 116.38876884382617 39.901469958908905, 116.38907129979525 39.901288673777586, 116.38935453030601 39.90107861571456, 116.3896158076938 39.9008418076938, 116.38985261571456 39.90058053030601, 116.39006267377758 39.900297299795255, 116.3902439589089 39.89999484382618, 116.39039472523359 39.899676075215105, 116.39051352078955 39.89934406387802, 116.39059920151061 39.899002007265594, 116.39065094224459 39.89865319956999, 116.39066824469997 39.898301))",400.0
北京草莓博览园景区,3A,CONSTRUCTED,"POLYGON ((116.40017824469997 40.195583, 116.4001609422446 40.195230800430004, 116.40010920151062 40.1948819927344, 116.40002352078956 40.19453993612198, 116.3999047252336 40.19420792478489, 116.3997539589089 40.19388915617382, 116.39957267377758 40.19358670020474, 116.39936261571457 40.19330346969399, 116.3991258076938 40.193042192306194, 116.39886453030601 40.192805384285435, 116.39858129979525 40.19259532622241, 116.39827884382618 40.19241404109109, 116.39796007521511 40.1922632747664, 116.39762806387803 40.19214447921045, 116.3972860072656 40.192058798489384, 116.39693719956999 40.1920070577554, 116.396585 40.191989755300035, 116.39623280043001 40.1920070577554, 116.3958839927344 40.192058798489384, 116.39554193612197 40.19214447921045, 116.3952099247849 40.1922632747664, 116.39489115617383 40.19241404109109, 116.39458870020475 40.19259532622241, 116.39430546969399 40.192805384285435, 116.3940441923062 40.193042192306194, 116.39380738428544 40.19330346969399, 116.39359732622242 40.19358670020474, 116.3934160410911 40.19388915617382, 116.3932652747664 40.19420792478489, 116.39314647921044 40.19453993612198, 116.39306079848939 40.1948819927344, 116.3930090577554 40.195230800430004, 116.39299175530003 40.195583, 116.3930090577554 40.195935199569995, 116.39306079848939 40.1962840072656, 116.39314647921044 40.19662606387802, 116.3932652747664 40.19695807521511, 116.3934160410911 40.19727684382618, 116.39359732622242 40.19757929979526, 116.39380738428544 40.19786253030601, 116.3940441923062 40.198123807693804, 116.39430546969399 40.19836061571456, 116.39458870020475 40.19857067377759, 116.39489115617383 40.19875195890891, 116.3952099247849 40.1989027252336, 116.39554193612197 40.19902152078955, 116.3958839927344 40.199107201510614, 116.39623280043001 40.1991589422446, 116.396585 40.19917624469996, 116.39693719956999 40.1991589422446, 116.3972860072656 40.199107201510614, 116.39762806387803 40.19902152078955, 116.39796007521511 40.1989027252336, 116.39827884382618 40.19875195890891, 116.39858129979525 40.19857067377759, 116.39886453030601 40.19836061571456, 116.3991258076938 40.198123807693804, 116.39936261571457 40.19786253030601, 116.39957267377758 40.19757929979526, 116.3997539589089 40.19727684382618, 116.3999047252336 40.19695807521511, 116.40002352078956 40.19662606387802, 116.40010920151062 40.1962840072656, 116.4001609422446 40.195935199569995, 116.40017824469997 40.195583))",400.0
北京蟒山森林公园景区,3A,CONSTRUCTED,"POLYGON ((116.29268855587495 40.261931, 116.29266692780574 40.261490750537504, 116.29260225188825 40.261054740918, 116.29249515098694 40.26062717015247, 116.292346656542 40.26021215598111, 116.29215819863613 40.25981369521727, 116.29193159222199 40.259435625255925, 116.2916690196432 40.25908158711748, 116.29137300961726 40.25875499038274, 116.29104641288251 40.25845898035679, 116.29069237474407 40.258196407778016, 116.29031430478273 40.25796980136386, 116.28991584401888 40.25778134345799, 116.28950082984753 40.257632849013056, 116.289073259082 40.25752574811173, 116.2886372494625 40.257461072194246, 116.288197 40.25743944412504, 116.2877567505375 40.257461072194246, 116.28732074091799 40.25752574811173, 116.28689317015247 40.257632849013056, 116.28647815598111 40.25778134345799, 116.28607969521727 40.25796980136386, 116.28570162525592 40.258196407778016, 116.28534758711749 40.25845898035679, 116.28502099038273 40.25875499038274, 116.2847249803568 40.25908158711748, 116.28446240777801 40.259435625255925, 116.28423580136386 40.25981369521727, 116.284047343458 40.26021215598111, 116.28389884901306 40.26062717015247, 116.28379174811174 40.261054740918, 116.28372707219425 40.261490750537504, 116.28370544412505 40.261931, 116.28372707219425 40.26237124946249, 116.28379174811174 40.262807259081995, 116.28389884901306 40.263234829847526, 116.284047343458 40.263649844018886, 116.28423580136386 40.264048304782726, 116.28446240777801 40.26442637474407, 116.2847249803568 40.264780412882516, 116.28502099038273 40.26510700961725, 116.28534758711749 40.2654030196432, 116.28570162525592 40.26566559222198, 116.28607969521727 40.26589219863613, 116.28647815598111 40.266080656542, 116.28689317015247 40.26622915098694, 116.28732074091799 40.26633625188826, 116.2877567505375 40.26640092780575, 116.288197 40.266422555874954, 116.2886372494625 40.26640092780575, 116.289073259082 40.26633625188826, 116.28950082984753 40.26622915098694, 116.28991584401888 40.266080656542, 116.29031430478273 40.26589219863613, 116.29069237474407 40.26566559222198, 116.29104641288251 40.2654030196432, 116.29137300961726 40.26510700961725, 116.2916690196432 40.264780412882516, 116.29193159222199 40.26442637474407, 116.29215819863613 40.264048304782726, 116.292346656542 40.263649844018886, 116.29249515098694 40.263234829847526, 116.29260225188825 40.262807259081995, 116.29266692780574 40.26237124946249, 116.29268855587495 40.261931))",500.0
北京西山国家森林公园,3A,CONSTRUCTED,"POLYGON ((116.19142755587495 39.973913, 116.19140592780575 39.97347275053751, 116.19134125188826 39.973036740918005, 116.19123415098694 39.972609170152474, 116.191085656542 39.972194155981114, 116.19089719863614 39.971795695217274, 116.19067059222199 39.97141762525593, 116.1904080196432 39.971063587117484, 116.19011200961727 39.97073699038275, 116.18978541288251 39.9704409803568, 116.18943137474407 39.97017840777802, 116.18905330478273 39.96995180136387, 116.18865484401888 39.969763343458, 116.18823982984753 39.96961484901306, 116.18781225908201 39.96950774811174, 116.1873762494625 39.96944307219425, 116.186936 39.96942144412505, 116.1864957505375 39.96944307219425, 116.186059740918 39.96950774811174, 116.18563217015247 39.96961484901306, 116.18521715598112 39.969763343458, 116.18481869521727 39.96995180136387, 116.18444062525593 39.97017840777802, 116.18408658711749 39.9704409803568, 116.18375999038274 39.97073699038275, 116.1834639803568 39.971063587117484, 116.18320140777801 39.97141762525593, 116.18297480136387 39.971795695217274, 116.182786343458 39.972194155981114, 116.18263784901306 39.972609170152474, 116.18253074811174 39.973036740918005, 116.18246607219426 39.97347275053751, 116.18244444412505 39.973913, 116.18246607219426 39.974353249462496, 116.18253074811174 39.974789259082, 116.18263784901306 39.97521682984753, 116.182786343458 39.97563184401889, 116.18297480136387 39.97603030478273, 116.18320140777801 39.976408374744075, 116.1834639803568 39.97676241288252, 116.18375999038274 39.97708900961726, 116.18408658711749 39.97738501964321, 116.18444062525593 39.977647592221984, 116.18481869521727 39.97787419863614, 116.18521715598112 39.97806265654201, 116.18563217015247 39.978211150986944, 116.186059740918 39.97831825188827, 116.1864957505375 39.978382927805754, 116.186936 39.97840455587496, 116.1873762494625 39.978382927805754, 116.18781225908201 39.97831825188827, 116.18823982984753 39.978211150986944, 116.18865484401888 39.97806265654201, 116.18905330478273 39.97787419863614, 116.18943137474407 39.977647592221984, 116.18978541288251 39.97738501964321, 116.19011200961727 39.97708900961726, 116.1904080196432 39.97676241288252, 116.19067059222199 39.976408374744075, 116.19089719863614 39.97603030478273, 116.191085656542 39.97563184401889, 116.19123415098694 39.97521682984753, 116.19134125188826 39.974789259082, 116.19140592780575 39.974353249462496, 116.19142755587495 39.973913))",500.0
北京邑仕庄园国际酒庄景区,3A,CONSTRUCTED,"POLYGON ((117.04572124469998 40.484951, 117.0457039422446 40.48459880043001, 117.04565220151062 40.484249992734405, 117.04556652078956 40.48390793612198, 117.0454477252336 40.483575924784894, 117.0452969589089 40.48325715617382, 117.04511567377759 40.48295470020474, 117.04490561571457 40.48267146969399, 117.04466880769381 40.4824101923062, 117.04440753030602 40.48217338428544, 117.04412429979526 40.48196332622241, 117.04382184382618 40.481782041091094, 117.04350307521511 40.4816312747664, 117.04317106387803 40.48151247921045, 117.04282900726561 40.48142679848939, 117.04248019957 40.4813750577554, 117.042128 40.48135775530004, 117.04177580043002 40.4813750577554, 117.0414269927344 40.48142679848939, 117.04108493612198 40.48151247921045, 117.0407529247849 40.4816312747664, 117.04043415617383 40.481782041091094, 117.04013170020475 40.48196332622241, 117.039848469694 40.48217338428544, 117.0395871923062 40.4824101923062, 117.03935038428544 40.48267146969399, 117.03914032622242 40.48295470020474, 117.0389590410911 40.48325715617382, 117.03880827476641 40.483575924784894, 117.03868947921045 40.48390793612198, 117.03860379848939 40.484249992734405, 117.03855205775541 40.48459880043001, 117.03853475530003 40.484951, 117.03855205775541 40.48530319957, 117.03860379848939 40.4856520072656, 117.03868947921045 40.485994063878024, 117.03880827476641 40.48632607521511, 117.0389590410911 40.486644843826184, 117.03914032622242 40.48694729979526, 117.03935038428544 40.487230530306014, 117.0395871923062 40.48749180769381, 117.039848469694 40.487728615714566, 117.04013170020475 40.48793867377759, 117.04043415617383 40.48811995890891, 117.0407529247849 40.488270725233605, 117.04108493612198 40.48838952078955, 117.0414269927344 40.48847520151062, 117.04177580043002 40.488526942244604, 117.042128 40.488544244699966, 117.04248019957 40.488526942244604, 117.04282900726561 40.48847520151062, 117.04317106387803 40.48838952078955, 117.04350307521511 40.488270725233605, 117.04382184382618 40.48811995890891, 117.04412429979526 40.48793867377759, 117.04440753030602 40.487728615714566, 117.04466880769381 40.48749180769381, 117.04490561571457 40.487230530306014, 117.04511567377759 40.48694729979526, 117.0452969589089 40.486644843826184, 117.0454477252336 40.48632607521511, 117.04556652078956 40.485994063878024, 117.04565220151062 40.4856520072656, 117.0457039422446 40.48530319957, 117.04572124469998 40.484951))",400.0
北京陶瓷艺术馆景区,3A,CONSTRUCTED,"POLYGON ((116.47558624469997 39.857492, 116.47556894224459 39.857139800430005, 116.47551720151061 39.8567909927344, 116.47543152078956 39.85644893612198, 116.4753127252336 39.85611692478489, 116.4751619589089 39.85579815617382, 116.47498067377758 39.85549570020474, 116.47477061571456 39.85521246969399, 116.4745338076938 39.854951192306196, 116.47427253030601 39.85471438428544, 116.47398929979525 39.85450432622241, 116.47368684382617 39.85432304109109, 116.4733680752151 39.8541722747664, 116.47303606387803 39.85405347921045, 116.4726940072656 39.853967798489386, 116.47234519956999 39.8539160577554, 116.471993 39.85389875530004, 116.47164080043001 39.8539160577554, 116.4712919927344 39.853967798489386, 116.47094993612197 39.85405347921045, 116.47061792478489 39.8541722747664, 116.47029915617382 39.85432304109109, 116.46999670020475 39.85450432622241, 116.46971346969399 39.85471438428544, 116.46945219230619 39.854951192306196, 116.46921538428543 39.85521246969399, 116.46900532622242 39.85549570020474, 116.4688240410911 39.85579815617382, 116.4686732747664 39.85611692478489, 116.46855447921044 39.85644893612198, 116.46846879848938 39.8567909927344, 116.4684170577554 39.857139800430005, 116.46839975530003 39.857492, 116.4684170577554 39.857844199569996, 116.46846879848938 39.8581930072656, 116.46855447921044 39.85853506387802, 116.4686732747664 39.85886707521511, 116.4688240410911 39.85918584382618, 116.46900532622242 39.85948829979526, 116.46921538428543 39.85977153030601, 116.46945219230619 39.860032807693806, 116.46971346969399 39.860269615714564, 116.46999670020475 39.86047967377759, 116.47029915617382 39.86066095890891, 116.47061792478489 39.8608117252336, 116.47094993612197 39.86093052078955, 116.4712919927344 39.861016201510616, 116.47164080043001 39.8610679422446, 116.471993 39.861085244699964, 116.47234519956999 39.8610679422446, 116.4726940072656 39.861016201510616, 116.47303606387803 39.86093052078955, 116.4733680752151 39.8608117252336, 116.47368684382617 39.86066095890891, 116.47398929979525 39.86047967377759, 116.47427253030601 39.860269615714564, 116.4745338076938 39.860032807693806, 116.47477061571456 39.85977153030601, 116.47498067377758 39.85948829979526, 116.4751619589089 39.85918584382618, 116.4753127252336 39.85886707521511, 116.47543152078956 39.85853506387802, 116.47551720151061 39.8581930072656, 116.47556894224459 39.857844199569996, 116.47558624469997 39.857492))",400.0
北京雁栖湖景区,4A,CONSTRUCTED,"POLYGON ((116.67062748939993 40.393362, 116.67059288448921 40.39265760086001, 116.67048940302124 40.39195998546881, 116.67031804157911 40.39127587224395, 116.67008045046721 40.39061184956979, 116.66977891781782 40.38997431234764, 116.66941634755518 40.38936940040949, 116.66899623142913 40.38880293938798, 116.66852261538762 40.388280384612386, 116.66800006061203 40.387806768570876, 116.66743359959052 40.38738665244483, 116.66682868765237 40.387024082182194, 116.66619115043022 40.3867225495328, 116.66552712775605 40.3864849584209, 116.6648430145312 40.38631359697878, 116.66414539914 40.386210115510806, 116.663441 40.386175510600076, 116.66273660086001 40.386210115510806, 116.66203898546881 40.38631359697878, 116.66135487224396 40.3864849584209, 116.66069084956979 40.3867225495328, 116.66005331234764 40.387024082182194, 116.65944840040949 40.38738665244483, 116.65888193938798 40.387806768570876, 116.6583593846124 40.388280384612386, 116.65788576857088 40.38880293938798, 116.65746565244483 40.38936940040949, 116.65710308218219 40.38997431234764, 116.6568015495328 40.39061184956979, 116.6565639584209 40.39127587224395, 116.65639259697878 40.39195998546881, 116.6562891155108 40.39265760086001, 116.65625451060008 40.393362, 116.6562891155108 40.394066399139994, 116.65639259697878 40.3947640145312, 116.6565639584209 40.395448127756055, 116.6568015495328 40.39611215043022, 116.65710308218219 40.39674968765237, 116.65746565244483 40.397354599590514, 116.65788576857088 40.39792106061203, 116.6583593846124 40.39844361538762, 116.65888193938798 40.39891723142913, 116.65944840040949 40.399337347555175, 116.66005331234764 40.39969991781781, 116.66069084956979 40.40000145046721, 116.66135487224396 40.400239041579106, 116.66203898546881 40.400410403021226, 116.66273660086001 40.4005138844892, 116.663441 40.40054848939993, 116.66414539914 40.4005138844892, 116.6648430145312 40.400410403021226, 116.66552712775605 40.400239041579106, 116.66619115043022 40.40000145046721, 116.66682868765237 40.39969991781781, 116.66743359959052 40.399337347555175, 116.66800006061203 40.39891723142913, 116.66852261538762 40.39844361538762, 116.66899623142913 40.39792106061203, 116.66941634755518 40.397354599590514, 116.66977891781782 40.39674968765237, 116.67008045046721 40.39611215043022, 116.67031804157911 40.395448127756055, 116.67048940302124 40.3947640145312, 116.67059288448921 40.394066399139994, 116.67062748939993 40.393362))",800.0
北京雾灵西峰景区,3A,CONSTRUCTED,"POLYGON ((117.35860024469997 40.632646, 117.3585829422446 40.632293800430006, 117.35853120151062 40.631944992734404, 117.35844552078956 40.63160293612198, 117.3583267252336 40.63127092478489, 117.3581759589089 40.63095215617382, 117.35799467377758 40.63064970020474, 117.35778461571456 40.63036646969399, 117.3575478076938 40.630105192306196, 117.35728653030601 40.62986838428544, 117.35700329979525 40.62965832622241, 117.35670084382618 40.62947704109109, 117.35638207521511 40.6293262747664, 117.35605006387803 40.62920747921045, 117.3557080072656 40.629121798489386, 117.35535919956999 40.6290700577554, 117.355007 40.62905275530004, 117.35465480043001 40.6290700577554, 117.3543059927344 40.629121798489386, 117.35396393612197 40.62920747921045, 117.35363192478489 40.6293262747664, 117.35331315617383 40.62947704109109, 117.35301070020475 40.62965832622241, 117.35272746969399 40.62986838428544, 117.3524661923062 40.630105192306196, 117.35222938428544 40.63036646969399, 117.35201932622242 40.63064970020474, 117.3518380410911 40.63095215617382, 117.3516872747664 40.63127092478489, 117.35156847921044 40.63160293612198, 117.35148279848939 40.631944992734404, 117.3514310577554 40.632293800430006, 117.35141375530003 40.632646, 117.3514310577554 40.63299819957, 117.35148279848939 40.6333470072656, 117.35156847921044 40.63368906387802, 117.3516872747664 40.63402107521511, 117.3518380410911 40.63433984382618, 117.35201932622242 40.63464229979526, 117.35222938428544 40.63492553030601, 117.3524661923062 40.635186807693806, 117.35272746969399 40.635423615714565, 117.35301070020475 40.63563367377759, 117.35331315617383 40.63581495890891, 117.35363192478489 40.6359657252336, 117.35396393612197 40.63608452078955, 117.3543059927344 40.636170201510616, 117.35465480043001 40.6362219422446, 117.355007 40.636239244699965, 117.35535919956999 40.6362219422446, 117.3557080072656 40.636170201510616, 117.35605006387803 40.63608452078955, 117.35638207521511 40.6359657252336, 117.35670084382618 40.63581495890891, 117.35700329979525 40.63563367377759, 117.35728653030601 40.635423615714565, 117.3575478076938 40.635186807693806, 117.35778461571456 40.63492553030601, 117.35799467377758 40.63464229979526, 117.3581759589089 40.63433984382618, 117.3583267252336 40.63402107521511, 117.35844552078956 40.63368906387802, 117.35853120151062 40.6333470072656, 117.3585829422446 40.63299819957, 117.35860024469997 40.632646))",400.0
北京韩美林艺术馆文化景区,4A,NOT_FOUND,,
北京鹫峰森林公园景区,3A,CONSTRUCTED,"POLYGON ((116.08336355587495 40.055318, 116.08334192780575 40.05487775053751, 116.08327725188826 40.054441740918, 116.08317015098694 40.05401417015247, 116.083021656542 40.05359915598111, 116.08283319863614 40.05320069521727, 116.08260659222199 40.05282262525593, 116.0823440196432 40.05246858711748, 116.08204800961727 40.052141990382744, 116.08172141288252 40.051845980356795, 116.08136737474408 40.05158340777802, 116.08098930478273 40.051356801363866, 116.08059084401889 40.051168343457995, 116.08017582984753 40.05101984901306, 116.07974825908201 40.050912748111735, 116.0793122494625 40.05084807219425, 116.078872 40.05082644412504, 116.0784317505375 40.05084807219425, 116.077995740918 40.050912748111735, 116.07756817015247 40.05101984901306, 116.07715315598112 40.051168343457995, 116.07675469521728 40.051356801363866, 116.07637662525593 40.05158340777802, 116.07602258711749 40.051845980356795, 116.07569599038274 40.052141990382744, 116.0753999803568 40.05246858711748, 116.07513740777802 40.05282262525593, 116.07491080136387 40.05320069521727, 116.074722343458 40.05359915598111, 116.07457384901306 40.05401417015247, 116.07446674811175 40.054441740918, 116.07440207219426 40.05487775053751, 116.07438044412505 40.055318, 116.07440207219426 40.05575824946249, 116.07446674811175 40.056194259082, 116.07457384901306 40.05662182984753, 116.074722343458 40.05703684401889, 116.07491080136387 40.05743530478273, 116.07513740777802 40.05781337474407, 116.0753999803568 40.05816741288252, 116.07569599038274 40.058494009617256, 116.07602258711749 40.058790019643205, 116.07637662525593 40.05905259222198, 116.07675469521728 40.05927919863613, 116.07715315598112 40.059467656542004, 116.07756817015247 40.05961615098694, 116.077995740918 40.059723251888265, 116.0784317505375 40.05978792780575, 116.078872 40.059809555874956, 116.0793122494625 40.05978792780575, 116.07974825908201 40.059723251888265, 116.08017582984753 40.05961615098694, 116.08059084401889 40.059467656542004, 116.08098930478273 40.05927919863613, 116.08136737474408 40.05905259222198, 116.08172141288252 40.058790019643205, 116.08204800961727 40.058494009617256, 116.0823440196432 40.05816741288252, 116.08260659222199 40.05781337474407, 116.08283319863614 40.05743530478273, 116.083021656542 40.05703684401889, 116.08317015098694 40.05662182984753, 116.08327725188826 40.056194259082, 116.08334192780575 40.05575824946249, 116.08336355587495 40.055318))",500.0
北京黄花城水长城旅游区,4A,CONSTRUCTED,"POLYGON ((116.31119166762487 40.411686, 116.31112678341725 40.410365251612525, 116.3109327556648 40.40905722275401, 116.31061145296083 40.40777451045741, 116.31016596962601 40.40652946794334, 116.3096005959084 40.40533408565182, 116.30892077666596 40.404199875767794, 116.30813305892961 40.403137761352454, 116.30724502885178 40.40215797114823, 116.30626523864755 40.401269941070396, 116.30520312423221 40.40048222333405, 116.30406891434818 40.39980240409161, 116.30287353205667 40.399237030373996, 116.3016284895426 40.39879154703918, 116.30034577724601 40.39847024433521, 116.29903774838749 40.39827621658275, 116.297717 40.39821133237514, 116.29639625161252 40.39827621658275, 116.295088222754 40.39847024433521, 116.29380551045742 40.39879154703918, 116.29256046794335 40.399237030373996, 116.29136508565183 40.39980240409161, 116.2902308757678 40.40048222333405, 116.28916876135246 40.401269941070396, 116.28818897114823 40.40215797114823, 116.2873009410704 40.403137761352454, 116.28651322333405 40.404199875767794, 116.2858334040916 40.40533408565182, 116.285268030374 40.40652946794334, 116.28482254703918 40.40777451045741, 116.28450124433522 40.40905722275401, 116.28430721658276 40.410365251612525, 116.28424233237514 40.411686, 116.28430721658276 40.41300674838748, 116.28450124433522 40.414314777246, 116.28482254703918 40.4155974895426, 116.285268030374 40.41684253205666, 116.2858334040916 40.41803791434818, 116.28651322333405 40.41917212423221, 116.2873009410704 40.42023423864755, 116.28818897114823 40.42121402885178, 116.28916876135246 40.42210205892961, 116.2902308757678 40.422889776665954, 116.29136508565183 40.4235695959084, 116.29256046794335 40.42413496962601, 116.29380551045742 40.424580452960825, 116.295088222754 40.4249017556648, 116.29639625161252 40.425095783417255, 116.297717 40.425160667624866, 116.29903774838749 40.425095783417255, 116.30034577724601 40.4249017556648, 116.3016284895426 40.424580452960825, 116.30287353205667 40.42413496962601, 116.30406891434818 40.4235695959084, 116.30520312423221 40.422889776665954, 116.30626523864755 40.42210205892961, 116.30724502885178 40.42121402885178, 116.30813305892961 40.42023423864755, 116.30892077666596 40.41917212423221, 116.3096005959084 40.41803791434818, 116.31016596962601 40.41684253205666, 116.31061145296083 40.4155974895426, 116.3109327556648 40.414314777246, 116.31112678341725 40.41300674838748, 116.31119166762487 40.411686))",1500.0
北京龙脉温泉景区,4A,CONSTRUCTED,"POLYGON ((116.39791055587494 40.178544, 116.39788892780574 40.17810375053751, 116.39782425188825 40.177667740918004, 116.39771715098694 40.17724017015247, 116.39756865654199 40.17682515598111, 116.39738019863613 40.17642669521727, 116.39715359222198 40.17604862525593, 116.39689101964319 40.17569458711748, 116.39659500961726 40.175367990382746, 116.3962684128825 40.1750719803568, 116.39591437474407 40.17480940777802, 116.39553630478272 40.17458280136387, 116.39513784401888 40.174394343458, 116.39472282984752 40.17424584901306, 116.394295259082 40.17413874811174, 116.3938592494625 40.17407407219425, 116.393419 40.174052444125046, 116.3929787505375 40.17407407219425, 116.39254274091799 40.17413874811174, 116.39211517015246 40.17424584901306, 116.39170015598111 40.174394343458, 116.39130169521727 40.17458280136387, 116.39092362525592 40.17480940777802, 116.39056958711748 40.1750719803568, 116.39024299038273 40.175367990382746, 116.3899469803568 40.17569458711748, 116.389684407778 40.17604862525593, 116.38945780136386 40.17642669521727, 116.389269343458 40.17682515598111, 116.38912084901305 40.17724017015247, 116.38901374811174 40.177667740918004, 116.38894907219425 40.17810375053751, 116.38892744412504 40.178544, 116.38894907219425 40.178984249462495, 116.38901374811174 40.179420259082, 116.38912084901305 40.17984782984753, 116.389269343458 40.18026284401889, 116.38945780136386 40.18066130478273, 116.389684407778 40.181039374744074, 116.3899469803568 40.18139341288252, 116.39024299038273 40.18172000961726, 116.39056958711748 40.18201601964321, 116.39092362525592 40.182278592221984, 116.39130169521727 40.182505198636136, 116.39170015598111 40.18269365654201, 116.39211517015246 40.18284215098694, 116.39254274091799 40.18294925188827, 116.3929787505375 40.18301392780575, 116.393419 40.18303555587496, 116.3938592494625 40.18301392780575, 116.394295259082 40.18294925188827, 116.39472282984752 40.18284215098694, 116.39513784401888 40.18269365654201, 116.39553630478272 40.182505198636136, 116.39591437474407 40.182278592221984, 116.3962684128825 40.18201601964321, 116.39659500961726 40.18172000961726, 116.39689101964319 40.18139341288252, 116.39715359222198 40.181039374744074, 116.39738019863613 40.18066130478273, 116.39756865654199 40.18026284401889, 116.39771715098694 40.17984782984753, 116.39782425188825 40.179420259082, 116.39788892780574 40.178984249462495, 116.39791055587494 40.178544))",500.0
十三陵林下经济体验园,2A,NOT_FOUND,,
南石洋大峡谷景区,3A,CONSTRUCTED,"POLYGON ((115.79796473409989 40.145115, 115.79791282673379 40.14405840129001, 115.79775760453182 40.1430119782032, 115.79750056236865 40.141985808365924, 115.7971441757008 40.140989774354665, 115.79669187672671 40.14003346852146, 115.79614802133275 40.13912610061423, 115.79551784714369 40.13827640908195, 115.79480742308141 40.137492576918575, 115.79402359091803 40.13678215285631, 115.79317389938576 40.136151978667236, 115.79226653147853 40.13560812327328, 115.79131022564532 40.13515582429919, 115.79031419163407 40.134799437631344, 115.78928802179679 40.13454239546816, 115.78824159870997 40.1343871732662, 115.787185 40.134335265900106, 115.78612840129001 40.1343871732662, 115.7850819782032 40.13454239546816, 115.78405580836592 40.134799437631344, 115.78305977435467 40.13515582429919, 115.78210346852146 40.13560812327328, 115.78119610061422 40.136151978667236, 115.78034640908196 40.13678215285631, 115.77956257691858 40.137492576918575, 115.7788521528563 40.13827640908195, 115.77822197866723 40.13912610061423, 115.77767812327328 40.14003346852146, 115.7772258242992 40.140989774354665, 115.77686943763133 40.141985808365924, 115.77661239546816 40.1430119782032, 115.7764571732662 40.14405840129001, 115.7764052659001 40.145115, 115.7764571732662 40.146171598709984, 115.77661239546816 40.147218021796796, 115.77686943763133 40.14824419163407, 115.7772258242992 40.14924022564533, 115.77767812327328 40.150196531478535, 115.77822197866723 40.15110389938577, 115.7788521528563 40.15195359091804, 115.77956257691858 40.15273742308142, 115.78034640908196 40.15344784714368, 115.78119610061422 40.15407802133276, 115.78210346852146 40.154621876726715, 115.78305977435467 40.155074175700804, 115.78405580836592 40.15543056236865, 115.7850819782032 40.155687604531835, 115.78612840129001 40.155842826733796, 115.787185 40.15589473409989, 115.78824159870997 40.155842826733796, 115.78928802179679 40.155687604531835, 115.79031419163407 40.15543056236865, 115.79131022564532 40.155074175700804, 115.79226653147853 40.154621876726715, 115.79317389938576 40.15407802133276, 115.79402359091803 40.15344784714368, 115.79480742308141 40.15273742308142, 115.79551784714369 40.15195359091804, 115.79614802133275 40.15110389938577, 115.79669187672671 40.150196531478535, 115.7971441757008 40.14924022564533, 115.79750056236865 40.14824419163407, 115.79775760453182 40.147218021796796, 115.79791282673379 40.146171598709984, 115.79796473409989 40.145115))",1200.0
国家植物园景区,4A,CONSTRUCTED,"POLYGON ((116.20821824469996 39.99679, 116.20820094224459 39.99643780043, 116.20814920151061 39.9960889927344, 116.20806352078955 39.995746936121975, 116.20794472523359 39.99541492478489, 116.2077939589089 39.995096156173815, 116.20761267377758 39.99479370020474, 116.20740261571456 39.994510469693985, 116.2071658076938 39.99424919230619, 116.206904530306 39.99401238428543, 116.20662129979524 39.99380232622241, 116.20631884382617 39.99362104109109, 116.2060000752151 39.993470274766395, 116.20566806387802 39.993351479210446, 116.2053260072656 39.99326579848938, 116.20497719956998 39.993214057755395, 116.204625 39.99319675530003, 116.20427280043 39.993214057755395, 116.20392399273439 39.99326579848938, 116.20358193612196 39.993351479210446, 116.20324992478488 39.993470274766395, 116.20293115617382 39.99362104109109, 116.20262870020474 39.99380232622241, 116.20234546969398 39.99401238428543, 116.20208419230619 39.99424919230619, 116.20184738428543 39.994510469693985, 116.20163732622241 39.99479370020474, 116.20145604109109 39.995096156173815, 116.2013052747664 39.99541492478489, 116.20118647921043 39.995746936121975, 116.20110079848938 39.9960889927344, 116.2010490577554 39.99643780043, 116.20103175530002 39.99679, 116.2010490577554 39.99714219956999, 116.20110079848938 39.997491007265594, 116.20118647921043 39.99783306387802, 116.2013052747664 39.998165075215105, 116.20145604109109 39.99848384382618, 116.20163732622241 39.998786299795256, 116.20184738428543 39.99906953030601, 116.20208419230619 39.9993308076938, 116.20234546969398 39.99956761571456, 116.20262870020474 39.99977767377759, 116.20293115617382 39.999958958908906, 116.20324992478488 40.0001097252336, 116.20358193612196 40.00022852078955, 116.20392399273439 40.00031420151061, 116.20427280043 40.0003659422446, 116.204625 40.00038324469996, 116.20497719956998 40.0003659422446, 116.2053260072656 40.00031420151061, 116.20566806387802 40.00022852078955, 116.2060000752151 40.0001097252336, 116.20631884382617 39.999958958908906, 116.20662129979524 39.99977767377759, 116.206904530306 39.99956761571456, 116.2071658076938 39.9993308076938, 116.20740261571456 39.99906953030601, 116.20761267377758 39.998786299795256, 116.2077939589089 39.99848384382618, 116.20794472523359 39.998165075215105, 116.20806352078955 39.99783306387802, 116.20814920151061 39.997491007265594, 116.20820094224459 39.99714219956999, 116.20821824469996 39.99679))",400.0
大岭沟猕猴桃谷风景区,2A,CONSTRUCTED,"POLYGON ((116.22773311174991 40.368154, 116.2276898556115 40.36727350107501, 116.22756050377653 40.366401481836, 116.22734630197388 40.36554634030493, 116.22704931308401 40.36471631196222, 116.22667239727227 40.363919390434546, 116.22621918444396 40.36316325051186, 116.22569403928641 40.36245517423496, 116.22510201923451 40.36180198076548, 116.22444882576504 40.36120996071359, 116.22374074948814 40.36068481555603, 116.22298460956546 40.36023160272774, 116.22218768803778 40.359854686915995, 116.22135765969506 40.359557698026116, 116.220502518164 40.35934349622347, 116.21963049892499 40.359214144388496, 116.21875 40.359170888250084, 116.21786950107501 40.359214144388496, 116.216997481836 40.35934349622347, 116.21614234030494 40.359557698026116, 116.21531231196222 40.359854686915995, 116.21451539043454 40.36023160272774, 116.21375925051186 40.36068481555603, 116.21305117423496 40.36120996071359, 116.21239798076549 40.36180198076548, 116.21180596071359 40.36245517423496, 116.21128081555604 40.36316325051186, 116.21082760272773 40.363919390434546, 116.21045068691599 40.36471631196222, 116.21015369802612 40.36554634030493, 116.20993949622347 40.366401481836, 116.2098101443885 40.36727350107501, 116.20976688825009 40.368154, 116.2098101443885 40.36903449892498, 116.20993949622347 40.369906518163994, 116.21015369802612 40.37076165969506, 116.21045068691599 40.371591688037775, 116.21082760272773 40.37238860956545, 116.21128081555604 40.373144749488134, 116.21180596071359 40.373852825765034, 116.21239798076549 40.374506019234516, 116.21305117423496 40.37509803928641, 116.21375925051186 40.37562318444397, 116.21451539043454 40.37607639727226, 116.21531231196222 40.376453313084, 116.21614234030494 40.37675030197388, 116.216997481836 40.37696450377653, 116.21786950107501 40.3770938556115, 116.21875 40.37713711174991, 116.21963049892499 40.3770938556115, 116.220502518164 40.37696450377653, 116.22135765969506 40.37675030197388, 116.22218768803778 40.376453313084, 116.22298460956546 40.37607639727226, 116.22374074948814 40.37562318444397, 116.22444882576504 40.37509803928641, 116.22510201923451 40.374506019234516, 116.22569403928641 40.373852825765034, 116.22621918444396 40.373144749488134, 116.22667239727227 40.37238860956545, 116.22704931308401 40.371591688037775, 116.22734630197388 40.37076165969506, 116.22756050377653 40.369906518163994, 116.2276898556115 40.36903449892498, 116.22773311174991 40.368154))",1000.0
妙峰山风景区,3A,CONSTRUCTED,"POLYGON ((116.02297911174992 40.072345, 116.02293585561151 40.07146450107501, 116.02280650377654 40.070592481836, 116.02259230197389 40.06973734030493, 116.02229531308402 40.06890731196222, 116.02191839727227 40.06811039043455, 116.02146518444397 40.06735425051186, 116.02094003928642 40.06664617423496, 116.02034801923452 40.06599298076548, 116.01969482576504 40.06540096071359, 116.01898674948815 40.06487581555603, 116.01823060956546 40.06442260272774, 116.01743368803778 40.064045686915996, 116.01660365969506 40.06374869802612, 116.015748518164 40.06353449622347, 116.01487649892499 40.0634051443885, 116.013996 40.063361888250085, 116.01311550107502 40.0634051443885, 116.01224348183601 40.06353449622347, 116.01138834030495 40.06374869802612, 116.01055831196223 40.064045686915996, 116.00976139043455 40.06442260272774, 116.00900525051186 40.06487581555603, 116.00829717423497 40.06540096071359, 116.0076439807655 40.06599298076548, 116.0070519607136 40.06664617423496, 116.00652681555604 40.06735425051186, 116.00607360272774 40.06811039043455, 116.005696686916 40.06890731196222, 116.00539969802612 40.06973734030493, 116.00518549622348 40.070592481836, 116.0050561443885 40.07146450107501, 116.00501288825009 40.072345, 116.0050561443885 40.073225498924984, 116.00518549622348 40.074097518163995, 116.00539969802612 40.074952659695064, 116.005696686916 40.075782688037776, 116.00607360272774 40.07657960956545, 116.00652681555604 40.077335749488135, 116.0070519607136 40.078043825765036, 116.0076439807655 40.07869701923452, 116.00829717423497 40.07928903928641, 116.00900525051186 40.07981418444397, 116.00976139043455 40.08026739727226, 116.01055831196223 40.080644313084, 116.01138834030495 40.08094130197388, 116.01224348183601 40.08115550377653, 116.01311550107502 40.0812848556115, 116.013996 40.08132811174991, 116.01487649892499 40.0812848556115, 116.015748518164 40.08115550377653, 116.01660365969506 40.08094130197388, 116.01743368803778 40.080644313084, 116.01823060956546 40.08026739727226, 116.01898674948815 40.07981418444397, 116.01969482576504 40.07928903928641, 116.02034801923452 40.07869701923452, 116.02094003928642 40.078043825765036, 116.02146518444397 40.077335749488135, 116.02191839727227 40.07657960956545, 116.02229531308402 40.075782688037776, 116.02259230197389 40.074952659695064, 116.02280650377654 40.074097518163995, 116.02293585561151 40.073225498924984, 116.02297911174992 40.072345))",1000.0
孔庙和国子监博物馆景区,4A,CONSTRUCTED,"POLYGON ((116.40943162234998 39.945228, 116.4094229711223 39.945051900215006, 116.4093971007553 39.9448774963672, 116.40935426039478 39.944706468060986, 116.4092948626168 39.944540462392446, 116.40921947945445 39.94438107808691, 116.4091288368888 39.944229850102374, 116.40902380785728 39.944088234846994, 116.4089054038469 39.9439575961531, 116.40877476515301 39.94383919214272, 116.40863314989763 39.94373416311121, 116.4084819219131 39.94364352054555, 116.40832253760756 39.9435681373832, 116.40815653193901 39.94350873960522, 116.4079855036328 39.94346589924469, 116.407811099785 39.9434400288777, 116.407635 39.943431377650015, 116.407458900215 39.9434400288777, 116.4072844963672 39.94346589924469, 116.40711346806098 39.94350873960522, 116.40694746239244 39.9435681373832, 116.4067880780869 39.94364352054555, 116.40663685010237 39.94373416311121, 116.40649523484699 39.94383919214272, 116.4063645961531 39.9439575961531, 116.40624619214272 39.944088234846994, 116.4061411631112 39.944229850102374, 116.40605052054555 39.94438107808691, 116.4059751373832 39.944540462392446, 116.40591573960522 39.944706468060986, 116.4058728992447 39.9448774963672, 116.4058470288777 39.945051900215006, 116.40583837765001 39.945228, 116.4058470288777 39.945404099784994, 116.4058728992447 39.9455785036328, 116.40591573960522 39.945749531939015, 116.4059751373832 39.945915537607554, 116.40605052054555 39.94607492191309, 116.4061411631112 39.946226149897626, 116.40624619214272 39.946367765153006, 116.4063645961531 39.9464984038469, 116.40649523484699 39.94661680785728, 116.40663685010237 39.94672183688879, 116.4067880780869 39.94681247945445, 116.40694746239244 39.9468878626168, 116.40711346806098 39.94694726039478, 116.4072844963672 39.94699010075531, 116.407458900215 39.9470159711223, 116.407635 39.947024622349986, 116.407811099785 39.9470159711223, 116.4079855036328 39.94699010075531, 116.40815653193901 39.94694726039478, 116.40832253760756 39.9468878626168, 116.4084819219131 39.94681247945445, 116.40863314989763 39.94672183688879, 116.40877476515301 39.94661680785728, 116.4089054038469 39.9464984038469, 116.40902380785728 39.946367765153006, 116.4091288368888 39.946226149897626, 116.40921947945445 39.94607492191309, 116.4092948626168 39.945915537607554, 116.40935426039478 39.945749531939015, 116.4093971007553 39.9455785036328, 116.4094229711223 39.945404099784994, 116.40943162234998 39.945228))",200.0
密云玫瑰情园景区,3A,CONSTRUCTED,"POLYGON ((116.90288924469998 40.34953, 116.9028719422446 40.349177800430006, 116.90282020151062 40.348828992734404, 116.90273452078956 40.34848693612198, 116.9026157252336 40.34815492478489, 116.90246495890891 40.34783615617382, 116.90228367377759 40.34753370020474, 116.90207361571457 40.34725046969399, 116.90183680769381 40.3469891923062, 116.90157553030602 40.34675238428544, 116.90129229979526 40.34654232622241, 116.90098984382618 40.34636104109109, 116.90067107521512 40.3462102747664, 116.90033906387804 40.34609147921045, 116.89999700726561 40.34600579848939, 116.89964819957 40.3459540577554, 116.899296 40.34593675530004, 116.89894380043002 40.3459540577554, 116.8985949927344 40.34600579848939, 116.89825293612198 40.34609147921045, 116.8979209247849 40.3462102747664, 116.89760215617383 40.34636104109109, 116.89729970020475 40.34654232622241, 116.897016469694 40.34675238428544, 116.8967551923062 40.3469891923062, 116.89651838428544 40.34725046969399, 116.89630832622242 40.34753370020474, 116.8961270410911 40.34783615617382, 116.89597627476641 40.34815492478489, 116.89585747921045 40.34848693612198, 116.89577179848939 40.348828992734404, 116.89572005775541 40.349177800430006, 116.89570275530004 40.34953, 116.89572005775541 40.34988219957, 116.89577179848939 40.3502310072656, 116.89585747921045 40.350573063878024, 116.89597627476641 40.35090507521511, 116.8961270410911 40.35122384382618, 116.89630832622242 40.35152629979526, 116.89651838428544 40.351809530306014, 116.8967551923062 40.352070807693806, 116.897016469694 40.352307615714565, 116.89729970020475 40.35251767377759, 116.89760215617383 40.35269895890891, 116.8979209247849 40.352849725233604, 116.89825293612198 40.35296852078955, 116.8985949927344 40.353054201510616, 116.89894380043002 40.3531059422446, 116.899296 40.353123244699965, 116.89964819957 40.3531059422446, 116.89999700726561 40.353054201510616, 116.90033906387804 40.35296852078955, 116.90067107521512 40.352849725233604, 116.90098984382618 40.35269895890891, 116.90129229979526 40.35251767377759, 116.90157553030602 40.352307615714565, 116.90183680769381 40.352070807693806, 116.90207361571457 40.351809530306014, 116.90228367377759 40.35152629979526, 116.90246495890891 40.35122384382618, 116.9026157252336 40.35090507521511, 116.90273452078956 40.350573063878024, 116.90282020151062 40.3502310072656, 116.9028719422446 40.34988219957, 116.90288924469998 40.34953))",400.0
小汤山现代农业科技示范园景区,4A,CONSTRUCTED,"POLYGON ((116.43051324469997 40.153787, 116.43049594224459 40.153434800430006, 116.43044420151061 40.153085992734404, 116.43035852078955 40.15274393612198, 116.43023972523359 40.15241192478489, 116.4300889589089 40.15209315617382, 116.42990767377758 40.15179070020474, 116.42969761571456 40.15150746969399, 116.4294608076938 40.151246192306196, 116.42919953030601 40.15100938428544, 116.42891629979525 40.15079932622241, 116.42861384382617 40.15061804109109, 116.4282950752151 40.1504672747664, 116.42796306387802 40.15034847921045, 116.4276210072656 40.150262798489386, 116.42727219956998 40.1502110577554, 116.42692 40.15019375530004, 116.42656780043 40.1502110577554, 116.42621899273439 40.150262798489386, 116.42587693612197 40.15034847921045, 116.42554492478489 40.1504672747664, 116.42522615617382 40.15061804109109, 116.42492370020474 40.15079932622241, 116.42464046969398 40.15100938428544, 116.42437919230619 40.151246192306196, 116.42414238428543 40.15150746969399, 116.42393232622241 40.15179070020474, 116.4237510410911 40.15209315617382, 116.4236002747664 40.15241192478489, 116.42348147921044 40.15274393612198, 116.42339579848938 40.153085992734404, 116.4233440577554 40.153434800430006, 116.42332675530002 40.153787, 116.4233440577554 40.15413919957, 116.42339579848938 40.1544880072656, 116.42348147921044 40.15483006387802, 116.4236002747664 40.15516207521511, 116.4237510410911 40.15548084382618, 116.42393232622241 40.15578329979526, 116.42414238428543 40.15606653030601, 116.42437919230619 40.156327807693806, 116.42464046969398 40.156564615714565, 116.42492370020474 40.15677467377759, 116.42522615617382 40.15695595890891, 116.42554492478489 40.157106725233604, 116.42587693612197 40.15722552078955, 116.42621899273439 40.157311201510616, 116.42656780043 40.1573629422446, 116.42692 40.157380244699965, 116.42727219956998 40.1573629422446, 116.4276210072656 40.157311201510616, 116.42796306387802 40.15722552078955, 116.4282950752151 40.157106725233604, 116.42861384382617 40.15695595890891, 116.42891629979525 40.15677467377759, 116.42919953030601 40.156564615714565, 116.4294608076938 40.156327807693806, 116.42969761571456 40.15606653030601, 116.42990767377758 40.15578329979526, 116.4300889589089 40.15548084382618, 116.43023972523359 40.15516207521511, 116.43035852078955 40.15483006387802, 116.43044420151061 40.1544880072656, 116.43049594224459 40.15413919957, 116.43051324469997 40.153787))",400.0
居庸关长城景区,4A,CONSTRUCTED,"POLYGON ((116.08019566762486 40.289741, 116.08013078341725 40.28842025161252, 116.07993675566479 40.287112222754004, 116.07961545296082 40.285829510457404, 116.07916996962601 40.28458446794334, 116.0786045959084 40.28338908565182, 116.07792477666595 40.28225487576779, 116.07713705892961 40.28119276135245, 116.07624902885178 40.280212971148224, 116.07526923864755 40.27932494107039, 116.0742071242322 40.27853722333405, 116.07307291434817 40.277857404091606, 116.07187753205666 40.27729203037399, 116.07063248954259 40.27684654703918, 116.069349777246 40.276525244335204, 116.06804174838749 40.27633121658275, 116.066721 40.27626633237514, 116.06540025161252 40.27633121658275, 116.064092222754 40.276525244335204, 116.06280951045741 40.27684654703918, 116.06156446794334 40.27729203037399, 116.06036908565183 40.277857404091606, 116.0592348757678 40.27853722333405, 116.05817276135245 40.27932494107039, 116.05719297114823 40.280212971148224, 116.0563049410704 40.28119276135245, 116.05551722333405 40.28225487576779, 116.0548374040916 40.28338908565182, 116.054272030374 40.28458446794334, 116.05382654703918 40.285829510457404, 116.05350524433521 40.287112222754004, 116.05331121658276 40.28842025161252, 116.05324633237514 40.289741, 116.05331121658276 40.29106174838748, 116.05350524433521 40.292369777245995, 116.05382654703918 40.293652489542595, 116.054272030374 40.29489753205666, 116.0548374040916 40.29609291434818, 116.05551722333405 40.29722712423221, 116.0563049410704 40.29828923864755, 116.05719297114823 40.299269028851775, 116.05817276135245 40.30015705892961, 116.0592348757678 40.30094477666595, 116.06036908565183 40.30162459590839, 116.06156446794334 40.302189969626006, 116.06280951045741 40.30263545296082, 116.064092222754 40.302956755664795, 116.06540025161252 40.30315078341725, 116.066721 40.30321566762486, 116.06804174838749 40.30315078341725, 116.069349777246 40.302956755664795, 116.07063248954259 40.30263545296082, 116.07187753205666 40.302189969626006, 116.07307291434817 40.30162459590839, 116.0742071242322 40.30094477666595, 116.07526923864755 40.30015705892961, 116.07624902885178 40.299269028851775, 116.07713705892961 40.29828923864755, 116.07792477666595 40.29722712423221, 116.0786045959084 40.29609291434818, 116.07916996962601 40.29489753205666, 116.07961545296082 40.293652489542595, 116.07993675566479 40.292369777245995, 116.08013078341725 40.29106174838748, 116.08019566762486 40.289741))",1500.0
平谷京东大峡谷旅游区,4A,CONSTRUCTED,"POLYGON ((117.1744697340999 40.244557, 117.1744178267338 40.243500401290014, 117.17426260453183 40.2424539782032, 117.17400556236866 40.24142780836593, 117.1736491757008 40.24043177435467, 117.17319687672672 40.23947546852146, 117.17265302133276 40.23856810061423, 117.1720228471437 40.23771840908196, 117.17131242308142 40.23693457691858, 117.17052859091804 40.236224152856316, 117.16967889938577 40.23559397866724, 117.16877153147854 40.23505012327328, 117.16781522564533 40.23459782429919, 117.16681919163408 40.23424143763135, 117.1657930217968 40.23398439546816, 117.16474659870998 40.2338291732662, 117.16369 40.23377726590011, 117.16263340129002 40.2338291732662, 117.1615869782032 40.23398439546816, 117.16056080836593 40.23424143763135, 117.15956477435468 40.23459782429919, 117.15860846852146 40.23505012327328, 117.15770110061423 40.23559397866724, 117.15685140908197 40.236224152856316, 117.15606757691859 40.23693457691858, 117.15535715285631 40.23771840908196, 117.15472697866724 40.23856810061423, 117.15418312327328 40.23947546852146, 117.1537308242992 40.24043177435467, 117.15337443763134 40.24142780836593, 117.15311739546817 40.2424539782032, 117.1529621732662 40.243500401290014, 117.1529102659001 40.244557, 117.1529621732662 40.24561359870999, 117.15311739546817 40.2466600217968, 117.15337443763134 40.247686191634074, 117.1537308242992 40.24868222564533, 117.15418312327328 40.24963853147854, 117.15472697866724 40.25054589938577, 117.15535715285631 40.251395590918044, 117.15606757691859 40.25217942308142, 117.15685140908197 40.252889847143685, 117.15770110061423 40.25352002133276, 117.15860846852146 40.25406387672672, 117.15956477435468 40.25451617570081, 117.16056080836593 40.254872562368654, 117.1615869782032 40.25512960453184, 117.16263340129002 40.2552848267338, 117.16369 40.25533673409989, 117.16474659870998 40.2552848267338, 117.1657930217968 40.25512960453184, 117.16681919163408 40.254872562368654, 117.16781522564533 40.25451617570081, 117.16877153147854 40.25406387672672, 117.16967889938577 40.25352002133276, 117.17052859091804 40.252889847143685, 117.17131242308142 40.25217942308142, 117.1720228471437 40.251395590918044, 117.17265302133276 40.25054589938577, 117.17319687672672 40.24963853147854, 117.1736491757008 40.24868222564533, 117.17400556236866 40.247686191634074, 117.17426260453183 40.2466600217968, 117.1744178267338 40.24561359870999, 117.1744697340999 40.244557))",1200.0
平谷区京东石林峡风景区,4A,CONSTRUCTED,"POLYGON ((117.2458417340999 40.260956, 117.2457898267338 40.25989940129001, 117.24563460453183 40.2588529782032, 117.24537756236866 40.25782680836593, 117.2450211757008 40.25683077435467, 117.24456887672672 40.25587446852146, 117.24402502133276 40.25496710061423, 117.24339484714369 40.25411740908196, 117.24268442308141 40.25333357691858, 117.24190059091804 40.252623152856316, 117.24105089938577 40.25199297866724, 117.24014353147854 40.25144912327328, 117.23918722564532 40.25099682429919, 117.23819119163407 40.25064043763135, 117.2371650217968 40.25038339546816, 117.23611859870998 40.2502281732662, 117.235062 40.25017626590011, 117.23400540129002 40.2502281732662, 117.2329589782032 40.25038339546816, 117.23193280836593 40.25064043763135, 117.23093677435467 40.25099682429919, 117.22998046852146 40.25144912327328, 117.22907310061423 40.25199297866724, 117.22822340908196 40.252623152856316, 117.22743957691858 40.25333357691858, 117.22672915285631 40.25411740908196, 117.22609897866724 40.25496710061423, 117.22555512327328 40.25587446852146, 117.2251028242992 40.25683077435467, 117.22474643763134 40.25782680836593, 117.22448939546817 40.2588529782032, 117.2243341732662 40.25989940129001, 117.2242822659001 40.260956, 117.2243341732662 40.26201259870999, 117.22448939546817 40.2630590217968, 117.22474643763134 40.264085191634074, 117.2251028242992 40.26508122564533, 117.22555512327328 40.26603753147854, 117.22609897866724 40.26694489938577, 117.22672915285631 40.267794590918044, 117.22743957691858 40.26857842308142, 117.22822340908196 40.269288847143685, 117.22907310061423 40.26991902133276, 117.22998046852146 40.27046287672672, 117.23093677435467 40.27091517570081, 117.23193280836593 40.27127156236865, 117.2329589782032 40.27152860453184, 117.23400540129002 40.2716838267338, 117.235062 40.27173573409989, 117.23611859870998 40.2716838267338, 117.2371650217968 40.27152860453184, 117.23819119163407 40.27127156236865, 117.23918722564532 40.27091517570081, 117.24014353147854 40.27046287672672, 117.24105089938577 40.26991902133276, 117.24190059091804 40.269288847143685, 117.24268442308141 40.26857842308142, 117.24339484714369 40.267794590918044, 117.24402502133276 40.26694489938577, 117.24456887672672 40.26603753147854, 117.2450211757008 40.26508122564533, 117.24537756236866 40.264085191634074, 117.24563460453183 40.2630590217968, 117.2457898267338 40.26201259870999, 117.2458417340999 40.260956))",1200.0
延庆区龙庆峡旅游区,4A,NOT_FOUND,,
怀柔青龙峡旅游区,4A,CONSTRUCTED,"POLYGON ((116.6859247340999 40.460548, 116.6858728267338 40.459491401290016, 116.68571760453183 40.458444978203204, 116.68546056236866 40.45741880836593, 116.6851041757008 40.45642277435467, 116.68465187672672 40.455466468521465, 116.68410802133276 40.45455910061423, 116.68347784714369 40.45370940908196, 116.68276742308142 40.45292557691858, 116.68198359091804 40.45221515285632, 116.68113389938577 40.45158497866724, 116.68022653147854 40.451041123273285, 116.67927022564533 40.450588824299196, 116.67827419163407 40.45023243763135, 116.6772480217968 40.449975395468165, 116.67620159870998 40.449820173266204, 116.675145 40.44976826590011, 116.67408840129002 40.449820173266204, 116.6730419782032 40.449975395468165, 116.67201580836593 40.45023243763135, 116.67101977435468 40.450588824299196, 116.67006346852146 40.451041123273285, 116.66915610061423 40.45158497866724, 116.66830640908196 40.45221515285632, 116.66752257691859 40.45292557691858, 116.66681215285631 40.45370940908196, 116.66618197866724 40.45455910061423, 116.66563812327328 40.455466468521465, 116.6651858242992 40.45642277435467, 116.66482943763134 40.45741880836593, 116.66457239546817 40.458444978203204, 116.6644171732662 40.459491401290016, 116.6643652659001 40.460548, 116.6644171732662 40.46160459870999, 116.66457239546817 40.4626510217968, 116.66482943763134 40.463677191634076, 116.6651858242992 40.464673225645335, 116.66563812327328 40.46562953147854, 116.66618197866724 40.46653689938577, 116.66681215285631 40.467386590918046, 116.66752257691859 40.468170423081425, 116.66830640908196 40.46888084714369, 116.66915610061423 40.469511021332764, 116.67006346852146 40.47005487672672, 116.67101977435468 40.47050717570081, 116.67201580836593 40.470863562368656, 116.6730419782032 40.47112060453184, 116.67408840129002 40.4712758267338, 116.675145 40.471327734099894, 116.67620159870998 40.4712758267338, 116.6772480217968 40.47112060453184, 116.67827419163407 40.470863562368656, 116.67927022564533 40.47050717570081, 116.68022653147854 40.47005487672672, 116.68113389938577 40.469511021332764, 116.68198359091804 40.46888084714369, 116.68276742308142 40.468170423081425, 116.68347784714369 40.467386590918046, 116.68410802133276 40.46653689938577, 116.68465187672672 40.46562953147854, 116.6851041757008 40.464673225645335, 116.68546056236866 40.463677191634076, 116.68571760453183 40.4626510217968, 116.6858728267338 40.46160459870999, 116.6859247340999 40.460548))",1200.0
房山区没有共产党就没有新中国革命歌曲纪念馆景区,2A,CONSTRUCTED,"POLYGON ((115.58085977793748 39.780017, 115.58084896390288 39.77979687526875, 115.58081662594414 39.779578870459, 115.58076307549346 39.779365085076236, 115.58068882827101 39.77915757799056, 115.58059459931806 39.778958347608636, 115.58048129611099 39.778769312627965, 115.5803500098216 39.778592293558745, 115.58020200480863 39.77842899519137, 115.58003870644126 39.7782809901784, 115.57986168737203 39.77814970388901, 115.57967265239137 39.778036400681934, 115.57947342200944 39.777942171729, 115.57926591492377 39.77786792450653, 115.579052129541 39.77781437405587, 115.57883412473124 39.77778203609713, 115.578614 39.777771222062526, 115.57839387526876 39.77778203609713, 115.578175870459 39.77781437405587, 115.57796208507624 39.77786792450653, 115.57775457799056 39.777942171729, 115.57755534760864 39.778036400681934, 115.57736631262797 39.77814970388901, 115.57718929355875 39.7782809901784, 115.57702599519138 39.77842899519137, 115.5768779901784 39.778592293558745, 115.57674670388901 39.778769312627965, 115.57663340068194 39.778958347608636, 115.576539171729 39.77915757799056, 115.57646492450654 39.779365085076236, 115.57641137405587 39.779578870459, 115.57637903609712 39.77979687526875, 115.57636822206253 39.780017, 115.57637903609712 39.78023712473125, 115.57641137405587 39.780455129541004, 115.57646492450654 39.780668914923766, 115.576539171729 39.78087642200944, 115.57663340068194 39.781075652391365, 115.57674670388901 39.78126468737204, 115.5768779901784 39.78144170644126, 115.57702599519138 39.78160500480863, 115.57718929355875 39.7817530098216, 115.57736631262797 39.781884296110995, 115.57755534760864 39.78199759931807, 115.57775457799056 39.782091828271, 115.57796208507624 39.78216607549347, 115.578175870459 39.78221962594413, 115.57839387526876 39.78225196390287, 115.578614 39.782262777937476, 115.57883412473124 39.78225196390287, 115.579052129541 39.78221962594413, 115.57926591492377 39.78216607549347, 115.57947342200944 39.782091828271, 115.57967265239137 39.78199759931807, 115.57986168737203 39.781884296110995, 115.58003870644126 39.7817530098216, 115.58020200480863 39.78160500480863, 115.5803500098216 39.78144170644126, 115.58048129611099 39.78126468737204, 115.58059459931806 39.781075652391365, 115.58068882827101 39.78087642200944, 115.58076307549346 39.780668914923766, 115.58081662594414 39.780455129541004, 115.58084896390288 39.78023712473125, 115.58085977793748 39.780017))",250.0
斯普瑞斯奧特萊斯旅游区,3A,CONSTRUCTED,"POLYGON ((116.59398924469997 40.010178, 116.5939719422446 40.00982580043001, 116.59392020151061 40.009476992734406, 116.59383452078956 40.00913493612198, 116.5937157252336 40.008802924784895, 116.5935649589089 40.00848415617382, 116.59338367377758 40.008181700204744, 116.59317361571456 40.00789846969399, 116.5929368076938 40.0076371923062, 116.59267553030601 40.00740038428544, 116.59239229979525 40.007190326222414, 116.59208984382617 40.007009041091095, 116.5917710752151 40.0068582747664, 116.59143906387803 40.00673947921045, 116.5910970072656 40.00665379848939, 116.59074819956999 40.0066020577554, 116.590396 40.00658475530004, 116.59004380043001 40.0066020577554, 116.5896949927344 40.00665379848939, 116.58935293612197 40.00673947921045, 116.58902092478489 40.0068582747664, 116.58870215617382 40.007009041091095, 116.58839970020475 40.007190326222414, 116.58811646969399 40.00740038428544, 116.5878551923062 40.0076371923062, 116.58761838428543 40.00789846969399, 116.58740832622242 40.008181700204744, 116.5872270410911 40.00848415617382, 116.5870762747664 40.008802924784895, 116.58695747921044 40.00913493612198, 116.58687179848938 40.009476992734406, 116.5868200577554 40.00982580043001, 116.58680275530003 40.010178, 116.5868200577554 40.01053019957, 116.58687179848938 40.0108790072656, 116.58695747921044 40.011221063878025, 116.5870762747664 40.01155307521511, 116.5872270410911 40.011871843826185, 116.58740832622242 40.01217429979526, 116.58761838428543 40.012457530306015, 116.5878551923062 40.01271880769381, 116.58811646969399 40.01295561571457, 116.58839970020475 40.01316567377759, 116.58870215617382 40.01334695890891, 116.58902092478489 40.013497725233606, 116.58935293612197 40.013616520789554, 116.5896949927344 40.01370220151062, 116.59004380043001 40.013753942244605, 116.590396 40.01377124469997, 116.59074819956999 40.013753942244605, 116.5910970072656 40.01370220151062, 116.59143906387803 40.013616520789554, 116.5917710752151 40.013497725233606, 116.59208984382617 40.01334695890891, 116.59239229979525 40.01316567377759, 116.59267553030601 40.01295561571457, 116.5929368076938 40.01271880769381, 116.59317361571456 40.012457530306015, 116.59338367377758 40.01217429979526, 116.5935649589089 40.011871843826185, 116.5937157252336 40.01155307521511, 116.59383452078956 40.011221063878025, 116.59392020151061 40.0108790072656, 116.5939719422446 40.01053019957, 116.59398924469997 40.010178))",400.0
檀谷景区,3A,CONSTRUCTED,"POLYGON ((116.05164155587495 39.876802, 116.05161992780575 39.876361750537505, 116.05155525188826 39.875925740918, 116.05144815098694 39.87549817015247, 116.051299656542 39.87508315598111, 116.05111119863614 39.87468469521727, 116.05088459222199 39.874306625255926, 116.0506220196432 39.87395258711748, 116.05032600961727 39.87362599038274, 116.04999941288251 39.87332998035679, 116.04964537474407 39.87306740777802, 116.04926730478273 39.872840801363864, 116.04886884401888 39.87265234345799, 116.04845382984753 39.87250384901306, 116.04802625908201 39.87239674811173, 116.0475902494625 39.87233207219425, 116.04715 39.87231044412504, 116.0467097505375 39.87233207219425, 116.046273740918 39.87239674811173, 116.04584617015247 39.87250384901306, 116.04543115598112 39.87265234345799, 116.04503269521727 39.872840801363864, 116.04465462525593 39.87306740777802, 116.04430058711749 39.87332998035679, 116.04397399038274 39.87362599038274, 116.0436779803568 39.87395258711748, 116.04341540777801 39.874306625255926, 116.04318880136387 39.87468469521727, 116.043000343458 39.87508315598111, 116.04285184901306 39.87549817015247, 116.04274474811174 39.875925740918, 116.04268007219426 39.876361750537505, 116.04265844412505 39.876802, 116.04268007219426 39.87724224946249, 116.04274474811174 39.877678259081996, 116.04285184901306 39.87810582984753, 116.043000343458 39.87852084401889, 116.04318880136387 39.87891930478273, 116.04341540777801 39.87929737474407, 116.0436779803568 39.87965141288252, 116.04397399038274 39.879978009617254, 116.04430058711749 39.8802740196432, 116.04465462525593 39.88053659222198, 116.04503269521727 39.88076319863613, 116.04543115598112 39.880951656542, 116.04584617015247 39.88110015098694, 116.046273740918 39.88120725188826, 116.0467097505375 39.88127192780575, 116.04715 39.881293555874954, 116.0475902494625 39.88127192780575, 116.04802625908201 39.88120725188826, 116.04845382984753 39.88110015098694, 116.04886884401888 39.880951656542, 116.04926730478273 39.88076319863613, 116.04964537474407 39.88053659222198, 116.04999941288251 39.8802740196432, 116.05032600961727 39.879978009617254, 116.0506220196432 39.87965141288252, 116.05088459222199 39.87929737474407, 116.05111119863614 39.87891930478273, 116.051299656542 39.87852084401889, 116.05144815098694 39.87810582984753, 116.05155525188826 39.877678259081996, 116.05161992780575 39.87724224946249, 116.05164155587495 39.876802))",500.0
清凉谷旅游风景区,3A,CONSTRUCTED,"POLYGON ((116.7546291117499 40.625874, 116.7545858556115 40.62499350107502, 116.75445650377652 40.624121481836006, 116.75424230197387 40.62326634030494, 116.753945313084 40.622436311962225, 116.75356839727226 40.62163939043455, 116.75311518444396 40.620883250511866, 116.7525900392864 40.620175174234966, 116.7519980192345 40.619521980765484, 116.75134482576503 40.618929960713594, 116.75063674948814 40.61840481555603, 116.74988060956545 40.61795160272774, 116.74908368803777 40.617574686916, 116.74825365969505 40.61727769802612, 116.74739851816399 40.61706349622347, 116.74652649892498 40.6169341443885, 116.745646 40.61689088825009, 116.74476550107501 40.6169341443885, 116.743893481836 40.61706349622347, 116.74303834030493 40.61727769802612, 116.74220831196222 40.617574686916, 116.74141139043454 40.61795160272774, 116.74065525051185 40.61840481555603, 116.73994717423496 40.618929960713594, 116.73929398076548 40.619521980765484, 116.73870196071358 40.620175174234966, 116.73817681555603 40.620883250511866, 116.73772360272773 40.62163939043455, 116.73734668691598 40.622436311962225, 116.73704969802611 40.62326634030494, 116.73683549622346 40.624121481836006, 116.73670614438849 40.62499350107502, 116.73666288825008 40.625874, 116.73670614438849 40.62675449892499, 116.73683549622346 40.627626518164, 116.73704969802611 40.62848165969507, 116.73734668691598 40.62931168803778, 116.73772360272773 40.630108609565454, 116.73817681555603 40.63086474948814, 116.73870196071358 40.63157282576504, 116.73929398076548 40.63222601923452, 116.73994717423496 40.63281803928641, 116.74065525051185 40.63334318444397, 116.74141139043454 40.63379639727226, 116.74220831196222 40.634173313084005, 116.74303834030493 40.634470301973884, 116.743893481836 40.63468450377653, 116.74476550107501 40.634813855611505, 116.745646 40.634857111749916, 116.74652649892498 40.634813855611505, 116.74739851816399 40.63468450377653, 116.74825365969505 40.634470301973884, 116.74908368803777 40.634173313084005, 116.74988060956545 40.63379639727226, 116.75063674948814 40.63334318444397, 116.75134482576503 40.63281803928641, 116.7519980192345 40.63222601923452, 116.7525900392864 40.63157282576504, 116.75311518444396 40.63086474948814, 116.75356839727226 40.630108609565454, 116.753945313084 40.62931168803778, 116.75424230197387 40.62848165969507, 116.75445650377652 40.627626518164, 116.7545858556115 40.62675449892499, 116.7546291117499 40.625874))",1000.0
琉璃渠景区,3A,CONSTRUCTED,"POLYGON ((116.08974324469997 39.968072, 116.0897259422446 39.967719800430004, 116.08967420151062 39.9673709927344, 116.08958852078956 39.96702893612198, 116.0894697252336 39.96669692478489, 116.0893189589089 39.96637815617382, 116.08913767377759 39.96607570020474, 116.08892761571457 39.96579246969399, 116.08869080769381 39.965531192306194, 116.08842953030602 39.965294384285436, 116.08814629979526 39.96508432622241, 116.08784384382618 39.96490304109109, 116.08752507521511 39.9647522747664, 116.08719306387803 39.96463347921045, 116.08685100726561 39.964547798489384, 116.08650219956999 39.9644960577554, 116.08615 39.964478755300036, 116.08579780043002 39.9644960577554, 116.0854489927344 39.964547798489384, 116.08510693612197 39.96463347921045, 116.0847749247849 39.9647522747664, 116.08445615617383 39.96490304109109, 116.08415370020475 39.96508432622241, 116.08387046969399 39.965294384285436, 116.0836091923062 39.965531192306194, 116.08337238428544 39.96579246969399, 116.08316232622242 39.96607570020474, 116.0829810410911 39.96637815617382, 116.08283027476641 39.96669692478489, 116.08271147921045 39.96702893612198, 116.08262579848939 39.9673709927344, 116.08257405775541 39.967719800430004, 116.08255675530003 39.968072, 116.08257405775541 39.968424199569995, 116.08262579848939 39.9687730072656, 116.08271147921045 39.96911506387802, 116.08283027476641 39.96944707521511, 116.0829810410911 39.96976584382618, 116.08316232622242 39.97006829979526, 116.08337238428544 39.97035153030601, 116.0836091923062 39.970612807693804, 116.08387046969399 39.97084961571456, 116.08415370020475 39.97105967377759, 116.08445615617383 39.97124095890891, 116.0847749247849 39.9713917252336, 116.08510693612197 39.97151052078955, 116.0854489927344 39.971596201510614, 116.08579780043002 39.9716479422446, 116.08615 39.97166524469996, 116.08650219956999 39.9716479422446, 116.08685100726561 39.971596201510614, 116.08719306387803 39.97151052078955, 116.08752507521511 39.9713917252336, 116.08784384382618 39.97124095890891, 116.08814629979526 39.97105967377759, 116.08842953030602 39.97084961571456, 116.08869080769381 39.970612807693804, 116.08892761571457 39.97035153030601, 116.08913767377759 39.97006829979526, 116.0893189589089 39.96976584382618, 116.0894697252336 39.96944707521511, 116.08958852078956 39.96911506387802, 116.08967420151062 39.9687730072656, 116.0897259422446 39.968424199569995, 116.08974324469997 39.968072))",400.0
百泉山风景区,2A,CONSTRUCTED,"POLYGON ((116.63973911174992 40.484621, 116.6396958556115 40.48374050107501, 116.63956650377654 40.482868481836, 116.63935230197389 40.48201334030493, 116.63905531308401 40.48118331196222, 116.63867839727227 40.480386390434546, 116.63822518444397 40.47963025051186, 116.63770003928641 40.47892217423496, 116.63710801923452 40.47826898076548, 116.63645482576504 40.47767696071359, 116.63574674948815 40.47715181555603, 116.63499060956546 40.47669860272774, 116.63419368803778 40.476321686915995, 116.63336365969506 40.476024698026116, 116.632508518164 40.47581049622347, 116.63163649892499 40.475681144388496, 116.630756 40.475637888250084, 116.62987550107502 40.475681144388496, 116.62900348183601 40.47581049622347, 116.62814834030495 40.476024698026116, 116.62731831196223 40.476321686915995, 116.62652139043455 40.47669860272774, 116.62576525051186 40.47715181555603, 116.62505717423497 40.47767696071359, 116.62440398076549 40.47826898076548, 116.6238119607136 40.47892217423496, 116.62328681555604 40.47963025051186, 116.62283360272774 40.480386390434546, 116.622456686916 40.48118331196222, 116.62215969802612 40.48201334030493, 116.62194549622347 40.482868481836, 116.6218161443885 40.48374050107501, 116.62177288825009 40.484621, 116.6218161443885 40.48550149892498, 116.62194549622347 40.486373518163994, 116.62215969802612 40.48722865969506, 116.622456686916 40.488058688037775, 116.62283360272774 40.48885560956545, 116.62328681555604 40.489611749488134, 116.6238119607136 40.490319825765035, 116.62440398076549 40.49097301923452, 116.62505717423497 40.49156503928641, 116.62576525051186 40.49209018444397, 116.62652139043455 40.49254339727226, 116.62731831196223 40.492920313084, 116.62814834030495 40.49321730197388, 116.62900348183601 40.49343150377653, 116.62987550107502 40.4935608556115, 116.630756 40.49360411174991, 116.63163649892499 40.4935608556115, 116.632508518164 40.49343150377653, 116.63336365969506 40.49321730197388, 116.63419368803778 40.492920313084, 116.63499060956546 40.49254339727226, 116.63574674948815 40.49209018444397, 116.63645482576504 40.49156503928641, 116.63710801923452 40.49097301923452, 116.63770003928641 40.490319825765035, 116.63822518444397 40.489611749488134, 116.63867839727227 40.48885560956545, 116.63905531308401 40.488058688037775, 116.63935230197389 40.48722865969506, 116.63956650377654 40.486373518163994, 116.6396958556115 40.48550149892498, 116.63973911174992 40.484621))",1000.0
皇家菜博物馆,3A,CONSTRUCTED,"POLYGON ((116.26657162234999 39.944473, 116.2665629711223 39.94429690021501, 116.2665371007553 39.9441224963672, 116.26649426039478 39.94395146806099, 116.2664348626168 39.94378546239245, 116.26635947945445 39.943626078086915, 116.2662688368888 39.943474850102376, 116.26616380785728 39.943333234846996, 116.2660454038469 39.9432025961531, 116.26591476515301 39.94308419214272, 116.26577314989763 39.94297916311121, 116.2656219219131 39.94288852054555, 116.26546253760756 39.942813137383204, 116.26529653193901 39.94275373960522, 116.2651255036328 39.942710899244695, 116.264951099785 39.942685028877705, 116.264775 39.94267637765002, 116.264598900215 39.942685028877705, 116.2644244963672 39.942710899244695, 116.26425346806099 39.94275373960522, 116.26408746239244 39.942813137383204, 116.2639280780869 39.94288852054555, 116.26377685010237 39.94297916311121, 116.26363523484699 39.94308419214272, 116.2635045961531 39.9432025961531, 116.26338619214272 39.943333234846996, 116.2632811631112 39.943474850102376, 116.26319052054555 39.943626078086915, 116.2631151373832 39.94378546239245, 116.26305573960522 39.94395146806099, 116.2630128992447 39.9441224963672, 116.2629870288777 39.94429690021501, 116.26297837765001 39.944473, 116.2629870288777 39.944649099784996, 116.2630128992447 39.944823503632804, 116.26305573960522 39.94499453193902, 116.2631151373832 39.945160537607556, 116.26319052054555 39.94531992191309, 116.2632811631112 39.94547114989763, 116.26338619214272 39.94561276515301, 116.2635045961531 39.945743403846905, 116.26363523484699 39.945861807857284, 116.26377685010237 39.94596683688879, 116.2639280780869 39.94605747945445, 116.26408746239244 39.9461328626168, 116.26425346806099 39.94619226039478, 116.2644244963672 39.94623510075531, 116.264598900215 39.9462609711223, 116.264775 39.94626962234999, 116.264951099785 39.9462609711223, 116.2651255036328 39.94623510075531, 116.26529653193901 39.94619226039478, 116.26546253760756 39.9461328626168, 116.2656219219131 39.94605747945445, 116.26577314989763 39.94596683688879, 116.26591476515301 39.945861807857284, 116.2660454038469 39.945743403846905, 116.26616380785728 39.94561276515301, 116.2662688368888 39.94547114989763, 116.26635947945445 39.94531992191309, 116.2664348626168 39.945160537607556, 116.26649426039478 39.94499453193902, 116.2665371007553 39.944823503632804, 116.2665629711223 39.944649099784996, 116.26657162234999 39.944473))",200.0
石门山景区,3A,CONSTRUCTED,"POLYGON ((116.66586911174991 40.484156, 116.6658258556115 40.48327550107501, 116.66569650377653 40.482403481836, 116.66548230197388 40.48154834030493, 116.66518531308401 40.48071831196222, 116.66480839727227 40.47992139043455, 116.66435518444396 40.47916525051186, 116.66383003928641 40.47845717423496, 116.66323801923451 40.47780398076548, 116.66258482576504 40.47721196071359, 116.66187674948814 40.47668681555603, 116.66112060956546 40.47623360272774, 116.66032368803778 40.475856686915996, 116.65949365969506 40.47555969802612, 116.658638518164 40.47534549622347, 116.65776649892499 40.4752161443885, 116.656886 40.475172888250086, 116.65600550107501 40.4752161443885, 116.655133481836 40.47534549622347, 116.65427834030494 40.47555969802612, 116.65344831196222 40.475856686915996, 116.65265139043454 40.47623360272774, 116.65189525051186 40.47668681555603, 116.65118717423496 40.47721196071359, 116.65053398076549 40.47780398076548, 116.64994196071359 40.47845717423496, 116.64941681555604 40.47916525051186, 116.64896360272773 40.47992139043455, 116.64858668691599 40.48071831196222, 116.64828969802612 40.48154834030493, 116.64807549622347 40.482403481836, 116.6479461443885 40.48327550107501, 116.64790288825009 40.484156, 116.6479461443885 40.485036498924984, 116.64807549622347 40.485908518163995, 116.64828969802612 40.486763659695065, 116.64858668691599 40.48759368803778, 116.64896360272773 40.48839060956545, 116.64941681555604 40.489146749488135, 116.64994196071359 40.489854825765036, 116.65053398076549 40.49050801923452, 116.65118717423496 40.49110003928641, 116.65189525051186 40.49162518444397, 116.65265139043454 40.49207839727226, 116.65344831196222 40.492455313084, 116.65427834030494 40.49275230197388, 116.655133481836 40.49296650377653, 116.65600550107501 40.4930958556115, 116.656886 40.49313911174991, 116.65776649892499 40.4930958556115, 116.658638518164 40.49296650377653, 116.65949365969506 40.49275230197388, 116.66032368803778 40.492455313084, 116.66112060956546 40.49207839727226, 116.66187674948814 40.49162518444397, 116.66258482576504 40.49110003928641, 116.66323801923451 40.49050801923452, 116.66383003928641 40.489854825765036, 116.66435518444396 40.489146749488135, 116.66480839727227 40.48839060956545, 116.66518531308401 40.48759368803778, 116.66548230197388 40.486763659695065, 116.66569650377653 40.485908518163995, 116.6658258556115 40.485036498924984, 116.66586911174991 40.484156))",1000.0
神堂峪自然风景区,2A,CONSTRUCTED,"POLYGON ((116.60952324469997 40.437732, 116.6095059422446 40.43737980043, 116.60945420151062 40.4370309927344, 116.60936852078956 40.436688936121975, 116.6092497252336 40.43635692478489, 116.6090989589089 40.436038156173815, 116.60891767377758 40.43573570020474, 116.60870761571456 40.435452469693985, 116.6084708076938 40.43519119230619, 116.60820953030601 40.43495438428543, 116.60792629979525 40.43474432622241, 116.60762384382618 40.43456304109109, 116.60730507521511 40.434412274766395, 116.60697306387803 40.434293479210446, 116.6066310072656 40.43420779848938, 116.60628219956999 40.434156057755395, 116.60593 40.43413875530003, 116.60557780043001 40.434156057755395, 116.6052289927344 40.43420779848938, 116.60488693612197 40.434293479210446, 116.60455492478489 40.434412274766395, 116.60423615617383 40.43456304109109, 116.60393370020475 40.43474432622241, 116.60365046969399 40.43495438428543, 116.6033891923062 40.43519119230619, 116.60315238428544 40.435452469693985, 116.60294232622242 40.43573570020474, 116.6027610410911 40.436038156173815, 116.6026102747664 40.43635692478489, 116.60249147921044 40.436688936121975, 116.60240579848939 40.4370309927344, 116.6023540577554 40.43737980043, 116.60233675530003 40.437732, 116.6023540577554 40.43808419956999, 116.60240579848939 40.438433007265594, 116.60249147921044 40.43877506387802, 116.6026102747664 40.439107075215105, 116.6027610410911 40.43942584382618, 116.60294232622242 40.439728299795256, 116.60315238428544 40.44001153030601, 116.6033891923062 40.4402728076938, 116.60365046969399 40.44050961571456, 116.60393370020475 40.440719673777586, 116.60423615617383 40.440900958908905, 116.60455492478489 40.4410517252336, 116.60488693612197 40.44117052078955, 116.6052289927344 40.44125620151061, 116.60557780043001 40.4413079422446, 116.60593 40.44132524469996, 116.60628219956999 40.4413079422446, 116.6066310072656 40.44125620151061, 116.60697306387803 40.44117052078955, 116.60730507521511 40.4410517252336, 116.60762384382618 40.440900958908905, 116.60792629979525 40.440719673777586, 116.60820953030601 40.44050961571456, 116.6084708076938 40.4402728076938, 116.60870761571456 40.44001153030601, 116.60891767377758 40.439728299795256, 116.6090989589089 40.43942584382618, 116.6092497252336 40.439107075215105, 116.60936852078956 40.43877506387802, 116.60945420151062 40.438433007265594, 116.6095059422446 40.43808419956999, 116.60952324469997 40.437732))",400.0
神泉峡景区,3A,CONSTRUCTED,"POLYGON ((115.9791517340999 40.046876, 115.9790998267338 40.04581940129001, 115.97894460453183 40.0447729782032, 115.97868756236866 40.043746808365924, 115.9783311757008 40.042750774354666, 115.97787887672672 40.04179446852146, 115.97733502133276 40.04088710061423, 115.9767048471437 40.040037409081954, 115.97599442308142 40.039253576918576, 115.97521059091804 40.03854315285631, 115.97436089938577 40.03791297866724, 115.97345353147854 40.03736912327328, 115.97249722564533 40.03691682429919, 115.97150119163408 40.036560437631344, 115.9704750217968 40.03630339546816, 115.96942859870998 40.0361481732662, 115.968372 40.036096265900106, 115.96731540129002 40.0361481732662, 115.9662689782032 40.03630339546816, 115.96524280836593 40.036560437631344, 115.96424677435468 40.03691682429919, 115.96329046852146 40.03736912327328, 115.96238310061423 40.03791297866724, 115.96153340908197 40.03854315285631, 115.96074957691859 40.039253576918576, 115.96003915285631 40.040037409081954, 115.95940897866724 40.04088710061423, 115.95886512327328 40.04179446852146, 115.9584128242992 40.042750774354666, 115.95805643763134 40.043746808365924, 115.95779939546817 40.0447729782032, 115.9576441732662 40.04581940129001, 115.9575922659001 40.046876, 115.9576441732662 40.047932598709984, 115.95779939546817 40.0489790217968, 115.95805643763134 40.05000519163407, 115.9584128242992 40.05100122564533, 115.95886512327328 40.051957531478536, 115.95940897866724 40.05286489938577, 115.96003915285631 40.05371459091804, 115.96074957691859 40.05449842308142, 115.96153340908197 40.05520884714368, 115.96238310061423 40.05583902133276, 115.96329046852146 40.056382876726715, 115.96424677435468 40.056835175700805, 115.96524280836593 40.05719156236865, 115.9662689782032 40.057448604531835, 115.96731540129002 40.057603826733796, 115.968372 40.05765573409989, 115.96942859870998 40.057603826733796, 115.9704750217968 40.057448604531835, 115.97150119163408 40.05719156236865, 115.97249722564533 40.056835175700805, 115.97345353147854 40.056382876726715, 115.97436089938577 40.05583902133276, 115.97521059091804 40.05520884714368, 115.97599442308142 40.05449842308142, 115.9767048471437 40.05371459091804, 115.97733502133276 40.05286489938577, 115.97787887672672 40.051957531478536, 115.9783311757008 40.05100122564533, 115.97868756236866 40.05000519163407, 115.97894460453183 40.0489790217968, 115.9790998267338 40.047932598709984, 115.9791517340999 40.046876))",1200.0
稻香湖景区,2A,CONSTRUCTED,"POLYGON ((116.18272655587495 40.090141, 116.18270492780574 40.08970075053751, 116.18264025188826 40.089264740918004, 116.18253315098694 40.08883717015247, 116.182384656542 40.088422155981114, 116.18219619863613 40.088023695217274, 116.18196959222199 40.08764562525593, 116.1817070196432 40.087291587117484, 116.18141100961726 40.08696499038275, 116.18108441288251 40.0866689803568, 116.18073037474407 40.08640640777802, 116.18035230478273 40.08617980136387, 116.17995384401888 40.085991343458, 116.17953882984753 40.08584284901306, 116.179111259082 40.08573574811174, 116.1786752494625 40.08567107219425, 116.178235 40.085649444125046, 116.1777947505375 40.08567107219425, 116.177358740918 40.08573574811174, 116.17693117015247 40.08584284901306, 116.17651615598112 40.085991343458, 116.17611769521727 40.08617980136387, 116.17573962525593 40.08640640777802, 116.17538558711749 40.0866689803568, 116.17505899038274 40.08696499038275, 116.1747629803568 40.087291587117484, 116.17450040777801 40.08764562525593, 116.17427380136387 40.088023695217274, 116.174085343458 40.088422155981114, 116.17393684901306 40.08883717015247, 116.17382974811174 40.089264740918004, 116.17376507219426 40.08970075053751, 116.17374344412505 40.090141, 116.17376507219426 40.090581249462495, 116.17382974811174 40.091017259082, 116.17393684901306 40.09144482984753, 116.174085343458 40.09185984401889, 116.17427380136387 40.09225830478273, 116.17450040777801 40.092636374744075, 116.1747629803568 40.09299041288252, 116.17505899038274 40.09331700961726, 116.17538558711749 40.09361301964321, 116.17573962525593 40.093875592221984, 116.17611769521727 40.094102198636136, 116.17651615598112 40.09429065654201, 116.17693117015247 40.09443915098694, 116.177358740918 40.09454625188827, 116.1777947505375 40.09461092780575, 116.178235 40.09463255587496, 116.1786752494625 40.09461092780575, 116.179111259082 40.09454625188827, 116.17953882984753 40.09443915098694, 116.17995384401888 40.09429065654201, 116.18035230478273 40.094102198636136, 116.18073037474407 40.093875592221984, 116.18108441288251 40.09361301964321, 116.18141100961726 40.09331700961726, 116.1817070196432 40.09299041288252, 116.18196959222199 40.092636374744075, 116.18219619863613 40.09225830478273, 116.182384656542 40.09185984401889, 116.18253315098694 40.09144482984753, 116.18264025188826 40.091017259082, 116.18270492780574 40.090581249462495, 116.18272655587495 40.090141))",500.0
聚灵峡,3A,CONSTRUCTED,"POLYGON ((115.48539811174992 39.992666, 115.4853548556115 39.991785501075015, 115.48522550377653 39.990913481836, 115.48501130197388 39.990058340304934, 115.48471431308401 39.98922831196222, 115.48433739727227 39.98843139043455, 115.48388418444397 39.98767525051186, 115.48335903928641 39.98696717423496, 115.48276701923452 39.98631398076548, 115.48211382576504 39.98572196071359, 115.48140574948815 39.98519681555603, 115.48064960956546 39.98474360272774, 115.47985268803778 39.984366686916, 115.47902265969506 39.98406969802612, 115.478167518164 39.98385549622347, 115.47729549892499 39.9837261443885, 115.476415 39.98368288825009, 115.47553450107502 39.9837261443885, 115.474662481836 39.98385549622347, 115.47380734030494 39.98406969802612, 115.47297731196223 39.984366686916, 115.47218039043454 39.98474360272774, 115.47142425051186 39.98519681555603, 115.47071617423497 39.98572196071359, 115.47006298076549 39.98631398076548, 115.4694709607136 39.98696717423496, 115.46894581555604 39.98767525051186, 115.46849260272774 39.98843139043455, 115.468115686916 39.98922831196222, 115.46781869802612 39.990058340304934, 115.46760449622347 39.990913481836, 115.4674751443885 39.991785501075015, 115.46743188825009 39.992666, 115.4674751443885 39.993546498924985, 115.46760449622347 39.994418518164, 115.46781869802612 39.995273659695066, 115.468115686916 39.99610368803778, 115.46849260272774 39.99690060956545, 115.46894581555604 39.99765674948814, 115.4694709607136 39.99836482576504, 115.47006298076549 39.99901801923452, 115.47071617423497 39.99961003928641, 115.47142425051186 40.00013518444397, 115.47218039043454 40.00058839727226, 115.47297731196223 40.000965313084, 115.47380734030494 40.00126230197388, 115.474662481836 40.00147650377653, 115.47553450107502 40.0016058556115, 115.476415 40.00164911174991, 115.47729549892499 40.0016058556115, 115.478167518164 40.00147650377653, 115.47902265969506 40.00126230197388, 115.47985268803778 40.000965313084, 115.48064960956546 40.00058839727226, 115.48140574948815 40.00013518444397, 115.48211382576504 39.99961003928641, 115.48276701923452 39.99901801923452, 115.48335903928641 39.99836482576504, 115.48388418444397 39.99765674948814, 115.48433739727227 39.99690060956545, 115.48471431308401 39.99610368803778, 115.48501130197388 39.995273659695066, 115.48522550377653 39.994418518164, 115.4853548556115 39.993546498924985, 115.48539811174992 39.992666))",1000.0
蓝调庄园景区,3A,CONSTRUCTED,"POLYGON ((116.60572224469998 39.96459, 116.6057049422446 39.964237800430006, 116.60565320151062 39.963888992734404, 116.60556752078956 39.96354693612198, 116.6054487252336 39.96321492478489, 116.6052979589089 39.96289615617382, 116.60511667377759 39.96259370020474, 116.60490661571457 39.96231046969399, 116.60466980769381 39.962049192306196, 116.60440853030602 39.96181238428544, 116.60412529979526 39.96160232622241, 116.60382284382618 39.96142104109109, 116.60350407521511 39.9612702747664, 116.60317206387803 39.96115147921045, 116.60283000726561 39.961065798489386, 116.60248119957 39.9610140577554, 116.602129 39.96099675530004, 116.60177680043002 39.9610140577554, 116.6014279927344 39.961065798489386, 116.60108593612198 39.96115147921045, 116.6007539247849 39.9612702747664, 116.60043515617383 39.96142104109109, 116.60013270020475 39.96160232622241, 116.59984946969399 39.96181238428544, 116.5995881923062 39.962049192306196, 116.59935138428544 39.96231046969399, 116.59914132622242 39.96259370020474, 116.5989600410911 39.96289615617382, 116.59880927476641 39.96321492478489, 116.59869047921045 39.96354693612198, 116.59860479848939 39.963888992734404, 116.59855305775541 39.964237800430006, 116.59853575530003 39.96459, 116.59855305775541 39.96494219957, 116.59860479848939 39.9652910072656, 116.59869047921045 39.96563306387802, 116.59880927476641 39.96596507521511, 116.5989600410911 39.96628384382618, 116.59914132622242 39.96658629979526, 116.59935138428544 39.96686953030601, 116.5995881923062 39.967130807693806, 116.59984946969399 39.967367615714565, 116.60013270020475 39.96757767377759, 116.60043515617383 39.96775895890891, 116.6007539247849 39.9679097252336, 116.60108593612198 39.96802852078955, 116.6014279927344 39.968114201510616, 116.60177680043002 39.9681659422446, 116.602129 39.968183244699965, 116.60248119957 39.9681659422446, 116.60283000726561 39.968114201510616, 116.60317206387803 39.96802852078955, 116.60350407521511 39.9679097252336, 116.60382284382618 39.96775895890891, 116.60412529979526 39.96757767377759, 116.60440853030602 39.967367615714565, 116.60466980769381 39.967130807693806, 116.60490661571457 39.96686953030601, 116.60511667377759 39.96658629979526, 116.6052979589089 39.96628384382618, 116.6054487252336 39.96596507521511, 116.60556752078956 39.96563306387802, 116.60565320151062 39.9652910072656, 116.6057049422446 39.96494219957, 116.60572224469998 39.96459))",400.0
蜜蜂大世界景区,3A,CONSTRUCTED,"POLYGON ((117.06320524469997 40.496761, 117.0631879422446 40.496408800430004, 117.06313620151062 40.4960599927344, 117.06305052078956 40.49571793612198, 117.0629317252336 40.49538592478489, 117.0627809589089 40.49506715617382, 117.06259967377758 40.49476470020474, 117.06238961571457 40.49448146969399, 117.0621528076938 40.494220192306194, 117.06189153030601 40.493983384285436, 117.06160829979525 40.49377332622241, 117.06130584382618 40.49359204109109, 117.06098707521511 40.4934412747664, 117.06065506387803 40.49332247921045, 117.0603130072656 40.493236798489384, 117.05996419956999 40.4931850577554, 117.059612 40.493167755300036, 117.05925980043001 40.4931850577554, 117.0589109927344 40.493236798489384, 117.05856893612197 40.49332247921045, 117.0582369247849 40.4934412747664, 117.05791815617383 40.49359204109109, 117.05761570020475 40.49377332622241, 117.05733246969399 40.493983384285436, 117.0570711923062 40.494220192306194, 117.05683438428544 40.49448146969399, 117.05662432622242 40.49476470020474, 117.0564430410911 40.49506715617382, 117.0562922747664 40.49538592478489, 117.05617347921044 40.49571793612198, 117.05608779848939 40.4960599927344, 117.0560360577554 40.496408800430004, 117.05601875530003 40.496761, 117.0560360577554 40.497113199569995, 117.05608779848939 40.4974620072656, 117.05617347921044 40.49780406387802, 117.0562922747664 40.49813607521511, 117.0564430410911 40.49845484382618, 117.05662432622242 40.49875729979526, 117.05683438428544 40.49904053030601, 117.0570711923062 40.499301807693804, 117.05733246969399 40.49953861571456, 117.05761570020475 40.49974867377759, 117.05791815617383 40.49992995890891, 117.0582369247849 40.5000807252336, 117.05856893612197 40.50019952078955, 117.0589109927344 40.500285201510614, 117.05925980043001 40.5003369422446, 117.059612 40.50035424469996, 117.05996419956999 40.5003369422446, 117.0603130072656 40.500285201510614, 117.06065506387803 40.50019952078955, 117.06098707521511 40.5000807252336, 117.06130584382618 40.49992995890891, 117.06160829979525 40.49974867377759, 117.06189153030601 40.49953861571456, 117.0621528076938 40.499301807693804, 117.06238961571457 40.49904053030601, 117.06259967377758 40.49875729979526, 117.0627809589089 40.49845484382618, 117.0629317252336 40.49813607521511, 117.06305052078956 40.49780406387802, 117.06313620151062 40.4974620072656, 117.0631879422446 40.497113199569995, 117.06320524469997 40.496761))",400.0
西藏文化博物馆景区,3A,CONSTRUCTED,"POLYGON ((116.41025162234999 39.987896, 116.4102429711223 39.987719900215005, 116.4102171007553 39.9875454963672, 116.41017426039478 39.987374468060985, 116.41011486261681 39.987208462392445, 116.41003947945445 39.98704907808691, 116.4099488368888 39.98689785010237, 116.40984380785729 39.98675623484699, 116.4097254038469 39.9866255961531, 116.40959476515302 39.98650719214272, 116.40945314989763 39.98640216311121, 116.4093019219131 39.98631152054555, 116.40914253760756 39.9862361373832, 116.40897653193902 39.98617673960522, 116.4088055036328 39.98613389924469, 116.408631099785 39.9861080288777, 116.408455 39.986099377650014, 116.40827890021501 39.9861080288777, 116.4081044963672 39.98613389924469, 116.40793346806099 39.98617673960522, 116.40776746239244 39.9862361373832, 116.40760807808691 39.98631152054555, 116.40745685010238 39.98640216311121, 116.40731523484699 39.98650719214272, 116.4071845961531 39.9866255961531, 116.40706619214272 39.98675623484699, 116.4069611631112 39.98689785010237, 116.40687052054555 39.98704907808691, 116.4067951373832 39.987208462392445, 116.40673573960522 39.987374468060985, 116.4066928992447 39.9875454963672, 116.4066670288777 39.987719900215005, 116.40665837765002 39.987896, 116.4066670288777 39.98807209978499, 116.4066928992447 39.9882465036328, 116.40673573960522 39.988417531939014, 116.4067951373832 39.98858353760755, 116.40687052054555 39.98874292191309, 116.4069611631112 39.988894149897625, 116.40706619214272 39.989035765153005, 116.4071845961531 39.9891664038469, 116.40731523484699 39.98928480785728, 116.40745685010238 39.98938983688879, 116.40760807808691 39.98948047945445, 116.40776746239244 39.9895558626168, 116.40793346806099 39.98961526039478, 116.4081044963672 39.98965810075531, 116.40827890021501 39.9896839711223, 116.408455 39.989692622349985, 116.408631099785 39.9896839711223, 116.4088055036328 39.98965810075531, 116.40897653193902 39.98961526039478, 116.40914253760756 39.9895558626168, 116.4093019219131 39.98948047945445, 116.40945314989763 39.98938983688879, 116.40959476515302 39.98928480785728, 116.4097254038469 39.9891664038469, 116.40984380785729 39.989035765153005, 116.4099488368888 39.988894149897625, 116.41003947945445 39.98874292191309, 116.41011486261681 39.98858353760755, 116.41017426039478 39.988417531939014, 116.4102171007553 39.9882465036328, 116.4102429711223 39.98807209978499, 116.41025162234999 39.987896))",200.0
野鸭湖景区,4A,NOT_FOUND,,
金水湖景区,3A,CONSTRUCTED,"POLYGON ((115.74734055587496 39.736571, 115.74731892780575 39.736130750537505, 115.74725425188826 39.735694740918, 115.74714715098695 39.73526717015247, 115.746998656542 39.73485215598111, 115.74681019863614 39.73445369521727, 115.746583592222 39.734075625255926, 115.7463210196432 39.73372158711748, 115.74602500961727 39.73339499038274, 115.74569841288252 39.73309898035679, 115.74534437474408 39.73283640777802, 115.74496630478274 39.732609801363864, 115.74456784401889 39.73242134345799, 115.74415282984754 39.73227284901306, 115.74372525908201 39.73216574811173, 115.7432892494625 39.73210107219425, 115.742849 39.73207944412504, 115.7424087505375 39.73210107219425, 115.741972740918 39.73216574811173, 115.74154517015248 39.73227284901306, 115.74113015598112 39.73242134345799, 115.74073169521728 39.732609801363864, 115.74035362525593 39.73283640777802, 115.7399995871175 39.73309898035679, 115.73967299038274 39.73339499038274, 115.73937698035681 39.73372158711748, 115.73911440777802 39.734075625255926, 115.73888780136387 39.73445369521727, 115.73869934345801 39.73485215598111, 115.73855084901307 39.73526717015247, 115.73844374811175 39.735694740918, 115.73837907219426 39.736130750537505, 115.73835744412506 39.736571, 115.73837907219426 39.73701124946249, 115.73844374811175 39.737447259081996, 115.73855084901307 39.73787482984753, 115.73869934345801 39.73828984401889, 115.73888780136387 39.73868830478273, 115.73911440777802 39.73906637474407, 115.73937698035681 39.73942041288252, 115.73967299038274 39.739747009617254, 115.7399995871175 39.7400430196432, 115.74035362525593 39.74030559222198, 115.74073169521728 39.74053219863613, 115.74113015598112 39.740720656542, 115.74154517015248 39.74086915098694, 115.741972740918 39.74097625188826, 115.7424087505375 39.74104092780575, 115.742849 39.741062555874954, 115.7432892494625 39.74104092780575, 115.74372525908201 39.74097625188826, 115.74415282984754 39.74086915098694, 115.74456784401889 39.740720656542, 115.74496630478274 39.74053219863613, 115.74534437474408 39.74030559222198, 115.74569841288252 39.7400430196432, 115.74602500961727 39.739747009617254, 115.7463210196432 39.73942041288252, 115.746583592222 39.73906637474407, 115.74681019863614 39.73868830478273, 115.746998656542 39.73828984401889, 115.74714715098695 39.73787482984753, 115.74725425188826 39.737447259081996, 115.74731892780575 39.73701124946249, 115.74734055587496 39.736571))",500.0
金海湖风景区,4A,CONSTRUCTED,"POLYGON ((117.30179248939993 40.179417, 117.3017578844892 40.17871260086001, 117.30165440302123 40.178014985468806, 117.3014830415791 40.17733087224395, 117.3012454504672 40.176666849569784, 117.30094391781782 40.17602931234764, 117.30058134755518 40.17542440040949, 117.30016123142913 40.17485793938798, 117.29968761538761 40.174335384612384, 117.29916506061203 40.17386176857087, 117.29859859959052 40.17344165244483, 117.29799368765237 40.17307908218219, 117.29735615043022 40.172777549532796, 117.29669212775605 40.1725399584209, 117.2960080145312 40.17236859697878, 117.29531039913999 40.172265115510804, 117.294606 40.17223051060007, 117.29390160086001 40.172265115510804, 117.2932039854688 40.17236859697878, 117.29251987224396 40.1725399584209, 117.29185584956979 40.172777549532796, 117.29121831234764 40.17307908218219, 117.29061340040948 40.17344165244483, 117.29004693938798 40.17386176857087, 117.28952438461239 40.174335384612384, 117.28905076857087 40.17485793938798, 117.28863065244482 40.17542440040949, 117.28826808218219 40.17602931234764, 117.2879665495328 40.176666849569784, 117.2877289584209 40.17733087224395, 117.28755759697877 40.178014985468806, 117.2874541155108 40.17871260086001, 117.28741951060007 40.179417, 117.2874541155108 40.18012139913999, 117.28755759697877 40.180819014531195, 117.2877289584209 40.18150312775605, 117.2879665495328 40.18216715043022, 117.28826808218219 40.182804687652364, 117.28863065244482 40.18340959959051, 117.28905076857087 40.183976060612025, 117.28952438461239 40.18449861538762, 117.29004693938798 40.18497223142913, 117.29061340040948 40.18539234755517, 117.29121831234764 40.18575491781781, 117.29185584956979 40.186056450467206, 117.29251987224396 40.1862940415791, 117.2932039854688 40.186465403021224, 117.29390160086001 40.1865688844892, 117.294606 40.18660348939993, 117.29531039913999 40.1865688844892, 117.2960080145312 40.186465403021224, 117.29669212775605 40.1862940415791, 117.29735615043022 40.186056450467206, 117.29799368765237 40.18575491781781, 117.29859859959052 40.18539234755517, 117.29916506061203 40.18497223142913, 117.29968761538761 40.18449861538762, 117.30016123142913 40.183976060612025, 117.30058134755518 40.18340959959051, 117.30094391781782 40.182804687652364, 117.3012454504672 40.18216715043022, 117.3014830415791 40.18150312775605, 117.30165440302123 40.180819014531195, 117.3017578844892 40.18012139913999, 117.30179248939993 40.179417))",800.0
银山塔林风景区,4A,CONSTRUCTED,"POLYGON ((116.33026811174992 40.318848, 116.3302248556115 40.31796750107502, 116.33009550377653 40.317095481836006, 116.32988130197388 40.31624034030494, 116.32958431308401 40.315410311962225, 116.32920739727227 40.31461339043455, 116.32875418444397 40.313857250511866, 116.32822903928641 40.313149174234965, 116.32763701923452 40.31249598076548, 116.32698382576504 40.31190396071359, 116.32627574948815 40.31137881555603, 116.32551960956546 40.31092560272774, 116.32472268803778 40.310548686916, 116.32389265969506 40.31025169802612, 116.323037518164 40.31003749622347, 116.32216549892499 40.3099081443885, 116.321285 40.30986488825009, 116.32040450107502 40.3099081443885, 116.319532481836 40.31003749622347, 116.31867734030494 40.31025169802612, 116.31784731196223 40.310548686916, 116.31705039043455 40.31092560272774, 116.31629425051186 40.31137881555603, 116.31558617423497 40.31190396071359, 116.31493298076549 40.31249598076548, 116.3143409607136 40.313149174234965, 116.31381581555604 40.313857250511866, 116.31336260272774 40.31461339043455, 116.312985686916 40.315410311962225, 116.31268869802612 40.31624034030494, 116.31247449622347 40.317095481836006, 116.3123451443885 40.31796750107502, 116.31230188825009 40.318848, 116.3123451443885 40.31972849892499, 116.31247449622347 40.320600518164, 116.31268869802612 40.32145565969507, 116.312985686916 40.32228568803778, 116.31336260272774 40.32308260956545, 116.31381581555604 40.32383874948814, 116.3143409607136 40.32454682576504, 116.31493298076549 40.32520001923452, 116.31558617423497 40.32579203928641, 116.31629425051186 40.32631718444397, 116.31705039043455 40.32677039727226, 116.31784731196223 40.327147313084005, 116.31867734030494 40.327444301973884, 116.319532481836 40.32765850377653, 116.32040450107502 40.327787855611504, 116.321285 40.327831111749916, 116.32216549892499 40.327787855611504, 116.323037518164 40.32765850377653, 116.32389265969506 40.327444301973884, 116.32472268803778 40.327147313084005, 116.32551960956546 40.32677039727226, 116.32627574948815 40.32631718444397, 116.32698382576504 40.32579203928641, 116.32763701923452 40.32520001923452, 116.32822903928641 40.32454682576504, 116.32875418444397 40.32383874948814, 116.32920739727227 40.32308260956545, 116.32958431308401 40.32228568803778, 116.32988130197388 40.32145565969507, 116.33009550377653 40.320600518164, 116.3302248556115 40.31972849892499, 116.33026811174992 40.318848))",1000.0
银狐洞景区,2A,CONSTRUCTED,"POLYGON ((115.89811286704995 39.797787, 115.89808691336691 39.79725870064501, 115.89800930226592 39.7967354891016, 115.89788078118433 39.79622240418296, 115.8977025878504 39.79572438717734, 115.89747643836336 39.79524623426073, 115.89720451066638 39.794792550307115, 115.89688942357185 39.79436770454098, 115.89653421154071 39.79397578845929, 115.89614229545903 39.793620576428154, 115.89571744969288 39.79330548933362, 115.89526376573927 39.79303356163664, 115.89478561282267 39.7928074121496, 115.89428759581705 39.79262921881567, 115.8937745108984 39.792500697734084, 115.893251299355 39.7924230866331, 115.892723 39.79239713295005, 115.892194700645 39.7924230866331, 115.89167148910161 39.792500697734084, 115.89115840418296 39.79262921881567, 115.89066038717733 39.7928074121496, 115.89018223426073 39.79303356163664, 115.88972855030713 39.79330548933362, 115.88930370454098 39.793620576428154, 115.8889117884593 39.79397578845929, 115.88855657642816 39.79436770454098, 115.88824148933362 39.794792550307115, 115.88796956163665 39.79524623426073, 115.8877434121496 39.79572438717734, 115.88756521881568 39.79622240418296, 115.88743669773409 39.7967354891016, 115.8873590866331 39.79725870064501, 115.88733313295006 39.797787, 115.8873590866331 39.79831529935499, 115.88743669773409 39.7988385108984, 115.88756521881568 39.799351595817036, 115.8877434121496 39.79984961282266, 115.88796956163665 39.80032776573927, 115.88824148933362 39.800781449692884, 115.88855657642816 39.80120629545902, 115.8889117884593 39.80159821154071, 115.88930370454098 39.801953423571845, 115.88972855030713 39.80226851066638, 115.89018223426073 39.80254043836336, 115.89066038717733 39.8027665878504, 115.89115840418296 39.80294478118433, 115.89167148910161 39.803073302265915, 115.892194700645 39.8031509133669, 115.892723 39.80317686704995, 115.893251299355 39.8031509133669, 115.8937745108984 39.803073302265915, 115.89428759581705 39.80294478118433, 115.89478561282267 39.8027665878504, 115.89526376573927 39.80254043836336, 115.89571744969288 39.80226851066638, 115.89614229545903 39.801953423571845, 115.89653421154071 39.80159821154071, 115.89688942357185 39.80120629545902, 115.89720451066638 39.800781449692884, 115.89747643836336 39.80032776573927, 115.8977025878504 39.79984961282266, 115.89788078118433 39.799351595817036, 115.89800930226592 39.7988385108984, 115.89808691336691 39.79831529935499, 115.89811286704995 39.797787))",600.0
阳台山自然风景区,3A,CONSTRUCTED,"POLYGON ((116.10670811174991 40.067184, 116.1066648556115 40.06630350107501, 116.10653550377653 40.065431481836, 116.10632130197388 40.06457634030493, 116.106024313084 40.06374631196222, 116.10564739727226 40.06294939043455, 116.10519418444396 40.06219325051186, 116.1046690392864 40.06148517423496, 116.10407701923451 40.06083198076548, 116.10342382576503 40.06023996071359, 116.10271574948814 40.05971481555603, 116.10195960956545 40.05926160272774, 116.10116268803777 40.058884686915995, 116.10033265969506 40.058587698026116, 116.099477518164 40.05837349622347, 116.09860549892498 40.058244144388496, 116.097725 40.058200888250084, 116.09684450107501 40.058244144388496, 116.095972481836 40.05837349622347, 116.09511734030494 40.058587698026116, 116.09428731196222 40.058884686915995, 116.09349039043454 40.05926160272774, 116.09273425051185 40.05971481555603, 116.09202617423496 40.06023996071359, 116.09137298076548 40.06083198076548, 116.09078096071359 40.06148517423496, 116.09025581555603 40.06219325051186, 116.08980260272773 40.06294939043455, 116.08942568691599 40.06374631196222, 116.08912869802612 40.06457634030493, 116.08891449622347 40.065431481836, 116.0887851443885 40.06630350107501, 116.08874188825008 40.067184, 116.0887851443885 40.06806449892498, 116.08891449622347 40.068936518163994, 116.08912869802612 40.06979165969506, 116.08942568691599 40.070621688037775, 116.08980260272773 40.07141860956545, 116.09025581555603 40.072174749488134, 116.09078096071359 40.072882825765035, 116.09137298076548 40.07353601923452, 116.09202617423496 40.07412803928641, 116.09273425051185 40.07465318444397, 116.09349039043454 40.07510639727226, 116.09428731196222 40.075483313084, 116.09511734030494 40.07578030197388, 116.095972481836 40.07599450377653, 116.09684450107501 40.0761238556115, 116.097725 40.07616711174991, 116.09860549892498 40.0761238556115, 116.099477518164 40.07599450377653, 116.10033265969506 40.07578030197388, 116.10116268803777 40.075483313084, 116.10195960956545 40.07510639727226, 116.10271574948814 40.07465318444397, 116.10342382576503 40.07412803928641, 116.10407701923451 40.07353601923452, 116.1046690392864 40.072882825765035, 116.10519418444396 40.072174749488134, 116.10564739727226 40.07141860956545, 116.106024313084 40.070621688037775, 116.10632130197388 40.06979165969506, 116.10653550377653 40.068936518163994, 116.1066648556115 40.06806449892498, 116.10670811174991 40.067184))",1000.0
静之湖度假区景区,3A,CONSTRUCTED,"POLYGON ((116.43316548939993 40.253914, 116.4331308844892 40.25320960086001, 116.43302740302123 40.25251198546881, 116.4328560415791 40.25182787224395, 116.4326184504672 40.251163849569785, 116.43231691781781 40.25052631234764, 116.43195434755518 40.24992140040949, 116.43153423142913 40.24935493938798, 116.43106061538761 40.248832384612385, 116.43053806061202 40.248358768570874, 116.42997159959052 40.24793865244483, 116.42936668765236 40.24757608218219, 116.42872915043021 40.2472745495328, 116.42806512775604 40.2470369584209, 116.42738101453119 40.24686559697878, 116.42668339913999 40.246762115510805, 116.425979 40.246727510600074, 116.42527460086 40.246762115510805, 116.4245769854688 40.24686559697878, 116.42389287224395 40.2470369584209, 116.42322884956978 40.2472745495328, 116.42259131234763 40.24757608218219, 116.42198640040948 40.24793865244483, 116.42141993938797 40.248358768570874, 116.42089738461239 40.248832384612385, 116.42042376857087 40.24935493938798, 116.42000365244482 40.24992140040949, 116.41964108218218 40.25052631234764, 116.4193395495328 40.251163849569785, 116.4191019584209 40.25182787224395, 116.41893059697877 40.25251198546881, 116.4188271155108 40.25320960086001, 116.41879251060007 40.253914, 116.4188271155108 40.25461839913999, 116.41893059697877 40.255316014531196, 116.4191019584209 40.25600012775605, 116.4193395495328 40.25666415043022, 116.41964108218218 40.257301687652365, 116.42000365244482 40.25790659959051, 116.42042376857087 40.258473060612026, 116.42089738461239 40.25899561538762, 116.42141993938797 40.25946923142913, 116.42198640040948 40.25988934755517, 116.42259131234763 40.26025191781781, 116.42322884956978 40.26055345046721, 116.42389287224395 40.260791041579104, 116.4245769854688 40.260962403021225, 116.42527460086 40.2610658844892, 116.425979 40.26110048939993, 116.42668339913999 40.2610658844892, 116.42738101453119 40.260962403021225, 116.42806512775604 40.260791041579104, 116.42872915043021 40.26055345046721, 116.42936668765236 40.26025191781781, 116.42997159959052 40.25988934755517, 116.43053806061202 40.25946923142913, 116.43106061538761 40.25899561538762, 116.43153423142913 40.258473060612026, 116.43195434755518 40.25790659959051, 116.43231691781781 40.257301687652365, 116.4326184504672 40.25666415043022, 116.4328560415791 40.25600012775605, 116.43302740302123 40.255316014531196, 116.4331308844892 40.25461839913999, 116.43316548939993 40.253914))",800.0
顺义区东江公园,3A,CONSTRUCTED,"POLYGON ((116.78363255587495 40.163583, 116.78361092780574 40.16314275053751, 116.78354625188825 40.162706740918004, 116.78343915098694 40.16227917015247, 116.783290656542 40.161864155981114, 116.78310219863613 40.161465695217274, 116.78287559222198 40.16108762525593, 116.7826130196432 40.160733587117484, 116.78231700961726 40.16040699038275, 116.78199041288251 40.1601109803568, 116.78163637474407 40.15984840777802, 116.78125830478272 40.15962180136387, 116.78085984401888 40.159433343458, 116.78044482984753 40.15928484901306, 116.780017259082 40.15917774811174, 116.7795812494625 40.15911307219425, 116.779141 40.159091444125046, 116.7787007505375 40.15911307219425, 116.77826474091799 40.15917774811174, 116.77783717015247 40.15928484901306, 116.77742215598111 40.159433343458, 116.77702369521727 40.15962180136387, 116.77664562525592 40.15984840777802, 116.77629158711748 40.1601109803568, 116.77596499038273 40.16040699038275, 116.7756689803568 40.160733587117484, 116.77540640777801 40.16108762525593, 116.77517980136386 40.161465695217274, 116.774991343458 40.161864155981114, 116.77484284901306 40.16227917015247, 116.77473574811174 40.162706740918004, 116.77467107219425 40.16314275053751, 116.77464944412505 40.163583, 116.77467107219425 40.164023249462495, 116.77473574811174 40.164459259082, 116.77484284901306 40.16488682984753, 116.774991343458 40.16530184401889, 116.77517980136386 40.16570030478273, 116.77540640777801 40.166078374744075, 116.7756689803568 40.16643241288252, 116.77596499038273 40.16675900961726, 116.77629158711748 40.16705501964321, 116.77664562525592 40.167317592221984, 116.77702369521727 40.167544198636136, 116.77742215598111 40.16773265654201, 116.77783717015247 40.16788115098694, 116.77826474091799 40.16798825188827, 116.7787007505375 40.16805292780575, 116.779141 40.16807455587496, 116.7795812494625 40.16805292780575, 116.780017259082 40.16798825188827, 116.78044482984753 40.16788115098694, 116.78085984401888 40.16773265654201, 116.78125830478272 40.167544198636136, 116.78163637474407 40.167317592221984, 116.78199041288251 40.16705501964321, 116.78231700961726 40.16675900961726, 116.7826130196432 40.16643241288252, 116.78287559222198 40.166078374744075, 116.78310219863613 40.16570030478273, 116.783290656542 40.16530184401889, 116.78343915098694 40.16488682984753, 116.78354625188825 40.164459259082, 116.78361092780574 40.164023249462495, 116.78363255587495 40.163583))",500.0
顺义奥林匹克水上公园,4A,CONSTRUCTED,"POLYGON ((116.69120155587495 40.179336, 116.69117992780575 40.17889575053751, 116.69111525188826 40.178459740918, 116.69100815098695 40.17803217015247, 116.690859656542 40.17761715598111, 116.69067119863614 40.17721869521727, 116.690444592222 40.17684062525593, 116.6901820196432 40.17648658711748, 116.68988600961727 40.17615999038274, 116.68955941288252 40.175863980356795, 116.68920537474408 40.17560140777802, 116.68882730478273 40.175374801363866, 116.68842884401889 40.175186343457995, 116.68801382984753 40.17503784901306, 116.68758625908201 40.174930748111734, 116.6871502494625 40.17486607219425, 116.68671 40.17484444412504, 116.6862697505375 40.17486607219425, 116.685833740918 40.174930748111734, 116.68540617015248 40.17503784901306, 116.68499115598112 40.175186343457995, 116.68459269521728 40.175374801363866, 116.68421462525593 40.17560140777802, 116.6838605871175 40.175863980356795, 116.68353399038274 40.17615999038274, 116.68323798035681 40.17648658711748, 116.68297540777802 40.17684062525593, 116.68274880136387 40.17721869521727, 116.68256034345801 40.17761715598111, 116.68241184901306 40.17803217015247, 116.68230474811175 40.178459740918, 116.68224007219426 40.17889575053751, 116.68221844412506 40.179336, 116.68224007219426 40.17977624946249, 116.68230474811175 40.180212259082, 116.68241184901306 40.18063982984753, 116.68256034345801 40.18105484401889, 116.68274880136387 40.18145330478273, 116.68297540777802 40.18183137474407, 116.68323798035681 40.18218541288252, 116.68353399038274 40.182512009617255, 116.6838605871175 40.182808019643204, 116.68421462525593 40.18307059222198, 116.68459269521728 40.18329719863613, 116.68499115598112 40.183485656542004, 116.68540617015248 40.18363415098694, 116.685833740918 40.183741251888264, 116.6862697505375 40.18380592780575, 116.68671 40.183827555874956, 116.6871502494625 40.18380592780575, 116.68758625908201 40.183741251888264, 116.68801382984753 40.18363415098694, 116.68842884401889 40.183485656542004, 116.68882730478273 40.18329719863613, 116.68920537474408 40.18307059222198, 116.68955941288252 40.182808019643204, 116.68988600961727 40.182512009617255, 116.6901820196432 40.18218541288252, 116.690444592222 40.18183137474407, 116.69067119863614 40.18145330478273, 116.690859656542 40.18105484401889, 116.69100815098695 40.18063982984753, 116.69111525188826 40.180212259082, 116.69117992780575 40.17977624946249, 116.69120155587495 40.179336))",500.0
首钢工业文化旅游区,3A,NOT_FOUND,,
马栏旅游景区,3A,CONSTRUCTED,"POLYGON ((115.69186424469997 39.936276, 115.6918469422446 39.935923800430004, 115.69179520151062 39.9355749927344, 115.69170952078956 39.93523293612198, 115.6915907252336 39.93490092478489, 115.6914399589089 39.93458215617382, 115.69125867377758 39.93427970020474, 115.69104861571456 39.93399646969399, 115.6908118076938 39.933735192306195, 115.69055053030601 39.933498384285436, 115.69026729979525 39.93328832622241, 115.68996484382617 39.93310704109109, 115.68964607521511 39.9329562747664, 115.68931406387803 39.93283747921045, 115.6889720072656 39.932751798489384, 115.68862319956999 39.9327000577554, 115.688271 39.932682755300036, 115.68791880043001 39.9327000577554, 115.6875699927344 39.932751798489384, 115.68722793612197 39.93283747921045, 115.68689592478489 39.9329562747664, 115.68657715617383 39.93310704109109, 115.68627470020475 39.93328832622241, 115.68599146969399 39.933498384285436, 115.6857301923062 39.933735192306195, 115.68549338428544 39.93399646969399, 115.68528332622242 39.93427970020474, 115.6851020410911 39.93458215617382, 115.6849512747664 39.93490092478489, 115.68483247921044 39.93523293612198, 115.68474679848939 39.9355749927344, 115.6846950577554 39.935923800430004, 115.68467775530003 39.936276, 115.6846950577554 39.936628199569995, 115.68474679848939 39.9369770072656, 115.68483247921044 39.93731906387802, 115.6849512747664 39.93765107521511, 115.6851020410911 39.93796984382618, 115.68528332622242 39.93827229979526, 115.68549338428544 39.93855553030601, 115.6857301923062 39.938816807693804, 115.68599146969399 39.93905361571456, 115.68627470020475 39.93926367377759, 115.68657715617383 39.93944495890891, 115.68689592478489 39.9395957252336, 115.68722793612197 39.93971452078955, 115.6875699927344 39.939800201510614, 115.68791880043001 39.9398519422446, 115.688271 39.93986924469996, 115.68862319956999 39.9398519422446, 115.6889720072656 39.939800201510614, 115.68931406387803 39.93971452078955, 115.68964607521511 39.9395957252336, 115.68996484382617 39.93944495890891, 115.69026729979525 39.93926367377759, 115.69055053030601 39.93905361571456, 115.6908118076938 39.938816807693804, 115.69104861571456 39.93855553030601, 115.69125867377758 39.93827229979526, 115.6914399589089 39.93796984382618, 115.6915907252336 39.93765107521511, 115.69170952078956 39.93731906387802, 115.69179520151062 39.9369770072656, 115.6918469422446 39.936628199569995, 115.69186424469997 39.936276))",400.0
黄芩仙谷景区,3A,CONSTRUCTED,"POLYGON ((115.67078011174992 39.96671, 115.67073685561151 39.965829501075014, 115.67060750377654 39.964957481836, 115.67039330197389 39.96410234030493, 115.67009631308402 39.96327231196222, 115.66971939727227 39.96247539043455, 115.66926618444397 39.96171925051186, 115.66874103928642 39.96101117423496, 115.66814901923452 39.96035798076548, 115.66749582576504 39.95976596071359, 115.66678774948815 39.95924081555603, 115.66603160956547 39.95878760272774, 115.66523468803778 39.958410686916, 115.66440465969507 39.95811369802612, 115.663549518164 39.95789949622347, 115.66267749892499 39.9577701443885, 115.661797 39.957726888250086, 115.66091650107502 39.9577701443885, 115.66004448183601 39.95789949622347, 115.65918934030495 39.95811369802612, 115.65835931196223 39.958410686916, 115.65756239043455 39.95878760272774, 115.65680625051186 39.95924081555603, 115.65609817423497 39.95976596071359, 115.6554449807655 39.96035798076548, 115.6548529607136 39.96101117423496, 115.65432781555604 39.96171925051186, 115.65387460272774 39.96247539043455, 115.653497686916 39.96327231196222, 115.65320069802613 39.96410234030493, 115.65298649622348 39.964957481836, 115.6528571443885 39.965829501075014, 115.6528138882501 39.96671, 115.6528571443885 39.967590498924984, 115.65298649622348 39.968462518163996, 115.65320069802613 39.969317659695065, 115.653497686916 39.97014768803778, 115.65387460272774 39.97094460956545, 115.65432781555604 39.971700749488136, 115.6548529607136 39.97240882576504, 115.6554449807655 39.97306201923452, 115.65609817423497 39.97365403928641, 115.65680625051186 39.97417918444397, 115.65756239043455 39.97463239727226, 115.65835931196223 39.975009313084, 115.65918934030495 39.97530630197388, 115.66004448183601 39.97552050377653, 115.66091650107502 39.9756498556115, 115.661797 39.97569311174991, 115.66267749892499 39.9756498556115, 115.663549518164 39.97552050377653, 115.66440465969507 39.97530630197388, 115.66523468803778 39.975009313084, 115.66603160956547 39.97463239727226, 115.66678774948815 39.97417918444397, 115.66749582576504 39.97365403928641, 115.66814901923452 39.97306201923452, 115.66874103928642 39.97240882576504, 115.66926618444397 39.971700749488136, 115.66971939727227 39.97094460956545, 115.67009631308402 39.97014768803778, 115.67039330197389 39.969317659695065, 115.67060750377654 39.968462518163996, 115.67073685561151 39.967590498924984, 115.67078011174992 39.96671))",1000.0
黑龙潭旅游区,4A,CONSTRUCTED,"POLYGON ((116.77469455587494 40.563743, 116.77467292780574 40.56330275053751, 116.77460825188825 40.562866740918004, 116.77450115098694 40.56243917015247, 116.77435265654199 40.56202415598111, 116.77416419863613 40.56162569521727, 116.77393759222198 40.56124762525593, 116.77367501964319 40.560893587117484, 116.77337900961726 40.560566990382746, 116.7730524128825 40.5602709803568, 116.77269837474407 40.56000840777802, 116.77232030478272 40.55978180136387, 116.77192184401888 40.559593343458, 116.77150682984752 40.55944484901306, 116.771079259082 40.55933774811174, 116.7706432494625 40.55927307219425, 116.770203 40.559251444125046, 116.7697627505375 40.55927307219425, 116.76932674091799 40.55933774811174, 116.76889917015247 40.55944484901306, 116.76848415598111 40.559593343458, 116.76808569521727 40.55978180136387, 116.76770762525592 40.56000840777802, 116.76735358711748 40.5602709803568, 116.76702699038273 40.560566990382746, 116.7667309803568 40.560893587117484, 116.766468407778 40.56124762525593, 116.76624180136386 40.56162569521727, 116.766053343458 40.56202415598111, 116.76590484901305 40.56243917015247, 116.76579774811174 40.562866740918004, 116.76573307219425 40.56330275053751, 116.76571144412505 40.563743, 116.76573307219425 40.564183249462495, 116.76579774811174 40.564619259082, 116.76590484901305 40.56504682984753, 116.766053343458 40.56546184401889, 116.76624180136386 40.56586030478273, 116.766468407778 40.566238374744074, 116.7667309803568 40.56659241288252, 116.76702699038273 40.56691900961726, 116.76735358711748 40.56721501964321, 116.76770762525592 40.567477592221984, 116.76808569521727 40.567704198636136, 116.76848415598111 40.56789265654201, 116.76889917015247 40.56804115098694, 116.76932674091799 40.56814825188827, 116.7697627505375 40.56821292780575, 116.770203 40.56823455587496, 116.7706432494625 40.56821292780575, 116.771079259082 40.56814825188827, 116.77150682984752 40.56804115098694, 116.77192184401888 40.56789265654201, 116.77232030478272 40.567704198636136, 116.77269837474407 40.567477592221984, 116.7730524128825 40.56721501964321, 116.77337900961726 40.56691900961726, 116.77367501964319 40.56659241288252, 116.77393759222198 40.566238374744074, 116.77416419863613 40.56586030478273, 116.77435265654199 40.56546184401889, 116.77450115098694 40.56504682984753, 116.77460825188825 40.564619259082, 116.77467292780574 40.564183249462495, 116.77469455587494 40.563743))",500.0
北京冶仙塔旅游风景区,,CONSTRUCTED,"POLYGON ((116.86510015033652 40.40046800917939, 116.86508284788114 40.400115809609396, 116.86503110714716 40.399767001913794, 116.8649454264261 40.39942494530137, 116.86482663087014 40.39909293396428, 116.86467586454545 40.39877416535321, 116.86449457941413 40.39847170938413, 116.86428452135111 40.39818847887338, 116.86404771333035 40.39792720148559, 116.86378643594256 40.39769039346483, 116.8635032054318 40.3974803354018, 116.86320074946272 40.39729905027048, 116.86288198085165 40.39714828394579, 116.86254996951457 40.39702948838984, 116.86220791290215 40.39694380766878, 116.86185910520653 40.39689206693479, 116.86150690563655 40.39687476447943, 116.86115470606656 40.39689206693479, 116.86080589837094 40.39694380766878, 116.86046384175852 40.39702948838984, 116.86013183042144 40.39714828394579, 116.85981306181037 40.39729905027048, 116.8595106058413 40.3974803354018, 116.85922737533053 40.39769039346483, 116.85896609794274 40.39792720148559, 116.85872928992198 40.39818847887338, 116.85851923185896 40.39847170938413, 116.85833794672764 40.39877416535321, 116.85818718040295 40.39909293396428, 116.85806838484699 40.39942494530137, 116.85798270412593 40.399767001913794, 116.85793096339195 40.400115809609396, 116.85791366093657 40.40046800917939, 116.85793096339195 40.40082020874939, 116.85798270412593 40.40116901644499, 116.85806838484699 40.401511073057414, 116.85818718040295 40.4018430843945, 116.85833794672764 40.40216185300557, 116.85851923185896 40.40246430897465, 116.85872928992198 40.402747539485404, 116.85896609794274 40.4030088168732, 116.85922737533053 40.403245624893955, 116.8595106058413 40.40345568295698, 116.85981306181037 40.4036369680883, 116.86013183042144 40.403787734412994, 116.86046384175852 40.40390652996894, 116.86080589837094 40.40399221069001, 116.86115470606656 40.40404395142399, 116.86150690563655 40.404061253879355, 116.86185910520653 40.40404395142399, 116.86220791290215 40.40399221069001, 116.86254996951457 40.40390652996894, 116.86288198085165 40.403787734412994, 116.86320074946272 40.4036369680883, 116.8635032054318 40.40345568295698, 116.86378643594256 40.403245624893955, 116.86404771333035 40.4030088168732, 116.86428452135111 40.402747539485404, 116.86449457941413 40.40246430897465, 116.86467586454545 40.40216185300557, 116.86482663087014 40.4018430843945, 116.8649454264261 40.401511073057414, 116.86503110714716 40.40116901644499, 116.86508284788114 40.40082020874939, 116.86510015033652 40.40046800917939))",400.0
北京密云桃源仙谷风景区,,CONSTRUCTED,"POLYGON ((116.79158455119688 40.54021667036531, 116.7915672487415 40.539864470795315, 116.79151550800752 40.53951566309971, 116.79142982728646 40.53917360648729, 116.7913110317305 40.5388415951502, 116.79116026540581 40.53852282653913, 116.79097898027449 40.53822037057005, 116.79076892221147 40.5379371400593, 116.79053211419071 40.537675862671506, 116.79027083680292 40.53743905465075, 116.78998760629216 40.53722899658772, 116.78968515032308 40.5370477114564, 116.78936638171201 40.53689694513171, 116.78903437037494 40.53677814957576, 116.78869231376251 40.536692468854696, 116.7883435060669 40.53664072812071, 116.7879913064969 40.53662342566535, 116.78763910692692 40.53664072812071, 116.7872902992313 40.536692468854696, 116.78694824261888 40.53677814957576, 116.7866162312818 40.53689694513171, 116.78629746267073 40.5370477114564, 116.78599500670165 40.53722899658772, 116.7857117761909 40.53743905465075, 116.7854504988031 40.537675862671506, 116.78521369078234 40.5379371400593, 116.78500363271932 40.53822037057005, 116.784822347588 40.53852282653913, 116.78467158126331 40.5388415951502, 116.78455278570735 40.53917360648729, 116.78446710498629 40.53951566309971, 116.78441536425231 40.539864470795315, 116.78439806179694 40.54021667036531, 116.78441536425231 40.540568869935306, 116.78446710498629 40.54091767763091, 116.78455278570735 40.54125973424333, 116.78467158126331 40.54159174558042, 116.784822347588 40.54191051419149, 116.78500363271932 40.54221297016057, 116.78521369078234 40.54249620067132, 116.7854504988031 40.542757478059116, 116.7857117761909 40.542994286079875, 116.78599500670165 40.5432043441429, 116.78629746267073 40.54338562927422, 116.7866162312818 40.54353639559891, 116.78694824261888 40.54365519115486, 116.7872902992313 40.543740871875926, 116.78763910692692 40.54379261260991, 116.7879913064969 40.543809915065275, 116.7883435060669 40.54379261260991, 116.78869231376251 40.543740871875926, 116.78903437037494 40.54365519115486, 116.78936638171201 40.54353639559891, 116.78968515032308 40.54338562927422, 116.78998760629216 40.5432043441429, 116.79027083680292 40.542994286079875, 116.79053211419071 40.542757478059116, 116.79076892221147 40.54249620067132, 116.79097898027449 40.54221297016057, 116.79116026540581 40.54191051419149, 116.7913110317305 40.54159174558042, 116.79142982728646 40.54125973424333, 116.79151550800752 40.54091767763091, 116.7915672487415 40.540568869935306, 116.79158455119688 40.54021667036531))",400.0
北京海洋馆,,CONSTRUCTED,"POLYGON ((116.3383961946483 39.943338513646985, 116.33837889219292 39.94298631407699, 116.33832715145894 39.94263750638139, 116.33824147073788 39.94229544976896, 116.33812267518192 39.94196343843188, 116.33797190885723 39.9416446698208, 116.33779062372591 39.941342213851726, 116.33758056566289 39.94105898334097, 116.33734375764213 39.94079770595318, 116.33708248025434 39.94056089793242, 116.33679924974358 39.940350839869396, 116.3364967937745 39.94016955473808, 116.33617802516343 39.94001878841338, 116.33584601382636 39.939899992857434, 116.33550395721393 39.93981431213637, 116.33515514951831 39.93976257140238, 116.33480294994833 39.93974526894702, 116.33445075037834 39.93976257140238, 116.33410194268272 39.93981431213637, 116.3337598860703 39.939899992857434, 116.33342787473322 39.94001878841338, 116.33310910612215 39.94016955473808, 116.33280665015307 39.940350839869396, 116.33252341964231 39.94056089793242, 116.33226214225452 39.94079770595318, 116.33202533423376 39.94105898334097, 116.33181527617074 39.941342213851726, 116.33163399103942 39.9416446698208, 116.33148322471473 39.94196343843188, 116.33136442915877 39.94229544976896, 116.33127874843771 39.94263750638139, 116.33122700770373 39.94298631407699, 116.33120970524836 39.943338513646985, 116.33122700770373 39.94369071321698, 116.33127874843771 39.94403952091258, 116.33136442915877 39.94438157752501, 116.33148322471473 39.94471358886209, 116.33163399103942 39.94503235747317, 116.33181527617074 39.945334813442244, 116.33202533423376 39.945618043953, 116.33226214225452 39.94587932134079, 116.33252341964231 39.94611612936155, 116.33280665015307 39.946326187424575, 116.33310910612215 39.94650747255589, 116.33342787473322 39.94665823888059, 116.3337598860703 39.946777034436536, 116.33410194268272 39.9468627151576, 116.33445075037834 39.94691445589159, 116.33480294994833 39.94693175834695, 116.33515514951831 39.94691445589159, 116.33550395721393 39.9468627151576, 116.33584601382636 39.946777034436536, 116.33617802516343 39.94665823888059, 116.3364967937745 39.94650747255589, 116.33679924974358 39.946326187424575, 116.33708248025434 39.94611612936155, 116.33734375764213 39.94587932134079, 116.33758056566289 39.945618043953, 116.33779062372591 39.945334813442244, 116.33797190885723 39.94503235747317, 116.33812267518192 39.94471358886209, 116.33824147073788 39.94438157752501, 116.33832715145894 39.94403952091258, 116.33837889219292 39.94369071321698, 116.3383961946483 39.943338513646985))",400.0
北京顺义汉石桥湿地景区,,CONSTRUCTED,"POLYGON ((116.80612867012556 40.122204257867, 116.80611136767018 40.121852058297, 116.8060596269362 40.1215032506014, 116.80597394621515 40.121161193988975, 116.80585515065918 40.12082918265189, 116.80570438433449 40.120510414040815, 116.80552309920317 40.12020795807174, 116.80531304114015 40.119924727560985, 116.8050762331194 40.11966345017319, 116.8048149557316 40.11942664215243, 116.80453172522084 40.11921658408941, 116.80422926925176 40.11903529895809, 116.8039105006407 40.118884532633395, 116.80357848930362 40.118765737077446, 116.8032364326912 40.11868005635638, 116.80288762499558 40.118628315622395, 116.80253542542559 40.11861101316703, 116.8021832258556 40.118628315622395, 116.80183441815998 40.11868005635638, 116.80149236154756 40.118765737077446, 116.80116035021048 40.118884532633395, 116.80084158159941 40.11903529895809, 116.80053912563034 40.11921658408941, 116.80025589511958 40.11942664215243, 116.79999461773178 40.11966345017319, 116.79975780971102 40.119924727560985, 116.799547751648 40.12020795807174, 116.79936646651669 40.120510414040815, 116.799215700192 40.12082918265189, 116.79909690463603 40.121161193988975, 116.79901122391497 40.1215032506014, 116.798959483181 40.121852058297, 116.79894218072562 40.122204257867, 116.798959483181 40.12255645743699, 116.79901122391497 40.122905265132594, 116.79909690463603 40.12324732174502, 116.799215700192 40.123579333082105, 116.79936646651669 40.12389810169318, 116.799547751648 40.124200557662256, 116.79975780971102 40.12448378817301, 116.79999461773178 40.1247450655608, 116.80025589511958 40.12498187358156, 116.80053912563034 40.125191931644586, 116.80084158159941 40.125373216775905, 116.80116035021048 40.1255239831006, 116.80149236154756 40.12564277865655, 116.80183441815998 40.12572845937761, 116.8021832258556 40.1257802001116, 116.80253542542559 40.12579750256696, 116.80288762499558 40.1257802001116, 116.8032364326912 40.12572845937761, 116.80357848930362 40.12564277865655, 116.8039105006407 40.1255239831006, 116.80422926925176 40.125373216775905, 116.80453172522084 40.125191931644586, 116.8048149557316 40.12498187358156, 116.8050762331194 40.1247450655608, 116.80531304114015 40.12448378817301, 116.80552309920317 40.124200557662256, 116.80570438433449 40.12389810169318, 116.80585515065918 40.123579333082105, 116.80597394621515 40.12324732174502, 116.8060596269362 40.122905265132594, 116.80611136767018 40.12255645743699, 116.80612867012556 40.122204257867))",400.0
捧河湾自然风景区,,CONSTRUCTED,"POLYGON ((116.81082649848017 40.613273354081414, 116.81080919602479 40.61292115451142, 116.81075745529081 40.61257234681582, 116.81067177456976 40.61223029020339, 116.81055297901379 40.611898278866306, 116.8104022126891 40.61157951025523, 116.81022092755778 40.611277054286155, 116.81001086949476 40.6109938237754, 116.809774061474 40.61073254638761, 116.80951278408621 40.61049573836685, 116.80922955357545 40.610285680303825, 116.80892709760637 40.610104395172506, 116.8086083289953 40.60995362884781, 116.80827631765823 40.60983483329186, 116.8079342610458 40.6097491525708, 116.80758545335019 40.60969741183681, 116.8072332537802 40.60968010938145, 116.80688105421021 40.60969741183681, 116.80653224651459 40.6097491525708, 116.80619018990217 40.60983483329186, 116.80585817856509 40.60995362884781, 116.80553940995402 40.610104395172506, 116.80523695398495 40.610285680303825, 116.80495372347418 40.61049573836685, 116.80469244608639 40.61073254638761, 116.80445563806563 40.6109938237754, 116.80424558000261 40.611277054286155, 116.8040642948713 40.61157951025523, 116.8039135285466 40.611898278866306, 116.80379473299064 40.61223029020339, 116.80370905226958 40.61257234681582, 116.8036573115356 40.61292115451142, 116.80364000908023 40.613273354081414, 116.8036573115356 40.61362555365141, 116.80370905226958 40.61397436134701, 116.80379473299064 40.61431641795944, 116.8039135285466 40.61464842929652, 116.8040642948713 40.614967197907596, 116.80424558000261 40.61526965387667, 116.80445563806563 40.61555288438743, 116.80469244608639 40.61581416177522, 116.80495372347418 40.61605096979598, 116.80523695398495 40.616261027859004, 116.80553940995402 40.61644231299032, 116.80585817856509 40.61659307931502, 116.80619018990217 40.616711874870965, 116.80653224651459 40.61679755559203, 116.80688105421021 40.616849296326016, 116.8072332537802 40.61686659878138, 116.80758545335019 40.616849296326016, 116.8079342610458 40.61679755559203, 116.80827631765823 40.616711874870965, 116.8086083289953 40.61659307931502, 116.80892709760637 40.61644231299032, 116.80922955357545 40.616261027859004, 116.80951278408621 40.61605096979598, 116.809774061474 40.61581416177522, 116.81001086949476 40.61555288438743, 116.81022092755778 40.61526965387667, 116.8104022126891 40.614967197907596, 116.81055297901379 40.61464842929652, 116.81067177456976 40.61431641795944, 116.81075745529081 40.61397436134701, 116.81080919602479 40.61362555365141, 116.81082649848017 40.613273354081414))",400.0
故宫博物院,,CONSTRUCTED,"POLYGON ((116.39437760501318 39.91643521906785, 116.3943603025578 39.916083019497854, 116.39430856182382 39.91573421180225, 116.39422288110276 39.91539215518983, 116.3941040855468 39.91506014385274, 116.3939533192221 39.91474137524167, 116.39377203409079 39.91443891927259, 116.39356197602777 39.91415568876184, 116.39332516800701 39.913894411374045, 116.39306389061922 39.913657603353286, 116.39278066010846 39.91344754529026, 116.39247820413938 39.91326626015894, 116.39215943552831 39.91311549383425, 116.39182742419123 39.9129966982783, 116.39148536757881 39.912911017557235, 116.3911365598832 39.91285927682325, 116.3907843603132 39.912841974367886, 116.39043216074322 39.91285927682325, 116.3900833530476 39.912911017557235, 116.38974129643518 39.9129966982783, 116.3894092850981 39.91311549383425, 116.38909051648703 39.91326626015894, 116.38878806051795 39.91344754529026, 116.3885048300072 39.913657603353286, 116.3882435526194 39.913894411374045, 116.38800674459864 39.91415568876184, 116.38779668653562 39.91443891927259, 116.3876154014043 39.91474137524167, 116.38746463507961 39.91506014385274, 116.38734583952365 39.91539215518983, 116.38726015880259 39.91573421180225, 116.38720841806861 39.916083019497854, 116.38719111561323 39.91643521906785, 116.38720841806861 39.916787418637846, 116.38726015880259 39.91713622633345, 116.38734583952365 39.91747828294587, 116.38746463507961 39.91781029428296, 116.3876154014043 39.91812906289403, 116.38779668653562 39.91843151886311, 116.38800674459864 39.91871474937386, 116.3882435526194 39.918976026761655, 116.3885048300072 39.919212834782414, 116.38878806051795 39.91942289284544, 116.38909051648703 39.91960417797676, 116.3894092850981 39.91975494430145, 116.38974129643518 39.9198737398574, 116.3900833530476 39.919959420578465, 116.39043216074322 39.92001116131245, 116.3907843603132 39.920028463767814, 116.3911365598832 39.92001116131245, 116.39148536757881 39.919959420578465, 116.39182742419123 39.9198737398574, 116.39215943552831 39.91975494430145, 116.39247820413938 39.91960417797676, 116.39278066010846 39.91942289284544, 116.39306389061922 39.919212834782414, 116.39332516800701 39.918976026761655, 116.39356197602777 39.91871474937386, 116.39377203409079 39.91843151886311, 116.3939533192221 39.91812906289403, 116.3941040855468 39.91781029428296, 116.39422288110276 39.91747828294587, 116.39430856182382 39.91713622633345, 116.3943603025578 39.916787418637846, 116.39437760501318 39.91643521906785))",400.0
爨柏景区,,CONSTRUCTED,"POLYGON ((115.66411709548763 39.971255971185435, 115.66409979303225 39.97090377161544, 115.66404805229827 39.97055496391984, 115.66396237157721 39.97021290730741, 115.66384357602125 39.96988089597033, 115.66369280969656 39.969562127359254, 115.66351152456524 39.969259671390176, 115.66330146650222 39.96897644087942, 115.66306465848146 39.96871516349163, 115.66280338109367 39.96847835547087, 115.6625201505829 39.968268297407846, 115.66221769461383 39.96808701227653, 115.66189892600276 39.96793624595183, 115.66156691466568 39.967817450395884, 115.66122485805326 39.96773176967482, 115.66087605035764 39.96768002894083, 115.66052385078765 39.96766272648547, 115.66017165121767 39.96768002894083, 115.65982284352205 39.96773176967482, 115.65948078690963 39.967817450395884, 115.65914877557255 39.96793624595183, 115.65883000696148 39.96808701227653, 115.6585275509924 39.968268297407846, 115.65824432048164 39.96847835547087, 115.65798304309385 39.96871516349163, 115.65774623507309 39.96897644087942, 115.65753617701007 39.969259671390176, 115.65735489187875 39.969562127359254, 115.65720412555406 39.96988089597033, 115.6570853299981 39.97021290730741, 115.65699964927704 39.97055496391984, 115.65694790854306 39.97090377161544, 115.65693060608768 39.971255971185435, 115.65694790854306 39.97160817075543, 115.65699964927704 39.97195697845103, 115.6570853299981 39.97229903506346, 115.65720412555406 39.972631046400544, 115.65735489187875 39.97294981501162, 115.65753617701007 39.973252270980694, 115.65774623507309 39.97353550149145, 115.65798304309385 39.97379677887924, 115.65824432048164 39.9740335869, 115.6585275509924 39.974243644963025, 115.65883000696148 39.974424930094344, 115.65914877557255 39.97457569641904, 115.65948078690963 39.97469449197499, 115.65982284352205 39.97478017269605, 115.66017165121767 39.97483191343004, 115.66052385078765 39.9748492158854, 115.66087605035764 39.97483191343004, 115.66122485805326 39.97478017269605, 115.66156691466568 39.97469449197499, 115.66189892600276 39.97457569641904, 115.66221769461383 39.974424930094344, 115.6625201505829 39.974243644963025, 115.66280338109367 39.9740335869, 115.66306465848146 39.97379677887924, 115.66330146650222 39.97353550149145, 115.66351152456524 39.973252270980694, 115.66369280969656 39.97294981501162, 115.66384357602125 39.972631046400544, 115.66396237157721 39.97229903506346, 115.66404805229827 39.97195697845103, 115.66409979303225 39.97160817075543, 115.66411709548763 39.971255971185435))",400.0
百花山自然风景区,,CONSTRUCTED,"POLYGON ((115.60226790806844 39.833424678134755, 115.60225060561307 39.83307247856476, 115.60219886487909 39.83272367086916, 115.60211318415803 39.83238161425673, 115.60199438860207 39.832049602919646, 115.60184362227737 39.83173083430857, 115.60166233714605 39.831428378339496, 115.60145227908303 39.83114514782874, 115.60121547106228 39.83088387044095, 115.60095419367448 39.83064706242019, 115.60067096316372 39.830437004357165, 115.60036850719464 39.830255719225846, 115.60004973858358 39.83010495290115, 115.5997177272465 39.8299861573452, 115.59937567063407 39.82990047662414, 115.59902686293846 39.82984873589015, 115.59867466336847 39.82983143343479, 115.59832246379848 39.82984873589015, 115.59797365610287 39.82990047662414, 115.59763159949044 39.8299861573452, 115.59729958815336 39.83010495290115, 115.5969808195423 39.830255719225846, 115.59667836357322 39.830437004357165, 115.59639513306246 39.83064706242019, 115.59613385567467 39.83088387044095, 115.5958970476539 39.83114514782874, 115.59568698959089 39.831428378339496, 115.59550570445957 39.83173083430857, 115.59535493813488 39.832049602919646, 115.59523614257891 39.83238161425673, 115.59515046185786 39.83272367086916, 115.59509872112388 39.83307247856476, 115.5950814186685 39.833424678134755, 115.59509872112388 39.83377687770475, 115.59515046185786 39.83412568540035, 115.59523614257891 39.83446774201278, 115.59535493813488 39.83479975334986, 115.59550570445957 39.835118521960936, 115.59568698959089 39.83542097793001, 115.5958970476539 39.83570420844077, 115.59613385567467 39.83596548582856, 115.59639513306246 39.83620229384932, 115.59667836357322 39.836412351912344, 115.5969808195423 39.83659363704366, 115.59729958815336 39.83674440336836, 115.59763159949044 39.836863198924306, 115.59797365610287 39.83694887964537, 115.59832246379848 39.83700062037936, 115.59867466336847 39.83701792283472, 115.59902686293846 39.83700062037936, 115.59937567063407 39.83694887964537, 115.5997177272465 39.836863198924306, 115.60004973858358 39.83674440336836, 115.60036850719464 39.83659363704366, 115.60067096316372 39.836412351912344, 115.60095419367448 39.83620229384932, 115.60121547106228 39.83596548582856, 115.60145227908303 39.83570420844077, 115.60166233714605 39.83542097793001, 115.60184362227737 39.835118521960936, 115.60199438860207 39.83479975334986, 115.60211318415803 39.83446774201278, 115.60219886487909 39.83412568540035, 115.60225060561307 39.83377687770475, 115.60226790806844 39.833424678134755))",400.0
长寿山景区,,CONSTRUCTED,"POLYGON ((113.12024156740439 34.6863940643212, 113.12022426494902 34.6860418647512, 113.12017252421504 34.6856930570556, 113.12008684349398 34.68535100044318, 113.11996804793802 34.68501898910609, 113.11981728161332 34.68470022049502, 113.119635996482 34.68439776452594, 113.11942593841898 34.68411453401519, 113.11918913039823 34.683853256627394, 113.11892785301043 34.683616448606635, 113.11864462249967 34.68340639054361, 113.1183421665306 34.68322510541229, 113.11802339791953 34.6830743390876, 113.11769138658245 34.68295554353165, 113.11734932997003 34.682869862810584, 113.11700052227441 34.6828181220766, 113.11664832270442 34.682800819621235, 113.11629612313443 34.6828181220766, 113.11594731543882 34.682869862810584, 113.11560525882639 34.68295554353165, 113.11527324748931 34.6830743390876, 113.11495447887825 34.68322510541229, 113.11465202290917 34.68340639054361, 113.11436879239841 34.683616448606635, 113.11410751501062 34.683853256627394, 113.11387070698986 34.68411453401519, 113.11366064892684 34.68439776452594, 113.11347936379552 34.68470022049502, 113.11332859747083 34.68501898910609, 113.11320980191486 34.68535100044318, 113.1131241211938 34.6856930570556, 113.11307238045983 34.6860418647512, 113.11305507800445 34.6863940643212, 113.11307238045983 34.686746263891195, 113.1131241211938 34.687095071586796, 113.11320980191486 34.68743712819922, 113.11332859747083 34.68776913953631, 113.11347936379552 34.68808790814738, 113.11366064892684 34.68839036411646, 113.11387070698986 34.68867359462721, 113.11410751501062 34.688934872015004, 113.11436879239841 34.68917168003576, 113.11465202290917 34.68938173809879, 113.11495447887825 34.68956302323011, 113.11527324748931 34.6897137895548, 113.11560525882639 34.68983258511075, 113.11594731543882 34.689918265831814, 113.11629612313443 34.6899700065658, 113.11664832270442 34.68998730902116, 113.11700052227441 34.6899700065658, 113.11734932997003 34.689918265831814, 113.11769138658245 34.68983258511075, 113.11802339791953 34.6897137895548, 113.1183421665306 34.68956302323011, 113.11864462249967 34.68938173809879, 113.11892785301043 34.68917168003576, 113.11918913039823 34.688934872015004, 113.11942593841898 34.68867359462721, 113.119635996482 34.68839036411646, 113.11981728161332 34.68808790814738, 113.11996804793802 34.68776913953631, 113.12008684349398 34.68743712819922, 113.12017252421504 34.687095071586796, 113.12022426494902 34.686746263891195, 113.12024156740439 34.6863940643212))",400.0
